YYYYMMSOON,품목코드 ,품목명_x,품종코드 ,품종명,등급명,유통단계별 무게 ,유통단계별 단위 ,평균가격(원),전순 평균가격(원) PreVious SOON,전달 평균가격(원) PreVious MMonth,전년 평균가격(원) PreVious YeaR,평년 평균가격(원) Common Year SOON,year,soon,date,품목-품종,month,original_day,month_1,month_2,month_3,month_4,month_5,month_6,month_7,month_8,month_9,month_10,month_11,month_12,day_1,day_11,day_21,품목(품종)명,순 강수량,순 평균기온,주산지 순 강수량,주산지 순 평균기온,단수,총반입량(kg),년도,품목명_y,생산량(톤),반입량_생산량비
201801상순,411.0,사과,5.0,후지,상품,개,10.0,20361.0,,20573.0,18468.0,21461.6666666666,2018,상순,2018-01-01,사과-후지,1,1,True,False,False,False,False,False,False,False,False,False,False,False,True,False,False,사과(후지),,,,,,,,,,
201801상순,411.0,사과,5.0,후지,상품,개,10.0,20361.0,,20573.0,18468.0,21461.6666666666,2018,상순,2018-01-01,사과-후지,1,1,True,False,False,False,False,False,False,False,False,False,False,False,True,False,False,사과(후지),,,,,,,,,,
201801상순,411.0,사과,5.0,후지,상품,개,10.0,20361.0,,20573.0,18468.0,21461.6666666666,2018,상순,2018-01-01,사과-후지,1,1,True,False,False,False,False,False,False,False,False,False,False,False,True,False,False,사과(후지),,,,,,,,,,
201801상순,411.0,사과,5.0,후지,상품,개,10.0,20361.0,,20573.0,18468.0,21461.6666666666,2018,상순,2018-01-01,사과-후지,1,1,True,False,False,False,False,False,False,False,False,False,False,False,True,False,False,사과(후지),,,,,,,,,,
201801상순,411.0,사과,5.0,후지,상품,개,10.0,20361.0,,20573.0,18468.0,21461.6666666666,2018,상순,2018-01-01,사과-후지,1,1,True,False,False,False,False,False,False,False,False,False,False,False,True,False,False,사과(후지),,,,,,,,,,
201801상순,411.0,사과,5.0,후지,상품,개,10.0,20361.0,,20573.0,18468.0,21461.6666666666,2018,상순,2018-01-01,사과-후지,1,1,True,False,False,False,False,False,False,False,False,False,False,False,True,False,False,사과(후지),,,,,,,,,,
201801상순,411.0,사과,5.0,후지,상품,개,10.0,20361.0,,20573.0,18468.0,21461.6666666666,2018,상순,2018-01-01,사과-후지,1,1,True,False,False,False,False,False,False,False,False,False,False,False,True,False,False,사과(후지),,,,,,,,,,
201801상순,411.0,사과,5.0,후지,상품,개,10.0,20361.0,,20573.0,18468.0,21461.6666666666,2018,상순,2018-01-01,사과-후지,1,1,True,False,False,False,False,False,False,False,False,False,False,False,True,False,False,사과(후지),,,,,,,,,,
201801상순,411.0,사과,5.0,후지,상품,개,10.0,20361.0,,20573.0,18468.0,21461.6666666666,2018,상순,2018-01-01,사과-후지,1,1,True,False,False,False,False,False,False,False,False,False,False,False,True,False,False,사과(후지),,,,,,,,,,
201801상순,411.0,사과,5.0,후지,상품,개,10.0,20361.0,,20573.0,18468.0,21461.6666666666,2018,상순,2018-01-01,사과-후지,1,1,True,False,False,False,False,False,False,False,False,False,False,False,True,False,False,사과(후지),,,,,,,,,,
201801상순,411.0,사과,5.0,후지,상품,개,10.0,20361.0,,20573.0,18468.0,21461.6666666666,2018,상순,2018-01-01,사과-후지,1,1,True,False,False,False,False,False,False,False,False,False,False,False,True,False,False,사과(후지),,,,,,,,,,
201801상순,411.0,사과,5.0,후지,상품,개,10.0,20361.0,,20573.0,18468.0,21461.6666666666,2018,상순,2018-01-01,사과-후지,1,1,True,False,False,False,False,False,False,False,False,False,False,False,True,False,False,사과(후지),,,,,,,,,,
201801상순,411.0,사과,5.0,후지,상품,개,10.0,20361.0,,20573.0,18468.0,21461.6666666666,2018,상순,2018-01-01,사과-후지,1,1,True,False,False,False,False,False,False,False,False,False,False,False,True,False,False,사과(후지),,,,,,,,,,
201801상순,411.0,사과,5.0,후지,상품,개,10.0,20361.0,,20573.0,18468.0,21461.6666666666,2018,상순,2018-01-01,사과-후지,1,1,True,False,False,False,False,False,False,False,False,False,False,False,True,False,False,사과(후지),,,,,,,,,,
201801상순,411.0,사과,5.0,후지,상품,개,10.0,20361.0,,20573.0,18468.0,21461.6666666666,2018,상순,2018-01-01,사과-후지,1,1,True,False,False,False,False,False,False,False,False,False,False,False,True,False,False,사과(후지),,,,,,,,,,
201801상순,411.0,사과,5.0,후지,상품,개,10.0,20361.0,,20573.0,18468.0,21461.6666666666,2018,상순,2018-01-01,사과-후지,1,1,True,False,False,False,False,False,False,False,False,False,False,False,True,False,False,사과(후지),,,,,,,,,,
201801상순,411.0,사과,5.0,후지,상품,개,10.0,20361.0,,20573.0,18468.0,21461.6666666666,2018,상순,2018-01-01,사과-후지,1,1,True,False,False,False,False,False,False,False,False,False,False,False,True,False,False,사과(후지),,,,,,,,,,
201801상순,411.0,사과,5.0,후지,상품,개,10.0,20361.0,,20573.0,18468.0,21461.6666666666,2018,상순,2018-01-01,사과-후지,1,1,True,False,False,False,False,False,False,False,False,False,False,False,True,False,False,사과(후지),,,,,,,,,,
201801상순,411.0,사과,5.0,후지,상품,개,10.0,20361.0,,20573.0,18468.0,21461.6666666666,2018,상순,2018-01-01,사과-후지,1,1,True,False,False,False,False,False,False,False,False,False,False,False,True,False,False,사과(후지),,,,,,,,,,
201801상순,411.0,사과,5.0,후지,상품,개,10.0,20361.0,,20573.0,18468.0,21461.6666666666,2018,상순,2018-01-01,사과-후지,1,1,True,False,False,False,False,False,False,False,False,False,False,False,True,False,False,사과(후지),,,,,,,,,,
201801상순,411.0,사과,5.0,후지,상품,개,10.0,20361.0,,20573.0,18468.0,21461.6666666666,2018,상순,2018-01-01,사과-후지,1,1,True,False,False,False,False,False,False,False,False,False,False,False,True,False,False,사과(후지),,,,,,,,,,
201801상순,411.0,사과,5.0,후지,상품,개,10.0,20361.0,,20573.0,18468.0,21461.6666666666,2018,상순,2018-01-01,사과-후지,1,1,True,False,False,False,False,False,False,False,False,False,False,False,True,False,False,사과(후지),,,,,,,,,,
201801상순,411.0,사과,5.0,후지,상품,개,10.0,20361.0,,20573.0,18468.0,21461.6666666666,2018,상순,2018-01-01,사과-후지,1,1,True,False,False,False,False,False,False,False,False,False,False,False,True,False,False,사과(후지),,,,,,,,,,
201801상순,411.0,사과,5.0,후지,상품,개,10.0,20361.0,,20573.0,18468.0,21461.6666666666,2018,상순,2018-01-01,사과-후지,1,1,True,False,False,False,False,False,False,False,False,False,False,False,True,False,False,사과(후지),,,,,,,,,,
201801상순,411.0,사과,5.0,후지,상품,개,10.0,20361.0,,20573.0,18468.0,21461.6666666666,2018,상순,2018-01-01,사과-후지,1,1,True,False,False,False,False,False,False,False,False,False,False,False,True,False,False,사과(후지),,,,,,,,,,
201801상순,411.0,사과,5.0,후지,상품,개,10.0,20361.0,,20573.0,18468.0,21461.6666666666,2018,상순,2018-01-01,사과-후지,1,1,True,False,False,False,False,False,False,False,False,False,False,False,True,False,False,사과(후지),,,,,,,,,,
201801상순,411.0,사과,5.0,후지,상품,개,10.0,20361.0,,20573.0,18468.0,21461.6666666666,2018,상순,2018-01-01,사과-후지,1,1,True,False,False,False,False,False,False,False,False,False,False,False,True,False,False,사과(후지),,,,,,,,,,
201801중순,411.0,사과,5.0,후지,상품,개,10.0,20359.0,,20113.0,19478.0,22179.6666666666,2018,중순,2018-01-11,사과-후지,1,11,True,False,False,False,False,False,False,False,False,False,False,False,False,True,False,사과(후지),,,,,,,,,,
201801중순,411.0,사과,5.0,후지,상품,개,10.0,20359.0,,20113.0,19478.0,22179.6666666666,2018,중순,2018-01-11,사과-후지,1,11,True,False,False,False,False,False,False,False,False,False,False,False,False,True,False,사과(후지),,,,,,,,,,
201801중순,411.0,사과,5.0,후지,상품,개,10.0,20359.0,,20113.0,19478.0,22179.6666666666,2018,중순,2018-01-11,사과-후지,1,11,True,False,False,False,False,False,False,False,False,False,False,False,False,True,False,사과(후지),,,,,,,,,,
201801중순,411.0,사과,5.0,후지,상품,개,10.0,20359.0,,20113.0,19478.0,22179.6666666666,2018,중순,2018-01-11,사과-후지,1,11,True,False,False,False,False,False,False,False,False,False,False,False,False,True,False,사과(후지),,,,,,,,,,
201801중순,411.0,사과,5.0,후지,상품,개,10.0,20359.0,,20113.0,19478.0,22179.6666666666,2018,중순,2018-01-11,사과-후지,1,11,True,False,False,False,False,False,False,False,False,False,False,False,False,True,False,사과(후지),,,,,,,,,,
201801중순,411.0,사과,5.0,후지,상품,개,10.0,20359.0,,20113.0,19478.0,22179.6666666666,2018,중순,2018-01-11,사과-후지,1,11,True,False,False,False,False,False,False,False,False,False,False,False,False,True,False,사과(후지),,,,,,,,,,
201801중순,411.0,사과,5.0,후지,상품,개,10.0,20359.0,,20113.0,19478.0,22179.6666666666,2018,중순,2018-01-11,사과-후지,1,11,True,False,False,False,False,False,False,False,False,False,False,False,False,True,False,사과(후지),,,,,,,,,,
201801중순,411.0,사과,5.0,후지,상품,개,10.0,20359.0,,20113.0,19478.0,22179.6666666666,2018,중순,2018-01-11,사과-후지,1,11,True,False,False,False,False,False,False,False,False,False,False,False,False,True,False,사과(후지),,,,,,,,,,
201801중순,411.0,사과,5.0,후지,상품,개,10.0,20359.0,,20113.0,19478.0,22179.6666666666,2018,중순,2018-01-11,사과-후지,1,11,True,False,False,False,False,False,False,False,False,False,False,False,False,True,False,사과(후지),,,,,,,,,,
201801중순,411.0,사과,5.0,후지,상품,개,10.0,20359.0,,20113.0,19478.0,22179.6666666666,2018,중순,2018-01-11,사과-후지,1,11,True,False,False,False,False,False,False,False,False,False,False,False,False,True,False,사과(후지),,,,,,,,,,
201801중순,411.0,사과,5.0,후지,상품,개,10.0,20359.0,,20113.0,19478.0,22179.6666666666,2018,중순,2018-01-11,사과-후지,1,11,True,False,False,False,False,False,False,False,False,False,False,False,False,True,False,사과(후지),,,,,,,,,,
201801중순,411.0,사과,5.0,후지,상품,개,10.0,20359.0,,20113.0,19478.0,22179.6666666666,2018,중순,2018-01-11,사과-후지,1,11,True,False,False,False,False,False,False,False,False,False,False,False,False,True,False,사과(후지),,,,,,,,,,
201801중순,411.0,사과,5.0,후지,상품,개,10.0,20359.0,,20113.0,19478.0,22179.6666666666,2018,중순,2018-01-11,사과-후지,1,11,True,False,False,False,False,False,False,False,False,False,False,False,False,True,False,사과(후지),,,,,,,,,,
201801중순,411.0,사과,5.0,후지,상품,개,10.0,20359.0,,20113.0,19478.0,22179.6666666666,2018,중순,2018-01-11,사과-후지,1,11,True,False,False,False,False,False,False,False,False,False,False,False,False,True,False,사과(후지),,,,,,,,,,
201801중순,411.0,사과,5.0,후지,상품,개,10.0,20359.0,,20113.0,19478.0,22179.6666666666,2018,중순,2018-01-11,사과-후지,1,11,True,False,False,False,False,False,False,False,False,False,False,False,False,True,False,사과(후지),,,,,,,,,,
201801중순,411.0,사과,5.0,후지,상품,개,10.0,20359.0,,20113.0,19478.0,22179.6666666666,2018,중순,2018-01-11,사과-후지,1,11,True,False,False,False,False,False,False,False,False,False,False,False,False,True,False,사과(후지),,,,,,,,,,
201801중순,411.0,사과,5.0,후지,상품,개,10.0,20359.0,,20113.0,19478.0,22179.6666666666,2018,중순,2018-01-11,사과-후지,1,11,True,False,False,False,False,False,False,False,False,False,False,False,False,True,False,사과(후지),,,,,,,,,,
201801중순,411.0,사과,5.0,후지,상품,개,10.0,20359.0,,20113.0,19478.0,22179.6666666666,2018,중순,2018-01-11,사과-후지,1,11,True,False,False,False,False,False,False,False,False,False,False,False,False,True,False,사과(후지),,,,,,,,,,
201801중순,411.0,사과,5.0,후지,상품,개,10.0,20359.0,,20113.0,19478.0,22179.6666666666,2018,중순,2018-01-11,사과-후지,1,11,True,False,False,False,False,False,False,False,False,False,False,False,False,True,False,사과(후지),,,,,,,,,,
201801중순,411.0,사과,5.0,후지,상품,개,10.0,20359.0,,20113.0,19478.0,22179.6666666666,2018,중순,2018-01-11,사과-후지,1,11,True,False,False,False,False,False,False,False,False,False,False,False,False,True,False,사과(후지),,,,,,,,,,
201801중순,411.0,사과,5.0,후지,상품,개,10.0,20359.0,,20113.0,19478.0,22179.6666666666,2018,중순,2018-01-11,사과-후지,1,11,True,False,False,False,False,False,False,False,False,False,False,False,False,True,False,사과(후지),,,,,,,,,,
201801중순,411.0,사과,5.0,후지,상품,개,10.0,20359.0,,20113.0,19478.0,22179.6666666666,2018,중순,2018-01-11,사과-후지,1,11,True,False,False,False,False,False,False,False,False,False,False,False,False,True,False,사과(후지),,,,,,,,,,
201801중순,411.0,사과,5.0,후지,상품,개,10.0,20359.0,,20113.0,19478.0,22179.6666666666,2018,중순,2018-01-11,사과-후지,1,11,True,False,False,False,False,False,False,False,False,False,False,False,False,True,False,사과(후지),,,,,,,,,,
201801중순,411.0,사과,5.0,후지,상품,개,10.0,20359.0,,20113.0,19478.0,22179.6666666666,2018,중순,2018-01-11,사과-후지,1,11,True,False,False,False,False,False,False,False,False,False,False,False,False,True,False,사과(후지),,,,,,,,,,
201801중순,411.0,사과,5.0,후지,상품,개,10.0,20359.0,,20113.0,19478.0,22179.6666666666,2018,중순,2018-01-11,사과-후지,1,11,True,False,False,False,False,False,False,False,False,False,False,False,False,True,False,사과(후지),,,,,,,,,,
201801하순,411.0,사과,5.0,후지,상품,개,10.0,20653.0,,20577.0,21068.0,22917.6666666666,2018,하순,2018-01-21,사과-후지,1,21,True,False,False,False,False,False,False,False,False,False,False,False,False,False,True,사과(후지),1.7906040268456305,0.19189061763319182,,,,,,,,
201801하순,411.0,사과,5.0,후지,상품,개,10.0,20653.0,,20577.0,21068.0,22917.6666666666,2018,하순,2018-01-21,사과-후지,1,21,True,False,False,False,False,False,False,False,False,False,False,False,False,False,True,사과(후지),1.7906040268456305,0.19189061763319182,,,,,,,,
201801하순,411.0,사과,5.0,후지,상품,개,10.0,20653.0,,20577.0,21068.0,22917.6666666666,2018,하순,2018-01-21,사과-후지,1,21,True,False,False,False,False,False,False,False,False,False,False,False,False,False,True,사과(후지),1.7906040268456305,0.19189061763319182,,,,,,,,
201801하순,411.0,사과,5.0,후지,상품,개,10.0,20653.0,,20577.0,21068.0,22917.6666666666,2018,하순,2018-01-21,사과-후지,1,21,True,False,False,False,False,False,False,False,False,False,False,False,False,False,True,사과(후지),1.7906040268456305,0.19189061763319182,,,,,,,,
201801하순,411.0,사과,5.0,후지,상품,개,10.0,20653.0,,20577.0,21068.0,22917.6666666666,2018,하순,2018-01-21,사과-후지,1,21,True,False,False,False,False,False,False,False,False,False,False,False,False,False,True,사과(후지),1.7906040268456305,0.19189061763319182,,,,,,,,
201801하순,411.0,사과,5.0,후지,상품,개,10.0,20653.0,,20577.0,21068.0,22917.6666666666,2018,하순,2018-01-21,사과-후지,1,21,True,False,False,False,False,False,False,False,False,False,False,False,False,False,True,사과(후지),1.7906040268456305,0.19189061763319182,,,,,,,,
201801하순,411.0,사과,5.0,후지,상품,개,10.0,20653.0,,20577.0,21068.0,22917.6666666666,2018,하순,2018-01-21,사과-후지,1,21,True,False,False,False,False,False,False,False,False,False,False,False,False,False,True,사과(후지),1.7906040268456305,0.19189061763319182,,,,,,,,
201801하순,411.0,사과,5.0,후지,상품,개,10.0,20653.0,,20577.0,21068.0,22917.6666666666,2018,하순,2018-01-21,사과-후지,1,21,True,False,False,False,False,False,False,False,False,False,False,False,False,False,True,사과(후지),1.7906040268456305,0.19189061763319182,,,,,,,,
201801하순,411.0,사과,5.0,후지,상품,개,10.0,20653.0,,20577.0,21068.0,22917.6666666666,2018,하순,2018-01-21,사과-후지,1,21,True,False,False,False,False,False,False,False,False,False,False,False,False,False,True,사과(후지),1.7906040268456305,0.19189061763319182,,,,,,,,
201801하순,411.0,사과,5.0,후지,상품,개,10.0,20653.0,,20577.0,21068.0,22917.6666666666,2018,하순,2018-01-21,사과-후지,1,21,True,False,False,False,False,False,False,False,False,False,False,False,False,False,True,사과(후지),1.7906040268456305,0.19189061763319182,,,,,,,,
201801하순,411.0,사과,5.0,후지,상품,개,10.0,20653.0,,20577.0,21068.0,22917.6666666666,2018,하순,2018-01-21,사과-후지,1,21,True,False,False,False,False,False,False,False,False,False,False,False,False,False,True,사과(후지),1.7906040268456305,0.19189061763319182,,,,,,,,
201801하순,411.0,사과,5.0,후지,상품,개,10.0,20653.0,,20577.0,21068.0,22917.6666666666,2018,하순,2018-01-21,사과-후지,1,21,True,False,False,False,False,False,False,False,False,False,False,False,False,False,True,사과(후지),1.7906040268456305,0.19189061763319182,,,,,,,,
201801하순,411.0,사과,5.0,후지,상품,개,10.0,20653.0,,20577.0,21068.0,22917.6666666666,2018,하순,2018-01-21,사과-후지,1,21,True,False,False,False,False,False,False,False,False,False,False,False,False,False,True,사과(후지),1.7906040268456305,0.19189061763319182,,,,,,,,
201801하순,411.0,사과,5.0,후지,상품,개,10.0,20653.0,,20577.0,21068.0,22917.6666666666,2018,하순,2018-01-21,사과-후지,1,21,True,False,False,False,False,False,False,False,False,False,False,False,False,False,True,사과(후지),1.7906040268456305,0.19189061763319182,,,,,,,,
201801하순,411.0,사과,5.0,후지,상품,개,10.0,20653.0,,20577.0,21068.0,22917.6666666666,2018,하순,2018-01-21,사과-후지,1,21,True,False,False,False,False,False,False,False,False,False,False,False,False,False,True,사과(후지),1.7906040268456305,0.19189061763319182,,,,,,,,
201801하순,411.0,사과,5.0,후지,상품,개,10.0,20653.0,,20577.0,21068.0,22917.6666666666,2018,하순,2018-01-21,사과-후지,1,21,True,False,False,False,False,False,False,False,False,False,False,False,False,False,True,사과(후지),1.7906040268456305,0.19189061763319182,,,,,,,,
201801하순,411.0,사과,5.0,후지,상품,개,10.0,20653.0,,20577.0,21068.0,22917.6666666666,2018,하순,2018-01-21,사과-후지,1,21,True,False,False,False,False,False,False,False,False,False,False,False,False,False,True,사과(후지),1.7906040268456305,0.19189061763319182,,,,,,,,
201801하순,411.0,사과,5.0,후지,상품,개,10.0,20653.0,,20577.0,21068.0,22917.6666666666,2018,하순,2018-01-21,사과-후지,1,21,True,False,False,False,False,False,False,False,False,False,False,False,False,False,True,사과(후지),1.7906040268456305,0.19189061763319182,,,,,,,,
201801하순,411.0,사과,5.0,후지,상품,개,10.0,20653.0,,20577.0,21068.0,22917.6666666666,2018,하순,2018-01-21,사과-후지,1,21,True,False,False,False,False,False,False,False,False,False,False,False,False,False,True,사과(후지),1.7906040268456305,0.19189061763319182,,,,,,,,
201801하순,411.0,사과,5.0,후지,상품,개,10.0,20653.0,,20577.0,21068.0,22917.6666666666,2018,하순,2018-01-21,사과-후지,1,21,True,False,False,False,False,False,False,False,False,False,False,False,False,False,True,사과(후지),1.7906040268456305,0.19189061763319182,,,,,,,,
201801하순,411.0,사과,5.0,후지,상품,개,10.0,20653.0,,20577.0,21068.0,22917.6666666666,2018,하순,2018-01-21,사과-후지,1,21,True,False,False,False,False,False,False,False,False,False,False,False,False,False,True,사과(후지),1.7906040268456305,0.19189061763319182,,,,,,,,
201801하순,411.0,사과,5.0,후지,상품,개,10.0,20653.0,,20577.0,21068.0,22917.6666666666,2018,하순,2018-01-21,사과-후지,1,21,True,False,False,False,False,False,False,False,False,False,False,False,False,False,True,사과(후지),1.7906040268456305,0.19189061763319182,,,,,,,,
201801하순,411.0,사과,5.0,후지,상품,개,10.0,20653.0,,20577.0,21068.0,22917.6666666666,2018,하순,2018-01-21,사과-후지,1,21,True,False,False,False,False,False,False,False,False,False,False,False,False,False,True,사과(후지),1.7906040268456305,0.19189061763319182,,,,,,,,
201801하순,411.0,사과,5.0,후지,상품,개,10.0,20653.0,,20577.0,21068.0,22917.6666666666,2018,하순,2018-01-21,사과-후지,1,21,True,False,False,False,False,False,False,False,False,False,False,False,False,False,True,사과(후지),1.7906040268456305,0.19189061763319182,,,,,,,,
201801하순,411.0,사과,5.0,후지,상품,개,10.0,20653.0,,20577.0,21068.0,22917.6666666666,2018,하순,2018-01-21,사과-후지,1,21,True,False,False,False,False,False,False,False,False,False,False,False,False,False,True,사과(후지),1.7906040268456305,0.19189061763319182,,,,,,,,
201802상순,411.0,사과,5.0,후지,상품,개,10.0,20563.0,,20361.0,20130.0,23424.6666666666,2018,상순,2018-02-01,사과-후지,2,1,False,True,False,False,False,False,False,False,False,False,False,False,True,False,False,사과(후지),2.0697986577181133,0.18170878459687118,,,,,,,,
201802상순,411.0,사과,5.0,후지,상품,개,10.0,20563.0,,20361.0,20130.0,23424.6666666666,2018,상순,2018-02-01,사과-후지,2,1,False,True,False,False,False,False,False,False,False,False,False,False,True,False,False,사과(후지),2.0697986577181133,0.18170878459687118,,,,,,,,
201802상순,411.0,사과,5.0,후지,상품,개,10.0,20563.0,,20361.0,20130.0,23424.6666666666,2018,상순,2018-02-01,사과-후지,2,1,False,True,False,False,False,False,False,False,False,False,False,False,True,False,False,사과(후지),2.0697986577181133,0.18170878459687118,,,,,,,,
201802상순,411.0,사과,5.0,후지,상품,개,10.0,20563.0,,20361.0,20130.0,23424.6666666666,2018,상순,2018-02-01,사과-후지,2,1,False,True,False,False,False,False,False,False,False,False,False,False,True,False,False,사과(후지),2.0697986577181133,0.18170878459687118,,,,,,,,
201802상순,411.0,사과,5.0,후지,상품,개,10.0,20563.0,,20361.0,20130.0,23424.6666666666,2018,상순,2018-02-01,사과-후지,2,1,False,True,False,False,False,False,False,False,False,False,False,False,True,False,False,사과(후지),2.0697986577181133,0.18170878459687118,,,,,,,,
201802상순,411.0,사과,5.0,후지,상품,개,10.0,20563.0,,20361.0,20130.0,23424.6666666666,2018,상순,2018-02-01,사과-후지,2,1,False,True,False,False,False,False,False,False,False,False,False,False,True,False,False,사과(후지),2.0697986577181133,0.18170878459687118,,,,,,,,
201802상순,411.0,사과,5.0,후지,상품,개,10.0,20563.0,,20361.0,20130.0,23424.6666666666,2018,상순,2018-02-01,사과-후지,2,1,False,True,False,False,False,False,False,False,False,False,False,False,True,False,False,사과(후지),2.0697986577181133,0.18170878459687118,,,,,,,,
201802상순,411.0,사과,5.0,후지,상품,개,10.0,20563.0,,20361.0,20130.0,23424.6666666666,2018,상순,2018-02-01,사과-후지,2,1,False,True,False,False,False,False,False,False,False,False,False,False,True,False,False,사과(후지),2.0697986577181133,0.18170878459687118,,,,,,,,
201802상순,411.0,사과,5.0,후지,상품,개,10.0,20563.0,,20361.0,20130.0,23424.6666666666,2018,상순,2018-02-01,사과-후지,2,1,False,True,False,False,False,False,False,False,False,False,False,False,True,False,False,사과(후지),2.0697986577181133,0.18170878459687118,,,,,,,,
201802상순,411.0,사과,5.0,후지,상품,개,10.0,20563.0,,20361.0,20130.0,23424.6666666666,2018,상순,2018-02-01,사과-후지,2,1,False,True,False,False,False,False,False,False,False,False,False,False,True,False,False,사과(후지),2.0697986577181133,0.18170878459687118,,,,,,,,
201802상순,411.0,사과,5.0,후지,상품,개,10.0,20563.0,,20361.0,20130.0,23424.6666666666,2018,상순,2018-02-01,사과-후지,2,1,False,True,False,False,False,False,False,False,False,False,False,False,True,False,False,사과(후지),2.0697986577181133,0.18170878459687118,,,,,,,,
201802상순,411.0,사과,5.0,후지,상품,개,10.0,20563.0,,20361.0,20130.0,23424.6666666666,2018,상순,2018-02-01,사과-후지,2,1,False,True,False,False,False,False,False,False,False,False,False,False,True,False,False,사과(후지),2.0697986577181133,0.18170878459687118,,,,,,,,
201802상순,411.0,사과,5.0,후지,상품,개,10.0,20563.0,,20361.0,20130.0,23424.6666666666,2018,상순,2018-02-01,사과-후지,2,1,False,True,False,False,False,False,False,False,False,False,False,False,True,False,False,사과(후지),2.0697986577181133,0.18170878459687118,,,,,,,,
201802상순,411.0,사과,5.0,후지,상품,개,10.0,20563.0,,20361.0,20130.0,23424.6666666666,2018,상순,2018-02-01,사과-후지,2,1,False,True,False,False,False,False,False,False,False,False,False,False,True,False,False,사과(후지),2.0697986577181133,0.18170878459687118,,,,,,,,
201802상순,411.0,사과,5.0,후지,상품,개,10.0,20563.0,,20361.0,20130.0,23424.6666666666,2018,상순,2018-02-01,사과-후지,2,1,False,True,False,False,False,False,False,False,False,False,False,False,True,False,False,사과(후지),2.0697986577181133,0.18170878459687118,,,,,,,,
201802상순,411.0,사과,5.0,후지,상품,개,10.0,20563.0,,20361.0,20130.0,23424.6666666666,2018,상순,2018-02-01,사과-후지,2,1,False,True,False,False,False,False,False,False,False,False,False,False,True,False,False,사과(후지),2.0697986577181133,0.18170878459687118,,,,,,,,
201802상순,411.0,사과,5.0,후지,상품,개,10.0,20563.0,,20361.0,20130.0,23424.6666666666,2018,상순,2018-02-01,사과-후지,2,1,False,True,False,False,False,False,False,False,False,False,False,False,True,False,False,사과(후지),2.0697986577181133,0.18170878459687118,,,,,,,,
201802상순,411.0,사과,5.0,후지,상품,개,10.0,20563.0,,20361.0,20130.0,23424.6666666666,2018,상순,2018-02-01,사과-후지,2,1,False,True,False,False,False,False,False,False,False,False,False,False,True,False,False,사과(후지),2.0697986577181133,0.18170878459687118,,,,,,,,
201802상순,411.0,사과,5.0,후지,상품,개,10.0,20563.0,,20361.0,20130.0,23424.6666666666,2018,상순,2018-02-01,사과-후지,2,1,False,True,False,False,False,False,False,False,False,False,False,False,True,False,False,사과(후지),2.0697986577181133,0.18170878459687118,,,,,,,,
201802상순,411.0,사과,5.0,후지,상품,개,10.0,20563.0,,20361.0,20130.0,23424.6666666666,2018,상순,2018-02-01,사과-후지,2,1,False,True,False,False,False,False,False,False,False,False,False,False,True,False,False,사과(후지),2.0697986577181133,0.18170878459687118,,,,,,,,
201802상순,411.0,사과,5.0,후지,상품,개,10.0,20563.0,,20361.0,20130.0,23424.6666666666,2018,상순,2018-02-01,사과-후지,2,1,False,True,False,False,False,False,False,False,False,False,False,False,True,False,False,사과(후지),2.0697986577181133,0.18170878459687118,,,,,,,,
201802상순,411.0,사과,5.0,후지,상품,개,10.0,20563.0,,20361.0,20130.0,23424.6666666666,2018,상순,2018-02-01,사과-후지,2,1,False,True,False,False,False,False,False,False,False,False,False,False,True,False,False,사과(후지),2.0697986577181133,0.18170878459687118,,,,,,,,
201802상순,411.0,사과,5.0,후지,상품,개,10.0,20563.0,,20361.0,20130.0,23424.6666666666,2018,상순,2018-02-01,사과-후지,2,1,False,True,False,False,False,False,False,False,False,False,False,False,True,False,False,사과(후지),2.0697986577181133,0.18170878459687118,,,,,,,,
201802상순,411.0,사과,5.0,후지,상품,개,10.0,20563.0,,20361.0,20130.0,23424.6666666666,2018,상순,2018-02-01,사과-후지,2,1,False,True,False,False,False,False,False,False,False,False,False,False,True,False,False,사과(후지),2.0697986577181133,0.18170878459687118,,,,,,,,
201802상순,411.0,사과,5.0,후지,상품,개,10.0,20563.0,,20361.0,20130.0,23424.6666666666,2018,상순,2018-02-01,사과-후지,2,1,False,True,False,False,False,False,False,False,False,False,False,False,True,False,False,사과(후지),2.0697986577181133,0.18170878459687118,,,,,,,,
201802중순,411.0,사과,5.0,후지,상품,개,10.0,21779.0,,20359.0,19271.0,23201.6666666666,2018,중순,2018-02-11,사과-후지,2,11,False,True,False,False,False,False,False,False,False,False,False,False,False,True,False,사과(후지),2.1825503355704594,0.19601806239737268,,,,,,,,
201802중순,411.0,사과,5.0,후지,상품,개,10.0,21779.0,,20359.0,19271.0,23201.6666666666,2018,중순,2018-02-11,사과-후지,2,11,False,True,False,False,False,False,False,False,False,False,False,False,False,True,False,사과(후지),2.1825503355704594,0.19601806239737268,,,,,,,,
201802중순,411.0,사과,5.0,후지,상품,개,10.0,21779.0,,20359.0,19271.0,23201.6666666666,2018,중순,2018-02-11,사과-후지,2,11,False,True,False,False,False,False,False,False,False,False,False,False,False,True,False,사과(후지),2.1825503355704594,0.19601806239737268,,,,,,,,
201802중순,411.0,사과,5.0,후지,상품,개,10.0,21779.0,,20359.0,19271.0,23201.6666666666,2018,중순,2018-02-11,사과-후지,2,11,False,True,False,False,False,False,False,False,False,False,False,False,False,True,False,사과(후지),2.1825503355704594,0.19601806239737268,,,,,,,,
201802중순,411.0,사과,5.0,후지,상품,개,10.0,21779.0,,20359.0,19271.0,23201.6666666666,2018,중순,2018-02-11,사과-후지,2,11,False,True,False,False,False,False,False,False,False,False,False,False,False,True,False,사과(후지),2.1825503355704594,0.19601806239737268,,,,,,,,
201802중순,411.0,사과,5.0,후지,상품,개,10.0,21779.0,,20359.0,19271.0,23201.6666666666,2018,중순,2018-02-11,사과-후지,2,11,False,True,False,False,False,False,False,False,False,False,False,False,False,True,False,사과(후지),2.1825503355704594,0.19601806239737268,,,,,,,,
201802중순,411.0,사과,5.0,후지,상품,개,10.0,21779.0,,20359.0,19271.0,23201.6666666666,2018,중순,2018-02-11,사과-후지,2,11,False,True,False,False,False,False,False,False,False,False,False,False,False,True,False,사과(후지),2.1825503355704594,0.19601806239737268,,,,,,,,
201802중순,411.0,사과,5.0,후지,상품,개,10.0,21779.0,,20359.0,19271.0,23201.6666666666,2018,중순,2018-02-11,사과-후지,2,11,False,True,False,False,False,False,False,False,False,False,False,False,False,True,False,사과(후지),2.1825503355704594,0.19601806239737268,,,,,,,,
201802중순,411.0,사과,5.0,후지,상품,개,10.0,21779.0,,20359.0,19271.0,23201.6666666666,2018,중순,2018-02-11,사과-후지,2,11,False,True,False,False,False,False,False,False,False,False,False,False,False,True,False,사과(후지),2.1825503355704594,0.19601806239737268,,,,,,,,
201802중순,411.0,사과,5.0,후지,상품,개,10.0,21779.0,,20359.0,19271.0,23201.6666666666,2018,중순,2018-02-11,사과-후지,2,11,False,True,False,False,False,False,False,False,False,False,False,False,False,True,False,사과(후지),2.1825503355704594,0.19601806239737268,,,,,,,,
201802중순,411.0,사과,5.0,후지,상품,개,10.0,21779.0,,20359.0,19271.0,23201.6666666666,2018,중순,2018-02-11,사과-후지,2,11,False,True,False,False,False,False,False,False,False,False,False,False,False,True,False,사과(후지),2.1825503355704594,0.19601806239737268,,,,,,,,
201802중순,411.0,사과,5.0,후지,상품,개,10.0,21779.0,,20359.0,19271.0,23201.6666666666,2018,중순,2018-02-11,사과-후지,2,11,False,True,False,False,False,False,False,False,False,False,False,False,False,True,False,사과(후지),2.1825503355704594,0.19601806239737268,,,,,,,,
201802중순,411.0,사과,5.0,후지,상품,개,10.0,21779.0,,20359.0,19271.0,23201.6666666666,2018,중순,2018-02-11,사과-후지,2,11,False,True,False,False,False,False,False,False,False,False,False,False,False,True,False,사과(후지),2.1825503355704594,0.19601806239737268,,,,,,,,
201802중순,411.0,사과,5.0,후지,상품,개,10.0,21779.0,,20359.0,19271.0,23201.6666666666,2018,중순,2018-02-11,사과-후지,2,11,False,True,False,False,False,False,False,False,False,False,False,False,False,True,False,사과(후지),2.1825503355704594,0.19601806239737268,,,,,,,,
201802중순,411.0,사과,5.0,후지,상품,개,10.0,21779.0,,20359.0,19271.0,23201.6666666666,2018,중순,2018-02-11,사과-후지,2,11,False,True,False,False,False,False,False,False,False,False,False,False,False,True,False,사과(후지),2.1825503355704594,0.19601806239737268,,,,,,,,
201802중순,411.0,사과,5.0,후지,상품,개,10.0,21779.0,,20359.0,19271.0,23201.6666666666,2018,중순,2018-02-11,사과-후지,2,11,False,True,False,False,False,False,False,False,False,False,False,False,False,True,False,사과(후지),2.1825503355704594,0.19601806239737268,,,,,,,,
201802중순,411.0,사과,5.0,후지,상품,개,10.0,21779.0,,20359.0,19271.0,23201.6666666666,2018,중순,2018-02-11,사과-후지,2,11,False,True,False,False,False,False,False,False,False,False,False,False,False,True,False,사과(후지),2.1825503355704594,0.19601806239737268,,,,,,,,
201802중순,411.0,사과,5.0,후지,상품,개,10.0,21779.0,,20359.0,19271.0,23201.6666666666,2018,중순,2018-02-11,사과-후지,2,11,False,True,False,False,False,False,False,False,False,False,False,False,False,True,False,사과(후지),2.1825503355704594,0.19601806239737268,,,,,,,,
201802중순,411.0,사과,5.0,후지,상품,개,10.0,21779.0,,20359.0,19271.0,23201.6666666666,2018,중순,2018-02-11,사과-후지,2,11,False,True,False,False,False,False,False,False,False,False,False,False,False,True,False,사과(후지),2.1825503355704594,0.19601806239737268,,,,,,,,
201802중순,411.0,사과,5.0,후지,상품,개,10.0,21779.0,,20359.0,19271.0,23201.6666666666,2018,중순,2018-02-11,사과-후지,2,11,False,True,False,False,False,False,False,False,False,False,False,False,False,True,False,사과(후지),2.1825503355704594,0.19601806239737268,,,,,,,,
201802중순,411.0,사과,5.0,후지,상품,개,10.0,21779.0,,20359.0,19271.0,23201.6666666666,2018,중순,2018-02-11,사과-후지,2,11,False,True,False,False,False,False,False,False,False,False,False,False,False,True,False,사과(후지),2.1825503355704594,0.19601806239737268,,,,,,,,
201802중순,411.0,사과,5.0,후지,상품,개,10.0,21779.0,,20359.0,19271.0,23201.6666666666,2018,중순,2018-02-11,사과-후지,2,11,False,True,False,False,False,False,False,False,False,False,False,False,False,True,False,사과(후지),2.1825503355704594,0.19601806239737268,,,,,,,,
201802중순,411.0,사과,5.0,후지,상품,개,10.0,21779.0,,20359.0,19271.0,23201.6666666666,2018,중순,2018-02-11,사과-후지,2,11,False,True,False,False,False,False,False,False,False,False,False,False,False,True,False,사과(후지),2.1825503355704594,0.19601806239737268,,,,,,,,
201802중순,411.0,사과,5.0,후지,상품,개,10.0,21779.0,,20359.0,19271.0,23201.6666666666,2018,중순,2018-02-11,사과-후지,2,11,False,True,False,False,False,False,False,False,False,False,False,False,False,True,False,사과(후지),2.1825503355704594,0.19601806239737268,,,,,,,,
201802중순,411.0,사과,5.0,후지,상품,개,10.0,21779.0,,20359.0,19271.0,23201.6666666666,2018,중순,2018-02-11,사과-후지,2,11,False,True,False,False,False,False,False,False,False,False,False,False,False,True,False,사과(후지),2.1825503355704594,0.19601806239737268,,,,,,,,
201802하순,411.0,사과,5.0,후지,상품,개,10.0,21465.0,,20653.0,18804.0,22792.3333333333,2018,하순,2018-02-21,사과-후지,2,21,False,True,False,False,False,False,False,False,False,False,False,False,False,False,True,사과(후지),3.903355704697975,0.21060880048221814,,,,,,,,
201802하순,411.0,사과,5.0,후지,상품,개,10.0,21465.0,,20653.0,18804.0,22792.3333333333,2018,하순,2018-02-21,사과-후지,2,21,False,True,False,False,False,False,False,False,False,False,False,False,False,False,True,사과(후지),3.903355704697975,0.21060880048221814,,,,,,,,
201802하순,411.0,사과,5.0,후지,상품,개,10.0,21465.0,,20653.0,18804.0,22792.3333333333,2018,하순,2018-02-21,사과-후지,2,21,False,True,False,False,False,False,False,False,False,False,False,False,False,False,True,사과(후지),3.903355704697975,0.21060880048221814,,,,,,,,
201802하순,411.0,사과,5.0,후지,상품,개,10.0,21465.0,,20653.0,18804.0,22792.3333333333,2018,하순,2018-02-21,사과-후지,2,21,False,True,False,False,False,False,False,False,False,False,False,False,False,False,True,사과(후지),3.903355704697975,0.21060880048221814,,,,,,,,
201802하순,411.0,사과,5.0,후지,상품,개,10.0,21465.0,,20653.0,18804.0,22792.3333333333,2018,하순,2018-02-21,사과-후지,2,21,False,True,False,False,False,False,False,False,False,False,False,False,False,False,True,사과(후지),3.903355704697975,0.21060880048221814,,,,,,,,
201802하순,411.0,사과,5.0,후지,상품,개,10.0,21465.0,,20653.0,18804.0,22792.3333333333,2018,하순,2018-02-21,사과-후지,2,21,False,True,False,False,False,False,False,False,False,False,False,False,False,False,True,사과(후지),3.903355704697975,0.21060880048221814,,,,,,,,
201802하순,411.0,사과,5.0,후지,상품,개,10.0,21465.0,,20653.0,18804.0,22792.3333333333,2018,하순,2018-02-21,사과-후지,2,21,False,True,False,False,False,False,False,False,False,False,False,False,False,False,True,사과(후지),3.903355704697975,0.21060880048221814,,,,,,,,
201802하순,411.0,사과,5.0,후지,상품,개,10.0,21465.0,,20653.0,18804.0,22792.3333333333,2018,하순,2018-02-21,사과-후지,2,21,False,True,False,False,False,False,False,False,False,False,False,False,False,False,True,사과(후지),3.903355704697975,0.21060880048221814,,,,,,,,
201802하순,411.0,사과,5.0,후지,상품,개,10.0,21465.0,,20653.0,18804.0,22792.3333333333,2018,하순,2018-02-21,사과-후지,2,21,False,True,False,False,False,False,False,False,False,False,False,False,False,False,True,사과(후지),3.903355704697975,0.21060880048221814,,,,,,,,
201802하순,411.0,사과,5.0,후지,상품,개,10.0,21465.0,,20653.0,18804.0,22792.3333333333,2018,하순,2018-02-21,사과-후지,2,21,False,True,False,False,False,False,False,False,False,False,False,False,False,False,True,사과(후지),3.903355704697975,0.21060880048221814,,,,,,,,
201802하순,411.0,사과,5.0,후지,상품,개,10.0,21465.0,,20653.0,18804.0,22792.3333333333,2018,하순,2018-02-21,사과-후지,2,21,False,True,False,False,False,False,False,False,False,False,False,False,False,False,True,사과(후지),3.903355704697975,0.21060880048221814,,,,,,,,
201802하순,411.0,사과,5.0,후지,상품,개,10.0,21465.0,,20653.0,18804.0,22792.3333333333,2018,하순,2018-02-21,사과-후지,2,21,False,True,False,False,False,False,False,False,False,False,False,False,False,False,True,사과(후지),3.903355704697975,0.21060880048221814,,,,,,,,
201802하순,411.0,사과,5.0,후지,상품,개,10.0,21465.0,,20653.0,18804.0,22792.3333333333,2018,하순,2018-02-21,사과-후지,2,21,False,True,False,False,False,False,False,False,False,False,False,False,False,False,True,사과(후지),3.903355704697975,0.21060880048221814,,,,,,,,
201802하순,411.0,사과,5.0,후지,상품,개,10.0,21465.0,,20653.0,18804.0,22792.3333333333,2018,하순,2018-02-21,사과-후지,2,21,False,True,False,False,False,False,False,False,False,False,False,False,False,False,True,사과(후지),3.903355704697975,0.21060880048221814,,,,,,,,
201802하순,411.0,사과,5.0,후지,상품,개,10.0,21465.0,,20653.0,18804.0,22792.3333333333,2018,하순,2018-02-21,사과-후지,2,21,False,True,False,False,False,False,False,False,False,False,False,False,False,False,True,사과(후지),3.903355704697975,0.21060880048221814,,,,,,,,
201802하순,411.0,사과,5.0,후지,상품,개,10.0,21465.0,,20653.0,18804.0,22792.3333333333,2018,하순,2018-02-21,사과-후지,2,21,False,True,False,False,False,False,False,False,False,False,False,False,False,False,True,사과(후지),3.903355704697975,0.21060880048221814,,,,,,,,
201802하순,411.0,사과,5.0,후지,상품,개,10.0,21465.0,,20653.0,18804.0,22792.3333333333,2018,하순,2018-02-21,사과-후지,2,21,False,True,False,False,False,False,False,False,False,False,False,False,False,False,True,사과(후지),3.903355704697975,0.21060880048221814,,,,,,,,
201802하순,411.0,사과,5.0,후지,상품,개,10.0,21465.0,,20653.0,18804.0,22792.3333333333,2018,하순,2018-02-21,사과-후지,2,21,False,True,False,False,False,False,False,False,False,False,False,False,False,False,True,사과(후지),3.903355704697975,0.21060880048221814,,,,,,,,
201802하순,411.0,사과,5.0,후지,상품,개,10.0,21465.0,,20653.0,18804.0,22792.3333333333,2018,하순,2018-02-21,사과-후지,2,21,False,True,False,False,False,False,False,False,False,False,False,False,False,False,True,사과(후지),3.903355704697975,0.21060880048221814,,,,,,,,
201802하순,411.0,사과,5.0,후지,상품,개,10.0,21465.0,,20653.0,18804.0,22792.3333333333,2018,하순,2018-02-21,사과-후지,2,21,False,True,False,False,False,False,False,False,False,False,False,False,False,False,True,사과(후지),3.903355704697975,0.21060880048221814,,,,,,,,
201802하순,411.0,사과,5.0,후지,상품,개,10.0,21465.0,,20653.0,18804.0,22792.3333333333,2018,하순,2018-02-21,사과-후지,2,21,False,True,False,False,False,False,False,False,False,False,False,False,False,False,True,사과(후지),3.903355704697975,0.21060880048221814,,,,,,,,
201802하순,411.0,사과,5.0,후지,상품,개,10.0,21465.0,,20653.0,18804.0,22792.3333333333,2018,하순,2018-02-21,사과-후지,2,21,False,True,False,False,False,False,False,False,False,False,False,False,False,False,True,사과(후지),3.903355704697975,0.21060880048221814,,,,,,,,
201802하순,411.0,사과,5.0,후지,상품,개,10.0,21465.0,,20653.0,18804.0,22792.3333333333,2018,하순,2018-02-21,사과-후지,2,21,False,True,False,False,False,False,False,False,False,False,False,False,False,False,True,사과(후지),3.903355704697975,0.21060880048221814,,,,,,,,
201802하순,411.0,사과,5.0,후지,상품,개,10.0,21465.0,,20653.0,18804.0,22792.3333333333,2018,하순,2018-02-21,사과-후지,2,21,False,True,False,False,False,False,False,False,False,False,False,False,False,False,True,사과(후지),3.903355704697975,0.21060880048221814,,,,,,,,
201802하순,411.0,사과,5.0,후지,상품,개,10.0,21465.0,,20653.0,18804.0,22792.3333333333,2018,하순,2018-02-21,사과-후지,2,21,False,True,False,False,False,False,False,False,False,False,False,False,False,False,True,사과(후지),3.903355704697975,0.21060880048221814,,,,,,,,
201803상순,411.0,사과,5.0,후지,상품,개,10.0,21384.0,,20563.0,17834.0,22616.3333333333,2018,상순,2018-03-01,사과-후지,3,1,False,False,True,False,False,False,False,False,False,False,False,False,True,False,False,사과(후지),7.78657718120804,0.23036622056229894,,,,,,,,
201803상순,411.0,사과,5.0,후지,상품,개,10.0,21384.0,,20563.0,17834.0,22616.3333333333,2018,상순,2018-03-01,사과-후지,3,1,False,False,True,False,False,False,False,False,False,False,False,False,True,False,False,사과(후지),7.78657718120804,0.23036622056229894,,,,,,,,
201803상순,411.0,사과,5.0,후지,상품,개,10.0,21384.0,,20563.0,17834.0,22616.3333333333,2018,상순,2018-03-01,사과-후지,3,1,False,False,True,False,False,False,False,False,False,False,False,False,True,False,False,사과(후지),7.78657718120804,0.23036622056229894,,,,,,,,
201803상순,411.0,사과,5.0,후지,상품,개,10.0,21384.0,,20563.0,17834.0,22616.3333333333,2018,상순,2018-03-01,사과-후지,3,1,False,False,True,False,False,False,False,False,False,False,False,False,True,False,False,사과(후지),7.78657718120804,0.23036622056229894,,,,,,,,
201803상순,411.0,사과,5.0,후지,상품,개,10.0,21384.0,,20563.0,17834.0,22616.3333333333,2018,상순,2018-03-01,사과-후지,3,1,False,False,True,False,False,False,False,False,False,False,False,False,True,False,False,사과(후지),7.78657718120804,0.23036622056229894,,,,,,,,
201803상순,411.0,사과,5.0,후지,상품,개,10.0,21384.0,,20563.0,17834.0,22616.3333333333,2018,상순,2018-03-01,사과-후지,3,1,False,False,True,False,False,False,False,False,False,False,False,False,True,False,False,사과(후지),7.78657718120804,0.23036622056229894,,,,,,,,
201803상순,411.0,사과,5.0,후지,상품,개,10.0,21384.0,,20563.0,17834.0,22616.3333333333,2018,상순,2018-03-01,사과-후지,3,1,False,False,True,False,False,False,False,False,False,False,False,False,True,False,False,사과(후지),7.78657718120804,0.23036622056229894,,,,,,,,
201803상순,411.0,사과,5.0,후지,상품,개,10.0,21384.0,,20563.0,17834.0,22616.3333333333,2018,상순,2018-03-01,사과-후지,3,1,False,False,True,False,False,False,False,False,False,False,False,False,True,False,False,사과(후지),7.78657718120804,0.23036622056229894,,,,,,,,
201803상순,411.0,사과,5.0,후지,상품,개,10.0,21384.0,,20563.0,17834.0,22616.3333333333,2018,상순,2018-03-01,사과-후지,3,1,False,False,True,False,False,False,False,False,False,False,False,False,True,False,False,사과(후지),7.78657718120804,0.23036622056229894,,,,,,,,
201803상순,411.0,사과,5.0,후지,상품,개,10.0,21384.0,,20563.0,17834.0,22616.3333333333,2018,상순,2018-03-01,사과-후지,3,1,False,False,True,False,False,False,False,False,False,False,False,False,True,False,False,사과(후지),7.78657718120804,0.23036622056229894,,,,,,,,
201803상순,411.0,사과,5.0,후지,상품,개,10.0,21384.0,,20563.0,17834.0,22616.3333333333,2018,상순,2018-03-01,사과-후지,3,1,False,False,True,False,False,False,False,False,False,False,False,False,True,False,False,사과(후지),7.78657718120804,0.23036622056229894,,,,,,,,
201803상순,411.0,사과,5.0,후지,상품,개,10.0,21384.0,,20563.0,17834.0,22616.3333333333,2018,상순,2018-03-01,사과-후지,3,1,False,False,True,False,False,False,False,False,False,False,False,False,True,False,False,사과(후지),7.78657718120804,0.23036622056229894,,,,,,,,
201803상순,411.0,사과,5.0,후지,상품,개,10.0,21384.0,,20563.0,17834.0,22616.3333333333,2018,상순,2018-03-01,사과-후지,3,1,False,False,True,False,False,False,False,False,False,False,False,False,True,False,False,사과(후지),7.78657718120804,0.23036622056229894,,,,,,,,
201803상순,411.0,사과,5.0,후지,상품,개,10.0,21384.0,,20563.0,17834.0,22616.3333333333,2018,상순,2018-03-01,사과-후지,3,1,False,False,True,False,False,False,False,False,False,False,False,False,True,False,False,사과(후지),7.78657718120804,0.23036622056229894,,,,,,,,
201803상순,411.0,사과,5.0,후지,상품,개,10.0,21384.0,,20563.0,17834.0,22616.3333333333,2018,상순,2018-03-01,사과-후지,3,1,False,False,True,False,False,False,False,False,False,False,False,False,True,False,False,사과(후지),7.78657718120804,0.23036622056229894,,,,,,,,
201803상순,411.0,사과,5.0,후지,상품,개,10.0,21384.0,,20563.0,17834.0,22616.3333333333,2018,상순,2018-03-01,사과-후지,3,1,False,False,True,False,False,False,False,False,False,False,False,False,True,False,False,사과(후지),7.78657718120804,0.23036622056229894,,,,,,,,
201803상순,411.0,사과,5.0,후지,상품,개,10.0,21384.0,,20563.0,17834.0,22616.3333333333,2018,상순,2018-03-01,사과-후지,3,1,False,False,True,False,False,False,False,False,False,False,False,False,True,False,False,사과(후지),7.78657718120804,0.23036622056229894,,,,,,,,
201803상순,411.0,사과,5.0,후지,상품,개,10.0,21384.0,,20563.0,17834.0,22616.3333333333,2018,상순,2018-03-01,사과-후지,3,1,False,False,True,False,False,False,False,False,False,False,False,False,True,False,False,사과(후지),7.78657718120804,0.23036622056229894,,,,,,,,
201803상순,411.0,사과,5.0,후지,상품,개,10.0,21384.0,,20563.0,17834.0,22616.3333333333,2018,상순,2018-03-01,사과-후지,3,1,False,False,True,False,False,False,False,False,False,False,False,False,True,False,False,사과(후지),7.78657718120804,0.23036622056229894,,,,,,,,
201803상순,411.0,사과,5.0,후지,상품,개,10.0,21384.0,,20563.0,17834.0,22616.3333333333,2018,상순,2018-03-01,사과-후지,3,1,False,False,True,False,False,False,False,False,False,False,False,False,True,False,False,사과(후지),7.78657718120804,0.23036622056229894,,,,,,,,
201803상순,411.0,사과,5.0,후지,상품,개,10.0,21384.0,,20563.0,17834.0,22616.3333333333,2018,상순,2018-03-01,사과-후지,3,1,False,False,True,False,False,False,False,False,False,False,False,False,True,False,False,사과(후지),7.78657718120804,0.23036622056229894,,,,,,,,
201803상순,411.0,사과,5.0,후지,상품,개,10.0,21384.0,,20563.0,17834.0,22616.3333333333,2018,상순,2018-03-01,사과-후지,3,1,False,False,True,False,False,False,False,False,False,False,False,False,True,False,False,사과(후지),7.78657718120804,0.23036622056229894,,,,,,,,
201803상순,411.0,사과,5.0,후지,상품,개,10.0,21384.0,,20563.0,17834.0,22616.3333333333,2018,상순,2018-03-01,사과-후지,3,1,False,False,True,False,False,False,False,False,False,False,False,False,True,False,False,사과(후지),7.78657718120804,0.23036622056229894,,,,,,,,
201803상순,411.0,사과,5.0,후지,상품,개,10.0,21384.0,,20563.0,17834.0,22616.3333333333,2018,상순,2018-03-01,사과-후지,3,1,False,False,True,False,False,False,False,False,False,False,False,False,True,False,False,사과(후지),7.78657718120804,0.23036622056229894,,,,,,,,
201803중순,411.0,사과,5.0,후지,상품,개,10.0,20695.0,,21779.0,17818.0,22322.0,2018,중순,2018-03-11,사과-후지,3,11,False,False,True,False,False,False,False,False,False,False,False,False,False,True,False,사과(후지),10.116778523489916,0.2478007267163893,,,,,,,,
201803중순,411.0,사과,5.0,후지,상품,개,10.0,20695.0,,21779.0,17818.0,22322.0,2018,중순,2018-03-11,사과-후지,3,11,False,False,True,False,False,False,False,False,False,False,False,False,False,True,False,사과(후지),10.116778523489916,0.2478007267163893,,,,,,,,
201803중순,411.0,사과,5.0,후지,상품,개,10.0,20695.0,,21779.0,17818.0,22322.0,2018,중순,2018-03-11,사과-후지,3,11,False,False,True,False,False,False,False,False,False,False,False,False,False,True,False,사과(후지),10.116778523489916,0.2478007267163893,,,,,,,,
201803중순,411.0,사과,5.0,후지,상품,개,10.0,20695.0,,21779.0,17818.0,22322.0,2018,중순,2018-03-11,사과-후지,3,11,False,False,True,False,False,False,False,False,False,False,False,False,False,True,False,사과(후지),10.116778523489916,0.2478007267163893,,,,,,,,
201803중순,411.0,사과,5.0,후지,상품,개,10.0,20695.0,,21779.0,17818.0,22322.0,2018,중순,2018-03-11,사과-후지,3,11,False,False,True,False,False,False,False,False,False,False,False,False,False,True,False,사과(후지),10.116778523489916,0.2478007267163893,,,,,,,,
201803중순,411.0,사과,5.0,후지,상품,개,10.0,20695.0,,21779.0,17818.0,22322.0,2018,중순,2018-03-11,사과-후지,3,11,False,False,True,False,False,False,False,False,False,False,False,False,False,True,False,사과(후지),10.116778523489916,0.2478007267163893,,,,,,,,
201803중순,411.0,사과,5.0,후지,상품,개,10.0,20695.0,,21779.0,17818.0,22322.0,2018,중순,2018-03-11,사과-후지,3,11,False,False,True,False,False,False,False,False,False,False,False,False,False,True,False,사과(후지),10.116778523489916,0.2478007267163893,,,,,,,,
201803중순,411.0,사과,5.0,후지,상품,개,10.0,20695.0,,21779.0,17818.0,22322.0,2018,중순,2018-03-11,사과-후지,3,11,False,False,True,False,False,False,False,False,False,False,False,False,False,True,False,사과(후지),10.116778523489916,0.2478007267163893,,,,,,,,
201803중순,411.0,사과,5.0,후지,상품,개,10.0,20695.0,,21779.0,17818.0,22322.0,2018,중순,2018-03-11,사과-후지,3,11,False,False,True,False,False,False,False,False,False,False,False,False,False,True,False,사과(후지),10.116778523489916,0.2478007267163893,,,,,,,,
201803중순,411.0,사과,5.0,후지,상품,개,10.0,20695.0,,21779.0,17818.0,22322.0,2018,중순,2018-03-11,사과-후지,3,11,False,False,True,False,False,False,False,False,False,False,False,False,False,True,False,사과(후지),10.116778523489916,0.2478007267163893,,,,,,,,
201803중순,411.0,사과,5.0,후지,상품,개,10.0,20695.0,,21779.0,17818.0,22322.0,2018,중순,2018-03-11,사과-후지,3,11,False,False,True,False,False,False,False,False,False,False,False,False,False,True,False,사과(후지),10.116778523489916,0.2478007267163893,,,,,,,,
201803중순,411.0,사과,5.0,후지,상품,개,10.0,20695.0,,21779.0,17818.0,22322.0,2018,중순,2018-03-11,사과-후지,3,11,False,False,True,False,False,False,False,False,False,False,False,False,False,True,False,사과(후지),10.116778523489916,0.2478007267163893,,,,,,,,
201803중순,411.0,사과,5.0,후지,상품,개,10.0,20695.0,,21779.0,17818.0,22322.0,2018,중순,2018-03-11,사과-후지,3,11,False,False,True,False,False,False,False,False,False,False,False,False,False,True,False,사과(후지),10.116778523489916,0.2478007267163893,,,,,,,,
201803중순,411.0,사과,5.0,후지,상품,개,10.0,20695.0,,21779.0,17818.0,22322.0,2018,중순,2018-03-11,사과-후지,3,11,False,False,True,False,False,False,False,False,False,False,False,False,False,True,False,사과(후지),10.116778523489916,0.2478007267163893,,,,,,,,
201803중순,411.0,사과,5.0,후지,상품,개,10.0,20695.0,,21779.0,17818.0,22322.0,2018,중순,2018-03-11,사과-후지,3,11,False,False,True,False,False,False,False,False,False,False,False,False,False,True,False,사과(후지),10.116778523489916,0.2478007267163893,,,,,,,,
201803중순,411.0,사과,5.0,후지,상품,개,10.0,20695.0,,21779.0,17818.0,22322.0,2018,중순,2018-03-11,사과-후지,3,11,False,False,True,False,False,False,False,False,False,False,False,False,False,True,False,사과(후지),10.116778523489916,0.2478007267163893,,,,,,,,
201803중순,411.0,사과,5.0,후지,상품,개,10.0,20695.0,,21779.0,17818.0,22322.0,2018,중순,2018-03-11,사과-후지,3,11,False,False,True,False,False,False,False,False,False,False,False,False,False,True,False,사과(후지),10.116778523489916,0.2478007267163893,,,,,,,,
201803중순,411.0,사과,5.0,후지,상품,개,10.0,20695.0,,21779.0,17818.0,22322.0,2018,중순,2018-03-11,사과-후지,3,11,False,False,True,False,False,False,False,False,False,False,False,False,False,True,False,사과(후지),10.116778523489916,0.2478007267163893,,,,,,,,
201803중순,411.0,사과,5.0,후지,상품,개,10.0,20695.0,,21779.0,17818.0,22322.0,2018,중순,2018-03-11,사과-후지,3,11,False,False,True,False,False,False,False,False,False,False,False,False,False,True,False,사과(후지),10.116778523489916,0.2478007267163893,,,,,,,,
201803중순,411.0,사과,5.0,후지,상품,개,10.0,20695.0,,21779.0,17818.0,22322.0,2018,중순,2018-03-11,사과-후지,3,11,False,False,True,False,False,False,False,False,False,False,False,False,False,True,False,사과(후지),10.116778523489916,0.2478007267163893,,,,,,,,
201803중순,411.0,사과,5.0,후지,상품,개,10.0,20695.0,,21779.0,17818.0,22322.0,2018,중순,2018-03-11,사과-후지,3,11,False,False,True,False,False,False,False,False,False,False,False,False,False,True,False,사과(후지),10.116778523489916,0.2478007267163893,,,,,,,,
201803중순,411.0,사과,5.0,후지,상품,개,10.0,20695.0,,21779.0,17818.0,22322.0,2018,중순,2018-03-11,사과-후지,3,11,False,False,True,False,False,False,False,False,False,False,False,False,False,True,False,사과(후지),10.116778523489916,0.2478007267163893,,,,,,,,
201803중순,411.0,사과,5.0,후지,상품,개,10.0,20695.0,,21779.0,17818.0,22322.0,2018,중순,2018-03-11,사과-후지,3,11,False,False,True,False,False,False,False,False,False,False,False,False,False,True,False,사과(후지),10.116778523489916,0.2478007267163893,,,,,,,,
201803하순,411.0,사과,5.0,후지,상품,개,10.0,20794.0,,21465.0,18273.0,21930.3333333333,2018,하순,2018-03-21,사과-후지,3,21,False,False,True,False,False,False,False,False,False,False,False,False,False,False,True,사과(후지),10.54765100671139,0.26639380336238,,,,,,,,
201803하순,411.0,사과,5.0,후지,상품,개,10.0,20794.0,,21465.0,18273.0,21930.3333333333,2018,하순,2018-03-21,사과-후지,3,21,False,False,True,False,False,False,False,False,False,False,False,False,False,False,True,사과(후지),10.54765100671139,0.26639380336238,,,,,,,,
201803하순,411.0,사과,5.0,후지,상품,개,10.0,20794.0,,21465.0,18273.0,21930.3333333333,2018,하순,2018-03-21,사과-후지,3,21,False,False,True,False,False,False,False,False,False,False,False,False,False,False,True,사과(후지),10.54765100671139,0.26639380336238,,,,,,,,
201803하순,411.0,사과,5.0,후지,상품,개,10.0,20794.0,,21465.0,18273.0,21930.3333333333,2018,하순,2018-03-21,사과-후지,3,21,False,False,True,False,False,False,False,False,False,False,False,False,False,False,True,사과(후지),10.54765100671139,0.26639380336238,,,,,,,,
201803하순,411.0,사과,5.0,후지,상품,개,10.0,20794.0,,21465.0,18273.0,21930.3333333333,2018,하순,2018-03-21,사과-후지,3,21,False,False,True,False,False,False,False,False,False,False,False,False,False,False,True,사과(후지),10.54765100671139,0.26639380336238,,,,,,,,
201803하순,411.0,사과,5.0,후지,상품,개,10.0,20794.0,,21465.0,18273.0,21930.3333333333,2018,하순,2018-03-21,사과-후지,3,21,False,False,True,False,False,False,False,False,False,False,False,False,False,False,True,사과(후지),10.54765100671139,0.26639380336238,,,,,,,,
201803하순,411.0,사과,5.0,후지,상품,개,10.0,20794.0,,21465.0,18273.0,21930.3333333333,2018,하순,2018-03-21,사과-후지,3,21,False,False,True,False,False,False,False,False,False,False,False,False,False,False,True,사과(후지),10.54765100671139,0.26639380336238,,,,,,,,
201803하순,411.0,사과,5.0,후지,상품,개,10.0,20794.0,,21465.0,18273.0,21930.3333333333,2018,하순,2018-03-21,사과-후지,3,21,False,False,True,False,False,False,False,False,False,False,False,False,False,False,True,사과(후지),10.54765100671139,0.26639380336238,,,,,,,,
201803하순,411.0,사과,5.0,후지,상품,개,10.0,20794.0,,21465.0,18273.0,21930.3333333333,2018,하순,2018-03-21,사과-후지,3,21,False,False,True,False,False,False,False,False,False,False,False,False,False,False,True,사과(후지),10.54765100671139,0.26639380336238,,,,,,,,
201803하순,411.0,사과,5.0,후지,상품,개,10.0,20794.0,,21465.0,18273.0,21930.3333333333,2018,하순,2018-03-21,사과-후지,3,21,False,False,True,False,False,False,False,False,False,False,False,False,False,False,True,사과(후지),10.54765100671139,0.26639380336238,,,,,,,,
201803하순,411.0,사과,5.0,후지,상품,개,10.0,20794.0,,21465.0,18273.0,21930.3333333333,2018,하순,2018-03-21,사과-후지,3,21,False,False,True,False,False,False,False,False,False,False,False,False,False,False,True,사과(후지),10.54765100671139,0.26639380336238,,,,,,,,
201803하순,411.0,사과,5.0,후지,상품,개,10.0,20794.0,,21465.0,18273.0,21930.3333333333,2018,하순,2018-03-21,사과-후지,3,21,False,False,True,False,False,False,False,False,False,False,False,False,False,False,True,사과(후지),10.54765100671139,0.26639380336238,,,,,,,,
201803하순,411.0,사과,5.0,후지,상품,개,10.0,20794.0,,21465.0,18273.0,21930.3333333333,2018,하순,2018-03-21,사과-후지,3,21,False,False,True,False,False,False,False,False,False,False,False,False,False,False,True,사과(후지),10.54765100671139,0.26639380336238,,,,,,,,
201803하순,411.0,사과,5.0,후지,상품,개,10.0,20794.0,,21465.0,18273.0,21930.3333333333,2018,하순,2018-03-21,사과-후지,3,21,False,False,True,False,False,False,False,False,False,False,False,False,False,False,True,사과(후지),10.54765100671139,0.26639380336238,,,,,,,,
201803하순,411.0,사과,5.0,후지,상품,개,10.0,20794.0,,21465.0,18273.0,21930.3333333333,2018,하순,2018-03-21,사과-후지,3,21,False,False,True,False,False,False,False,False,False,False,False,False,False,False,True,사과(후지),10.54765100671139,0.26639380336238,,,,,,,,
201803하순,411.0,사과,5.0,후지,상품,개,10.0,20794.0,,21465.0,18273.0,21930.3333333333,2018,하순,2018-03-21,사과-후지,3,21,False,False,True,False,False,False,False,False,False,False,False,False,False,False,True,사과(후지),10.54765100671139,0.26639380336238,,,,,,,,
201803하순,411.0,사과,5.0,후지,상품,개,10.0,20794.0,,21465.0,18273.0,21930.3333333333,2018,하순,2018-03-21,사과-후지,3,21,False,False,True,False,False,False,False,False,False,False,False,False,False,False,True,사과(후지),10.54765100671139,0.26639380336238,,,,,,,,
201803하순,411.0,사과,5.0,후지,상품,개,10.0,20794.0,,21465.0,18273.0,21930.3333333333,2018,하순,2018-03-21,사과-후지,3,21,False,False,True,False,False,False,False,False,False,False,False,False,False,False,True,사과(후지),10.54765100671139,0.26639380336238,,,,,,,,
201803하순,411.0,사과,5.0,후지,상품,개,10.0,20794.0,,21465.0,18273.0,21930.3333333333,2018,하순,2018-03-21,사과-후지,3,21,False,False,True,False,False,False,False,False,False,False,False,False,False,False,True,사과(후지),10.54765100671139,0.26639380336238,,,,,,,,
201803하순,411.0,사과,5.0,후지,상품,개,10.0,20794.0,,21465.0,18273.0,21930.3333333333,2018,하순,2018-03-21,사과-후지,3,21,False,False,True,False,False,False,False,False,False,False,False,False,False,False,True,사과(후지),10.54765100671139,0.26639380336238,,,,,,,,
201803하순,411.0,사과,5.0,후지,상품,개,10.0,20794.0,,21465.0,18273.0,21930.3333333333,2018,하순,2018-03-21,사과-후지,3,21,False,False,True,False,False,False,False,False,False,False,False,False,False,False,True,사과(후지),10.54765100671139,0.26639380336238,,,,,,,,
201803하순,411.0,사과,5.0,후지,상품,개,10.0,20794.0,,21465.0,18273.0,21930.3333333333,2018,하순,2018-03-21,사과-후지,3,21,False,False,True,False,False,False,False,False,False,False,False,False,False,False,True,사과(후지),10.54765100671139,0.26639380336238,,,,,,,,
201803하순,411.0,사과,5.0,후지,상품,개,10.0,20794.0,,21465.0,18273.0,21930.3333333333,2018,하순,2018-03-21,사과-후지,3,21,False,False,True,False,False,False,False,False,False,False,False,False,False,False,True,사과(후지),10.54765100671139,0.26639380336238,,,,,,,,
201804상순,411.0,사과,5.0,후지,상품,개,10.0,19019.0,,21384.0,18303.0,21921.6666666666,2018,상순,2018-04-01,사과-후지,4,1,False,False,False,True,False,False,False,False,False,False,False,False,True,False,False,사과(후지),12.995973154362398,0.2843642611683848,,,,,,,,
201804상순,411.0,사과,5.0,후지,상품,개,10.0,19019.0,,21384.0,18303.0,21921.6666666666,2018,상순,2018-04-01,사과-후지,4,1,False,False,False,True,False,False,False,False,False,False,False,False,True,False,False,사과(후지),12.995973154362398,0.2843642611683848,,,,,,,,
201804상순,411.0,사과,5.0,후지,상품,개,10.0,19019.0,,21384.0,18303.0,21921.6666666666,2018,상순,2018-04-01,사과-후지,4,1,False,False,False,True,False,False,False,False,False,False,False,False,True,False,False,사과(후지),12.995973154362398,0.2843642611683848,,,,,,,,
201804상순,411.0,사과,5.0,후지,상품,개,10.0,19019.0,,21384.0,18303.0,21921.6666666666,2018,상순,2018-04-01,사과-후지,4,1,False,False,False,True,False,False,False,False,False,False,False,False,True,False,False,사과(후지),12.995973154362398,0.2843642611683848,,,,,,,,
201804상순,411.0,사과,5.0,후지,상품,개,10.0,19019.0,,21384.0,18303.0,21921.6666666666,2018,상순,2018-04-01,사과-후지,4,1,False,False,False,True,False,False,False,False,False,False,False,False,True,False,False,사과(후지),12.995973154362398,0.2843642611683848,,,,,,,,
201804상순,411.0,사과,5.0,후지,상품,개,10.0,19019.0,,21384.0,18303.0,21921.6666666666,2018,상순,2018-04-01,사과-후지,4,1,False,False,False,True,False,False,False,False,False,False,False,False,True,False,False,사과(후지),12.995973154362398,0.2843642611683848,,,,,,,,
201804상순,411.0,사과,5.0,후지,상품,개,10.0,19019.0,,21384.0,18303.0,21921.6666666666,2018,상순,2018-04-01,사과-후지,4,1,False,False,False,True,False,False,False,False,False,False,False,False,True,False,False,사과(후지),12.995973154362398,0.2843642611683848,,,,,,,,
201804상순,411.0,사과,5.0,후지,상품,개,10.0,19019.0,,21384.0,18303.0,21921.6666666666,2018,상순,2018-04-01,사과-후지,4,1,False,False,False,True,False,False,False,False,False,False,False,False,True,False,False,사과(후지),12.995973154362398,0.2843642611683848,,,,,,,,
201804상순,411.0,사과,5.0,후지,상품,개,10.0,19019.0,,21384.0,18303.0,21921.6666666666,2018,상순,2018-04-01,사과-후지,4,1,False,False,False,True,False,False,False,False,False,False,False,False,True,False,False,사과(후지),12.995973154362398,0.2843642611683848,,,,,,,,
201804상순,411.0,사과,5.0,후지,상품,개,10.0,19019.0,,21384.0,18303.0,21921.6666666666,2018,상순,2018-04-01,사과-후지,4,1,False,False,False,True,False,False,False,False,False,False,False,False,True,False,False,사과(후지),12.995973154362398,0.2843642611683848,,,,,,,,
201804상순,411.0,사과,5.0,후지,상품,개,10.0,19019.0,,21384.0,18303.0,21921.6666666666,2018,상순,2018-04-01,사과-후지,4,1,False,False,False,True,False,False,False,False,False,False,False,False,True,False,False,사과(후지),12.995973154362398,0.2843642611683848,,,,,,,,
201804상순,411.0,사과,5.0,후지,상품,개,10.0,19019.0,,21384.0,18303.0,21921.6666666666,2018,상순,2018-04-01,사과-후지,4,1,False,False,False,True,False,False,False,False,False,False,False,False,True,False,False,사과(후지),12.995973154362398,0.2843642611683848,,,,,,,,
201804상순,411.0,사과,5.0,후지,상품,개,10.0,19019.0,,21384.0,18303.0,21921.6666666666,2018,상순,2018-04-01,사과-후지,4,1,False,False,False,True,False,False,False,False,False,False,False,False,True,False,False,사과(후지),12.995973154362398,0.2843642611683848,,,,,,,,
201804상순,411.0,사과,5.0,후지,상품,개,10.0,19019.0,,21384.0,18303.0,21921.6666666666,2018,상순,2018-04-01,사과-후지,4,1,False,False,False,True,False,False,False,False,False,False,False,False,True,False,False,사과(후지),12.995973154362398,0.2843642611683848,,,,,,,,
201804상순,411.0,사과,5.0,후지,상품,개,10.0,19019.0,,21384.0,18303.0,21921.6666666666,2018,상순,2018-04-01,사과-후지,4,1,False,False,False,True,False,False,False,False,False,False,False,False,True,False,False,사과(후지),12.995973154362398,0.2843642611683848,,,,,,,,
201804상순,411.0,사과,5.0,후지,상품,개,10.0,19019.0,,21384.0,18303.0,21921.6666666666,2018,상순,2018-04-01,사과-후지,4,1,False,False,False,True,False,False,False,False,False,False,False,False,True,False,False,사과(후지),12.995973154362398,0.2843642611683848,,,,,,,,
201804상순,411.0,사과,5.0,후지,상품,개,10.0,19019.0,,21384.0,18303.0,21921.6666666666,2018,상순,2018-04-01,사과-후지,4,1,False,False,False,True,False,False,False,False,False,False,False,False,True,False,False,사과(후지),12.995973154362398,0.2843642611683848,,,,,,,,
201804상순,411.0,사과,5.0,후지,상품,개,10.0,19019.0,,21384.0,18303.0,21921.6666666666,2018,상순,2018-04-01,사과-후지,4,1,False,False,False,True,False,False,False,False,False,False,False,False,True,False,False,사과(후지),12.995973154362398,0.2843642611683848,,,,,,,,
201804상순,411.0,사과,5.0,후지,상품,개,10.0,19019.0,,21384.0,18303.0,21921.6666666666,2018,상순,2018-04-01,사과-후지,4,1,False,False,False,True,False,False,False,False,False,False,False,False,True,False,False,사과(후지),12.995973154362398,0.2843642611683848,,,,,,,,
201804상순,411.0,사과,5.0,후지,상품,개,10.0,19019.0,,21384.0,18303.0,21921.6666666666,2018,상순,2018-04-01,사과-후지,4,1,False,False,False,True,False,False,False,False,False,False,False,False,True,False,False,사과(후지),12.995973154362398,0.2843642611683848,,,,,,,,
201804상순,411.0,사과,5.0,후지,상품,개,10.0,19019.0,,21384.0,18303.0,21921.6666666666,2018,상순,2018-04-01,사과-후지,4,1,False,False,False,True,False,False,False,False,False,False,False,False,True,False,False,사과(후지),12.995973154362398,0.2843642611683848,,,,,,,,
201804상순,411.0,사과,5.0,후지,상품,개,10.0,19019.0,,21384.0,18303.0,21921.6666666666,2018,상순,2018-04-01,사과-후지,4,1,False,False,False,True,False,False,False,False,False,False,False,False,True,False,False,사과(후지),12.995973154362398,0.2843642611683848,,,,,,,,
201804상순,411.0,사과,5.0,후지,상품,개,10.0,19019.0,,21384.0,18303.0,21921.6666666666,2018,상순,2018-04-01,사과-후지,4,1,False,False,False,True,False,False,False,False,False,False,False,False,True,False,False,사과(후지),12.995973154362398,0.2843642611683848,,,,,,,,
201804중순,411.0,사과,5.0,후지,상품,개,10.0,19208.0,,20695.0,17858.0,22252.6666666666,2018,중순,2018-04-11,사과-후지,4,11,False,False,False,True,False,False,False,False,False,False,False,False,False,True,False,사과(후지),14.036241610738232,0.3011923870671864,,,,,,,,
201804중순,411.0,사과,5.0,후지,상품,개,10.0,19208.0,,20695.0,17858.0,22252.6666666666,2018,중순,2018-04-11,사과-후지,4,11,False,False,False,True,False,False,False,False,False,False,False,False,False,True,False,사과(후지),14.036241610738232,0.3011923870671864,,,,,,,,
201804중순,411.0,사과,5.0,후지,상품,개,10.0,19208.0,,20695.0,17858.0,22252.6666666666,2018,중순,2018-04-11,사과-후지,4,11,False,False,False,True,False,False,False,False,False,False,False,False,False,True,False,사과(후지),14.036241610738232,0.3011923870671864,,,,,,,,
201804중순,411.0,사과,5.0,후지,상품,개,10.0,19208.0,,20695.0,17858.0,22252.6666666666,2018,중순,2018-04-11,사과-후지,4,11,False,False,False,True,False,False,False,False,False,False,False,False,False,True,False,사과(후지),14.036241610738232,0.3011923870671864,,,,,,,,
201804중순,411.0,사과,5.0,후지,상품,개,10.0,19208.0,,20695.0,17858.0,22252.6666666666,2018,중순,2018-04-11,사과-후지,4,11,False,False,False,True,False,False,False,False,False,False,False,False,False,True,False,사과(후지),14.036241610738232,0.3011923870671864,,,,,,,,
201804중순,411.0,사과,5.0,후지,상품,개,10.0,19208.0,,20695.0,17858.0,22252.6666666666,2018,중순,2018-04-11,사과-후지,4,11,False,False,False,True,False,False,False,False,False,False,False,False,False,True,False,사과(후지),14.036241610738232,0.3011923870671864,,,,,,,,
201804중순,411.0,사과,5.0,후지,상품,개,10.0,19208.0,,20695.0,17858.0,22252.6666666666,2018,중순,2018-04-11,사과-후지,4,11,False,False,False,True,False,False,False,False,False,False,False,False,False,True,False,사과(후지),14.036241610738232,0.3011923870671864,,,,,,,,
201804중순,411.0,사과,5.0,후지,상품,개,10.0,19208.0,,20695.0,17858.0,22252.6666666666,2018,중순,2018-04-11,사과-후지,4,11,False,False,False,True,False,False,False,False,False,False,False,False,False,True,False,사과(후지),14.036241610738232,0.3011923870671864,,,,,,,,
201804중순,411.0,사과,5.0,후지,상품,개,10.0,19208.0,,20695.0,17858.0,22252.6666666666,2018,중순,2018-04-11,사과-후지,4,11,False,False,False,True,False,False,False,False,False,False,False,False,False,True,False,사과(후지),14.036241610738232,0.3011923870671864,,,,,,,,
201804중순,411.0,사과,5.0,후지,상품,개,10.0,19208.0,,20695.0,17858.0,22252.6666666666,2018,중순,2018-04-11,사과-후지,4,11,False,False,False,True,False,False,False,False,False,False,False,False,False,True,False,사과(후지),14.036241610738232,0.3011923870671864,,,,,,,,
201804중순,411.0,사과,5.0,후지,상품,개,10.0,19208.0,,20695.0,17858.0,22252.6666666666,2018,중순,2018-04-11,사과-후지,4,11,False,False,False,True,False,False,False,False,False,False,False,False,False,True,False,사과(후지),14.036241610738232,0.3011923870671864,,,,,,,,
201804중순,411.0,사과,5.0,후지,상품,개,10.0,19208.0,,20695.0,17858.0,22252.6666666666,2018,중순,2018-04-11,사과-후지,4,11,False,False,False,True,False,False,False,False,False,False,False,False,False,True,False,사과(후지),14.036241610738232,0.3011923870671864,,,,,,,,
201804중순,411.0,사과,5.0,후지,상품,개,10.0,19208.0,,20695.0,17858.0,22252.6666666666,2018,중순,2018-04-11,사과-후지,4,11,False,False,False,True,False,False,False,False,False,False,False,False,False,True,False,사과(후지),14.036241610738232,0.3011923870671864,,,,,,,,
201804중순,411.0,사과,5.0,후지,상품,개,10.0,19208.0,,20695.0,17858.0,22252.6666666666,2018,중순,2018-04-11,사과-후지,4,11,False,False,False,True,False,False,False,False,False,False,False,False,False,True,False,사과(후지),14.036241610738232,0.3011923870671864,,,,,,,,
201804중순,411.0,사과,5.0,후지,상품,개,10.0,19208.0,,20695.0,17858.0,22252.6666666666,2018,중순,2018-04-11,사과-후지,4,11,False,False,False,True,False,False,False,False,False,False,False,False,False,True,False,사과(후지),14.036241610738232,0.3011923870671864,,,,,,,,
201804중순,411.0,사과,5.0,후지,상품,개,10.0,19208.0,,20695.0,17858.0,22252.6666666666,2018,중순,2018-04-11,사과-후지,4,11,False,False,False,True,False,False,False,False,False,False,False,False,False,True,False,사과(후지),14.036241610738232,0.3011923870671864,,,,,,,,
201804중순,411.0,사과,5.0,후지,상품,개,10.0,19208.0,,20695.0,17858.0,22252.6666666666,2018,중순,2018-04-11,사과-후지,4,11,False,False,False,True,False,False,False,False,False,False,False,False,False,True,False,사과(후지),14.036241610738232,0.3011923870671864,,,,,,,,
201804중순,411.0,사과,5.0,후지,상품,개,10.0,19208.0,,20695.0,17858.0,22252.6666666666,2018,중순,2018-04-11,사과-후지,4,11,False,False,False,True,False,False,False,False,False,False,False,False,False,True,False,사과(후지),14.036241610738232,0.3011923870671864,,,,,,,,
201804중순,411.0,사과,5.0,후지,상품,개,10.0,19208.0,,20695.0,17858.0,22252.6666666666,2018,중순,2018-04-11,사과-후지,4,11,False,False,False,True,False,False,False,False,False,False,False,False,False,True,False,사과(후지),14.036241610738232,0.3011923870671864,,,,,,,,
201804중순,411.0,사과,5.0,후지,상품,개,10.0,19208.0,,20695.0,17858.0,22252.6666666666,2018,중순,2018-04-11,사과-후지,4,11,False,False,False,True,False,False,False,False,False,False,False,False,False,True,False,사과(후지),14.036241610738232,0.3011923870671864,,,,,,,,
201804중순,411.0,사과,5.0,후지,상품,개,10.0,19208.0,,20695.0,17858.0,22252.6666666666,2018,중순,2018-04-11,사과-후지,4,11,False,False,False,True,False,False,False,False,False,False,False,False,False,True,False,사과(후지),14.036241610738232,0.3011923870671864,,,,,,,,
201804중순,411.0,사과,5.0,후지,상품,개,10.0,19208.0,,20695.0,17858.0,22252.6666666666,2018,중순,2018-04-11,사과-후지,4,11,False,False,False,True,False,False,False,False,False,False,False,False,False,True,False,사과(후지),14.036241610738232,0.3011923870671864,,,,,,,,
201804중순,411.0,사과,5.0,후지,상품,개,10.0,19208.0,,20695.0,17858.0,22252.6666666666,2018,중순,2018-04-11,사과-후지,4,11,False,False,False,True,False,False,False,False,False,False,False,False,False,True,False,사과(후지),14.036241610738232,0.3011923870671864,,,,,,,,
201804중순,411.0,사과,5.0,후지,상품,개,10.0,19208.0,,20695.0,17858.0,22252.6666666666,2018,중순,2018-04-11,사과-후지,4,11,False,False,False,True,False,False,False,False,False,False,False,False,False,True,False,사과(후지),14.036241610738232,0.3011923870671864,,,,,,,,
201804중순,411.0,사과,5.0,후지,상품,개,10.0,19208.0,,20695.0,17858.0,22252.6666666666,2018,중순,2018-04-11,사과-후지,4,11,False,False,False,True,False,False,False,False,False,False,False,False,False,True,False,사과(후지),14.036241610738232,0.3011923870671864,,,,,,,,
201804하순,411.0,사과,5.0,후지,상품,개,10.0,19154.0,,20794.0,18149.0,22566.0,2018,하순,2018-04-21,사과-후지,4,21,False,False,False,True,False,False,False,False,False,False,False,False,False,False,True,사과(후지),17.69664429530199,0.3196356855995409,,,,,,,,
201804하순,411.0,사과,5.0,후지,상품,개,10.0,19154.0,,20794.0,18149.0,22566.0,2018,하순,2018-04-21,사과-후지,4,21,False,False,False,True,False,False,False,False,False,False,False,False,False,False,True,사과(후지),17.69664429530199,0.3196356855995409,,,,,,,,
201804하순,411.0,사과,5.0,후지,상품,개,10.0,19154.0,,20794.0,18149.0,22566.0,2018,하순,2018-04-21,사과-후지,4,21,False,False,False,True,False,False,False,False,False,False,False,False,False,False,True,사과(후지),17.69664429530199,0.3196356855995409,,,,,,,,
201804하순,411.0,사과,5.0,후지,상품,개,10.0,19154.0,,20794.0,18149.0,22566.0,2018,하순,2018-04-21,사과-후지,4,21,False,False,False,True,False,False,False,False,False,False,False,False,False,False,True,사과(후지),17.69664429530199,0.3196356855995409,,,,,,,,
201804하순,411.0,사과,5.0,후지,상품,개,10.0,19154.0,,20794.0,18149.0,22566.0,2018,하순,2018-04-21,사과-후지,4,21,False,False,False,True,False,False,False,False,False,False,False,False,False,False,True,사과(후지),17.69664429530199,0.3196356855995409,,,,,,,,
201804하순,411.0,사과,5.0,후지,상품,개,10.0,19154.0,,20794.0,18149.0,22566.0,2018,하순,2018-04-21,사과-후지,4,21,False,False,False,True,False,False,False,False,False,False,False,False,False,False,True,사과(후지),17.69664429530199,0.3196356855995409,,,,,,,,
201804하순,411.0,사과,5.0,후지,상품,개,10.0,19154.0,,20794.0,18149.0,22566.0,2018,하순,2018-04-21,사과-후지,4,21,False,False,False,True,False,False,False,False,False,False,False,False,False,False,True,사과(후지),17.69664429530199,0.3196356855995409,,,,,,,,
201804하순,411.0,사과,5.0,후지,상품,개,10.0,19154.0,,20794.0,18149.0,22566.0,2018,하순,2018-04-21,사과-후지,4,21,False,False,False,True,False,False,False,False,False,False,False,False,False,False,True,사과(후지),17.69664429530199,0.3196356855995409,,,,,,,,
201804하순,411.0,사과,5.0,후지,상품,개,10.0,19154.0,,20794.0,18149.0,22566.0,2018,하순,2018-04-21,사과-후지,4,21,False,False,False,True,False,False,False,False,False,False,False,False,False,False,True,사과(후지),17.69664429530199,0.3196356855995409,,,,,,,,
201804하순,411.0,사과,5.0,후지,상품,개,10.0,19154.0,,20794.0,18149.0,22566.0,2018,하순,2018-04-21,사과-후지,4,21,False,False,False,True,False,False,False,False,False,False,False,False,False,False,True,사과(후지),17.69664429530199,0.3196356855995409,,,,,,,,
201804하순,411.0,사과,5.0,후지,상품,개,10.0,19154.0,,20794.0,18149.0,22566.0,2018,하순,2018-04-21,사과-후지,4,21,False,False,False,True,False,False,False,False,False,False,False,False,False,False,True,사과(후지),17.69664429530199,0.3196356855995409,,,,,,,,
201804하순,411.0,사과,5.0,후지,상품,개,10.0,19154.0,,20794.0,18149.0,22566.0,2018,하순,2018-04-21,사과-후지,4,21,False,False,False,True,False,False,False,False,False,False,False,False,False,False,True,사과(후지),17.69664429530199,0.3196356855995409,,,,,,,,
201804하순,411.0,사과,5.0,후지,상품,개,10.0,19154.0,,20794.0,18149.0,22566.0,2018,하순,2018-04-21,사과-후지,4,21,False,False,False,True,False,False,False,False,False,False,False,False,False,False,True,사과(후지),17.69664429530199,0.3196356855995409,,,,,,,,
201804하순,411.0,사과,5.0,후지,상품,개,10.0,19154.0,,20794.0,18149.0,22566.0,2018,하순,2018-04-21,사과-후지,4,21,False,False,False,True,False,False,False,False,False,False,False,False,False,False,True,사과(후지),17.69664429530199,0.3196356855995409,,,,,,,,
201804하순,411.0,사과,5.0,후지,상품,개,10.0,19154.0,,20794.0,18149.0,22566.0,2018,하순,2018-04-21,사과-후지,4,21,False,False,False,True,False,False,False,False,False,False,False,False,False,False,True,사과(후지),17.69664429530199,0.3196356855995409,,,,,,,,
201804하순,411.0,사과,5.0,후지,상품,개,10.0,19154.0,,20794.0,18149.0,22566.0,2018,하순,2018-04-21,사과-후지,4,21,False,False,False,True,False,False,False,False,False,False,False,False,False,False,True,사과(후지),17.69664429530199,0.3196356855995409,,,,,,,,
201804하순,411.0,사과,5.0,후지,상품,개,10.0,19154.0,,20794.0,18149.0,22566.0,2018,하순,2018-04-21,사과-후지,4,21,False,False,False,True,False,False,False,False,False,False,False,False,False,False,True,사과(후지),17.69664429530199,0.3196356855995409,,,,,,,,
201804하순,411.0,사과,5.0,후지,상품,개,10.0,19154.0,,20794.0,18149.0,22566.0,2018,하순,2018-04-21,사과-후지,4,21,False,False,False,True,False,False,False,False,False,False,False,False,False,False,True,사과(후지),17.69664429530199,0.3196356855995409,,,,,,,,
201804하순,411.0,사과,5.0,후지,상품,개,10.0,19154.0,,20794.0,18149.0,22566.0,2018,하순,2018-04-21,사과-후지,4,21,False,False,False,True,False,False,False,False,False,False,False,False,False,False,True,사과(후지),17.69664429530199,0.3196356855995409,,,,,,,,
201804하순,411.0,사과,5.0,후지,상품,개,10.0,19154.0,,20794.0,18149.0,22566.0,2018,하순,2018-04-21,사과-후지,4,21,False,False,False,True,False,False,False,False,False,False,False,False,False,False,True,사과(후지),17.69664429530199,0.3196356855995409,,,,,,,,
201804하순,411.0,사과,5.0,후지,상품,개,10.0,19154.0,,20794.0,18149.0,22566.0,2018,하순,2018-04-21,사과-후지,4,21,False,False,False,True,False,False,False,False,False,False,False,False,False,False,True,사과(후지),17.69664429530199,0.3196356855995409,,,,,,,,
201804하순,411.0,사과,5.0,후지,상품,개,10.0,19154.0,,20794.0,18149.0,22566.0,2018,하순,2018-04-21,사과-후지,4,21,False,False,False,True,False,False,False,False,False,False,False,False,False,False,True,사과(후지),17.69664429530199,0.3196356855995409,,,,,,,,
201804하순,411.0,사과,5.0,후지,상품,개,10.0,19154.0,,20794.0,18149.0,22566.0,2018,하순,2018-04-21,사과-후지,4,21,False,False,False,True,False,False,False,False,False,False,False,False,False,False,True,사과(후지),17.69664429530199,0.3196356855995409,,,,,,,,
201805상순,411.0,사과,5.0,후지,상품,개,10.0,19074.0,,19019.0,18386.0,22600.6666666666,2018,상순,2018-05-01,사과-후지,5,1,False,False,False,False,True,False,False,False,False,False,False,False,True,False,False,사과(후지),20.276510067114067,0.3390342052313883,,,,,,,,
201805상순,411.0,사과,5.0,후지,상품,개,10.0,19074.0,,19019.0,18386.0,22600.6666666666,2018,상순,2018-05-01,사과-후지,5,1,False,False,False,False,True,False,False,False,False,False,False,False,True,False,False,사과(후지),20.276510067114067,0.3390342052313883,,,,,,,,
201805상순,411.0,사과,5.0,후지,상품,개,10.0,19074.0,,19019.0,18386.0,22600.6666666666,2018,상순,2018-05-01,사과-후지,5,1,False,False,False,False,True,False,False,False,False,False,False,False,True,False,False,사과(후지),20.276510067114067,0.3390342052313883,,,,,,,,
201805상순,411.0,사과,5.0,후지,상품,개,10.0,19074.0,,19019.0,18386.0,22600.6666666666,2018,상순,2018-05-01,사과-후지,5,1,False,False,False,False,True,False,False,False,False,False,False,False,True,False,False,사과(후지),20.276510067114067,0.3390342052313883,,,,,,,,
201805상순,411.0,사과,5.0,후지,상품,개,10.0,19074.0,,19019.0,18386.0,22600.6666666666,2018,상순,2018-05-01,사과-후지,5,1,False,False,False,False,True,False,False,False,False,False,False,False,True,False,False,사과(후지),20.276510067114067,0.3390342052313883,,,,,,,,
201805상순,411.0,사과,5.0,후지,상품,개,10.0,19074.0,,19019.0,18386.0,22600.6666666666,2018,상순,2018-05-01,사과-후지,5,1,False,False,False,False,True,False,False,False,False,False,False,False,True,False,False,사과(후지),20.276510067114067,0.3390342052313883,,,,,,,,
201805상순,411.0,사과,5.0,후지,상품,개,10.0,19074.0,,19019.0,18386.0,22600.6666666666,2018,상순,2018-05-01,사과-후지,5,1,False,False,False,False,True,False,False,False,False,False,False,False,True,False,False,사과(후지),20.276510067114067,0.3390342052313883,,,,,,,,
201805상순,411.0,사과,5.0,후지,상품,개,10.0,19074.0,,19019.0,18386.0,22600.6666666666,2018,상순,2018-05-01,사과-후지,5,1,False,False,False,False,True,False,False,False,False,False,False,False,True,False,False,사과(후지),20.276510067114067,0.3390342052313883,,,,,,,,
201805상순,411.0,사과,5.0,후지,상품,개,10.0,19074.0,,19019.0,18386.0,22600.6666666666,2018,상순,2018-05-01,사과-후지,5,1,False,False,False,False,True,False,False,False,False,False,False,False,True,False,False,사과(후지),20.276510067114067,0.3390342052313883,,,,,,,,
201805상순,411.0,사과,5.0,후지,상품,개,10.0,19074.0,,19019.0,18386.0,22600.6666666666,2018,상순,2018-05-01,사과-후지,5,1,False,False,False,False,True,False,False,False,False,False,False,False,True,False,False,사과(후지),20.276510067114067,0.3390342052313883,,,,,,,,
201805상순,411.0,사과,5.0,후지,상품,개,10.0,19074.0,,19019.0,18386.0,22600.6666666666,2018,상순,2018-05-01,사과-후지,5,1,False,False,False,False,True,False,False,False,False,False,False,False,True,False,False,사과(후지),20.276510067114067,0.3390342052313883,,,,,,,,
201805상순,411.0,사과,5.0,후지,상품,개,10.0,19074.0,,19019.0,18386.0,22600.6666666666,2018,상순,2018-05-01,사과-후지,5,1,False,False,False,False,True,False,False,False,False,False,False,False,True,False,False,사과(후지),20.276510067114067,0.3390342052313883,,,,,,,,
201805상순,411.0,사과,5.0,후지,상품,개,10.0,19074.0,,19019.0,18386.0,22600.6666666666,2018,상순,2018-05-01,사과-후지,5,1,False,False,False,False,True,False,False,False,False,False,False,False,True,False,False,사과(후지),20.276510067114067,0.3390342052313883,,,,,,,,
201805상순,411.0,사과,5.0,후지,상품,개,10.0,19074.0,,19019.0,18386.0,22600.6666666666,2018,상순,2018-05-01,사과-후지,5,1,False,False,False,False,True,False,False,False,False,False,False,False,True,False,False,사과(후지),20.276510067114067,0.3390342052313883,,,,,,,,
201805상순,411.0,사과,5.0,후지,상품,개,10.0,19074.0,,19019.0,18386.0,22600.6666666666,2018,상순,2018-05-01,사과-후지,5,1,False,False,False,False,True,False,False,False,False,False,False,False,True,False,False,사과(후지),20.276510067114067,0.3390342052313883,,,,,,,,
201805상순,411.0,사과,5.0,후지,상품,개,10.0,19074.0,,19019.0,18386.0,22600.6666666666,2018,상순,2018-05-01,사과-후지,5,1,False,False,False,False,True,False,False,False,False,False,False,False,True,False,False,사과(후지),20.276510067114067,0.3390342052313883,,,,,,,,
201805상순,411.0,사과,5.0,후지,상품,개,10.0,19074.0,,19019.0,18386.0,22600.6666666666,2018,상순,2018-05-01,사과-후지,5,1,False,False,False,False,True,False,False,False,False,False,False,False,True,False,False,사과(후지),20.276510067114067,0.3390342052313883,,,,,,,,
201805상순,411.0,사과,5.0,후지,상품,개,10.0,19074.0,,19019.0,18386.0,22600.6666666666,2018,상순,2018-05-01,사과-후지,5,1,False,False,False,False,True,False,False,False,False,False,False,False,True,False,False,사과(후지),20.276510067114067,0.3390342052313883,,,,,,,,
201805상순,411.0,사과,5.0,후지,상품,개,10.0,19074.0,,19019.0,18386.0,22600.6666666666,2018,상순,2018-05-01,사과-후지,5,1,False,False,False,False,True,False,False,False,False,False,False,False,True,False,False,사과(후지),20.276510067114067,0.3390342052313883,,,,,,,,
201805상순,411.0,사과,5.0,후지,상품,개,10.0,19074.0,,19019.0,18386.0,22600.6666666666,2018,상순,2018-05-01,사과-후지,5,1,False,False,False,False,True,False,False,False,False,False,False,False,True,False,False,사과(후지),20.276510067114067,0.3390342052313883,,,,,,,,
201805상순,411.0,사과,5.0,후지,상품,개,10.0,19074.0,,19019.0,18386.0,22600.6666666666,2018,상순,2018-05-01,사과-후지,5,1,False,False,False,False,True,False,False,False,False,False,False,False,True,False,False,사과(후지),20.276510067114067,0.3390342052313883,,,,,,,,
201805상순,411.0,사과,5.0,후지,상품,개,10.0,19074.0,,19019.0,18386.0,22600.6666666666,2018,상순,2018-05-01,사과-후지,5,1,False,False,False,False,True,False,False,False,False,False,False,False,True,False,False,사과(후지),20.276510067114067,0.3390342052313883,,,,,,,,
201805상순,411.0,사과,5.0,후지,상품,개,10.0,19074.0,,19019.0,18386.0,22600.6666666666,2018,상순,2018-05-01,사과-후지,5,1,False,False,False,False,True,False,False,False,False,False,False,False,True,False,False,사과(후지),20.276510067114067,0.3390342052313883,,,,,,,,
201805상순,411.0,사과,5.0,후지,상품,개,10.0,19074.0,,19019.0,18386.0,22600.6666666666,2018,상순,2018-05-01,사과-후지,5,1,False,False,False,False,True,False,False,False,False,False,False,False,True,False,False,사과(후지),20.276510067114067,0.3390342052313883,,,,,,,,
201805상순,411.0,사과,5.0,후지,상품,개,10.0,19074.0,,19019.0,18386.0,22600.6666666666,2018,상순,2018-05-01,사과-후지,5,1,False,False,False,False,True,False,False,False,False,False,False,False,True,False,False,사과(후지),20.276510067114067,0.3390342052313883,,,,,,,,
201805중순,411.0,사과,5.0,후지,상품,개,10.0,18943.0,,19208.0,18525.0,22759.3333333333,2018,중순,2018-05-11,사과-후지,5,11,False,False,False,False,True,False,False,False,False,False,False,False,False,True,False,사과(후지),23.012080536912727,0.3661301140174379,,,,,,,,
201805중순,411.0,사과,5.0,후지,상품,개,10.0,18943.0,,19208.0,18525.0,22759.3333333333,2018,중순,2018-05-11,사과-후지,5,11,False,False,False,False,True,False,False,False,False,False,False,False,False,True,False,사과(후지),23.012080536912727,0.3661301140174379,,,,,,,,
201805중순,411.0,사과,5.0,후지,상품,개,10.0,18943.0,,19208.0,18525.0,22759.3333333333,2018,중순,2018-05-11,사과-후지,5,11,False,False,False,False,True,False,False,False,False,False,False,False,False,True,False,사과(후지),23.012080536912727,0.3661301140174379,,,,,,,,
201805중순,411.0,사과,5.0,후지,상품,개,10.0,18943.0,,19208.0,18525.0,22759.3333333333,2018,중순,2018-05-11,사과-후지,5,11,False,False,False,False,True,False,False,False,False,False,False,False,False,True,False,사과(후지),23.012080536912727,0.3661301140174379,,,,,,,,
201805중순,411.0,사과,5.0,후지,상품,개,10.0,18943.0,,19208.0,18525.0,22759.3333333333,2018,중순,2018-05-11,사과-후지,5,11,False,False,False,False,True,False,False,False,False,False,False,False,False,True,False,사과(후지),23.012080536912727,0.3661301140174379,,,,,,,,
201805중순,411.0,사과,5.0,후지,상품,개,10.0,18943.0,,19208.0,18525.0,22759.3333333333,2018,중순,2018-05-11,사과-후지,5,11,False,False,False,False,True,False,False,False,False,False,False,False,False,True,False,사과(후지),23.012080536912727,0.3661301140174379,,,,,,,,
201805중순,411.0,사과,5.0,후지,상품,개,10.0,18943.0,,19208.0,18525.0,22759.3333333333,2018,중순,2018-05-11,사과-후지,5,11,False,False,False,False,True,False,False,False,False,False,False,False,False,True,False,사과(후지),23.012080536912727,0.3661301140174379,,,,,,,,
201805중순,411.0,사과,5.0,후지,상품,개,10.0,18943.0,,19208.0,18525.0,22759.3333333333,2018,중순,2018-05-11,사과-후지,5,11,False,False,False,False,True,False,False,False,False,False,False,False,False,True,False,사과(후지),23.012080536912727,0.3661301140174379,,,,,,,,
201805중순,411.0,사과,5.0,후지,상품,개,10.0,18943.0,,19208.0,18525.0,22759.3333333333,2018,중순,2018-05-11,사과-후지,5,11,False,False,False,False,True,False,False,False,False,False,False,False,False,True,False,사과(후지),23.012080536912727,0.3661301140174379,,,,,,,,
201805중순,411.0,사과,5.0,후지,상품,개,10.0,18943.0,,19208.0,18525.0,22759.3333333333,2018,중순,2018-05-11,사과-후지,5,11,False,False,False,False,True,False,False,False,False,False,False,False,False,True,False,사과(후지),23.012080536912727,0.3661301140174379,,,,,,,,
201805중순,411.0,사과,5.0,후지,상품,개,10.0,18943.0,,19208.0,18525.0,22759.3333333333,2018,중순,2018-05-11,사과-후지,5,11,False,False,False,False,True,False,False,False,False,False,False,False,False,True,False,사과(후지),23.012080536912727,0.3661301140174379,,,,,,,,
201805중순,411.0,사과,5.0,후지,상품,개,10.0,18943.0,,19208.0,18525.0,22759.3333333333,2018,중순,2018-05-11,사과-후지,5,11,False,False,False,False,True,False,False,False,False,False,False,False,False,True,False,사과(후지),23.012080536912727,0.3661301140174379,,,,,,,,
201805중순,411.0,사과,5.0,후지,상품,개,10.0,18943.0,,19208.0,18525.0,22759.3333333333,2018,중순,2018-05-11,사과-후지,5,11,False,False,False,False,True,False,False,False,False,False,False,False,False,True,False,사과(후지),23.012080536912727,0.3661301140174379,,,,,,,,
201805중순,411.0,사과,5.0,후지,상품,개,10.0,18943.0,,19208.0,18525.0,22759.3333333333,2018,중순,2018-05-11,사과-후지,5,11,False,False,False,False,True,False,False,False,False,False,False,False,False,True,False,사과(후지),23.012080536912727,0.3661301140174379,,,,,,,,
201805중순,411.0,사과,5.0,후지,상품,개,10.0,18943.0,,19208.0,18525.0,22759.3333333333,2018,중순,2018-05-11,사과-후지,5,11,False,False,False,False,True,False,False,False,False,False,False,False,False,True,False,사과(후지),23.012080536912727,0.3661301140174379,,,,,,,,
201805중순,411.0,사과,5.0,후지,상품,개,10.0,18943.0,,19208.0,18525.0,22759.3333333333,2018,중순,2018-05-11,사과-후지,5,11,False,False,False,False,True,False,False,False,False,False,False,False,False,True,False,사과(후지),23.012080536912727,0.3661301140174379,,,,,,,,
201805중순,411.0,사과,5.0,후지,상품,개,10.0,18943.0,,19208.0,18525.0,22759.3333333333,2018,중순,2018-05-11,사과-후지,5,11,False,False,False,False,True,False,False,False,False,False,False,False,False,True,False,사과(후지),23.012080536912727,0.3661301140174379,,,,,,,,
201805중순,411.0,사과,5.0,후지,상품,개,10.0,18943.0,,19208.0,18525.0,22759.3333333333,2018,중순,2018-05-11,사과-후지,5,11,False,False,False,False,True,False,False,False,False,False,False,False,False,True,False,사과(후지),23.012080536912727,0.3661301140174379,,,,,,,,
201805중순,411.0,사과,5.0,후지,상품,개,10.0,18943.0,,19208.0,18525.0,22759.3333333333,2018,중순,2018-05-11,사과-후지,5,11,False,False,False,False,True,False,False,False,False,False,False,False,False,True,False,사과(후지),23.012080536912727,0.3661301140174379,,,,,,,,
201805중순,411.0,사과,5.0,후지,상품,개,10.0,18943.0,,19208.0,18525.0,22759.3333333333,2018,중순,2018-05-11,사과-후지,5,11,False,False,False,False,True,False,False,False,False,False,False,False,False,True,False,사과(후지),23.012080536912727,0.3661301140174379,,,,,,,,
201805중순,411.0,사과,5.0,후지,상품,개,10.0,18943.0,,19208.0,18525.0,22759.3333333333,2018,중순,2018-05-11,사과-후지,5,11,False,False,False,False,True,False,False,False,False,False,False,False,False,True,False,사과(후지),23.012080536912727,0.3661301140174379,,,,,,,,
201805중순,411.0,사과,5.0,후지,상품,개,10.0,18943.0,,19208.0,18525.0,22759.3333333333,2018,중순,2018-05-11,사과-후지,5,11,False,False,False,False,True,False,False,False,False,False,False,False,False,True,False,사과(후지),23.012080536912727,0.3661301140174379,,,,,,,,
201805중순,411.0,사과,5.0,후지,상품,개,10.0,18943.0,,19208.0,18525.0,22759.3333333333,2018,중순,2018-05-11,사과-후지,5,11,False,False,False,False,True,False,False,False,False,False,False,False,False,True,False,사과(후지),23.012080536912727,0.3661301140174379,,,,,,,,
201805중순,411.0,사과,5.0,후지,상품,개,10.0,18943.0,,19208.0,18525.0,22759.3333333333,2018,중순,2018-05-11,사과-후지,5,11,False,False,False,False,True,False,False,False,False,False,False,False,False,True,False,사과(후지),23.012080536912727,0.3661301140174379,,,,,,,,
201805중순,411.0,사과,5.0,후지,상품,개,10.0,18943.0,,19208.0,18525.0,22759.3333333333,2018,중순,2018-05-11,사과-후지,5,11,False,False,False,False,True,False,False,False,False,False,False,False,False,True,False,사과(후지),23.012080536912727,0.3661301140174379,,,,,,,,
201805중순,411.0,사과,5.0,후지,상품,개,10.0,18943.0,,19208.0,18525.0,22759.3333333333,2018,중순,2018-05-11,사과-후지,5,11,False,False,False,False,True,False,False,False,False,False,False,False,False,True,False,사과(후지),23.012080536912727,0.3661301140174379,,,,,,,,
201805중순,411.0,사과,5.0,후지,상품,개,10.0,18943.0,,19208.0,18525.0,22759.3333333333,2018,중순,2018-05-11,사과-후지,5,11,False,False,False,False,True,False,False,False,False,False,False,False,False,True,False,사과(후지),23.012080536912727,0.3661301140174379,,,,,,,,
201805하순,411.0,사과,5.0,후지,상품,개,10.0,18681.0,,19154.0,18316.0,23036.0,2018,하순,2018-05-21,사과-후지,5,21,False,False,False,False,True,False,False,False,False,False,False,False,False,False,True,사과(후지),22.985234899328837,0.3965817321080478,,,,,,,,
201805하순,411.0,사과,5.0,후지,상품,개,10.0,18681.0,,19154.0,18316.0,23036.0,2018,하순,2018-05-21,사과-후지,5,21,False,False,False,False,True,False,False,False,False,False,False,False,False,False,True,사과(후지),22.985234899328837,0.3965817321080478,,,,,,,,
201805하순,411.0,사과,5.0,후지,상품,개,10.0,18681.0,,19154.0,18316.0,23036.0,2018,하순,2018-05-21,사과-후지,5,21,False,False,False,False,True,False,False,False,False,False,False,False,False,False,True,사과(후지),22.985234899328837,0.3965817321080478,,,,,,,,
201805하순,411.0,사과,5.0,후지,상품,개,10.0,18681.0,,19154.0,18316.0,23036.0,2018,하순,2018-05-21,사과-후지,5,21,False,False,False,False,True,False,False,False,False,False,False,False,False,False,True,사과(후지),22.985234899328837,0.3965817321080478,,,,,,,,
201805하순,411.0,사과,5.0,후지,상품,개,10.0,18681.0,,19154.0,18316.0,23036.0,2018,하순,2018-05-21,사과-후지,5,21,False,False,False,False,True,False,False,False,False,False,False,False,False,False,True,사과(후지),22.985234899328837,0.3965817321080478,,,,,,,,
201805하순,411.0,사과,5.0,후지,상품,개,10.0,18681.0,,19154.0,18316.0,23036.0,2018,하순,2018-05-21,사과-후지,5,21,False,False,False,False,True,False,False,False,False,False,False,False,False,False,True,사과(후지),22.985234899328837,0.3965817321080478,,,,,,,,
201805하순,411.0,사과,5.0,후지,상품,개,10.0,18681.0,,19154.0,18316.0,23036.0,2018,하순,2018-05-21,사과-후지,5,21,False,False,False,False,True,False,False,False,False,False,False,False,False,False,True,사과(후지),22.985234899328837,0.3965817321080478,,,,,,,,
201805하순,411.0,사과,5.0,후지,상품,개,10.0,18681.0,,19154.0,18316.0,23036.0,2018,하순,2018-05-21,사과-후지,5,21,False,False,False,False,True,False,False,False,False,False,False,False,False,False,True,사과(후지),22.985234899328837,0.3965817321080478,,,,,,,,
201805하순,411.0,사과,5.0,후지,상품,개,10.0,18681.0,,19154.0,18316.0,23036.0,2018,하순,2018-05-21,사과-후지,5,21,False,False,False,False,True,False,False,False,False,False,False,False,False,False,True,사과(후지),22.985234899328837,0.3965817321080478,,,,,,,,
201805하순,411.0,사과,5.0,후지,상품,개,10.0,18681.0,,19154.0,18316.0,23036.0,2018,하순,2018-05-21,사과-후지,5,21,False,False,False,False,True,False,False,False,False,False,False,False,False,False,True,사과(후지),22.985234899328837,0.3965817321080478,,,,,,,,
201805하순,411.0,사과,5.0,후지,상품,개,10.0,18681.0,,19154.0,18316.0,23036.0,2018,하순,2018-05-21,사과-후지,5,21,False,False,False,False,True,False,False,False,False,False,False,False,False,False,True,사과(후지),22.985234899328837,0.3965817321080478,,,,,,,,
201805하순,411.0,사과,5.0,후지,상품,개,10.0,18681.0,,19154.0,18316.0,23036.0,2018,하순,2018-05-21,사과-후지,5,21,False,False,False,False,True,False,False,False,False,False,False,False,False,False,True,사과(후지),22.985234899328837,0.3965817321080478,,,,,,,,
201805하순,411.0,사과,5.0,후지,상품,개,10.0,18681.0,,19154.0,18316.0,23036.0,2018,하순,2018-05-21,사과-후지,5,21,False,False,False,False,True,False,False,False,False,False,False,False,False,False,True,사과(후지),22.985234899328837,0.3965817321080478,,,,,,,,
201805하순,411.0,사과,5.0,후지,상품,개,10.0,18681.0,,19154.0,18316.0,23036.0,2018,하순,2018-05-21,사과-후지,5,21,False,False,False,False,True,False,False,False,False,False,False,False,False,False,True,사과(후지),22.985234899328837,0.3965817321080478,,,,,,,,
201805하순,411.0,사과,5.0,후지,상품,개,10.0,18681.0,,19154.0,18316.0,23036.0,2018,하순,2018-05-21,사과-후지,5,21,False,False,False,False,True,False,False,False,False,False,False,False,False,False,True,사과(후지),22.985234899328837,0.3965817321080478,,,,,,,,
201805하순,411.0,사과,5.0,후지,상품,개,10.0,18681.0,,19154.0,18316.0,23036.0,2018,하순,2018-05-21,사과-후지,5,21,False,False,False,False,True,False,False,False,False,False,False,False,False,False,True,사과(후지),22.985234899328837,0.3965817321080478,,,,,,,,
201805하순,411.0,사과,5.0,후지,상품,개,10.0,18681.0,,19154.0,18316.0,23036.0,2018,하순,2018-05-21,사과-후지,5,21,False,False,False,False,True,False,False,False,False,False,False,False,False,False,True,사과(후지),22.985234899328837,0.3965817321080478,,,,,,,,
201805하순,411.0,사과,5.0,후지,상품,개,10.0,18681.0,,19154.0,18316.0,23036.0,2018,하순,2018-05-21,사과-후지,5,21,False,False,False,False,True,False,False,False,False,False,False,False,False,False,True,사과(후지),22.985234899328837,0.3965817321080478,,,,,,,,
201805하순,411.0,사과,5.0,후지,상품,개,10.0,18681.0,,19154.0,18316.0,23036.0,2018,하순,2018-05-21,사과-후지,5,21,False,False,False,False,True,False,False,False,False,False,False,False,False,False,True,사과(후지),22.985234899328837,0.3965817321080478,,,,,,,,
201805하순,411.0,사과,5.0,후지,상품,개,10.0,18681.0,,19154.0,18316.0,23036.0,2018,하순,2018-05-21,사과-후지,5,21,False,False,False,False,True,False,False,False,False,False,False,False,False,False,True,사과(후지),22.985234899328837,0.3965817321080478,,,,,,,,
201805하순,411.0,사과,5.0,후지,상품,개,10.0,18681.0,,19154.0,18316.0,23036.0,2018,하순,2018-05-21,사과-후지,5,21,False,False,False,False,True,False,False,False,False,False,False,False,False,False,True,사과(후지),22.985234899328837,0.3965817321080478,,,,,,,,
201805하순,411.0,사과,5.0,후지,상품,개,10.0,18681.0,,19154.0,18316.0,23036.0,2018,하순,2018-05-21,사과-후지,5,21,False,False,False,False,True,False,False,False,False,False,False,False,False,False,True,사과(후지),22.985234899328837,0.3965817321080478,,,,,,,,
201805하순,411.0,사과,5.0,후지,상품,개,10.0,18681.0,,19154.0,18316.0,23036.0,2018,하순,2018-05-21,사과-후지,5,21,False,False,False,False,True,False,False,False,False,False,False,False,False,False,True,사과(후지),22.985234899328837,0.3965817321080478,,,,,,,,
201805하순,411.0,사과,5.0,후지,상품,개,10.0,18681.0,,19154.0,18316.0,23036.0,2018,하순,2018-05-21,사과-후지,5,21,False,False,False,False,True,False,False,False,False,False,False,False,False,False,True,사과(후지),22.985234899328837,0.3965817321080478,,,,,,,,
201805하순,411.0,사과,5.0,후지,상품,개,10.0,18681.0,,19154.0,18316.0,23036.0,2018,하순,2018-05-21,사과-후지,5,21,False,False,False,False,True,False,False,False,False,False,False,False,False,False,True,사과(후지),22.985234899328837,0.3965817321080478,,,,,,,,
201806상순,411.0,사과,5.0,후지,상품,개,10.0,19018.0,,19074.0,19248.0,23094.0,2018,상순,2018-06-01,사과-후지,6,1,False,False,False,False,False,True,False,False,False,False,False,False,True,False,False,사과(후지),23.174496644295278,0.45911878264819433,,,,,,,,
201806상순,411.0,사과,5.0,후지,상품,개,10.0,19018.0,,19074.0,19248.0,23094.0,2018,상순,2018-06-01,사과-후지,6,1,False,False,False,False,False,True,False,False,False,False,False,False,True,False,False,사과(후지),23.174496644295278,0.45911878264819433,,,,,,,,
201806상순,411.0,사과,5.0,후지,상품,개,10.0,19018.0,,19074.0,19248.0,23094.0,2018,상순,2018-06-01,사과-후지,6,1,False,False,False,False,False,True,False,False,False,False,False,False,True,False,False,사과(후지),23.174496644295278,0.45911878264819433,,,,,,,,
201806상순,411.0,사과,5.0,후지,상품,개,10.0,19018.0,,19074.0,19248.0,23094.0,2018,상순,2018-06-01,사과-후지,6,1,False,False,False,False,False,True,False,False,False,False,False,False,True,False,False,사과(후지),23.174496644295278,0.45911878264819433,,,,,,,,
201806상순,411.0,사과,5.0,후지,상품,개,10.0,19018.0,,19074.0,19248.0,23094.0,2018,상순,2018-06-01,사과-후지,6,1,False,False,False,False,False,True,False,False,False,False,False,False,True,False,False,사과(후지),23.174496644295278,0.45911878264819433,,,,,,,,
201806상순,411.0,사과,5.0,후지,상품,개,10.0,19018.0,,19074.0,19248.0,23094.0,2018,상순,2018-06-01,사과-후지,6,1,False,False,False,False,False,True,False,False,False,False,False,False,True,False,False,사과(후지),23.174496644295278,0.45911878264819433,,,,,,,,
201806상순,411.0,사과,5.0,후지,상품,개,10.0,19018.0,,19074.0,19248.0,23094.0,2018,상순,2018-06-01,사과-후지,6,1,False,False,False,False,False,True,False,False,False,False,False,False,True,False,False,사과(후지),23.174496644295278,0.45911878264819433,,,,,,,,
201806상순,411.0,사과,5.0,후지,상품,개,10.0,19018.0,,19074.0,19248.0,23094.0,2018,상순,2018-06-01,사과-후지,6,1,False,False,False,False,False,True,False,False,False,False,False,False,True,False,False,사과(후지),23.174496644295278,0.45911878264819433,,,,,,,,
201806상순,411.0,사과,5.0,후지,상품,개,10.0,19018.0,,19074.0,19248.0,23094.0,2018,상순,2018-06-01,사과-후지,6,1,False,False,False,False,False,True,False,False,False,False,False,False,True,False,False,사과(후지),23.174496644295278,0.45911878264819433,,,,,,,,
201806상순,411.0,사과,5.0,후지,상품,개,10.0,19018.0,,19074.0,19248.0,23094.0,2018,상순,2018-06-01,사과-후지,6,1,False,False,False,False,False,True,False,False,False,False,False,False,True,False,False,사과(후지),23.174496644295278,0.45911878264819433,,,,,,,,
201806상순,411.0,사과,5.0,후지,상품,개,10.0,19018.0,,19074.0,19248.0,23094.0,2018,상순,2018-06-01,사과-후지,6,1,False,False,False,False,False,True,False,False,False,False,False,False,True,False,False,사과(후지),23.174496644295278,0.45911878264819433,,,,,,,,
201806상순,411.0,사과,5.0,후지,상품,개,10.0,19018.0,,19074.0,19248.0,23094.0,2018,상순,2018-06-01,사과-후지,6,1,False,False,False,False,False,True,False,False,False,False,False,False,True,False,False,사과(후지),23.174496644295278,0.45911878264819433,,,,,,,,
201806상순,411.0,사과,5.0,후지,상품,개,10.0,19018.0,,19074.0,19248.0,23094.0,2018,상순,2018-06-01,사과-후지,6,1,False,False,False,False,False,True,False,False,False,False,False,False,True,False,False,사과(후지),23.174496644295278,0.45911878264819433,,,,,,,,
201806상순,411.0,사과,5.0,후지,상품,개,10.0,19018.0,,19074.0,19248.0,23094.0,2018,상순,2018-06-01,사과-후지,6,1,False,False,False,False,False,True,False,False,False,False,False,False,True,False,False,사과(후지),23.174496644295278,0.45911878264819433,,,,,,,,
201806상순,411.0,사과,5.0,후지,상품,개,10.0,19018.0,,19074.0,19248.0,23094.0,2018,상순,2018-06-01,사과-후지,6,1,False,False,False,False,False,True,False,False,False,False,False,False,True,False,False,사과(후지),23.174496644295278,0.45911878264819433,,,,,,,,
201806상순,411.0,사과,5.0,후지,상품,개,10.0,19018.0,,19074.0,19248.0,23094.0,2018,상순,2018-06-01,사과-후지,6,1,False,False,False,False,False,True,False,False,False,False,False,False,True,False,False,사과(후지),23.174496644295278,0.45911878264819433,,,,,,,,
201806상순,411.0,사과,5.0,후지,상품,개,10.0,19018.0,,19074.0,19248.0,23094.0,2018,상순,2018-06-01,사과-후지,6,1,False,False,False,False,False,True,False,False,False,False,False,False,True,False,False,사과(후지),23.174496644295278,0.45911878264819433,,,,,,,,
201806상순,411.0,사과,5.0,후지,상품,개,10.0,19018.0,,19074.0,19248.0,23094.0,2018,상순,2018-06-01,사과-후지,6,1,False,False,False,False,False,True,False,False,False,False,False,False,True,False,False,사과(후지),23.174496644295278,0.45911878264819433,,,,,,,,
201806상순,411.0,사과,5.0,후지,상품,개,10.0,19018.0,,19074.0,19248.0,23094.0,2018,상순,2018-06-01,사과-후지,6,1,False,False,False,False,False,True,False,False,False,False,False,False,True,False,False,사과(후지),23.174496644295278,0.45911878264819433,,,,,,,,
201806상순,411.0,사과,5.0,후지,상품,개,10.0,19018.0,,19074.0,19248.0,23094.0,2018,상순,2018-06-01,사과-후지,6,1,False,False,False,False,False,True,False,False,False,False,False,False,True,False,False,사과(후지),23.174496644295278,0.45911878264819433,,,,,,,,
201806상순,411.0,사과,5.0,후지,상품,개,10.0,19018.0,,19074.0,19248.0,23094.0,2018,상순,2018-06-01,사과-후지,6,1,False,False,False,False,False,True,False,False,False,False,False,False,True,False,False,사과(후지),23.174496644295278,0.45911878264819433,,,,,,,,
201806상순,411.0,사과,5.0,후지,상품,개,10.0,19018.0,,19074.0,19248.0,23094.0,2018,상순,2018-06-01,사과-후지,6,1,False,False,False,False,False,True,False,False,False,False,False,False,True,False,False,사과(후지),23.174496644295278,0.45911878264819433,,,,,,,,
201806상순,411.0,사과,5.0,후지,상품,개,10.0,19018.0,,19074.0,19248.0,23094.0,2018,상순,2018-06-01,사과-후지,6,1,False,False,False,False,False,True,False,False,False,False,False,False,True,False,False,사과(후지),23.174496644295278,0.45911878264819433,,,,,,,,
201806중순,411.0,사과,5.0,후지,상품,개,10.0,19762.0,,18943.0,21029.0,23656.0,2018,중순,2018-06-11,사과-후지,6,11,False,False,False,False,False,True,False,False,False,False,False,False,False,True,False,사과(후지),23.558389261744946,0.5166626515699028,,,,,,,,
201806중순,411.0,사과,5.0,후지,상품,개,10.0,19762.0,,18943.0,21029.0,23656.0,2018,중순,2018-06-11,사과-후지,6,11,False,False,False,False,False,True,False,False,False,False,False,False,False,True,False,사과(후지),23.558389261744946,0.5166626515699028,,,,,,,,
201806중순,411.0,사과,5.0,후지,상품,개,10.0,19762.0,,18943.0,21029.0,23656.0,2018,중순,2018-06-11,사과-후지,6,11,False,False,False,False,False,True,False,False,False,False,False,False,False,True,False,사과(후지),23.558389261744946,0.5166626515699028,,,,,,,,
201806중순,411.0,사과,5.0,후지,상품,개,10.0,19762.0,,18943.0,21029.0,23656.0,2018,중순,2018-06-11,사과-후지,6,11,False,False,False,False,False,True,False,False,False,False,False,False,False,True,False,사과(후지),23.558389261744946,0.5166626515699028,,,,,,,,
201806중순,411.0,사과,5.0,후지,상품,개,10.0,19762.0,,18943.0,21029.0,23656.0,2018,중순,2018-06-11,사과-후지,6,11,False,False,False,False,False,True,False,False,False,False,False,False,False,True,False,사과(후지),23.558389261744946,0.5166626515699028,,,,,,,,
201806중순,411.0,사과,5.0,후지,상품,개,10.0,19762.0,,18943.0,21029.0,23656.0,2018,중순,2018-06-11,사과-후지,6,11,False,False,False,False,False,True,False,False,False,False,False,False,False,True,False,사과(후지),23.558389261744946,0.5166626515699028,,,,,,,,
201806중순,411.0,사과,5.0,후지,상품,개,10.0,19762.0,,18943.0,21029.0,23656.0,2018,중순,2018-06-11,사과-후지,6,11,False,False,False,False,False,True,False,False,False,False,False,False,False,True,False,사과(후지),23.558389261744946,0.5166626515699028,,,,,,,,
201806중순,411.0,사과,5.0,후지,상품,개,10.0,19762.0,,18943.0,21029.0,23656.0,2018,중순,2018-06-11,사과-후지,6,11,False,False,False,False,False,True,False,False,False,False,False,False,False,True,False,사과(후지),23.558389261744946,0.5166626515699028,,,,,,,,
201806중순,411.0,사과,5.0,후지,상품,개,10.0,19762.0,,18943.0,21029.0,23656.0,2018,중순,2018-06-11,사과-후지,6,11,False,False,False,False,False,True,False,False,False,False,False,False,False,True,False,사과(후지),23.558389261744946,0.5166626515699028,,,,,,,,
201806중순,411.0,사과,5.0,후지,상품,개,10.0,19762.0,,18943.0,21029.0,23656.0,2018,중순,2018-06-11,사과-후지,6,11,False,False,False,False,False,True,False,False,False,False,False,False,False,True,False,사과(후지),23.558389261744946,0.5166626515699028,,,,,,,,
201806중순,411.0,사과,5.0,후지,상품,개,10.0,19762.0,,18943.0,21029.0,23656.0,2018,중순,2018-06-11,사과-후지,6,11,False,False,False,False,False,True,False,False,False,False,False,False,False,True,False,사과(후지),23.558389261744946,0.5166626515699028,,,,,,,,
201806중순,411.0,사과,5.0,후지,상품,개,10.0,19762.0,,18943.0,21029.0,23656.0,2018,중순,2018-06-11,사과-후지,6,11,False,False,False,False,False,True,False,False,False,False,False,False,False,True,False,사과(후지),23.558389261744946,0.5166626515699028,,,,,,,,
201806중순,411.0,사과,5.0,후지,상품,개,10.0,19762.0,,18943.0,21029.0,23656.0,2018,중순,2018-06-11,사과-후지,6,11,False,False,False,False,False,True,False,False,False,False,False,False,False,True,False,사과(후지),23.558389261744946,0.5166626515699028,,,,,,,,
201806중순,411.0,사과,5.0,후지,상품,개,10.0,19762.0,,18943.0,21029.0,23656.0,2018,중순,2018-06-11,사과-후지,6,11,False,False,False,False,False,True,False,False,False,False,False,False,False,True,False,사과(후지),23.558389261744946,0.5166626515699028,,,,,,,,
201806중순,411.0,사과,5.0,후지,상품,개,10.0,19762.0,,18943.0,21029.0,23656.0,2018,중순,2018-06-11,사과-후지,6,11,False,False,False,False,False,True,False,False,False,False,False,False,False,True,False,사과(후지),23.558389261744946,0.5166626515699028,,,,,,,,
201806중순,411.0,사과,5.0,후지,상품,개,10.0,19762.0,,18943.0,21029.0,23656.0,2018,중순,2018-06-11,사과-후지,6,11,False,False,False,False,False,True,False,False,False,False,False,False,False,True,False,사과(후지),23.558389261744946,0.5166626515699028,,,,,,,,
201806중순,411.0,사과,5.0,후지,상품,개,10.0,19762.0,,18943.0,21029.0,23656.0,2018,중순,2018-06-11,사과-후지,6,11,False,False,False,False,False,True,False,False,False,False,False,False,False,True,False,사과(후지),23.558389261744946,0.5166626515699028,,,,,,,,
201806중순,411.0,사과,5.0,후지,상품,개,10.0,19762.0,,18943.0,21029.0,23656.0,2018,중순,2018-06-11,사과-후지,6,11,False,False,False,False,False,True,False,False,False,False,False,False,False,True,False,사과(후지),23.558389261744946,0.5166626515699028,,,,,,,,
201806중순,411.0,사과,5.0,후지,상품,개,10.0,19762.0,,18943.0,21029.0,23656.0,2018,중순,2018-06-11,사과-후지,6,11,False,False,False,False,False,True,False,False,False,False,False,False,False,True,False,사과(후지),23.558389261744946,0.5166626515699028,,,,,,,,
201806중순,411.0,사과,5.0,후지,상품,개,10.0,19762.0,,18943.0,21029.0,23656.0,2018,중순,2018-06-11,사과-후지,6,11,False,False,False,False,False,True,False,False,False,False,False,False,False,True,False,사과(후지),23.558389261744946,0.5166626515699028,,,,,,,,
201806중순,411.0,사과,5.0,후지,상품,개,10.0,19762.0,,18943.0,21029.0,23656.0,2018,중순,2018-06-11,사과-후지,6,11,False,False,False,False,False,True,False,False,False,False,False,False,False,True,False,사과(후지),23.558389261744946,0.5166626515699028,,,,,,,,
201806중순,411.0,사과,5.0,후지,상품,개,10.0,19762.0,,18943.0,21029.0,23656.0,2018,중순,2018-06-11,사과-후지,6,11,False,False,False,False,False,True,False,False,False,False,False,False,False,True,False,사과(후지),23.558389261744946,0.5166626515699028,,,,,,,,
201806중순,411.0,사과,5.0,후지,상품,개,10.0,19762.0,,18943.0,21029.0,23656.0,2018,중순,2018-06-11,사과-후지,6,11,False,False,False,False,False,True,False,False,False,False,False,False,False,True,False,사과(후지),23.558389261744946,0.5166626515699028,,,,,,,,
201806하순,411.0,사과,5.0,후지,상품,개,10.0,19393.0,,18681.0,22240.0,24442.6666666666,2018,하순,2018-06-21,사과-후지,6,21,False,False,False,False,False,True,False,False,False,False,False,False,False,False,True,사과(후지),36.81476510067111,0.5854011081667067,,,,,,,,
201806하순,411.0,사과,5.0,후지,상품,개,10.0,19393.0,,18681.0,22240.0,24442.6666666666,2018,하순,2018-06-21,사과-후지,6,21,False,False,False,False,False,True,False,False,False,False,False,False,False,False,True,사과(후지),36.81476510067111,0.5854011081667067,,,,,,,,
201806하순,411.0,사과,5.0,후지,상품,개,10.0,19393.0,,18681.0,22240.0,24442.6666666666,2018,하순,2018-06-21,사과-후지,6,21,False,False,False,False,False,True,False,False,False,False,False,False,False,False,True,사과(후지),36.81476510067111,0.5854011081667067,,,,,,,,
201806하순,411.0,사과,5.0,후지,상품,개,10.0,19393.0,,18681.0,22240.0,24442.6666666666,2018,하순,2018-06-21,사과-후지,6,21,False,False,False,False,False,True,False,False,False,False,False,False,False,False,True,사과(후지),36.81476510067111,0.5854011081667067,,,,,,,,
201806하순,411.0,사과,5.0,후지,상품,개,10.0,19393.0,,18681.0,22240.0,24442.6666666666,2018,하순,2018-06-21,사과-후지,6,21,False,False,False,False,False,True,False,False,False,False,False,False,False,False,True,사과(후지),36.81476510067111,0.5854011081667067,,,,,,,,
201806하순,411.0,사과,5.0,후지,상품,개,10.0,19393.0,,18681.0,22240.0,24442.6666666666,2018,하순,2018-06-21,사과-후지,6,21,False,False,False,False,False,True,False,False,False,False,False,False,False,False,True,사과(후지),36.81476510067111,0.5854011081667067,,,,,,,,
201806하순,411.0,사과,5.0,후지,상품,개,10.0,19393.0,,18681.0,22240.0,24442.6666666666,2018,하순,2018-06-21,사과-후지,6,21,False,False,False,False,False,True,False,False,False,False,False,False,False,False,True,사과(후지),36.81476510067111,0.5854011081667067,,,,,,,,
201806하순,411.0,사과,5.0,후지,상품,개,10.0,19393.0,,18681.0,22240.0,24442.6666666666,2018,하순,2018-06-21,사과-후지,6,21,False,False,False,False,False,True,False,False,False,False,False,False,False,False,True,사과(후지),36.81476510067111,0.5854011081667067,,,,,,,,
201806하순,411.0,사과,5.0,후지,상품,개,10.0,19393.0,,18681.0,22240.0,24442.6666666666,2018,하순,2018-06-21,사과-후지,6,21,False,False,False,False,False,True,False,False,False,False,False,False,False,False,True,사과(후지),36.81476510067111,0.5854011081667067,,,,,,,,
201806하순,411.0,사과,5.0,후지,상품,개,10.0,19393.0,,18681.0,22240.0,24442.6666666666,2018,하순,2018-06-21,사과-후지,6,21,False,False,False,False,False,True,False,False,False,False,False,False,False,False,True,사과(후지),36.81476510067111,0.5854011081667067,,,,,,,,
201806하순,411.0,사과,5.0,후지,상품,개,10.0,19393.0,,18681.0,22240.0,24442.6666666666,2018,하순,2018-06-21,사과-후지,6,21,False,False,False,False,False,True,False,False,False,False,False,False,False,False,True,사과(후지),36.81476510067111,0.5854011081667067,,,,,,,,
201806하순,411.0,사과,5.0,후지,상품,개,10.0,19393.0,,18681.0,22240.0,24442.6666666666,2018,하순,2018-06-21,사과-후지,6,21,False,False,False,False,False,True,False,False,False,False,False,False,False,False,True,사과(후지),36.81476510067111,0.5854011081667067,,,,,,,,
201806하순,411.0,사과,5.0,후지,상품,개,10.0,19393.0,,18681.0,22240.0,24442.6666666666,2018,하순,2018-06-21,사과-후지,6,21,False,False,False,False,False,True,False,False,False,False,False,False,False,False,True,사과(후지),36.81476510067111,0.5854011081667067,,,,,,,,
201806하순,411.0,사과,5.0,후지,상품,개,10.0,19393.0,,18681.0,22240.0,24442.6666666666,2018,하순,2018-06-21,사과-후지,6,21,False,False,False,False,False,True,False,False,False,False,False,False,False,False,True,사과(후지),36.81476510067111,0.5854011081667067,,,,,,,,
201806하순,411.0,사과,5.0,후지,상품,개,10.0,19393.0,,18681.0,22240.0,24442.6666666666,2018,하순,2018-06-21,사과-후지,6,21,False,False,False,False,False,True,False,False,False,False,False,False,False,False,True,사과(후지),36.81476510067111,0.5854011081667067,,,,,,,,
201806하순,411.0,사과,5.0,후지,상품,개,10.0,19393.0,,18681.0,22240.0,24442.6666666666,2018,하순,2018-06-21,사과-후지,6,21,False,False,False,False,False,True,False,False,False,False,False,False,False,False,True,사과(후지),36.81476510067111,0.5854011081667067,,,,,,,,
201806하순,411.0,사과,5.0,후지,상품,개,10.0,19393.0,,18681.0,22240.0,24442.6666666666,2018,하순,2018-06-21,사과-후지,6,21,False,False,False,False,False,True,False,False,False,False,False,False,False,False,True,사과(후지),36.81476510067111,0.5854011081667067,,,,,,,,
201806하순,411.0,사과,5.0,후지,상품,개,10.0,19393.0,,18681.0,22240.0,24442.6666666666,2018,하순,2018-06-21,사과-후지,6,21,False,False,False,False,False,True,False,False,False,False,False,False,False,False,True,사과(후지),36.81476510067111,0.5854011081667067,,,,,,,,
201806하순,411.0,사과,5.0,후지,상품,개,10.0,19393.0,,18681.0,22240.0,24442.6666666666,2018,하순,2018-06-21,사과-후지,6,21,False,False,False,False,False,True,False,False,False,False,False,False,False,False,True,사과(후지),36.81476510067111,0.5854011081667067,,,,,,,,
201806하순,411.0,사과,5.0,후지,상품,개,10.0,19393.0,,18681.0,22240.0,24442.6666666666,2018,하순,2018-06-21,사과-후지,6,21,False,False,False,False,False,True,False,False,False,False,False,False,False,False,True,사과(후지),36.81476510067111,0.5854011081667067,,,,,,,,
201806하순,411.0,사과,5.0,후지,상품,개,10.0,19393.0,,18681.0,22240.0,24442.6666666666,2018,하순,2018-06-21,사과-후지,6,21,False,False,False,False,False,True,False,False,False,False,False,False,False,False,True,사과(후지),36.81476510067111,0.5854011081667067,,,,,,,,
201806하순,411.0,사과,5.0,후지,상품,개,10.0,19393.0,,18681.0,22240.0,24442.6666666666,2018,하순,2018-06-21,사과-후지,6,21,False,False,False,False,False,True,False,False,False,False,False,False,False,False,True,사과(후지),36.81476510067111,0.5854011081667067,,,,,,,,
201806하순,411.0,사과,5.0,후지,상품,개,10.0,19393.0,,18681.0,22240.0,24442.6666666666,2018,하순,2018-06-21,사과-후지,6,21,False,False,False,False,False,True,False,False,False,False,False,False,False,False,True,사과(후지),36.81476510067111,0.5854011081667067,,,,,,,,
201807상순,411.0,사과,5.0,후지,상품,개,10.0,19508.0,,19018.0,22388.0,24864.6666666666,2018,상순,2018-07-01,사과-후지,7,1,False,False,False,False,False,False,True,False,False,False,False,False,True,False,False,사과(후지),45.178523489932864,0.6252692031586503,,,,,,,,
201807상순,411.0,사과,5.0,후지,상품,개,10.0,19508.0,,19018.0,22388.0,24864.6666666666,2018,상순,2018-07-01,사과-후지,7,1,False,False,False,False,False,False,True,False,False,False,False,False,True,False,False,사과(후지),45.178523489932864,0.6252692031586503,,,,,,,,
201807상순,411.0,사과,5.0,후지,상품,개,10.0,19508.0,,19018.0,22388.0,24864.6666666666,2018,상순,2018-07-01,사과-후지,7,1,False,False,False,False,False,False,True,False,False,False,False,False,True,False,False,사과(후지),45.178523489932864,0.6252692031586503,,,,,,,,
201807상순,411.0,사과,5.0,후지,상품,개,10.0,19508.0,,19018.0,22388.0,24864.6666666666,2018,상순,2018-07-01,사과-후지,7,1,False,False,False,False,False,False,True,False,False,False,False,False,True,False,False,사과(후지),45.178523489932864,0.6252692031586503,,,,,,,,
201807상순,411.0,사과,5.0,후지,상품,개,10.0,19508.0,,19018.0,22388.0,24864.6666666666,2018,상순,2018-07-01,사과-후지,7,1,False,False,False,False,False,False,True,False,False,False,False,False,True,False,False,사과(후지),45.178523489932864,0.6252692031586503,,,,,,,,
201807상순,411.0,사과,5.0,후지,상품,개,10.0,19508.0,,19018.0,22388.0,24864.6666666666,2018,상순,2018-07-01,사과-후지,7,1,False,False,False,False,False,False,True,False,False,False,False,False,True,False,False,사과(후지),45.178523489932864,0.6252692031586503,,,,,,,,
201807상순,411.0,사과,5.0,후지,상품,개,10.0,19508.0,,19018.0,22388.0,24864.6666666666,2018,상순,2018-07-01,사과-후지,7,1,False,False,False,False,False,False,True,False,False,False,False,False,True,False,False,사과(후지),45.178523489932864,0.6252692031586503,,,,,,,,
201807상순,411.0,사과,5.0,후지,상품,개,10.0,19508.0,,19018.0,22388.0,24864.6666666666,2018,상순,2018-07-01,사과-후지,7,1,False,False,False,False,False,False,True,False,False,False,False,False,True,False,False,사과(후지),45.178523489932864,0.6252692031586503,,,,,,,,
201807상순,411.0,사과,5.0,후지,상품,개,10.0,19508.0,,19018.0,22388.0,24864.6666666666,2018,상순,2018-07-01,사과-후지,7,1,False,False,False,False,False,False,True,False,False,False,False,False,True,False,False,사과(후지),45.178523489932864,0.6252692031586503,,,,,,,,
201807상순,411.0,사과,5.0,후지,상품,개,10.0,19508.0,,19018.0,22388.0,24864.6666666666,2018,상순,2018-07-01,사과-후지,7,1,False,False,False,False,False,False,True,False,False,False,False,False,True,False,False,사과(후지),45.178523489932864,0.6252692031586503,,,,,,,,
201807상순,411.0,사과,5.0,후지,상품,개,10.0,19508.0,,19018.0,22388.0,24864.6666666666,2018,상순,2018-07-01,사과-후지,7,1,False,False,False,False,False,False,True,False,False,False,False,False,True,False,False,사과(후지),45.178523489932864,0.6252692031586503,,,,,,,,
201807상순,411.0,사과,5.0,후지,상품,개,10.0,19508.0,,19018.0,22388.0,24864.6666666666,2018,상순,2018-07-01,사과-후지,7,1,False,False,False,False,False,False,True,False,False,False,False,False,True,False,False,사과(후지),45.178523489932864,0.6252692031586503,,,,,,,,
201807상순,411.0,사과,5.0,후지,상품,개,10.0,19508.0,,19018.0,22388.0,24864.6666666666,2018,상순,2018-07-01,사과-후지,7,1,False,False,False,False,False,False,True,False,False,False,False,False,True,False,False,사과(후지),45.178523489932864,0.6252692031586503,,,,,,,,
201807상순,411.0,사과,5.0,후지,상품,개,10.0,19508.0,,19018.0,22388.0,24864.6666666666,2018,상순,2018-07-01,사과-후지,7,1,False,False,False,False,False,False,True,False,False,False,False,False,True,False,False,사과(후지),45.178523489932864,0.6252692031586503,,,,,,,,
201807상순,411.0,사과,5.0,후지,상품,개,10.0,19508.0,,19018.0,22388.0,24864.6666666666,2018,상순,2018-07-01,사과-후지,7,1,False,False,False,False,False,False,True,False,False,False,False,False,True,False,False,사과(후지),45.178523489932864,0.6252692031586503,,,,,,,,
201807상순,411.0,사과,5.0,후지,상품,개,10.0,19508.0,,19018.0,22388.0,24864.6666666666,2018,상순,2018-07-01,사과-후지,7,1,False,False,False,False,False,False,True,False,False,False,False,False,True,False,False,사과(후지),45.178523489932864,0.6252692031586503,,,,,,,,
201807상순,411.0,사과,5.0,후지,상품,개,10.0,19508.0,,19018.0,22388.0,24864.6666666666,2018,상순,2018-07-01,사과-후지,7,1,False,False,False,False,False,False,True,False,False,False,False,False,True,False,False,사과(후지),45.178523489932864,0.6252692031586503,,,,,,,,
201807상순,411.0,사과,5.0,후지,상품,개,10.0,19508.0,,19018.0,22388.0,24864.6666666666,2018,상순,2018-07-01,사과-후지,7,1,False,False,False,False,False,False,True,False,False,False,False,False,True,False,False,사과(후지),45.178523489932864,0.6252692031586503,,,,,,,,
201807상순,411.0,사과,5.0,후지,상품,개,10.0,19508.0,,19018.0,22388.0,24864.6666666666,2018,상순,2018-07-01,사과-후지,7,1,False,False,False,False,False,False,True,False,False,False,False,False,True,False,False,사과(후지),45.178523489932864,0.6252692031586503,,,,,,,,
201807상순,411.0,사과,5.0,후지,상품,개,10.0,19508.0,,19018.0,22388.0,24864.6666666666,2018,상순,2018-07-01,사과-후지,7,1,False,False,False,False,False,False,True,False,False,False,False,False,True,False,False,사과(후지),45.178523489932864,0.6252692031586503,,,,,,,,
201807상순,411.0,사과,5.0,후지,상품,개,10.0,19508.0,,19018.0,22388.0,24864.6666666666,2018,상순,2018-07-01,사과-후지,7,1,False,False,False,False,False,False,True,False,False,False,False,False,True,False,False,사과(후지),45.178523489932864,0.6252692031586503,,,,,,,,
201807상순,411.0,사과,5.0,후지,상품,개,10.0,19508.0,,19018.0,22388.0,24864.6666666666,2018,상순,2018-07-01,사과-후지,7,1,False,False,False,False,False,False,True,False,False,False,False,False,True,False,False,사과(후지),45.178523489932864,0.6252692031586503,,,,,,,,
201807상순,411.0,사과,5.0,후지,상품,개,10.0,19508.0,,19018.0,22388.0,24864.6666666666,2018,상순,2018-07-01,사과-후지,7,1,False,False,False,False,False,False,True,False,False,False,False,False,True,False,False,사과(후지),45.178523489932864,0.6252692031586503,,,,,,,,
201807중순,411.0,사과,5.0,후지,상품,개,10.0,19496.0,,19762.0,22092.0,25152.6666666666,2018,중순,2018-07-11,사과-후지,7,11,False,False,False,False,False,False,True,False,False,False,False,False,False,True,False,사과(후지),41.5194630872483,0.6800569800569799,,,,,,,,
201807중순,411.0,사과,5.0,후지,상품,개,10.0,19496.0,,19762.0,22092.0,25152.6666666666,2018,중순,2018-07-11,사과-후지,7,11,False,False,False,False,False,False,True,False,False,False,False,False,False,True,False,사과(후지),41.5194630872483,0.6800569800569799,,,,,,,,
201807중순,411.0,사과,5.0,후지,상품,개,10.0,19496.0,,19762.0,22092.0,25152.6666666666,2018,중순,2018-07-11,사과-후지,7,11,False,False,False,False,False,False,True,False,False,False,False,False,False,True,False,사과(후지),41.5194630872483,0.6800569800569799,,,,,,,,
201807중순,411.0,사과,5.0,후지,상품,개,10.0,19496.0,,19762.0,22092.0,25152.6666666666,2018,중순,2018-07-11,사과-후지,7,11,False,False,False,False,False,False,True,False,False,False,False,False,False,True,False,사과(후지),41.5194630872483,0.6800569800569799,,,,,,,,
201807중순,411.0,사과,5.0,후지,상품,개,10.0,19496.0,,19762.0,22092.0,25152.6666666666,2018,중순,2018-07-11,사과-후지,7,11,False,False,False,False,False,False,True,False,False,False,False,False,False,True,False,사과(후지),41.5194630872483,0.6800569800569799,,,,,,,,
201807중순,411.0,사과,5.0,후지,상품,개,10.0,19496.0,,19762.0,22092.0,25152.6666666666,2018,중순,2018-07-11,사과-후지,7,11,False,False,False,False,False,False,True,False,False,False,False,False,False,True,False,사과(후지),41.5194630872483,0.6800569800569799,,,,,,,,
201807중순,411.0,사과,5.0,후지,상품,개,10.0,19496.0,,19762.0,22092.0,25152.6666666666,2018,중순,2018-07-11,사과-후지,7,11,False,False,False,False,False,False,True,False,False,False,False,False,False,True,False,사과(후지),41.5194630872483,0.6800569800569799,,,,,,,,
201807중순,411.0,사과,5.0,후지,상품,개,10.0,19496.0,,19762.0,22092.0,25152.6666666666,2018,중순,2018-07-11,사과-후지,7,11,False,False,False,False,False,False,True,False,False,False,False,False,False,True,False,사과(후지),41.5194630872483,0.6800569800569799,,,,,,,,
201807중순,411.0,사과,5.0,후지,상품,개,10.0,19496.0,,19762.0,22092.0,25152.6666666666,2018,중순,2018-07-11,사과-후지,7,11,False,False,False,False,False,False,True,False,False,False,False,False,False,True,False,사과(후지),41.5194630872483,0.6800569800569799,,,,,,,,
201807중순,411.0,사과,5.0,후지,상품,개,10.0,19496.0,,19762.0,22092.0,25152.6666666666,2018,중순,2018-07-11,사과-후지,7,11,False,False,False,False,False,False,True,False,False,False,False,False,False,True,False,사과(후지),41.5194630872483,0.6800569800569799,,,,,,,,
201807중순,411.0,사과,5.0,후지,상품,개,10.0,19496.0,,19762.0,22092.0,25152.6666666666,2018,중순,2018-07-11,사과-후지,7,11,False,False,False,False,False,False,True,False,False,False,False,False,False,True,False,사과(후지),41.5194630872483,0.6800569800569799,,,,,,,,
201807중순,411.0,사과,5.0,후지,상품,개,10.0,19496.0,,19762.0,22092.0,25152.6666666666,2018,중순,2018-07-11,사과-후지,7,11,False,False,False,False,False,False,True,False,False,False,False,False,False,True,False,사과(후지),41.5194630872483,0.6800569800569799,,,,,,,,
201807중순,411.0,사과,5.0,후지,상품,개,10.0,19496.0,,19762.0,22092.0,25152.6666666666,2018,중순,2018-07-11,사과-후지,7,11,False,False,False,False,False,False,True,False,False,False,False,False,False,True,False,사과(후지),41.5194630872483,0.6800569800569799,,,,,,,,
201807중순,411.0,사과,5.0,후지,상품,개,10.0,19496.0,,19762.0,22092.0,25152.6666666666,2018,중순,2018-07-11,사과-후지,7,11,False,False,False,False,False,False,True,False,False,False,False,False,False,True,False,사과(후지),41.5194630872483,0.6800569800569799,,,,,,,,
201807중순,411.0,사과,5.0,후지,상품,개,10.0,19496.0,,19762.0,22092.0,25152.6666666666,2018,중순,2018-07-11,사과-후지,7,11,False,False,False,False,False,False,True,False,False,False,False,False,False,True,False,사과(후지),41.5194630872483,0.6800569800569799,,,,,,,,
201807중순,411.0,사과,5.0,후지,상품,개,10.0,19496.0,,19762.0,22092.0,25152.6666666666,2018,중순,2018-07-11,사과-후지,7,11,False,False,False,False,False,False,True,False,False,False,False,False,False,True,False,사과(후지),41.5194630872483,0.6800569800569799,,,,,,,,
201807중순,411.0,사과,5.0,후지,상품,개,10.0,19496.0,,19762.0,22092.0,25152.6666666666,2018,중순,2018-07-11,사과-후지,7,11,False,False,False,False,False,False,True,False,False,False,False,False,False,True,False,사과(후지),41.5194630872483,0.6800569800569799,,,,,,,,
201807중순,411.0,사과,5.0,후지,상품,개,10.0,19496.0,,19762.0,22092.0,25152.6666666666,2018,중순,2018-07-11,사과-후지,7,11,False,False,False,False,False,False,True,False,False,False,False,False,False,True,False,사과(후지),41.5194630872483,0.6800569800569799,,,,,,,,
201807중순,411.0,사과,5.0,후지,상품,개,10.0,19496.0,,19762.0,22092.0,25152.6666666666,2018,중순,2018-07-11,사과-후지,7,11,False,False,False,False,False,False,True,False,False,False,False,False,False,True,False,사과(후지),41.5194630872483,0.6800569800569799,,,,,,,,
201807중순,411.0,사과,5.0,후지,상품,개,10.0,19496.0,,19762.0,22092.0,25152.6666666666,2018,중순,2018-07-11,사과-후지,7,11,False,False,False,False,False,False,True,False,False,False,False,False,False,True,False,사과(후지),41.5194630872483,0.6800569800569799,,,,,,,,
201807중순,411.0,사과,5.0,후지,상품,개,10.0,19496.0,,19762.0,22092.0,25152.6666666666,2018,중순,2018-07-11,사과-후지,7,11,False,False,False,False,False,False,True,False,False,False,False,False,False,True,False,사과(후지),41.5194630872483,0.6800569800569799,,,,,,,,
201807중순,411.0,사과,5.0,후지,상품,개,10.0,19496.0,,19762.0,22092.0,25152.6666666666,2018,중순,2018-07-11,사과-후지,7,11,False,False,False,False,False,False,True,False,False,False,False,False,False,True,False,사과(후지),41.5194630872483,0.6800569800569799,,,,,,,,
201807중순,411.0,사과,5.0,후지,상품,개,10.0,19496.0,,19762.0,22092.0,25152.6666666666,2018,중순,2018-07-11,사과-후지,7,11,False,False,False,False,False,False,True,False,False,False,False,False,False,True,False,사과(후지),41.5194630872483,0.6800569800569799,,,,,,,,
201807중순,411.0,사과,5.0,후지,상품,개,10.0,19496.0,,19762.0,22092.0,25152.6666666666,2018,중순,2018-07-11,사과-후지,7,11,False,False,False,False,False,False,True,False,False,False,False,False,False,True,False,사과(후지),41.5194630872483,0.6800569800569799,,,,,,,,
201807중순,411.0,사과,5.0,후지,상품,개,10.0,19496.0,,19762.0,22092.0,25152.6666666666,2018,중순,2018-07-11,사과-후지,7,11,False,False,False,False,False,False,True,False,False,False,False,False,False,True,False,사과(후지),41.5194630872483,0.6800569800569799,,,,,,,,
201807하순,411.0,사과,5.0,후지,상품,개,10.0,19680.0,,19393.0,22140.0,25347.0,2018,하순,2018-07-21,사과-후지,7,21,False,False,False,False,False,False,True,False,False,False,False,False,False,False,True,사과(후지),39.520805369127494,0.7149313962873284,,,,,,,,
201807하순,411.0,사과,5.0,후지,상품,개,10.0,19680.0,,19393.0,22140.0,25347.0,2018,하순,2018-07-21,사과-후지,7,21,False,False,False,False,False,False,True,False,False,False,False,False,False,False,True,사과(후지),39.520805369127494,0.7149313962873284,,,,,,,,
201807하순,411.0,사과,5.0,후지,상품,개,10.0,19680.0,,19393.0,22140.0,25347.0,2018,하순,2018-07-21,사과-후지,7,21,False,False,False,False,False,False,True,False,False,False,False,False,False,False,True,사과(후지),39.520805369127494,0.7149313962873284,,,,,,,,
201807하순,411.0,사과,5.0,후지,상품,개,10.0,19680.0,,19393.0,22140.0,25347.0,2018,하순,2018-07-21,사과-후지,7,21,False,False,False,False,False,False,True,False,False,False,False,False,False,False,True,사과(후지),39.520805369127494,0.7149313962873284,,,,,,,,
201807하순,411.0,사과,5.0,후지,상품,개,10.0,19680.0,,19393.0,22140.0,25347.0,2018,하순,2018-07-21,사과-후지,7,21,False,False,False,False,False,False,True,False,False,False,False,False,False,False,True,사과(후지),39.520805369127494,0.7149313962873284,,,,,,,,
201807하순,411.0,사과,5.0,후지,상품,개,10.0,19680.0,,19393.0,22140.0,25347.0,2018,하순,2018-07-21,사과-후지,7,21,False,False,False,False,False,False,True,False,False,False,False,False,False,False,True,사과(후지),39.520805369127494,0.7149313962873284,,,,,,,,
201807하순,411.0,사과,5.0,후지,상품,개,10.0,19680.0,,19393.0,22140.0,25347.0,2018,하순,2018-07-21,사과-후지,7,21,False,False,False,False,False,False,True,False,False,False,False,False,False,False,True,사과(후지),39.520805369127494,0.7149313962873284,,,,,,,,
201807하순,411.0,사과,5.0,후지,상품,개,10.0,19680.0,,19393.0,22140.0,25347.0,2018,하순,2018-07-21,사과-후지,7,21,False,False,False,False,False,False,True,False,False,False,False,False,False,False,True,사과(후지),39.520805369127494,0.7149313962873284,,,,,,,,
201807하순,411.0,사과,5.0,후지,상품,개,10.0,19680.0,,19393.0,22140.0,25347.0,2018,하순,2018-07-21,사과-후지,7,21,False,False,False,False,False,False,True,False,False,False,False,False,False,False,True,사과(후지),39.520805369127494,0.7149313962873284,,,,,,,,
201807하순,411.0,사과,5.0,후지,상품,개,10.0,19680.0,,19393.0,22140.0,25347.0,2018,하순,2018-07-21,사과-후지,7,21,False,False,False,False,False,False,True,False,False,False,False,False,False,False,True,사과(후지),39.520805369127494,0.7149313962873284,,,,,,,,
201807하순,411.0,사과,5.0,후지,상품,개,10.0,19680.0,,19393.0,22140.0,25347.0,2018,하순,2018-07-21,사과-후지,7,21,False,False,False,False,False,False,True,False,False,False,False,False,False,False,True,사과(후지),39.520805369127494,0.7149313962873284,,,,,,,,
201807하순,411.0,사과,5.0,후지,상품,개,10.0,19680.0,,19393.0,22140.0,25347.0,2018,하순,2018-07-21,사과-후지,7,21,False,False,False,False,False,False,True,False,False,False,False,False,False,False,True,사과(후지),39.520805369127494,0.7149313962873284,,,,,,,,
201807하순,411.0,사과,5.0,후지,상품,개,10.0,19680.0,,19393.0,22140.0,25347.0,2018,하순,2018-07-21,사과-후지,7,21,False,False,False,False,False,False,True,False,False,False,False,False,False,False,True,사과(후지),39.520805369127494,0.7149313962873284,,,,,,,,
201807하순,411.0,사과,5.0,후지,상품,개,10.0,19680.0,,19393.0,22140.0,25347.0,2018,하순,2018-07-21,사과-후지,7,21,False,False,False,False,False,False,True,False,False,False,False,False,False,False,True,사과(후지),39.520805369127494,0.7149313962873284,,,,,,,,
201807하순,411.0,사과,5.0,후지,상품,개,10.0,19680.0,,19393.0,22140.0,25347.0,2018,하순,2018-07-21,사과-후지,7,21,False,False,False,False,False,False,True,False,False,False,False,False,False,False,True,사과(후지),39.520805369127494,0.7149313962873284,,,,,,,,
201807하순,411.0,사과,5.0,후지,상품,개,10.0,19680.0,,19393.0,22140.0,25347.0,2018,하순,2018-07-21,사과-후지,7,21,False,False,False,False,False,False,True,False,False,False,False,False,False,False,True,사과(후지),39.520805369127494,0.7149313962873284,,,,,,,,
201807하순,411.0,사과,5.0,후지,상품,개,10.0,19680.0,,19393.0,22140.0,25347.0,2018,하순,2018-07-21,사과-후지,7,21,False,False,False,False,False,False,True,False,False,False,False,False,False,False,True,사과(후지),39.520805369127494,0.7149313962873284,,,,,,,,
201807하순,411.0,사과,5.0,후지,상품,개,10.0,19680.0,,19393.0,22140.0,25347.0,2018,하순,2018-07-21,사과-후지,7,21,False,False,False,False,False,False,True,False,False,False,False,False,False,False,True,사과(후지),39.520805369127494,0.7149313962873284,,,,,,,,
201807하순,411.0,사과,5.0,후지,상품,개,10.0,19680.0,,19393.0,22140.0,25347.0,2018,하순,2018-07-21,사과-후지,7,21,False,False,False,False,False,False,True,False,False,False,False,False,False,False,True,사과(후지),39.520805369127494,0.7149313962873284,,,,,,,,
201807하순,411.0,사과,5.0,후지,상품,개,10.0,19680.0,,19393.0,22140.0,25347.0,2018,하순,2018-07-21,사과-후지,7,21,False,False,False,False,False,False,True,False,False,False,False,False,False,False,True,사과(후지),39.520805369127494,0.7149313962873284,,,,,,,,
201807하순,411.0,사과,5.0,후지,상품,개,10.0,19680.0,,19393.0,22140.0,25347.0,2018,하순,2018-07-21,사과-후지,7,21,False,False,False,False,False,False,True,False,False,False,False,False,False,False,True,사과(후지),39.520805369127494,0.7149313962873284,,,,,,,,
201807하순,411.0,사과,5.0,후지,상품,개,10.0,19680.0,,19393.0,22140.0,25347.0,2018,하순,2018-07-21,사과-후지,7,21,False,False,False,False,False,False,True,False,False,False,False,False,False,False,True,사과(후지),39.520805369127494,0.7149313962873284,,,,,,,,
201807하순,411.0,사과,5.0,후지,상품,개,10.0,19680.0,,19393.0,22140.0,25347.0,2018,하순,2018-07-21,사과-후지,7,21,False,False,False,False,False,False,True,False,False,False,False,False,False,False,True,사과(후지),39.520805369127494,0.7149313962873284,,,,,,,,
201807하순,411.0,사과,5.0,후지,상품,개,10.0,19680.0,,19393.0,22140.0,25347.0,2018,하순,2018-07-21,사과-후지,7,21,False,False,False,False,False,False,True,False,False,False,False,False,False,False,True,사과(후지),39.520805369127494,0.7149313962873284,,,,,,,,
201807하순,411.0,사과,5.0,후지,상품,개,10.0,19680.0,,19393.0,22140.0,25347.0,2018,하순,2018-07-21,사과-후지,7,21,False,False,False,False,False,False,True,False,False,False,False,False,False,False,True,사과(후지),39.520805369127494,0.7149313962873284,,,,,,,,
201808상순,411.0,사과,5.0,후지,상품,개,10.0,20287.0,,19508.0,22395.0,25500.3333333333,2018,상순,2018-08-01,사과-후지,8,1,False,False,False,False,False,False,False,True,False,False,False,False,True,False,False,사과(후지),40.40671140939595,0.7491741197324954,,,,,,,,
201808상순,411.0,사과,5.0,후지,상품,개,10.0,20287.0,,19508.0,22395.0,25500.3333333333,2018,상순,2018-08-01,사과-후지,8,1,False,False,False,False,False,False,False,True,False,False,False,False,True,False,False,사과(후지),40.40671140939595,0.7491741197324954,,,,,,,,
201808상순,411.0,사과,5.0,후지,상품,개,10.0,20287.0,,19508.0,22395.0,25500.3333333333,2018,상순,2018-08-01,사과-후지,8,1,False,False,False,False,False,False,False,True,False,False,False,False,True,False,False,사과(후지),40.40671140939595,0.7491741197324954,,,,,,,,
201808상순,411.0,사과,5.0,후지,상품,개,10.0,20287.0,,19508.0,22395.0,25500.3333333333,2018,상순,2018-08-01,사과-후지,8,1,False,False,False,False,False,False,False,True,False,False,False,False,True,False,False,사과(후지),40.40671140939595,0.7491741197324954,,,,,,,,
201808상순,411.0,사과,5.0,후지,상품,개,10.0,20287.0,,19508.0,22395.0,25500.3333333333,2018,상순,2018-08-01,사과-후지,8,1,False,False,False,False,False,False,False,True,False,False,False,False,True,False,False,사과(후지),40.40671140939595,0.7491741197324954,,,,,,,,
201808상순,411.0,사과,5.0,후지,상품,개,10.0,20287.0,,19508.0,22395.0,25500.3333333333,2018,상순,2018-08-01,사과-후지,8,1,False,False,False,False,False,False,False,True,False,False,False,False,True,False,False,사과(후지),40.40671140939595,0.7491741197324954,,,,,,,,
201808상순,411.0,사과,5.0,후지,상품,개,10.0,20287.0,,19508.0,22395.0,25500.3333333333,2018,상순,2018-08-01,사과-후지,8,1,False,False,False,False,False,False,False,True,False,False,False,False,True,False,False,사과(후지),40.40671140939595,0.7491741197324954,,,,,,,,
201808상순,411.0,사과,5.0,후지,상품,개,10.0,20287.0,,19508.0,22395.0,25500.3333333333,2018,상순,2018-08-01,사과-후지,8,1,False,False,False,False,False,False,False,True,False,False,False,False,True,False,False,사과(후지),40.40671140939595,0.7491741197324954,,,,,,,,
201808상순,411.0,사과,5.0,후지,상품,개,10.0,20287.0,,19508.0,22395.0,25500.3333333333,2018,상순,2018-08-01,사과-후지,8,1,False,False,False,False,False,False,False,True,False,False,False,False,True,False,False,사과(후지),40.40671140939595,0.7491741197324954,,,,,,,,
201808상순,411.0,사과,5.0,후지,상품,개,10.0,20287.0,,19508.0,22395.0,25500.3333333333,2018,상순,2018-08-01,사과-후지,8,1,False,False,False,False,False,False,False,True,False,False,False,False,True,False,False,사과(후지),40.40671140939595,0.7491741197324954,,,,,,,,
201808상순,411.0,사과,5.0,후지,상품,개,10.0,20287.0,,19508.0,22395.0,25500.3333333333,2018,상순,2018-08-01,사과-후지,8,1,False,False,False,False,False,False,False,True,False,False,False,False,True,False,False,사과(후지),40.40671140939595,0.7491741197324954,,,,,,,,
201808상순,411.0,사과,5.0,후지,상품,개,10.0,20287.0,,19508.0,22395.0,25500.3333333333,2018,상순,2018-08-01,사과-후지,8,1,False,False,False,False,False,False,False,True,False,False,False,False,True,False,False,사과(후지),40.40671140939595,0.7491741197324954,,,,,,,,
201808상순,411.0,사과,5.0,후지,상품,개,10.0,20287.0,,19508.0,22395.0,25500.3333333333,2018,상순,2018-08-01,사과-후지,8,1,False,False,False,False,False,False,False,True,False,False,False,False,True,False,False,사과(후지),40.40671140939595,0.7491741197324954,,,,,,,,
201808상순,411.0,사과,5.0,후지,상품,개,10.0,20287.0,,19508.0,22395.0,25500.3333333333,2018,상순,2018-08-01,사과-후지,8,1,False,False,False,False,False,False,False,True,False,False,False,False,True,False,False,사과(후지),40.40671140939595,0.7491741197324954,,,,,,,,
201808상순,411.0,사과,5.0,후지,상품,개,10.0,20287.0,,19508.0,22395.0,25500.3333333333,2018,상순,2018-08-01,사과-후지,8,1,False,False,False,False,False,False,False,True,False,False,False,False,True,False,False,사과(후지),40.40671140939595,0.7491741197324954,,,,,,,,
201808상순,411.0,사과,5.0,후지,상품,개,10.0,20287.0,,19508.0,22395.0,25500.3333333333,2018,상순,2018-08-01,사과-후지,8,1,False,False,False,False,False,False,False,True,False,False,False,False,True,False,False,사과(후지),40.40671140939595,0.7491741197324954,,,,,,,,
201808상순,411.0,사과,5.0,후지,상품,개,10.0,20287.0,,19508.0,22395.0,25500.3333333333,2018,상순,2018-08-01,사과-후지,8,1,False,False,False,False,False,False,False,True,False,False,False,False,True,False,False,사과(후지),40.40671140939595,0.7491741197324954,,,,,,,,
201808상순,411.0,사과,5.0,후지,상품,개,10.0,20287.0,,19508.0,22395.0,25500.3333333333,2018,상순,2018-08-01,사과-후지,8,1,False,False,False,False,False,False,False,True,False,False,False,False,True,False,False,사과(후지),40.40671140939595,0.7491741197324954,,,,,,,,
201808상순,411.0,사과,5.0,후지,상품,개,10.0,20287.0,,19508.0,22395.0,25500.3333333333,2018,상순,2018-08-01,사과-후지,8,1,False,False,False,False,False,False,False,True,False,False,False,False,True,False,False,사과(후지),40.40671140939595,0.7491741197324954,,,,,,,,
201808상순,411.0,사과,5.0,후지,상품,개,10.0,20287.0,,19508.0,22395.0,25500.3333333333,2018,상순,2018-08-01,사과-후지,8,1,False,False,False,False,False,False,False,True,False,False,False,False,True,False,False,사과(후지),40.40671140939595,0.7491741197324954,,,,,,,,
201808상순,411.0,사과,5.0,후지,상품,개,10.0,20287.0,,19508.0,22395.0,25500.3333333333,2018,상순,2018-08-01,사과-후지,8,1,False,False,False,False,False,False,False,True,False,False,False,False,True,False,False,사과(후지),40.40671140939595,0.7491741197324954,,,,,,,,
201808상순,411.0,사과,5.0,후지,상품,개,10.0,20287.0,,19508.0,22395.0,25500.3333333333,2018,상순,2018-08-01,사과-후지,8,1,False,False,False,False,False,False,False,True,False,False,False,False,True,False,False,사과(후지),40.40671140939595,0.7491741197324954,,,,,,,,
201808상순,411.0,사과,5.0,후지,상품,개,10.0,20287.0,,19508.0,22395.0,25500.3333333333,2018,상순,2018-08-01,사과-후지,8,1,False,False,False,False,False,False,False,True,False,False,False,False,True,False,False,사과(후지),40.40671140939595,0.7491741197324954,,,,,,,,
201808상순,411.0,사과,5.0,후지,상품,개,10.0,20287.0,,19508.0,22395.0,25500.3333333333,2018,상순,2018-08-01,사과-후지,8,1,False,False,False,False,False,False,False,True,False,False,False,False,True,False,False,사과(후지),40.40671140939595,0.7491741197324954,,,,,,,,
201808상순,411.0,사과,5.0,후지,상품,개,10.0,20287.0,,19508.0,22395.0,25500.3333333333,2018,상순,2018-08-01,사과-후지,8,1,False,False,False,False,False,False,False,True,False,False,False,False,True,False,False,사과(후지),40.40671140939595,0.7491741197324954,,,,,,,,
201808중순,411.0,사과,5.0,후지,상품,개,10.0,20956.0,,19496.0,22688.0,25584.0,2018,중순,2018-08-11,사과-후지,8,11,False,False,False,False,False,False,False,True,False,False,False,False,False,True,False,사과(후지),39.13020134228186,0.7848828420256991,,,,,,,,
201808중순,411.0,사과,5.0,후지,상품,개,10.0,20956.0,,19496.0,22688.0,25584.0,2018,중순,2018-08-11,사과-후지,8,11,False,False,False,False,False,False,False,True,False,False,False,False,False,True,False,사과(후지),39.13020134228186,0.7848828420256991,,,,,,,,
201808중순,411.0,사과,5.0,후지,상품,개,10.0,20956.0,,19496.0,22688.0,25584.0,2018,중순,2018-08-11,사과-후지,8,11,False,False,False,False,False,False,False,True,False,False,False,False,False,True,False,사과(후지),39.13020134228186,0.7848828420256991,,,,,,,,
201808중순,411.0,사과,5.0,후지,상품,개,10.0,20956.0,,19496.0,22688.0,25584.0,2018,중순,2018-08-11,사과-후지,8,11,False,False,False,False,False,False,False,True,False,False,False,False,False,True,False,사과(후지),39.13020134228186,0.7848828420256991,,,,,,,,
201808중순,411.0,사과,5.0,후지,상품,개,10.0,20956.0,,19496.0,22688.0,25584.0,2018,중순,2018-08-11,사과-후지,8,11,False,False,False,False,False,False,False,True,False,False,False,False,False,True,False,사과(후지),39.13020134228186,0.7848828420256991,,,,,,,,
201808중순,411.0,사과,5.0,후지,상품,개,10.0,20956.0,,19496.0,22688.0,25584.0,2018,중순,2018-08-11,사과-후지,8,11,False,False,False,False,False,False,False,True,False,False,False,False,False,True,False,사과(후지),39.13020134228186,0.7848828420256991,,,,,,,,
201808중순,411.0,사과,5.0,후지,상품,개,10.0,20956.0,,19496.0,22688.0,25584.0,2018,중순,2018-08-11,사과-후지,8,11,False,False,False,False,False,False,False,True,False,False,False,False,False,True,False,사과(후지),39.13020134228186,0.7848828420256991,,,,,,,,
201808중순,411.0,사과,5.0,후지,상품,개,10.0,20956.0,,19496.0,22688.0,25584.0,2018,중순,2018-08-11,사과-후지,8,11,False,False,False,False,False,False,False,True,False,False,False,False,False,True,False,사과(후지),39.13020134228186,0.7848828420256991,,,,,,,,
201808중순,411.0,사과,5.0,후지,상품,개,10.0,20956.0,,19496.0,22688.0,25584.0,2018,중순,2018-08-11,사과-후지,8,11,False,False,False,False,False,False,False,True,False,False,False,False,False,True,False,사과(후지),39.13020134228186,0.7848828420256991,,,,,,,,
201808중순,411.0,사과,5.0,후지,상품,개,10.0,20956.0,,19496.0,22688.0,25584.0,2018,중순,2018-08-11,사과-후지,8,11,False,False,False,False,False,False,False,True,False,False,False,False,False,True,False,사과(후지),39.13020134228186,0.7848828420256991,,,,,,,,
201808중순,411.0,사과,5.0,후지,상품,개,10.0,20956.0,,19496.0,22688.0,25584.0,2018,중순,2018-08-11,사과-후지,8,11,False,False,False,False,False,False,False,True,False,False,False,False,False,True,False,사과(후지),39.13020134228186,0.7848828420256991,,,,,,,,
201808중순,411.0,사과,5.0,후지,상품,개,10.0,20956.0,,19496.0,22688.0,25584.0,2018,중순,2018-08-11,사과-후지,8,11,False,False,False,False,False,False,False,True,False,False,False,False,False,True,False,사과(후지),39.13020134228186,0.7848828420256991,,,,,,,,
201808중순,411.0,사과,5.0,후지,상품,개,10.0,20956.0,,19496.0,22688.0,25584.0,2018,중순,2018-08-11,사과-후지,8,11,False,False,False,False,False,False,False,True,False,False,False,False,False,True,False,사과(후지),39.13020134228186,0.7848828420256991,,,,,,,,
201808중순,411.0,사과,5.0,후지,상품,개,10.0,20956.0,,19496.0,22688.0,25584.0,2018,중순,2018-08-11,사과-후지,8,11,False,False,False,False,False,False,False,True,False,False,False,False,False,True,False,사과(후지),39.13020134228186,0.7848828420256991,,,,,,,,
201808중순,411.0,사과,5.0,후지,상품,개,10.0,20956.0,,19496.0,22688.0,25584.0,2018,중순,2018-08-11,사과-후지,8,11,False,False,False,False,False,False,False,True,False,False,False,False,False,True,False,사과(후지),39.13020134228186,0.7848828420256991,,,,,,,,
201808중순,411.0,사과,5.0,후지,상품,개,10.0,20956.0,,19496.0,22688.0,25584.0,2018,중순,2018-08-11,사과-후지,8,11,False,False,False,False,False,False,False,True,False,False,False,False,False,True,False,사과(후지),39.13020134228186,0.7848828420256991,,,,,,,,
201808중순,411.0,사과,5.0,후지,상품,개,10.0,20956.0,,19496.0,22688.0,25584.0,2018,중순,2018-08-11,사과-후지,8,11,False,False,False,False,False,False,False,True,False,False,False,False,False,True,False,사과(후지),39.13020134228186,0.7848828420256991,,,,,,,,
201808중순,411.0,사과,5.0,후지,상품,개,10.0,20956.0,,19496.0,22688.0,25584.0,2018,중순,2018-08-11,사과-후지,8,11,False,False,False,False,False,False,False,True,False,False,False,False,False,True,False,사과(후지),39.13020134228186,0.7848828420256991,,,,,,,,
201808중순,411.0,사과,5.0,후지,상품,개,10.0,20956.0,,19496.0,22688.0,25584.0,2018,중순,2018-08-11,사과-후지,8,11,False,False,False,False,False,False,False,True,False,False,False,False,False,True,False,사과(후지),39.13020134228186,0.7848828420256991,,,,,,,,
201808중순,411.0,사과,5.0,후지,상품,개,10.0,20956.0,,19496.0,22688.0,25584.0,2018,중순,2018-08-11,사과-후지,8,11,False,False,False,False,False,False,False,True,False,False,False,False,False,True,False,사과(후지),39.13020134228186,0.7848828420256991,,,,,,,,
201808중순,411.0,사과,5.0,후지,상품,개,10.0,20956.0,,19496.0,22688.0,25584.0,2018,중순,2018-08-11,사과-후지,8,11,False,False,False,False,False,False,False,True,False,False,False,False,False,True,False,사과(후지),39.13020134228186,0.7848828420256991,,,,,,,,
201808중순,411.0,사과,5.0,후지,상품,개,10.0,20956.0,,19496.0,22688.0,25584.0,2018,중순,2018-08-11,사과-후지,8,11,False,False,False,False,False,False,False,True,False,False,False,False,False,True,False,사과(후지),39.13020134228186,0.7848828420256991,,,,,,,,
201808중순,411.0,사과,5.0,후지,상품,개,10.0,20956.0,,19496.0,22688.0,25584.0,2018,중순,2018-08-11,사과-후지,8,11,False,False,False,False,False,False,False,True,False,False,False,False,False,True,False,사과(후지),39.13020134228186,0.7848828420256991,,,,,,,,
201808하순,411.0,사과,5.0,후지,상품,개,10.0,21807.0,,19680.0,22050.0,25163.6666666666,2018,하순,2018-08-21,사과-후지,8,21,False,False,False,False,False,False,False,True,False,False,False,False,False,False,True,사과(후지),87.3677852348993,0.8124876506619244,,,,,,,,
201808하순,411.0,사과,5.0,후지,상품,개,10.0,21807.0,,19680.0,22050.0,25163.6666666666,2018,하순,2018-08-21,사과-후지,8,21,False,False,False,False,False,False,False,True,False,False,False,False,False,False,True,사과(후지),87.3677852348993,0.8124876506619244,,,,,,,,
201808하순,411.0,사과,5.0,후지,상품,개,10.0,21807.0,,19680.0,22050.0,25163.6666666666,2018,하순,2018-08-21,사과-후지,8,21,False,False,False,False,False,False,False,True,False,False,False,False,False,False,True,사과(후지),87.3677852348993,0.8124876506619244,,,,,,,,
201808하순,411.0,사과,5.0,후지,상품,개,10.0,21807.0,,19680.0,22050.0,25163.6666666666,2018,하순,2018-08-21,사과-후지,8,21,False,False,False,False,False,False,False,True,False,False,False,False,False,False,True,사과(후지),87.3677852348993,0.8124876506619244,,,,,,,,
201808하순,411.0,사과,5.0,후지,상품,개,10.0,21807.0,,19680.0,22050.0,25163.6666666666,2018,하순,2018-08-21,사과-후지,8,21,False,False,False,False,False,False,False,True,False,False,False,False,False,False,True,사과(후지),87.3677852348993,0.8124876506619244,,,,,,,,
201808하순,411.0,사과,5.0,후지,상품,개,10.0,21807.0,,19680.0,22050.0,25163.6666666666,2018,하순,2018-08-21,사과-후지,8,21,False,False,False,False,False,False,False,True,False,False,False,False,False,False,True,사과(후지),87.3677852348993,0.8124876506619244,,,,,,,,
201808하순,411.0,사과,5.0,후지,상품,개,10.0,21807.0,,19680.0,22050.0,25163.6666666666,2018,하순,2018-08-21,사과-후지,8,21,False,False,False,False,False,False,False,True,False,False,False,False,False,False,True,사과(후지),87.3677852348993,0.8124876506619244,,,,,,,,
201808하순,411.0,사과,5.0,후지,상품,개,10.0,21807.0,,19680.0,22050.0,25163.6666666666,2018,하순,2018-08-21,사과-후지,8,21,False,False,False,False,False,False,False,True,False,False,False,False,False,False,True,사과(후지),87.3677852348993,0.8124876506619244,,,,,,,,
201808하순,411.0,사과,5.0,후지,상품,개,10.0,21807.0,,19680.0,22050.0,25163.6666666666,2018,하순,2018-08-21,사과-후지,8,21,False,False,False,False,False,False,False,True,False,False,False,False,False,False,True,사과(후지),87.3677852348993,0.8124876506619244,,,,,,,,
201808하순,411.0,사과,5.0,후지,상품,개,10.0,21807.0,,19680.0,22050.0,25163.6666666666,2018,하순,2018-08-21,사과-후지,8,21,False,False,False,False,False,False,False,True,False,False,False,False,False,False,True,사과(후지),87.3677852348993,0.8124876506619244,,,,,,,,
201808하순,411.0,사과,5.0,후지,상품,개,10.0,21807.0,,19680.0,22050.0,25163.6666666666,2018,하순,2018-08-21,사과-후지,8,21,False,False,False,False,False,False,False,True,False,False,False,False,False,False,True,사과(후지),87.3677852348993,0.8124876506619244,,,,,,,,
201808하순,411.0,사과,5.0,후지,상품,개,10.0,21807.0,,19680.0,22050.0,25163.6666666666,2018,하순,2018-08-21,사과-후지,8,21,False,False,False,False,False,False,False,True,False,False,False,False,False,False,True,사과(후지),87.3677852348993,0.8124876506619244,,,,,,,,
201808하순,411.0,사과,5.0,후지,상품,개,10.0,21807.0,,19680.0,22050.0,25163.6666666666,2018,하순,2018-08-21,사과-후지,8,21,False,False,False,False,False,False,False,True,False,False,False,False,False,False,True,사과(후지),87.3677852348993,0.8124876506619244,,,,,,,,
201808하순,411.0,사과,5.0,후지,상품,개,10.0,21807.0,,19680.0,22050.0,25163.6666666666,2018,하순,2018-08-21,사과-후지,8,21,False,False,False,False,False,False,False,True,False,False,False,False,False,False,True,사과(후지),87.3677852348993,0.8124876506619244,,,,,,,,
201808하순,411.0,사과,5.0,후지,상품,개,10.0,21807.0,,19680.0,22050.0,25163.6666666666,2018,하순,2018-08-21,사과-후지,8,21,False,False,False,False,False,False,False,True,False,False,False,False,False,False,True,사과(후지),87.3677852348993,0.8124876506619244,,,,,,,,
201808하순,411.0,사과,5.0,후지,상품,개,10.0,21807.0,,19680.0,22050.0,25163.6666666666,2018,하순,2018-08-21,사과-후지,8,21,False,False,False,False,False,False,False,True,False,False,False,False,False,False,True,사과(후지),87.3677852348993,0.8124876506619244,,,,,,,,
201808하순,411.0,사과,5.0,후지,상품,개,10.0,21807.0,,19680.0,22050.0,25163.6666666666,2018,하순,2018-08-21,사과-후지,8,21,False,False,False,False,False,False,False,True,False,False,False,False,False,False,True,사과(후지),87.3677852348993,0.8124876506619244,,,,,,,,
201808하순,411.0,사과,5.0,후지,상품,개,10.0,21807.0,,19680.0,22050.0,25163.6666666666,2018,하순,2018-08-21,사과-후지,8,21,False,False,False,False,False,False,False,True,False,False,False,False,False,False,True,사과(후지),87.3677852348993,0.8124876506619244,,,,,,,,
201808하순,411.0,사과,5.0,후지,상품,개,10.0,21807.0,,19680.0,22050.0,25163.6666666666,2018,하순,2018-08-21,사과-후지,8,21,False,False,False,False,False,False,False,True,False,False,False,False,False,False,True,사과(후지),87.3677852348993,0.8124876506619244,,,,,,,,
201808하순,411.0,사과,5.0,후지,상품,개,10.0,21807.0,,19680.0,22050.0,25163.6666666666,2018,하순,2018-08-21,사과-후지,8,21,False,False,False,False,False,False,False,True,False,False,False,False,False,False,True,사과(후지),87.3677852348993,0.8124876506619244,,,,,,,,
201808하순,411.0,사과,5.0,후지,상품,개,10.0,21807.0,,19680.0,22050.0,25163.6666666666,2018,하순,2018-08-21,사과-후지,8,21,False,False,False,False,False,False,False,True,False,False,False,False,False,False,True,사과(후지),87.3677852348993,0.8124876506619244,,,,,,,,
201808하순,411.0,사과,5.0,후지,상품,개,10.0,21807.0,,19680.0,22050.0,25163.6666666666,2018,하순,2018-08-21,사과-후지,8,21,False,False,False,False,False,False,False,True,False,False,False,False,False,False,True,사과(후지),87.3677852348993,0.8124876506619244,,,,,,,,
201808하순,411.0,사과,5.0,후지,상품,개,10.0,21807.0,,19680.0,22050.0,25163.6666666666,2018,하순,2018-08-21,사과-후지,8,21,False,False,False,False,False,False,False,True,False,False,False,False,False,False,True,사과(후지),87.3677852348993,0.8124876506619244,,,,,,,,
201808하순,411.0,사과,5.0,후지,상품,개,10.0,21807.0,,19680.0,22050.0,25163.6666666666,2018,하순,2018-08-21,사과-후지,8,21,False,False,False,False,False,False,False,True,False,False,False,False,False,False,True,사과(후지),87.3677852348993,0.8124876506619244,,,,,,,,
201808하순,411.0,사과,5.0,후지,상품,개,10.0,21807.0,,19680.0,22050.0,25163.6666666666,2018,하순,2018-08-21,사과-후지,8,21,False,False,False,False,False,False,False,True,False,False,False,False,False,False,True,사과(후지),87.3677852348993,0.8124876506619244,,,,,,,,
201808하순,411.0,사과,5.0,후지,상품,개,10.0,21807.0,,19680.0,22050.0,25163.6666666666,2018,하순,2018-08-21,사과-후지,8,21,False,False,False,False,False,False,False,True,False,False,False,False,False,False,True,사과(후지),87.3677852348993,0.8124876506619244,,,,,,,,
201808하순,411.0,사과,5.0,후지,상품,개,10.0,21807.0,,19680.0,22050.0,25163.6666666666,2018,하순,2018-08-21,사과-후지,8,21,False,False,False,False,False,False,False,True,False,False,False,False,False,False,True,사과(후지),87.3677852348993,0.8124876506619244,,,,,,,,
201808하순,411.0,사과,5.0,후지,상품,개,10.0,21807.0,,19680.0,22050.0,25163.6666666666,2018,하순,2018-08-21,사과-후지,8,21,False,False,False,False,False,False,False,True,False,False,False,False,False,False,True,사과(후지),87.3677852348993,0.8124876506619244,,,,,,,,
201808하순,411.0,사과,5.0,후지,상품,개,10.0,21807.0,,19680.0,22050.0,25163.6666666666,2018,하순,2018-08-21,사과-후지,8,21,False,False,False,False,False,False,False,True,False,False,False,False,False,False,True,사과(후지),87.3677852348993,0.8124876506619244,,,,,,,,
201808하순,411.0,사과,5.0,후지,상품,개,10.0,21807.0,,19680.0,22050.0,25163.6666666666,2018,하순,2018-08-21,사과-후지,8,21,False,False,False,False,False,False,False,True,False,False,False,False,False,False,True,사과(후지),87.3677852348993,0.8124876506619244,,,,,,,,
201808하순,411.0,사과,5.0,후지,상품,개,10.0,21807.0,,19680.0,22050.0,25163.6666666666,2018,하순,2018-08-21,사과-후지,8,21,False,False,False,False,False,False,False,True,False,False,False,False,False,False,True,사과(후지),87.3677852348993,0.8124876506619244,,,,,,,,
201809상순,411.0,사과,5.0,후지,상품,개,10.0,21299.0,,20287.0,,12581.8333333333,2018,상순,2018-09-01,사과-후지,9,1,False,False,False,False,False,False,False,False,True,False,False,False,True,False,False,사과(후지),87.42416107382547,0.8224480399894765,,,,,,,,
201809상순,411.0,사과,5.0,후지,상품,개,10.0,21299.0,,20287.0,,12581.8333333333,2018,상순,2018-09-01,사과-후지,9,1,False,False,False,False,False,False,False,False,True,False,False,False,True,False,False,사과(후지),87.42416107382547,0.8224480399894765,,,,,,,,
201809상순,411.0,사과,5.0,후지,상품,개,10.0,21299.0,,20287.0,,12581.8333333333,2018,상순,2018-09-01,사과-후지,9,1,False,False,False,False,False,False,False,False,True,False,False,False,True,False,False,사과(후지),87.42416107382547,0.8224480399894765,,,,,,,,
201809상순,411.0,사과,5.0,후지,상품,개,10.0,21299.0,,20287.0,,12581.8333333333,2018,상순,2018-09-01,사과-후지,9,1,False,False,False,False,False,False,False,False,True,False,False,False,True,False,False,사과(후지),87.42416107382547,0.8224480399894765,,,,,,,,
201809상순,411.0,사과,5.0,후지,상품,개,10.0,21299.0,,20287.0,,12581.8333333333,2018,상순,2018-09-01,사과-후지,9,1,False,False,False,False,False,False,False,False,True,False,False,False,True,False,False,사과(후지),87.42416107382547,0.8224480399894765,,,,,,,,
201809상순,411.0,사과,5.0,후지,상품,개,10.0,21299.0,,20287.0,,12581.8333333333,2018,상순,2018-09-01,사과-후지,9,1,False,False,False,False,False,False,False,False,True,False,False,False,True,False,False,사과(후지),87.42416107382547,0.8224480399894765,,,,,,,,
201809상순,411.0,사과,5.0,후지,상품,개,10.0,21299.0,,20287.0,,12581.8333333333,2018,상순,2018-09-01,사과-후지,9,1,False,False,False,False,False,False,False,False,True,False,False,False,True,False,False,사과(후지),87.42416107382547,0.8224480399894765,,,,,,,,
201809상순,411.0,사과,5.0,후지,상품,개,10.0,21299.0,,20287.0,,12581.8333333333,2018,상순,2018-09-01,사과-후지,9,1,False,False,False,False,False,False,False,False,True,False,False,False,True,False,False,사과(후지),87.42416107382547,0.8224480399894765,,,,,,,,
201809상순,411.0,사과,5.0,후지,상품,개,10.0,21299.0,,20287.0,,12581.8333333333,2018,상순,2018-09-01,사과-후지,9,1,False,False,False,False,False,False,False,False,True,False,False,False,True,False,False,사과(후지),87.42416107382547,0.8224480399894765,,,,,,,,
201809상순,411.0,사과,5.0,후지,상품,개,10.0,21299.0,,20287.0,,12581.8333333333,2018,상순,2018-09-01,사과-후지,9,1,False,False,False,False,False,False,False,False,True,False,False,False,True,False,False,사과(후지),87.42416107382547,0.8224480399894765,,,,,,,,
201809상순,411.0,사과,5.0,후지,상품,개,10.0,21299.0,,20287.0,,12581.8333333333,2018,상순,2018-09-01,사과-후지,9,1,False,False,False,False,False,False,False,False,True,False,False,False,True,False,False,사과(후지),87.42416107382547,0.8224480399894765,,,,,,,,
201809상순,411.0,사과,5.0,후지,상품,개,10.0,21299.0,,20287.0,,12581.8333333333,2018,상순,2018-09-01,사과-후지,9,1,False,False,False,False,False,False,False,False,True,False,False,False,True,False,False,사과(후지),87.42416107382547,0.8224480399894765,,,,,,,,
201809상순,411.0,사과,5.0,후지,상품,개,10.0,21299.0,,20287.0,,12581.8333333333,2018,상순,2018-09-01,사과-후지,9,1,False,False,False,False,False,False,False,False,True,False,False,False,True,False,False,사과(후지),87.42416107382547,0.8224480399894765,,,,,,,,
201809상순,411.0,사과,5.0,후지,상품,개,10.0,21299.0,,20287.0,,12581.8333333333,2018,상순,2018-09-01,사과-후지,9,1,False,False,False,False,False,False,False,False,True,False,False,False,True,False,False,사과(후지),87.42416107382547,0.8224480399894765,,,,,,,,
201809상순,411.0,사과,5.0,후지,상품,개,10.0,21299.0,,20287.0,,12581.8333333333,2018,상순,2018-09-01,사과-후지,9,1,False,False,False,False,False,False,False,False,True,False,False,False,True,False,False,사과(후지),87.42416107382547,0.8224480399894765,,,,,,,,
201809상순,411.0,사과,5.0,후지,상품,개,10.0,21299.0,,20287.0,,12581.8333333333,2018,상순,2018-09-01,사과-후지,9,1,False,False,False,False,False,False,False,False,True,False,False,False,True,False,False,사과(후지),87.42416107382547,0.8224480399894765,,,,,,,,
201809상순,411.0,사과,5.0,후지,상품,개,10.0,21299.0,,20287.0,,12581.8333333333,2018,상순,2018-09-01,사과-후지,9,1,False,False,False,False,False,False,False,False,True,False,False,False,True,False,False,사과(후지),87.42416107382547,0.8224480399894765,,,,,,,,
201809상순,411.0,사과,5.0,후지,상품,개,10.0,21299.0,,20287.0,,12581.8333333333,2018,상순,2018-09-01,사과-후지,9,1,False,False,False,False,False,False,False,False,True,False,False,False,True,False,False,사과(후지),87.42416107382547,0.8224480399894765,,,,,,,,
201809상순,411.0,사과,5.0,후지,상품,개,10.0,21299.0,,20287.0,,12581.8333333333,2018,상순,2018-09-01,사과-후지,9,1,False,False,False,False,False,False,False,False,True,False,False,False,True,False,False,사과(후지),87.42416107382547,0.8224480399894765,,,,,,,,
201809상순,411.0,사과,5.0,후지,상품,개,10.0,21299.0,,20287.0,,12581.8333333333,2018,상순,2018-09-01,사과-후지,9,1,False,False,False,False,False,False,False,False,True,False,False,False,True,False,False,사과(후지),87.42416107382547,0.8224480399894765,,,,,,,,
201809상순,411.0,사과,5.0,후지,상품,개,10.0,21299.0,,20287.0,,12581.8333333333,2018,상순,2018-09-01,사과-후지,9,1,False,False,False,False,False,False,False,False,True,False,False,False,True,False,False,사과(후지),87.42416107382547,0.8224480399894765,,,,,,,,
201809상순,411.0,사과,5.0,후지,상품,개,10.0,21299.0,,20287.0,,12581.8333333333,2018,상순,2018-09-01,사과-후지,9,1,False,False,False,False,False,False,False,False,True,False,False,False,True,False,False,사과(후지),87.42416107382547,0.8224480399894765,,,,,,,,
201809상순,411.0,사과,5.0,후지,상품,개,10.0,21299.0,,20287.0,,12581.8333333333,2018,상순,2018-09-01,사과-후지,9,1,False,False,False,False,False,False,False,False,True,False,False,False,True,False,False,사과(후지),87.42416107382547,0.8224480399894765,,,,,,,,
201809상순,411.0,사과,5.0,후지,상품,개,10.0,21299.0,,20287.0,,12581.8333333333,2018,상순,2018-09-01,사과-후지,9,1,False,False,False,False,False,False,False,False,True,False,False,False,True,False,False,사과(후지),87.42416107382547,0.8224480399894765,,,,,,,,
201809상순,411.0,사과,5.0,후지,상품,개,10.0,21299.0,,20287.0,,12581.8333333333,2018,상순,2018-09-01,사과-후지,9,1,False,False,False,False,False,False,False,False,True,False,False,False,True,False,False,사과(후지),87.42416107382547,0.8224480399894765,,,,,,,,
201809상순,411.0,사과,5.0,후지,상품,개,10.0,21299.0,,20287.0,,12581.8333333333,2018,상순,2018-09-01,사과-후지,9,1,False,False,False,False,False,False,False,False,True,False,False,False,True,False,False,사과(후지),87.42416107382547,0.8224480399894765,,,,,,,,
201809상순,411.0,사과,5.0,후지,상품,개,10.0,21299.0,,20287.0,,12581.8333333333,2018,상순,2018-09-01,사과-후지,9,1,False,False,False,False,False,False,False,False,True,False,False,False,True,False,False,사과(후지),87.42416107382547,0.8224480399894765,,,,,,,,
201809상순,411.0,사과,5.0,후지,상품,개,10.0,21299.0,,20287.0,,12581.8333333333,2018,상순,2018-09-01,사과-후지,9,1,False,False,False,False,False,False,False,False,True,False,False,False,True,False,False,사과(후지),87.42416107382547,0.8224480399894765,,,,,,,,
201810하순,411.0,사과,5.0,후지,상품,개,10.0,22336.0,,,,16232.41666666665,2018,하순,2018-10-21,사과-후지,10,21,False,False,False,False,False,False,False,False,False,True,False,False,False,False,True,사과(후지),100.87919463087245,0.7939779635258358,,,,,,,,
201810하순,411.0,사과,5.0,후지,상품,개,10.0,22336.0,,,,16232.41666666665,2018,하순,2018-10-21,사과-후지,10,21,False,False,False,False,False,False,False,False,False,True,False,False,False,False,True,사과(후지),100.87919463087245,0.7939779635258358,,,,,,,,
201810하순,411.0,사과,5.0,후지,상품,개,10.0,22336.0,,,,16232.41666666665,2018,하순,2018-10-21,사과-후지,10,21,False,False,False,False,False,False,False,False,False,True,False,False,False,False,True,사과(후지),100.87919463087245,0.7939779635258358,,,,,,,,
201810하순,411.0,사과,5.0,후지,상품,개,10.0,22336.0,,,,16232.41666666665,2018,하순,2018-10-21,사과-후지,10,21,False,False,False,False,False,False,False,False,False,True,False,False,False,False,True,사과(후지),100.87919463087245,0.7939779635258358,,,,,,,,
201810하순,411.0,사과,5.0,후지,상품,개,10.0,22336.0,,,,16232.41666666665,2018,하순,2018-10-21,사과-후지,10,21,False,False,False,False,False,False,False,False,False,True,False,False,False,False,True,사과(후지),100.87919463087245,0.7939779635258358,,,,,,,,
201810하순,411.0,사과,5.0,후지,상품,개,10.0,22336.0,,,,16232.41666666665,2018,하순,2018-10-21,사과-후지,10,21,False,False,False,False,False,False,False,False,False,True,False,False,False,False,True,사과(후지),100.87919463087245,0.7939779635258358,,,,,,,,
201810하순,411.0,사과,5.0,후지,상품,개,10.0,22336.0,,,,16232.41666666665,2018,하순,2018-10-21,사과-후지,10,21,False,False,False,False,False,False,False,False,False,True,False,False,False,False,True,사과(후지),100.87919463087245,0.7939779635258358,,,,,,,,
201810하순,411.0,사과,5.0,후지,상품,개,10.0,22336.0,,,,16232.41666666665,2018,하순,2018-10-21,사과-후지,10,21,False,False,False,False,False,False,False,False,False,True,False,False,False,False,True,사과(후지),100.87919463087245,0.7939779635258358,,,,,,,,
201810하순,411.0,사과,5.0,후지,상품,개,10.0,22336.0,,,,16232.41666666665,2018,하순,2018-10-21,사과-후지,10,21,False,False,False,False,False,False,False,False,False,True,False,False,False,False,True,사과(후지),100.87919463087245,0.7939779635258358,,,,,,,,
201810하순,411.0,사과,5.0,후지,상품,개,10.0,22336.0,,,,16232.41666666665,2018,하순,2018-10-21,사과-후지,10,21,False,False,False,False,False,False,False,False,False,True,False,False,False,False,True,사과(후지),100.87919463087245,0.7939779635258358,,,,,,,,
201810하순,411.0,사과,5.0,후지,상품,개,10.0,22336.0,,,,16232.41666666665,2018,하순,2018-10-21,사과-후지,10,21,False,False,False,False,False,False,False,False,False,True,False,False,False,False,True,사과(후지),100.87919463087245,0.7939779635258358,,,,,,,,
201810하순,411.0,사과,5.0,후지,상품,개,10.0,22336.0,,,,16232.41666666665,2018,하순,2018-10-21,사과-후지,10,21,False,False,False,False,False,False,False,False,False,True,False,False,False,False,True,사과(후지),100.87919463087245,0.7939779635258358,,,,,,,,
201810하순,411.0,사과,5.0,후지,상품,개,10.0,22336.0,,,,16232.41666666665,2018,하순,2018-10-21,사과-후지,10,21,False,False,False,False,False,False,False,False,False,True,False,False,False,False,True,사과(후지),100.87919463087245,0.7939779635258358,,,,,,,,
201810하순,411.0,사과,5.0,후지,상품,개,10.0,22336.0,,,,16232.41666666665,2018,하순,2018-10-21,사과-후지,10,21,False,False,False,False,False,False,False,False,False,True,False,False,False,False,True,사과(후지),100.87919463087245,0.7939779635258358,,,,,,,,
201810하순,411.0,사과,5.0,후지,상품,개,10.0,22336.0,,,,16232.41666666665,2018,하순,2018-10-21,사과-후지,10,21,False,False,False,False,False,False,False,False,False,True,False,False,False,False,True,사과(후지),100.87919463087245,0.7939779635258358,,,,,,,,
201810하순,411.0,사과,5.0,후지,상품,개,10.0,22336.0,,,,16232.41666666665,2018,하순,2018-10-21,사과-후지,10,21,False,False,False,False,False,False,False,False,False,True,False,False,False,False,True,사과(후지),100.87919463087245,0.7939779635258358,,,,,,,,
201810하순,411.0,사과,5.0,후지,상품,개,10.0,22336.0,,,,16232.41666666665,2018,하순,2018-10-21,사과-후지,10,21,False,False,False,False,False,False,False,False,False,True,False,False,False,False,True,사과(후지),100.87919463087245,0.7939779635258358,,,,,,,,
201810하순,411.0,사과,5.0,후지,상품,개,10.0,22336.0,,,,16232.41666666665,2018,하순,2018-10-21,사과-후지,10,21,False,False,False,False,False,False,False,False,False,True,False,False,False,False,True,사과(후지),100.87919463087245,0.7939779635258358,,,,,,,,
201810하순,411.0,사과,5.0,후지,상품,개,10.0,22336.0,,,,16232.41666666665,2018,하순,2018-10-21,사과-후지,10,21,False,False,False,False,False,False,False,False,False,True,False,False,False,False,True,사과(후지),100.87919463087245,0.7939779635258358,,,,,,,,
201810하순,411.0,사과,5.0,후지,상품,개,10.0,22336.0,,,,16232.41666666665,2018,하순,2018-10-21,사과-후지,10,21,False,False,False,False,False,False,False,False,False,True,False,False,False,False,True,사과(후지),100.87919463087245,0.7939779635258358,,,,,,,,
201810하순,411.0,사과,5.0,후지,상품,개,10.0,22336.0,,,,16232.41666666665,2018,하순,2018-10-21,사과-후지,10,21,False,False,False,False,False,False,False,False,False,True,False,False,False,False,True,사과(후지),100.87919463087245,0.7939779635258358,,,,,,,,
201810하순,411.0,사과,5.0,후지,상품,개,10.0,22336.0,,,,16232.41666666665,2018,하순,2018-10-21,사과-후지,10,21,False,False,False,False,False,False,False,False,False,True,False,False,False,False,True,사과(후지),100.87919463087245,0.7939779635258358,,,,,,,,
201810하순,411.0,사과,5.0,후지,상품,개,10.0,22336.0,,,,16232.41666666665,2018,하순,2018-10-21,사과-후지,10,21,False,False,False,False,False,False,False,False,False,True,False,False,False,False,True,사과(후지),100.87919463087245,0.7939779635258358,,,,,,,,
201810하순,411.0,사과,5.0,후지,상품,개,10.0,22336.0,,,,16232.41666666665,2018,하순,2018-10-21,사과-후지,10,21,False,False,False,False,False,False,False,False,False,True,False,False,False,False,True,사과(후지),100.87919463087245,0.7939779635258358,,,,,,,,
201810하순,411.0,사과,5.0,후지,상품,개,10.0,22336.0,,,,16232.41666666665,2018,하순,2018-10-21,사과-후지,10,21,False,False,False,False,False,False,False,False,False,True,False,False,False,False,True,사과(후지),100.87919463087245,0.7939779635258358,,,,,,,,
201810하순,411.0,사과,5.0,후지,상품,개,10.0,22336.0,,,,16232.41666666665,2018,하순,2018-10-21,사과-후지,10,21,False,False,False,False,False,False,False,False,False,True,False,False,False,False,True,사과(후지),100.87919463087245,0.7939779635258358,,,,,,,,
201810하순,411.0,사과,5.0,후지,상품,개,10.0,22336.0,,,,16232.41666666665,2018,하순,2018-10-21,사과-후지,10,21,False,False,False,False,False,False,False,False,False,True,False,False,False,False,True,사과(후지),100.87919463087245,0.7939779635258358,,,,,,,,
201810하순,411.0,사과,5.0,후지,상품,개,10.0,22336.0,,,,16232.41666666665,2018,하순,2018-10-21,사과-후지,10,21,False,False,False,False,False,False,False,False,False,True,False,False,False,False,True,사과(후지),100.87919463087245,0.7939779635258358,,,,,,,,
201811상순,411.0,사과,5.0,후지,상품,개,10.0,21791.0,,,19512.0,19883.0,2018,상순,2018-11-01,사과-후지,11,1,False,False,False,False,False,False,False,False,False,False,True,False,True,False,False,사과(후지),89.55704697986573,0.7749338624338624,,,,,,,,
201811상순,411.0,사과,5.0,후지,상품,개,10.0,21791.0,,,19512.0,19883.0,2018,상순,2018-11-01,사과-후지,11,1,False,False,False,False,False,False,False,False,False,False,True,False,True,False,False,사과(후지),89.55704697986573,0.7749338624338624,,,,,,,,
201811상순,411.0,사과,5.0,후지,상품,개,10.0,21791.0,,,19512.0,19883.0,2018,상순,2018-11-01,사과-후지,11,1,False,False,False,False,False,False,False,False,False,False,True,False,True,False,False,사과(후지),89.55704697986573,0.7749338624338624,,,,,,,,
201811상순,411.0,사과,5.0,후지,상품,개,10.0,21791.0,,,19512.0,19883.0,2018,상순,2018-11-01,사과-후지,11,1,False,False,False,False,False,False,False,False,False,False,True,False,True,False,False,사과(후지),89.55704697986573,0.7749338624338624,,,,,,,,
201811상순,411.0,사과,5.0,후지,상품,개,10.0,21791.0,,,19512.0,19883.0,2018,상순,2018-11-01,사과-후지,11,1,False,False,False,False,False,False,False,False,False,False,True,False,True,False,False,사과(후지),89.55704697986573,0.7749338624338624,,,,,,,,
201811상순,411.0,사과,5.0,후지,상품,개,10.0,21791.0,,,19512.0,19883.0,2018,상순,2018-11-01,사과-후지,11,1,False,False,False,False,False,False,False,False,False,False,True,False,True,False,False,사과(후지),89.55704697986573,0.7749338624338624,,,,,,,,
201811상순,411.0,사과,5.0,후지,상품,개,10.0,21791.0,,,19512.0,19883.0,2018,상순,2018-11-01,사과-후지,11,1,False,False,False,False,False,False,False,False,False,False,True,False,True,False,False,사과(후지),89.55704697986573,0.7749338624338624,,,,,,,,
201811상순,411.0,사과,5.0,후지,상품,개,10.0,21791.0,,,19512.0,19883.0,2018,상순,2018-11-01,사과-후지,11,1,False,False,False,False,False,False,False,False,False,False,True,False,True,False,False,사과(후지),89.55704697986573,0.7749338624338624,,,,,,,,
201811상순,411.0,사과,5.0,후지,상품,개,10.0,21791.0,,,19512.0,19883.0,2018,상순,2018-11-01,사과-후지,11,1,False,False,False,False,False,False,False,False,False,False,True,False,True,False,False,사과(후지),89.55704697986573,0.7749338624338624,,,,,,,,
201811상순,411.0,사과,5.0,후지,상품,개,10.0,21791.0,,,19512.0,19883.0,2018,상순,2018-11-01,사과-후지,11,1,False,False,False,False,False,False,False,False,False,False,True,False,True,False,False,사과(후지),89.55704697986573,0.7749338624338624,,,,,,,,
201811상순,411.0,사과,5.0,후지,상품,개,10.0,21791.0,,,19512.0,19883.0,2018,상순,2018-11-01,사과-후지,11,1,False,False,False,False,False,False,False,False,False,False,True,False,True,False,False,사과(후지),89.55704697986573,0.7749338624338624,,,,,,,,
201811상순,411.0,사과,5.0,후지,상품,개,10.0,21791.0,,,19512.0,19883.0,2018,상순,2018-11-01,사과-후지,11,1,False,False,False,False,False,False,False,False,False,False,True,False,True,False,False,사과(후지),89.55704697986573,0.7749338624338624,,,,,,,,
201811상순,411.0,사과,5.0,후지,상품,개,10.0,21791.0,,,19512.0,19883.0,2018,상순,2018-11-01,사과-후지,11,1,False,False,False,False,False,False,False,False,False,False,True,False,True,False,False,사과(후지),89.55704697986573,0.7749338624338624,,,,,,,,
201811상순,411.0,사과,5.0,후지,상품,개,10.0,21791.0,,,19512.0,19883.0,2018,상순,2018-11-01,사과-후지,11,1,False,False,False,False,False,False,False,False,False,False,True,False,True,False,False,사과(후지),89.55704697986573,0.7749338624338624,,,,,,,,
201811상순,411.0,사과,5.0,후지,상품,개,10.0,21791.0,,,19512.0,19883.0,2018,상순,2018-11-01,사과-후지,11,1,False,False,False,False,False,False,False,False,False,False,True,False,True,False,False,사과(후지),89.55704697986573,0.7749338624338624,,,,,,,,
201811상순,411.0,사과,5.0,후지,상품,개,10.0,21791.0,,,19512.0,19883.0,2018,상순,2018-11-01,사과-후지,11,1,False,False,False,False,False,False,False,False,False,False,True,False,True,False,False,사과(후지),89.55704697986573,0.7749338624338624,,,,,,,,
201811상순,411.0,사과,5.0,후지,상품,개,10.0,21791.0,,,19512.0,19883.0,2018,상순,2018-11-01,사과-후지,11,1,False,False,False,False,False,False,False,False,False,False,True,False,True,False,False,사과(후지),89.55704697986573,0.7749338624338624,,,,,,,,
201811상순,411.0,사과,5.0,후지,상품,개,10.0,21791.0,,,19512.0,19883.0,2018,상순,2018-11-01,사과-후지,11,1,False,False,False,False,False,False,False,False,False,False,True,False,True,False,False,사과(후지),89.55704697986573,0.7749338624338624,,,,,,,,
201811상순,411.0,사과,5.0,후지,상품,개,10.0,21791.0,,,19512.0,19883.0,2018,상순,2018-11-01,사과-후지,11,1,False,False,False,False,False,False,False,False,False,False,True,False,True,False,False,사과(후지),89.55704697986573,0.7749338624338624,,,,,,,,
201811상순,411.0,사과,5.0,후지,상품,개,10.0,21791.0,,,19512.0,19883.0,2018,상순,2018-11-01,사과-후지,11,1,False,False,False,False,False,False,False,False,False,False,True,False,True,False,False,사과(후지),89.55704697986573,0.7749338624338624,,,,,,,,
201811상순,411.0,사과,5.0,후지,상품,개,10.0,21791.0,,,19512.0,19883.0,2018,상순,2018-11-01,사과-후지,11,1,False,False,False,False,False,False,False,False,False,False,True,False,True,False,False,사과(후지),89.55704697986573,0.7749338624338624,,,,,,,,
201811상순,411.0,사과,5.0,후지,상품,개,10.0,21791.0,,,19512.0,19883.0,2018,상순,2018-11-01,사과-후지,11,1,False,False,False,False,False,False,False,False,False,False,True,False,True,False,False,사과(후지),89.55704697986573,0.7749338624338624,,,,,,,,
201811상순,411.0,사과,5.0,후지,상품,개,10.0,21791.0,,,19512.0,19883.0,2018,상순,2018-11-01,사과-후지,11,1,False,False,False,False,False,False,False,False,False,False,True,False,True,False,False,사과(후지),89.55704697986573,0.7749338624338624,,,,,,,,
201811상순,411.0,사과,5.0,후지,상품,개,10.0,21791.0,,,19512.0,19883.0,2018,상순,2018-11-01,사과-후지,11,1,False,False,False,False,False,False,False,False,False,False,True,False,True,False,False,사과(후지),89.55704697986573,0.7749338624338624,,,,,,,,
201811상순,411.0,사과,5.0,후지,상품,개,10.0,21791.0,,,19512.0,19883.0,2018,상순,2018-11-01,사과-후지,11,1,False,False,False,False,False,False,False,False,False,False,True,False,True,False,False,사과(후지),89.55704697986573,0.7749338624338624,,,,,,,,
201811상순,411.0,사과,5.0,후지,상품,개,10.0,21791.0,,,19512.0,19883.0,2018,상순,2018-11-01,사과-후지,11,1,False,False,False,False,False,False,False,False,False,False,True,False,True,False,False,사과(후지),89.55704697986573,0.7749338624338624,,,,,,,,
201811상순,411.0,사과,5.0,후지,상품,개,10.0,21791.0,,,19512.0,19883.0,2018,상순,2018-11-01,사과-후지,11,1,False,False,False,False,False,False,False,False,False,False,True,False,True,False,False,사과(후지),89.55704697986573,0.7749338624338624,,,,,,,,
201811중순,411.0,사과,5.0,후지,상품,개,10.0,22815.0,,,20587.0,19865.3333333333,2018,중순,2018-11-11,사과-후지,11,11,False,False,False,False,False,False,False,False,False,False,True,False,False,True,False,사과(후지),79.64832214765097,0.7536655905299973,,,,,,,,
201811중순,411.0,사과,5.0,후지,상품,개,10.0,22815.0,,,20587.0,19865.3333333333,2018,중순,2018-11-11,사과-후지,11,11,False,False,False,False,False,False,False,False,False,False,True,False,False,True,False,사과(후지),79.64832214765097,0.7536655905299973,,,,,,,,
201811중순,411.0,사과,5.0,후지,상품,개,10.0,22815.0,,,20587.0,19865.3333333333,2018,중순,2018-11-11,사과-후지,11,11,False,False,False,False,False,False,False,False,False,False,True,False,False,True,False,사과(후지),79.64832214765097,0.7536655905299973,,,,,,,,
201811중순,411.0,사과,5.0,후지,상품,개,10.0,22815.0,,,20587.0,19865.3333333333,2018,중순,2018-11-11,사과-후지,11,11,False,False,False,False,False,False,False,False,False,False,True,False,False,True,False,사과(후지),79.64832214765097,0.7536655905299973,,,,,,,,
201811중순,411.0,사과,5.0,후지,상품,개,10.0,22815.0,,,20587.0,19865.3333333333,2018,중순,2018-11-11,사과-후지,11,11,False,False,False,False,False,False,False,False,False,False,True,False,False,True,False,사과(후지),79.64832214765097,0.7536655905299973,,,,,,,,
201811중순,411.0,사과,5.0,후지,상품,개,10.0,22815.0,,,20587.0,19865.3333333333,2018,중순,2018-11-11,사과-후지,11,11,False,False,False,False,False,False,False,False,False,False,True,False,False,True,False,사과(후지),79.64832214765097,0.7536655905299973,,,,,,,,
201811중순,411.0,사과,5.0,후지,상품,개,10.0,22815.0,,,20587.0,19865.3333333333,2018,중순,2018-11-11,사과-후지,11,11,False,False,False,False,False,False,False,False,False,False,True,False,False,True,False,사과(후지),79.64832214765097,0.7536655905299973,,,,,,,,
201811중순,411.0,사과,5.0,후지,상품,개,10.0,22815.0,,,20587.0,19865.3333333333,2018,중순,2018-11-11,사과-후지,11,11,False,False,False,False,False,False,False,False,False,False,True,False,False,True,False,사과(후지),79.64832214765097,0.7536655905299973,,,,,,,,
201811중순,411.0,사과,5.0,후지,상품,개,10.0,22815.0,,,20587.0,19865.3333333333,2018,중순,2018-11-11,사과-후지,11,11,False,False,False,False,False,False,False,False,False,False,True,False,False,True,False,사과(후지),79.64832214765097,0.7536655905299973,,,,,,,,
201811중순,411.0,사과,5.0,후지,상품,개,10.0,22815.0,,,20587.0,19865.3333333333,2018,중순,2018-11-11,사과-후지,11,11,False,False,False,False,False,False,False,False,False,False,True,False,False,True,False,사과(후지),79.64832214765097,0.7536655905299973,,,,,,,,
201811중순,411.0,사과,5.0,후지,상품,개,10.0,22815.0,,,20587.0,19865.3333333333,2018,중순,2018-11-11,사과-후지,11,11,False,False,False,False,False,False,False,False,False,False,True,False,False,True,False,사과(후지),79.64832214765097,0.7536655905299973,,,,,,,,
201811중순,411.0,사과,5.0,후지,상품,개,10.0,22815.0,,,20587.0,19865.3333333333,2018,중순,2018-11-11,사과-후지,11,11,False,False,False,False,False,False,False,False,False,False,True,False,False,True,False,사과(후지),79.64832214765097,0.7536655905299973,,,,,,,,
201811중순,411.0,사과,5.0,후지,상품,개,10.0,22815.0,,,20587.0,19865.3333333333,2018,중순,2018-11-11,사과-후지,11,11,False,False,False,False,False,False,False,False,False,False,True,False,False,True,False,사과(후지),79.64832214765097,0.7536655905299973,,,,,,,,
201811중순,411.0,사과,5.0,후지,상품,개,10.0,22815.0,,,20587.0,19865.3333333333,2018,중순,2018-11-11,사과-후지,11,11,False,False,False,False,False,False,False,False,False,False,True,False,False,True,False,사과(후지),79.64832214765097,0.7536655905299973,,,,,,,,
201811중순,411.0,사과,5.0,후지,상품,개,10.0,22815.0,,,20587.0,19865.3333333333,2018,중순,2018-11-11,사과-후지,11,11,False,False,False,False,False,False,False,False,False,False,True,False,False,True,False,사과(후지),79.64832214765097,0.7536655905299973,,,,,,,,
201811중순,411.0,사과,5.0,후지,상품,개,10.0,22815.0,,,20587.0,19865.3333333333,2018,중순,2018-11-11,사과-후지,11,11,False,False,False,False,False,False,False,False,False,False,True,False,False,True,False,사과(후지),79.64832214765097,0.7536655905299973,,,,,,,,
201811중순,411.0,사과,5.0,후지,상품,개,10.0,22815.0,,,20587.0,19865.3333333333,2018,중순,2018-11-11,사과-후지,11,11,False,False,False,False,False,False,False,False,False,False,True,False,False,True,False,사과(후지),79.64832214765097,0.7536655905299973,,,,,,,,
201811중순,411.0,사과,5.0,후지,상품,개,10.0,22815.0,,,20587.0,19865.3333333333,2018,중순,2018-11-11,사과-후지,11,11,False,False,False,False,False,False,False,False,False,False,True,False,False,True,False,사과(후지),79.64832214765097,0.7536655905299973,,,,,,,,
201811중순,411.0,사과,5.0,후지,상품,개,10.0,22815.0,,,20587.0,19865.3333333333,2018,중순,2018-11-11,사과-후지,11,11,False,False,False,False,False,False,False,False,False,False,True,False,False,True,False,사과(후지),79.64832214765097,0.7536655905299973,,,,,,,,
201811중순,411.0,사과,5.0,후지,상품,개,10.0,22815.0,,,20587.0,19865.3333333333,2018,중순,2018-11-11,사과-후지,11,11,False,False,False,False,False,False,False,False,False,False,True,False,False,True,False,사과(후지),79.64832214765097,0.7536655905299973,,,,,,,,
201811중순,411.0,사과,5.0,후지,상품,개,10.0,22815.0,,,20587.0,19865.3333333333,2018,중순,2018-11-11,사과-후지,11,11,False,False,False,False,False,False,False,False,False,False,True,False,False,True,False,사과(후지),79.64832214765097,0.7536655905299973,,,,,,,,
201811중순,411.0,사과,5.0,후지,상품,개,10.0,22815.0,,,20587.0,19865.3333333333,2018,중순,2018-11-11,사과-후지,11,11,False,False,False,False,False,False,False,False,False,False,True,False,False,True,False,사과(후지),79.64832214765097,0.7536655905299973,,,,,,,,
201811중순,411.0,사과,5.0,후지,상품,개,10.0,22815.0,,,20587.0,19865.3333333333,2018,중순,2018-11-11,사과-후지,11,11,False,False,False,False,False,False,False,False,False,False,True,False,False,True,False,사과(후지),79.64832214765097,0.7536655905299973,,,,,,,,
201811하순,411.0,사과,5.0,후지,상품,개,10.0,23070.0,,22336.0,20559.0,20430.0,2018,하순,2018-11-21,사과-후지,11,21,False,False,False,False,False,False,False,False,False,False,True,False,False,False,True,사과(후지),79.79731543624158,0.7201354679802956,,,,,,,,
201811하순,411.0,사과,5.0,후지,상품,개,10.0,23070.0,,22336.0,20559.0,20430.0,2018,하순,2018-11-21,사과-후지,11,21,False,False,False,False,False,False,False,False,False,False,True,False,False,False,True,사과(후지),79.79731543624158,0.7201354679802956,,,,,,,,
201811하순,411.0,사과,5.0,후지,상품,개,10.0,23070.0,,22336.0,20559.0,20430.0,2018,하순,2018-11-21,사과-후지,11,21,False,False,False,False,False,False,False,False,False,False,True,False,False,False,True,사과(후지),79.79731543624158,0.7201354679802956,,,,,,,,
201811하순,411.0,사과,5.0,후지,상품,개,10.0,23070.0,,22336.0,20559.0,20430.0,2018,하순,2018-11-21,사과-후지,11,21,False,False,False,False,False,False,False,False,False,False,True,False,False,False,True,사과(후지),79.79731543624158,0.7201354679802956,,,,,,,,
201811하순,411.0,사과,5.0,후지,상품,개,10.0,23070.0,,22336.0,20559.0,20430.0,2018,하순,2018-11-21,사과-후지,11,21,False,False,False,False,False,False,False,False,False,False,True,False,False,False,True,사과(후지),79.79731543624158,0.7201354679802956,,,,,,,,
201811하순,411.0,사과,5.0,후지,상품,개,10.0,23070.0,,22336.0,20559.0,20430.0,2018,하순,2018-11-21,사과-후지,11,21,False,False,False,False,False,False,False,False,False,False,True,False,False,False,True,사과(후지),79.79731543624158,0.7201354679802956,,,,,,,,
201811하순,411.0,사과,5.0,후지,상품,개,10.0,23070.0,,22336.0,20559.0,20430.0,2018,하순,2018-11-21,사과-후지,11,21,False,False,False,False,False,False,False,False,False,False,True,False,False,False,True,사과(후지),79.79731543624158,0.7201354679802956,,,,,,,,
201811하순,411.0,사과,5.0,후지,상품,개,10.0,23070.0,,22336.0,20559.0,20430.0,2018,하순,2018-11-21,사과-후지,11,21,False,False,False,False,False,False,False,False,False,False,True,False,False,False,True,사과(후지),79.79731543624158,0.7201354679802956,,,,,,,,
201811하순,411.0,사과,5.0,후지,상품,개,10.0,23070.0,,22336.0,20559.0,20430.0,2018,하순,2018-11-21,사과-후지,11,21,False,False,False,False,False,False,False,False,False,False,True,False,False,False,True,사과(후지),79.79731543624158,0.7201354679802956,,,,,,,,
201811하순,411.0,사과,5.0,후지,상품,개,10.0,23070.0,,22336.0,20559.0,20430.0,2018,하순,2018-11-21,사과-후지,11,21,False,False,False,False,False,False,False,False,False,False,True,False,False,False,True,사과(후지),79.79731543624158,0.7201354679802956,,,,,,,,
201811하순,411.0,사과,5.0,후지,상품,개,10.0,23070.0,,22336.0,20559.0,20430.0,2018,하순,2018-11-21,사과-후지,11,21,False,False,False,False,False,False,False,False,False,False,True,False,False,False,True,사과(후지),79.79731543624158,0.7201354679802956,,,,,,,,
201811하순,411.0,사과,5.0,후지,상품,개,10.0,23070.0,,22336.0,20559.0,20430.0,2018,하순,2018-11-21,사과-후지,11,21,False,False,False,False,False,False,False,False,False,False,True,False,False,False,True,사과(후지),79.79731543624158,0.7201354679802956,,,,,,,,
201811하순,411.0,사과,5.0,후지,상품,개,10.0,23070.0,,22336.0,20559.0,20430.0,2018,하순,2018-11-21,사과-후지,11,21,False,False,False,False,False,False,False,False,False,False,True,False,False,False,True,사과(후지),79.79731543624158,0.7201354679802956,,,,,,,,
201811하순,411.0,사과,5.0,후지,상품,개,10.0,23070.0,,22336.0,20559.0,20430.0,2018,하순,2018-11-21,사과-후지,11,21,False,False,False,False,False,False,False,False,False,False,True,False,False,False,True,사과(후지),79.79731543624158,0.7201354679802956,,,,,,,,
201811하순,411.0,사과,5.0,후지,상품,개,10.0,23070.0,,22336.0,20559.0,20430.0,2018,하순,2018-11-21,사과-후지,11,21,False,False,False,False,False,False,False,False,False,False,True,False,False,False,True,사과(후지),79.79731543624158,0.7201354679802956,,,,,,,,
201811하순,411.0,사과,5.0,후지,상품,개,10.0,23070.0,,22336.0,20559.0,20430.0,2018,하순,2018-11-21,사과-후지,11,21,False,False,False,False,False,False,False,False,False,False,True,False,False,False,True,사과(후지),79.79731543624158,0.7201354679802956,,,,,,,,
201811하순,411.0,사과,5.0,후지,상품,개,10.0,23070.0,,22336.0,20559.0,20430.0,2018,하순,2018-11-21,사과-후지,11,21,False,False,False,False,False,False,False,False,False,False,True,False,False,False,True,사과(후지),79.79731543624158,0.7201354679802956,,,,,,,,
201811하순,411.0,사과,5.0,후지,상품,개,10.0,23070.0,,22336.0,20559.0,20430.0,2018,하순,2018-11-21,사과-후지,11,21,False,False,False,False,False,False,False,False,False,False,True,False,False,False,True,사과(후지),79.79731543624158,0.7201354679802956,,,,,,,,
201811하순,411.0,사과,5.0,후지,상품,개,10.0,23070.0,,22336.0,20559.0,20430.0,2018,하순,2018-11-21,사과-후지,11,21,False,False,False,False,False,False,False,False,False,False,True,False,False,False,True,사과(후지),79.79731543624158,0.7201354679802956,,,,,,,,
201811하순,411.0,사과,5.0,후지,상품,개,10.0,23070.0,,22336.0,20559.0,20430.0,2018,하순,2018-11-21,사과-후지,11,21,False,False,False,False,False,False,False,False,False,False,True,False,False,False,True,사과(후지),79.79731543624158,0.7201354679802956,,,,,,,,
201811하순,411.0,사과,5.0,후지,상품,개,10.0,23070.0,,22336.0,20559.0,20430.0,2018,하순,2018-11-21,사과-후지,11,21,False,False,False,False,False,False,False,False,False,False,True,False,False,False,True,사과(후지),79.79731543624158,0.7201354679802956,,,,,,,,
201811하순,411.0,사과,5.0,후지,상품,개,10.0,23070.0,,22336.0,20559.0,20430.0,2018,하순,2018-11-21,사과-후지,11,21,False,False,False,False,False,False,False,False,False,False,True,False,False,False,True,사과(후지),79.79731543624158,0.7201354679802956,,,,,,,,
201811하순,411.0,사과,5.0,후지,상품,개,10.0,23070.0,,22336.0,20559.0,20430.0,2018,하순,2018-11-21,사과-후지,11,21,False,False,False,False,False,False,False,False,False,False,True,False,False,False,True,사과(후지),79.79731543624158,0.7201354679802956,,,,,,,,
201812상순,411.0,사과,5.0,후지,상품,개,10.0,22840.0,,21791.0,20573.0,20102.6666666666,2018,상순,2018-12-01,사과-후지,12,1,False,False,False,False,False,False,False,False,False,False,False,True,True,False,False,사과(후지),81.28187919463085,0.6707072730915647,,,,,,,,
201812상순,411.0,사과,5.0,후지,상품,개,10.0,22840.0,,21791.0,20573.0,20102.6666666666,2018,상순,2018-12-01,사과-후지,12,1,False,False,False,False,False,False,False,False,False,False,False,True,True,False,False,사과(후지),81.28187919463085,0.6707072730915647,,,,,,,,
201812상순,411.0,사과,5.0,후지,상품,개,10.0,22840.0,,21791.0,20573.0,20102.6666666666,2018,상순,2018-12-01,사과-후지,12,1,False,False,False,False,False,False,False,False,False,False,False,True,True,False,False,사과(후지),81.28187919463085,0.6707072730915647,,,,,,,,
201812상순,411.0,사과,5.0,후지,상품,개,10.0,22840.0,,21791.0,20573.0,20102.6666666666,2018,상순,2018-12-01,사과-후지,12,1,False,False,False,False,False,False,False,False,False,False,False,True,True,False,False,사과(후지),81.28187919463085,0.6707072730915647,,,,,,,,
201812상순,411.0,사과,5.0,후지,상품,개,10.0,22840.0,,21791.0,20573.0,20102.6666666666,2018,상순,2018-12-01,사과-후지,12,1,False,False,False,False,False,False,False,False,False,False,False,True,True,False,False,사과(후지),81.28187919463085,0.6707072730915647,,,,,,,,
201812상순,411.0,사과,5.0,후지,상품,개,10.0,22840.0,,21791.0,20573.0,20102.6666666666,2018,상순,2018-12-01,사과-후지,12,1,False,False,False,False,False,False,False,False,False,False,False,True,True,False,False,사과(후지),81.28187919463085,0.6707072730915647,,,,,,,,
201812상순,411.0,사과,5.0,후지,상품,개,10.0,22840.0,,21791.0,20573.0,20102.6666666666,2018,상순,2018-12-01,사과-후지,12,1,False,False,False,False,False,False,False,False,False,False,False,True,True,False,False,사과(후지),81.28187919463085,0.6707072730915647,,,,,,,,
201812상순,411.0,사과,5.0,후지,상품,개,10.0,22840.0,,21791.0,20573.0,20102.6666666666,2018,상순,2018-12-01,사과-후지,12,1,False,False,False,False,False,False,False,False,False,False,False,True,True,False,False,사과(후지),81.28187919463085,0.6707072730915647,,,,,,,,
201812상순,411.0,사과,5.0,후지,상품,개,10.0,22840.0,,21791.0,20573.0,20102.6666666666,2018,상순,2018-12-01,사과-후지,12,1,False,False,False,False,False,False,False,False,False,False,False,True,True,False,False,사과(후지),81.28187919463085,0.6707072730915647,,,,,,,,
201812상순,411.0,사과,5.0,후지,상품,개,10.0,22840.0,,21791.0,20573.0,20102.6666666666,2018,상순,2018-12-01,사과-후지,12,1,False,False,False,False,False,False,False,False,False,False,False,True,True,False,False,사과(후지),81.28187919463085,0.6707072730915647,,,,,,,,
201812상순,411.0,사과,5.0,후지,상품,개,10.0,22840.0,,21791.0,20573.0,20102.6666666666,2018,상순,2018-12-01,사과-후지,12,1,False,False,False,False,False,False,False,False,False,False,False,True,True,False,False,사과(후지),81.28187919463085,0.6707072730915647,,,,,,,,
201812상순,411.0,사과,5.0,후지,상품,개,10.0,22840.0,,21791.0,20573.0,20102.6666666666,2018,상순,2018-12-01,사과-후지,12,1,False,False,False,False,False,False,False,False,False,False,False,True,True,False,False,사과(후지),81.28187919463085,0.6707072730915647,,,,,,,,
201812상순,411.0,사과,5.0,후지,상품,개,10.0,22840.0,,21791.0,20573.0,20102.6666666666,2018,상순,2018-12-01,사과-후지,12,1,False,False,False,False,False,False,False,False,False,False,False,True,True,False,False,사과(후지),81.28187919463085,0.6707072730915647,,,,,,,,
201812상순,411.0,사과,5.0,후지,상품,개,10.0,22840.0,,21791.0,20573.0,20102.6666666666,2018,상순,2018-12-01,사과-후지,12,1,False,False,False,False,False,False,False,False,False,False,False,True,True,False,False,사과(후지),81.28187919463085,0.6707072730915647,,,,,,,,
201812상순,411.0,사과,5.0,후지,상품,개,10.0,22840.0,,21791.0,20573.0,20102.6666666666,2018,상순,2018-12-01,사과-후지,12,1,False,False,False,False,False,False,False,False,False,False,False,True,True,False,False,사과(후지),81.28187919463085,0.6707072730915647,,,,,,,,
201812상순,411.0,사과,5.0,후지,상품,개,10.0,22840.0,,21791.0,20573.0,20102.6666666666,2018,상순,2018-12-01,사과-후지,12,1,False,False,False,False,False,False,False,False,False,False,False,True,True,False,False,사과(후지),81.28187919463085,0.6707072730915647,,,,,,,,
201812상순,411.0,사과,5.0,후지,상품,개,10.0,22840.0,,21791.0,20573.0,20102.6666666666,2018,상순,2018-12-01,사과-후지,12,1,False,False,False,False,False,False,False,False,False,False,False,True,True,False,False,사과(후지),81.28187919463085,0.6707072730915647,,,,,,,,
201812상순,411.0,사과,5.0,후지,상품,개,10.0,22840.0,,21791.0,20573.0,20102.6666666666,2018,상순,2018-12-01,사과-후지,12,1,False,False,False,False,False,False,False,False,False,False,False,True,True,False,False,사과(후지),81.28187919463085,0.6707072730915647,,,,,,,,
201812상순,411.0,사과,5.0,후지,상품,개,10.0,22840.0,,21791.0,20573.0,20102.6666666666,2018,상순,2018-12-01,사과-후지,12,1,False,False,False,False,False,False,False,False,False,False,False,True,True,False,False,사과(후지),81.28187919463085,0.6707072730915647,,,,,,,,
201812상순,411.0,사과,5.0,후지,상품,개,10.0,22840.0,,21791.0,20573.0,20102.6666666666,2018,상순,2018-12-01,사과-후지,12,1,False,False,False,False,False,False,False,False,False,False,False,True,True,False,False,사과(후지),81.28187919463085,0.6707072730915647,,,,,,,,
201812상순,411.0,사과,5.0,후지,상품,개,10.0,22840.0,,21791.0,20573.0,20102.6666666666,2018,상순,2018-12-01,사과-후지,12,1,False,False,False,False,False,False,False,False,False,False,False,True,True,False,False,사과(후지),81.28187919463085,0.6707072730915647,,,,,,,,
201812상순,411.0,사과,5.0,후지,상품,개,10.0,22840.0,,21791.0,20573.0,20102.6666666666,2018,상순,2018-12-01,사과-후지,12,1,False,False,False,False,False,False,False,False,False,False,False,True,True,False,False,사과(후지),81.28187919463085,0.6707072730915647,,,,,,,,
201812상순,411.0,사과,5.0,후지,상품,개,10.0,22840.0,,21791.0,20573.0,20102.6666666666,2018,상순,2018-12-01,사과-후지,12,1,False,False,False,False,False,False,False,False,False,False,False,True,True,False,False,사과(후지),81.28187919463085,0.6707072730915647,,,,,,,,
201812중순,411.0,사과,5.0,후지,상품,개,10.0,22237.0,,22815.0,20113.0,20100.3333333333,2018,중순,2018-12-11,사과-후지,12,11,False,False,False,False,False,False,False,False,False,False,False,True,False,True,False,사과(후지),80.31543624161071,0.6186241938635919,,,,,,,,
201812중순,411.0,사과,5.0,후지,상품,개,10.0,22237.0,,22815.0,20113.0,20100.3333333333,2018,중순,2018-12-11,사과-후지,12,11,False,False,False,False,False,False,False,False,False,False,False,True,False,True,False,사과(후지),80.31543624161071,0.6186241938635919,,,,,,,,
201812중순,411.0,사과,5.0,후지,상품,개,10.0,22237.0,,22815.0,20113.0,20100.3333333333,2018,중순,2018-12-11,사과-후지,12,11,False,False,False,False,False,False,False,False,False,False,False,True,False,True,False,사과(후지),80.31543624161071,0.6186241938635919,,,,,,,,
201812중순,411.0,사과,5.0,후지,상품,개,10.0,22237.0,,22815.0,20113.0,20100.3333333333,2018,중순,2018-12-11,사과-후지,12,11,False,False,False,False,False,False,False,False,False,False,False,True,False,True,False,사과(후지),80.31543624161071,0.6186241938635919,,,,,,,,
201812중순,411.0,사과,5.0,후지,상품,개,10.0,22237.0,,22815.0,20113.0,20100.3333333333,2018,중순,2018-12-11,사과-후지,12,11,False,False,False,False,False,False,False,False,False,False,False,True,False,True,False,사과(후지),80.31543624161071,0.6186241938635919,,,,,,,,
201812중순,411.0,사과,5.0,후지,상품,개,10.0,22237.0,,22815.0,20113.0,20100.3333333333,2018,중순,2018-12-11,사과-후지,12,11,False,False,False,False,False,False,False,False,False,False,False,True,False,True,False,사과(후지),80.31543624161071,0.6186241938635919,,,,,,,,
201812중순,411.0,사과,5.0,후지,상품,개,10.0,22237.0,,22815.0,20113.0,20100.3333333333,2018,중순,2018-12-11,사과-후지,12,11,False,False,False,False,False,False,False,False,False,False,False,True,False,True,False,사과(후지),80.31543624161071,0.6186241938635919,,,,,,,,
201812중순,411.0,사과,5.0,후지,상품,개,10.0,22237.0,,22815.0,20113.0,20100.3333333333,2018,중순,2018-12-11,사과-후지,12,11,False,False,False,False,False,False,False,False,False,False,False,True,False,True,False,사과(후지),80.31543624161071,0.6186241938635919,,,,,,,,
201812중순,411.0,사과,5.0,후지,상품,개,10.0,22237.0,,22815.0,20113.0,20100.3333333333,2018,중순,2018-12-11,사과-후지,12,11,False,False,False,False,False,False,False,False,False,False,False,True,False,True,False,사과(후지),80.31543624161071,0.6186241938635919,,,,,,,,
201812중순,411.0,사과,5.0,후지,상품,개,10.0,22237.0,,22815.0,20113.0,20100.3333333333,2018,중순,2018-12-11,사과-후지,12,11,False,False,False,False,False,False,False,False,False,False,False,True,False,True,False,사과(후지),80.31543624161071,0.6186241938635919,,,,,,,,
201812중순,411.0,사과,5.0,후지,상품,개,10.0,22237.0,,22815.0,20113.0,20100.3333333333,2018,중순,2018-12-11,사과-후지,12,11,False,False,False,False,False,False,False,False,False,False,False,True,False,True,False,사과(후지),80.31543624161071,0.6186241938635919,,,,,,,,
201812중순,411.0,사과,5.0,후지,상품,개,10.0,22237.0,,22815.0,20113.0,20100.3333333333,2018,중순,2018-12-11,사과-후지,12,11,False,False,False,False,False,False,False,False,False,False,False,True,False,True,False,사과(후지),80.31543624161071,0.6186241938635919,,,,,,,,
201812중순,411.0,사과,5.0,후지,상품,개,10.0,22237.0,,22815.0,20113.0,20100.3333333333,2018,중순,2018-12-11,사과-후지,12,11,False,False,False,False,False,False,False,False,False,False,False,True,False,True,False,사과(후지),80.31543624161071,0.6186241938635919,,,,,,,,
201812중순,411.0,사과,5.0,후지,상품,개,10.0,22237.0,,22815.0,20113.0,20100.3333333333,2018,중순,2018-12-11,사과-후지,12,11,False,False,False,False,False,False,False,False,False,False,False,True,False,True,False,사과(후지),80.31543624161071,0.6186241938635919,,,,,,,,
201812중순,411.0,사과,5.0,후지,상품,개,10.0,22237.0,,22815.0,20113.0,20100.3333333333,2018,중순,2018-12-11,사과-후지,12,11,False,False,False,False,False,False,False,False,False,False,False,True,False,True,False,사과(후지),80.31543624161071,0.6186241938635919,,,,,,,,
201812중순,411.0,사과,5.0,후지,상품,개,10.0,22237.0,,22815.0,20113.0,20100.3333333333,2018,중순,2018-12-11,사과-후지,12,11,False,False,False,False,False,False,False,False,False,False,False,True,False,True,False,사과(후지),80.31543624161071,0.6186241938635919,,,,,,,,
201812중순,411.0,사과,5.0,후지,상품,개,10.0,22237.0,,22815.0,20113.0,20100.3333333333,2018,중순,2018-12-11,사과-후지,12,11,False,False,False,False,False,False,False,False,False,False,False,True,False,True,False,사과(후지),80.31543624161071,0.6186241938635919,,,,,,,,
201812중순,411.0,사과,5.0,후지,상품,개,10.0,22237.0,,22815.0,20113.0,20100.3333333333,2018,중순,2018-12-11,사과-후지,12,11,False,False,False,False,False,False,False,False,False,False,False,True,False,True,False,사과(후지),80.31543624161071,0.6186241938635919,,,,,,,,
201812중순,411.0,사과,5.0,후지,상품,개,10.0,22237.0,,22815.0,20113.0,20100.3333333333,2018,중순,2018-12-11,사과-후지,12,11,False,False,False,False,False,False,False,False,False,False,False,True,False,True,False,사과(후지),80.31543624161071,0.6186241938635919,,,,,,,,
201812중순,411.0,사과,5.0,후지,상품,개,10.0,22237.0,,22815.0,20113.0,20100.3333333333,2018,중순,2018-12-11,사과-후지,12,11,False,False,False,False,False,False,False,False,False,False,False,True,False,True,False,사과(후지),80.31543624161071,0.6186241938635919,,,,,,,,
201812중순,411.0,사과,5.0,후지,상품,개,10.0,22237.0,,22815.0,20113.0,20100.3333333333,2018,중순,2018-12-11,사과-후지,12,11,False,False,False,False,False,False,False,False,False,False,False,True,False,True,False,사과(후지),80.31543624161071,0.6186241938635919,,,,,,,,
201812중순,411.0,사과,5.0,후지,상품,개,10.0,22237.0,,22815.0,20113.0,20100.3333333333,2018,중순,2018-12-11,사과-후지,12,11,False,False,False,False,False,False,False,False,False,False,False,True,False,True,False,사과(후지),80.31543624161071,0.6186241938635919,,,,,,,,
201812중순,411.0,사과,5.0,후지,상품,개,10.0,22237.0,,22815.0,20113.0,20100.3333333333,2018,중순,2018-12-11,사과-후지,12,11,False,False,False,False,False,False,False,False,False,False,False,True,False,True,False,사과(후지),80.31543624161071,0.6186241938635919,,,,,,,,
201812중순,411.0,사과,5.0,후지,상품,개,10.0,22237.0,,22815.0,20113.0,20100.3333333333,2018,중순,2018-12-11,사과-후지,12,11,False,False,False,False,False,False,False,False,False,False,False,True,False,True,False,사과(후지),80.31543624161071,0.6186241938635919,,,,,,,,
201812중순,411.0,사과,5.0,후지,상품,개,10.0,22237.0,,22815.0,20113.0,20100.3333333333,2018,중순,2018-12-11,사과-후지,12,11,False,False,False,False,False,False,False,False,False,False,False,True,False,True,False,사과(후지),80.31543624161071,0.6186241938635919,,,,,,,,
201812하순,411.0,사과,5.0,후지,상품,개,10.0,21908.0,,23070.0,20577.0,20250.6666666666,2018,하순,2018-12-21,사과-후지,12,21,False,False,False,False,False,False,False,False,False,False,False,True,False,False,True,사과(후지),79.37583892617445,0.5416747431672805,,,,,,,,
201812하순,411.0,사과,5.0,후지,상품,개,10.0,21908.0,,23070.0,20577.0,20250.6666666666,2018,하순,2018-12-21,사과-후지,12,21,False,False,False,False,False,False,False,False,False,False,False,True,False,False,True,사과(후지),79.37583892617445,0.5416747431672805,,,,,,,,
201812하순,411.0,사과,5.0,후지,상품,개,10.0,21908.0,,23070.0,20577.0,20250.6666666666,2018,하순,2018-12-21,사과-후지,12,21,False,False,False,False,False,False,False,False,False,False,False,True,False,False,True,사과(후지),79.37583892617445,0.5416747431672805,,,,,,,,
201812하순,411.0,사과,5.0,후지,상품,개,10.0,21908.0,,23070.0,20577.0,20250.6666666666,2018,하순,2018-12-21,사과-후지,12,21,False,False,False,False,False,False,False,False,False,False,False,True,False,False,True,사과(후지),79.37583892617445,0.5416747431672805,,,,,,,,
201812하순,411.0,사과,5.0,후지,상품,개,10.0,21908.0,,23070.0,20577.0,20250.6666666666,2018,하순,2018-12-21,사과-후지,12,21,False,False,False,False,False,False,False,False,False,False,False,True,False,False,True,사과(후지),79.37583892617445,0.5416747431672805,,,,,,,,
201812하순,411.0,사과,5.0,후지,상품,개,10.0,21908.0,,23070.0,20577.0,20250.6666666666,2018,하순,2018-12-21,사과-후지,12,21,False,False,False,False,False,False,False,False,False,False,False,True,False,False,True,사과(후지),79.37583892617445,0.5416747431672805,,,,,,,,
201812하순,411.0,사과,5.0,후지,상품,개,10.0,21908.0,,23070.0,20577.0,20250.6666666666,2018,하순,2018-12-21,사과-후지,12,21,False,False,False,False,False,False,False,False,False,False,False,True,False,False,True,사과(후지),79.37583892617445,0.5416747431672805,,,,,,,,
201812하순,411.0,사과,5.0,후지,상품,개,10.0,21908.0,,23070.0,20577.0,20250.6666666666,2018,하순,2018-12-21,사과-후지,12,21,False,False,False,False,False,False,False,False,False,False,False,True,False,False,True,사과(후지),79.37583892617445,0.5416747431672805,,,,,,,,
201812하순,411.0,사과,5.0,후지,상품,개,10.0,21908.0,,23070.0,20577.0,20250.6666666666,2018,하순,2018-12-21,사과-후지,12,21,False,False,False,False,False,False,False,False,False,False,False,True,False,False,True,사과(후지),79.37583892617445,0.5416747431672805,,,,,,,,
201812하순,411.0,사과,5.0,후지,상품,개,10.0,21908.0,,23070.0,20577.0,20250.6666666666,2018,하순,2018-12-21,사과-후지,12,21,False,False,False,False,False,False,False,False,False,False,False,True,False,False,True,사과(후지),79.37583892617445,0.5416747431672805,,,,,,,,
201812하순,411.0,사과,5.0,후지,상품,개,10.0,21908.0,,23070.0,20577.0,20250.6666666666,2018,하순,2018-12-21,사과-후지,12,21,False,False,False,False,False,False,False,False,False,False,False,True,False,False,True,사과(후지),79.37583892617445,0.5416747431672805,,,,,,,,
201812하순,411.0,사과,5.0,후지,상품,개,10.0,21908.0,,23070.0,20577.0,20250.6666666666,2018,하순,2018-12-21,사과-후지,12,21,False,False,False,False,False,False,False,False,False,False,False,True,False,False,True,사과(후지),79.37583892617445,0.5416747431672805,,,,,,,,
201812하순,411.0,사과,5.0,후지,상품,개,10.0,21908.0,,23070.0,20577.0,20250.6666666666,2018,하순,2018-12-21,사과-후지,12,21,False,False,False,False,False,False,False,False,False,False,False,True,False,False,True,사과(후지),79.37583892617445,0.5416747431672805,,,,,,,,
201812하순,411.0,사과,5.0,후지,상품,개,10.0,21908.0,,23070.0,20577.0,20250.6666666666,2018,하순,2018-12-21,사과-후지,12,21,False,False,False,False,False,False,False,False,False,False,False,True,False,False,True,사과(후지),79.37583892617445,0.5416747431672805,,,,,,,,
201812하순,411.0,사과,5.0,후지,상품,개,10.0,21908.0,,23070.0,20577.0,20250.6666666666,2018,하순,2018-12-21,사과-후지,12,21,False,False,False,False,False,False,False,False,False,False,False,True,False,False,True,사과(후지),79.37583892617445,0.5416747431672805,,,,,,,,
201812하순,411.0,사과,5.0,후지,상품,개,10.0,21908.0,,23070.0,20577.0,20250.6666666666,2018,하순,2018-12-21,사과-후지,12,21,False,False,False,False,False,False,False,False,False,False,False,True,False,False,True,사과(후지),79.37583892617445,0.5416747431672805,,,,,,,,
201812하순,411.0,사과,5.0,후지,상품,개,10.0,21908.0,,23070.0,20577.0,20250.6666666666,2018,하순,2018-12-21,사과-후지,12,21,False,False,False,False,False,False,False,False,False,False,False,True,False,False,True,사과(후지),79.37583892617445,0.5416747431672805,,,,,,,,
201812하순,411.0,사과,5.0,후지,상품,개,10.0,21908.0,,23070.0,20577.0,20250.6666666666,2018,하순,2018-12-21,사과-후지,12,21,False,False,False,False,False,False,False,False,False,False,False,True,False,False,True,사과(후지),79.37583892617445,0.5416747431672805,,,,,,,,
201812하순,411.0,사과,5.0,후지,상품,개,10.0,21908.0,,23070.0,20577.0,20250.6666666666,2018,하순,2018-12-21,사과-후지,12,21,False,False,False,False,False,False,False,False,False,False,False,True,False,False,True,사과(후지),79.37583892617445,0.5416747431672805,,,,,,,,
201812하순,411.0,사과,5.0,후지,상품,개,10.0,21908.0,,23070.0,20577.0,20250.6666666666,2018,하순,2018-12-21,사과-후지,12,21,False,False,False,False,False,False,False,False,False,False,False,True,False,False,True,사과(후지),79.37583892617445,0.5416747431672805,,,,,,,,
201812하순,411.0,사과,5.0,후지,상품,개,10.0,21908.0,,23070.0,20577.0,20250.6666666666,2018,하순,2018-12-21,사과-후지,12,21,False,False,False,False,False,False,False,False,False,False,False,True,False,False,True,사과(후지),79.37583892617445,0.5416747431672805,,,,,,,,
201812하순,411.0,사과,5.0,후지,상품,개,10.0,21908.0,,23070.0,20577.0,20250.6666666666,2018,하순,2018-12-21,사과-후지,12,21,False,False,False,False,False,False,False,False,False,False,False,True,False,False,True,사과(후지),79.37583892617445,0.5416747431672805,,,,,,,,
201812하순,411.0,사과,5.0,후지,상품,개,10.0,21908.0,,23070.0,20577.0,20250.6666666666,2018,하순,2018-12-21,사과-후지,12,21,False,False,False,False,False,False,False,False,False,False,False,True,False,False,True,사과(후지),79.37583892617445,0.5416747431672805,,,,,,,,
201812하순,411.0,사과,5.0,후지,상품,개,10.0,21908.0,,23070.0,20577.0,20250.6666666666,2018,하순,2018-12-21,사과-후지,12,21,False,False,False,False,False,False,False,False,False,False,False,True,False,False,True,사과(후지),79.37583892617445,0.5416747431672805,,,,,,,,
201812하순,411.0,사과,5.0,후지,상품,개,10.0,21908.0,,23070.0,20577.0,20250.6666666666,2018,하순,2018-12-21,사과-후지,12,21,False,False,False,False,False,False,False,False,False,False,False,True,False,False,True,사과(후지),79.37583892617445,0.5416747431672805,,,,,,,,
201901상순,411.0,사과,5.0,후지,상품,개,10.0,22487.0,,22840.0,20361.0,20696.6666666666,2019,상순,2019-01-01,사과-후지,1,1,True,False,False,False,False,False,False,False,False,False,False,False,True,False,False,사과(후지),30.102013422818768,0.4453487541943313,,,,,,,,
201901상순,411.0,사과,5.0,후지,상품,개,10.0,22487.0,,22840.0,20361.0,20696.6666666666,2019,상순,2019-01-01,사과-후지,1,1,True,False,False,False,False,False,False,False,False,False,False,False,True,False,False,사과(후지),30.102013422818768,0.4453487541943313,,,,,,,,
201901상순,411.0,사과,5.0,후지,상품,개,10.0,22487.0,,22840.0,20361.0,20696.6666666666,2019,상순,2019-01-01,사과-후지,1,1,True,False,False,False,False,False,False,False,False,False,False,False,True,False,False,사과(후지),30.102013422818768,0.4453487541943313,,,,,,,,
201901상순,411.0,사과,5.0,후지,상품,개,10.0,22487.0,,22840.0,20361.0,20696.6666666666,2019,상순,2019-01-01,사과-후지,1,1,True,False,False,False,False,False,False,False,False,False,False,False,True,False,False,사과(후지),30.102013422818768,0.4453487541943313,,,,,,,,
201901상순,411.0,사과,5.0,후지,상품,개,10.0,22487.0,,22840.0,20361.0,20696.6666666666,2019,상순,2019-01-01,사과-후지,1,1,True,False,False,False,False,False,False,False,False,False,False,False,True,False,False,사과(후지),30.102013422818768,0.4453487541943313,,,,,,,,
201901상순,411.0,사과,5.0,후지,상품,개,10.0,22487.0,,22840.0,20361.0,20696.6666666666,2019,상순,2019-01-01,사과-후지,1,1,True,False,False,False,False,False,False,False,False,False,False,False,True,False,False,사과(후지),30.102013422818768,0.4453487541943313,,,,,,,,
201901상순,411.0,사과,5.0,후지,상품,개,10.0,22487.0,,22840.0,20361.0,20696.6666666666,2019,상순,2019-01-01,사과-후지,1,1,True,False,False,False,False,False,False,False,False,False,False,False,True,False,False,사과(후지),30.102013422818768,0.4453487541943313,,,,,,,,
201901상순,411.0,사과,5.0,후지,상품,개,10.0,22487.0,,22840.0,20361.0,20696.6666666666,2019,상순,2019-01-01,사과-후지,1,1,True,False,False,False,False,False,False,False,False,False,False,False,True,False,False,사과(후지),30.102013422818768,0.4453487541943313,,,,,,,,
201901상순,411.0,사과,5.0,후지,상품,개,10.0,22487.0,,22840.0,20361.0,20696.6666666666,2019,상순,2019-01-01,사과-후지,1,1,True,False,False,False,False,False,False,False,False,False,False,False,True,False,False,사과(후지),30.102013422818768,0.4453487541943313,,,,,,,,
201901상순,411.0,사과,5.0,후지,상품,개,10.0,22487.0,,22840.0,20361.0,20696.6666666666,2019,상순,2019-01-01,사과-후지,1,1,True,False,False,False,False,False,False,False,False,False,False,False,True,False,False,사과(후지),30.102013422818768,0.4453487541943313,,,,,,,,
201901상순,411.0,사과,5.0,후지,상품,개,10.0,22487.0,,22840.0,20361.0,20696.6666666666,2019,상순,2019-01-01,사과-후지,1,1,True,False,False,False,False,False,False,False,False,False,False,False,True,False,False,사과(후지),30.102013422818768,0.4453487541943313,,,,,,,,
201901상순,411.0,사과,5.0,후지,상품,개,10.0,22487.0,,22840.0,20361.0,20696.6666666666,2019,상순,2019-01-01,사과-후지,1,1,True,False,False,False,False,False,False,False,False,False,False,False,True,False,False,사과(후지),30.102013422818768,0.4453487541943313,,,,,,,,
201901상순,411.0,사과,5.0,후지,상품,개,10.0,22487.0,,22840.0,20361.0,20696.6666666666,2019,상순,2019-01-01,사과-후지,1,1,True,False,False,False,False,False,False,False,False,False,False,False,True,False,False,사과(후지),30.102013422818768,0.4453487541943313,,,,,,,,
201901상순,411.0,사과,5.0,후지,상품,개,10.0,22487.0,,22840.0,20361.0,20696.6666666666,2019,상순,2019-01-01,사과-후지,1,1,True,False,False,False,False,False,False,False,False,False,False,False,True,False,False,사과(후지),30.102013422818768,0.4453487541943313,,,,,,,,
201901상순,411.0,사과,5.0,후지,상품,개,10.0,22487.0,,22840.0,20361.0,20696.6666666666,2019,상순,2019-01-01,사과-후지,1,1,True,False,False,False,False,False,False,False,False,False,False,False,True,False,False,사과(후지),30.102013422818768,0.4453487541943313,,,,,,,,
201901상순,411.0,사과,5.0,후지,상품,개,10.0,22487.0,,22840.0,20361.0,20696.6666666666,2019,상순,2019-01-01,사과-후지,1,1,True,False,False,False,False,False,False,False,False,False,False,False,True,False,False,사과(후지),30.102013422818768,0.4453487541943313,,,,,,,,
201901상순,411.0,사과,5.0,후지,상품,개,10.0,22487.0,,22840.0,20361.0,20696.6666666666,2019,상순,2019-01-01,사과-후지,1,1,True,False,False,False,False,False,False,False,False,False,False,False,True,False,False,사과(후지),30.102013422818768,0.4453487541943313,,,,,,,,
201901상순,411.0,사과,5.0,후지,상품,개,10.0,22487.0,,22840.0,20361.0,20696.6666666666,2019,상순,2019-01-01,사과-후지,1,1,True,False,False,False,False,False,False,False,False,False,False,False,True,False,False,사과(후지),30.102013422818768,0.4453487541943313,,,,,,,,
201901상순,411.0,사과,5.0,후지,상품,개,10.0,22487.0,,22840.0,20361.0,20696.6666666666,2019,상순,2019-01-01,사과-후지,1,1,True,False,False,False,False,False,False,False,False,False,False,False,True,False,False,사과(후지),30.102013422818768,0.4453487541943313,,,,,,,,
201901상순,411.0,사과,5.0,후지,상품,개,10.0,22487.0,,22840.0,20361.0,20696.6666666666,2019,상순,2019-01-01,사과-후지,1,1,True,False,False,False,False,False,False,False,False,False,False,False,True,False,False,사과(후지),30.102013422818768,0.4453487541943313,,,,,,,,
201901상순,411.0,사과,5.0,후지,상품,개,10.0,22487.0,,22840.0,20361.0,20696.6666666666,2019,상순,2019-01-01,사과-후지,1,1,True,False,False,False,False,False,False,False,False,False,False,False,True,False,False,사과(후지),30.102013422818768,0.4453487541943313,,,,,,,,
201901상순,411.0,사과,5.0,후지,상품,개,10.0,22487.0,,22840.0,20361.0,20696.6666666666,2019,상순,2019-01-01,사과-후지,1,1,True,False,False,False,False,False,False,False,False,False,False,False,True,False,False,사과(후지),30.102013422818768,0.4453487541943313,,,,,,,,
201901상순,411.0,사과,5.0,후지,상품,개,10.0,22487.0,,22840.0,20361.0,20696.6666666666,2019,상순,2019-01-01,사과-후지,1,1,True,False,False,False,False,False,False,False,False,False,False,False,True,False,False,사과(후지),30.102013422818768,0.4453487541943313,,,,,,,,
201901상순,411.0,사과,5.0,후지,상품,개,10.0,22487.0,,22840.0,20361.0,20696.6666666666,2019,상순,2019-01-01,사과-후지,1,1,True,False,False,False,False,False,False,False,False,False,False,False,True,False,False,사과(후지),30.102013422818768,0.4453487541943313,,,,,,,,
201901상순,411.0,사과,5.0,후지,상품,개,10.0,22487.0,,22840.0,20361.0,20696.6666666666,2019,상순,2019-01-01,사과-후지,1,1,True,False,False,False,False,False,False,False,False,False,False,False,True,False,False,사과(후지),30.102013422818768,0.4453487541943313,,,,,,,,
201901상순,411.0,사과,5.0,후지,상품,개,10.0,22487.0,,22840.0,20361.0,20696.6666666666,2019,상순,2019-01-01,사과-후지,1,1,True,False,False,False,False,False,False,False,False,False,False,False,True,False,False,사과(후지),30.102013422818768,0.4453487541943313,,,,,,,,
201901중순,411.0,사과,5.0,후지,상품,개,10.0,23655.0,,22237.0,20359.0,20851.0,2019,중순,2019-01-11,사과-후지,1,11,True,False,False,False,False,False,False,False,False,False,False,False,False,True,False,사과(후지),26.567785234899304,0.4113482671174979,,,,,,,,
201901중순,411.0,사과,5.0,후지,상품,개,10.0,23655.0,,22237.0,20359.0,20851.0,2019,중순,2019-01-11,사과-후지,1,11,True,False,False,False,False,False,False,False,False,False,False,False,False,True,False,사과(후지),26.567785234899304,0.4113482671174979,,,,,,,,
201901중순,411.0,사과,5.0,후지,상품,개,10.0,23655.0,,22237.0,20359.0,20851.0,2019,중순,2019-01-11,사과-후지,1,11,True,False,False,False,False,False,False,False,False,False,False,False,False,True,False,사과(후지),26.567785234899304,0.4113482671174979,,,,,,,,
201901중순,411.0,사과,5.0,후지,상품,개,10.0,23655.0,,22237.0,20359.0,20851.0,2019,중순,2019-01-11,사과-후지,1,11,True,False,False,False,False,False,False,False,False,False,False,False,False,True,False,사과(후지),26.567785234899304,0.4113482671174979,,,,,,,,
201901중순,411.0,사과,5.0,후지,상품,개,10.0,23655.0,,22237.0,20359.0,20851.0,2019,중순,2019-01-11,사과-후지,1,11,True,False,False,False,False,False,False,False,False,False,False,False,False,True,False,사과(후지),26.567785234899304,0.4113482671174979,,,,,,,,
201901중순,411.0,사과,5.0,후지,상품,개,10.0,23655.0,,22237.0,20359.0,20851.0,2019,중순,2019-01-11,사과-후지,1,11,True,False,False,False,False,False,False,False,False,False,False,False,False,True,False,사과(후지),26.567785234899304,0.4113482671174979,,,,,,,,
201901중순,411.0,사과,5.0,후지,상품,개,10.0,23655.0,,22237.0,20359.0,20851.0,2019,중순,2019-01-11,사과-후지,1,11,True,False,False,False,False,False,False,False,False,False,False,False,False,True,False,사과(후지),26.567785234899304,0.4113482671174979,,,,,,,,
201901중순,411.0,사과,5.0,후지,상품,개,10.0,23655.0,,22237.0,20359.0,20851.0,2019,중순,2019-01-11,사과-후지,1,11,True,False,False,False,False,False,False,False,False,False,False,False,False,True,False,사과(후지),26.567785234899304,0.4113482671174979,,,,,,,,
201901중순,411.0,사과,5.0,후지,상품,개,10.0,23655.0,,22237.0,20359.0,20851.0,2019,중순,2019-01-11,사과-후지,1,11,True,False,False,False,False,False,False,False,False,False,False,False,False,True,False,사과(후지),26.567785234899304,0.4113482671174979,,,,,,,,
201901중순,411.0,사과,5.0,후지,상품,개,10.0,23655.0,,22237.0,20359.0,20851.0,2019,중순,2019-01-11,사과-후지,1,11,True,False,False,False,False,False,False,False,False,False,False,False,False,True,False,사과(후지),26.567785234899304,0.4113482671174979,,,,,,,,
201901중순,411.0,사과,5.0,후지,상품,개,10.0,23655.0,,22237.0,20359.0,20851.0,2019,중순,2019-01-11,사과-후지,1,11,True,False,False,False,False,False,False,False,False,False,False,False,False,True,False,사과(후지),26.567785234899304,0.4113482671174979,,,,,,,,
201901중순,411.0,사과,5.0,후지,상품,개,10.0,23655.0,,22237.0,20359.0,20851.0,2019,중순,2019-01-11,사과-후지,1,11,True,False,False,False,False,False,False,False,False,False,False,False,False,True,False,사과(후지),26.567785234899304,0.4113482671174979,,,,,,,,
201901중순,411.0,사과,5.0,후지,상품,개,10.0,23655.0,,22237.0,20359.0,20851.0,2019,중순,2019-01-11,사과-후지,1,11,True,False,False,False,False,False,False,False,False,False,False,False,False,True,False,사과(후지),26.567785234899304,0.4113482671174979,,,,,,,,
201901중순,411.0,사과,5.0,후지,상품,개,10.0,23655.0,,22237.0,20359.0,20851.0,2019,중순,2019-01-11,사과-후지,1,11,True,False,False,False,False,False,False,False,False,False,False,False,False,True,False,사과(후지),26.567785234899304,0.4113482671174979,,,,,,,,
201901중순,411.0,사과,5.0,후지,상품,개,10.0,23655.0,,22237.0,20359.0,20851.0,2019,중순,2019-01-11,사과-후지,1,11,True,False,False,False,False,False,False,False,False,False,False,False,False,True,False,사과(후지),26.567785234899304,0.4113482671174979,,,,,,,,
201901중순,411.0,사과,5.0,후지,상품,개,10.0,23655.0,,22237.0,20359.0,20851.0,2019,중순,2019-01-11,사과-후지,1,11,True,False,False,False,False,False,False,False,False,False,False,False,False,True,False,사과(후지),26.567785234899304,0.4113482671174979,,,,,,,,
201901중순,411.0,사과,5.0,후지,상품,개,10.0,23655.0,,22237.0,20359.0,20851.0,2019,중순,2019-01-11,사과-후지,1,11,True,False,False,False,False,False,False,False,False,False,False,False,False,True,False,사과(후지),26.567785234899304,0.4113482671174979,,,,,,,,
201901중순,411.0,사과,5.0,후지,상품,개,10.0,23655.0,,22237.0,20359.0,20851.0,2019,중순,2019-01-11,사과-후지,1,11,True,False,False,False,False,False,False,False,False,False,False,False,False,True,False,사과(후지),26.567785234899304,0.4113482671174979,,,,,,,,
201901중순,411.0,사과,5.0,후지,상품,개,10.0,23655.0,,22237.0,20359.0,20851.0,2019,중순,2019-01-11,사과-후지,1,11,True,False,False,False,False,False,False,False,False,False,False,False,False,True,False,사과(후지),26.567785234899304,0.4113482671174979,,,,,,,,
201901중순,411.0,사과,5.0,후지,상품,개,10.0,23655.0,,22237.0,20359.0,20851.0,2019,중순,2019-01-11,사과-후지,1,11,True,False,False,False,False,False,False,False,False,False,False,False,False,True,False,사과(후지),26.567785234899304,0.4113482671174979,,,,,,,,
201901중순,411.0,사과,5.0,후지,상품,개,10.0,23655.0,,22237.0,20359.0,20851.0,2019,중순,2019-01-11,사과-후지,1,11,True,False,False,False,False,False,False,False,False,False,False,False,False,True,False,사과(후지),26.567785234899304,0.4113482671174979,,,,,,,,
201901중순,411.0,사과,5.0,후지,상품,개,10.0,23655.0,,22237.0,20359.0,20851.0,2019,중순,2019-01-11,사과-후지,1,11,True,False,False,False,False,False,False,False,False,False,False,False,False,True,False,사과(후지),26.567785234899304,0.4113482671174979,,,,,,,,
201901중순,411.0,사과,5.0,후지,상품,개,10.0,23655.0,,22237.0,20359.0,20851.0,2019,중순,2019-01-11,사과-후지,1,11,True,False,False,False,False,False,False,False,False,False,False,False,False,True,False,사과(후지),26.567785234899304,0.4113482671174979,,,,,,,,
201901중순,411.0,사과,5.0,후지,상품,개,10.0,23655.0,,22237.0,20359.0,20851.0,2019,중순,2019-01-11,사과-후지,1,11,True,False,False,False,False,False,False,False,False,False,False,False,False,True,False,사과(후지),26.567785234899304,0.4113482671174979,,,,,,,,
201901하순,411.0,사과,5.0,후지,상품,개,10.0,25155.0,,21908.0,20653.0,21606.6666666666,2019,하순,2019-01-21,사과-후지,1,21,True,False,False,False,False,False,False,False,False,False,False,False,False,False,True,사과(후지),25.27114093959729,0.3815077051228654,,,,,,,,
201901하순,411.0,사과,5.0,후지,상품,개,10.0,25155.0,,21908.0,20653.0,21606.6666666666,2019,하순,2019-01-21,사과-후지,1,21,True,False,False,False,False,False,False,False,False,False,False,False,False,False,True,사과(후지),25.27114093959729,0.3815077051228654,,,,,,,,
201901하순,411.0,사과,5.0,후지,상품,개,10.0,25155.0,,21908.0,20653.0,21606.6666666666,2019,하순,2019-01-21,사과-후지,1,21,True,False,False,False,False,False,False,False,False,False,False,False,False,False,True,사과(후지),25.27114093959729,0.3815077051228654,,,,,,,,
201901하순,411.0,사과,5.0,후지,상품,개,10.0,25155.0,,21908.0,20653.0,21606.6666666666,2019,하순,2019-01-21,사과-후지,1,21,True,False,False,False,False,False,False,False,False,False,False,False,False,False,True,사과(후지),25.27114093959729,0.3815077051228654,,,,,,,,
201901하순,411.0,사과,5.0,후지,상품,개,10.0,25155.0,,21908.0,20653.0,21606.6666666666,2019,하순,2019-01-21,사과-후지,1,21,True,False,False,False,False,False,False,False,False,False,False,False,False,False,True,사과(후지),25.27114093959729,0.3815077051228654,,,,,,,,
201901하순,411.0,사과,5.0,후지,상품,개,10.0,25155.0,,21908.0,20653.0,21606.6666666666,2019,하순,2019-01-21,사과-후지,1,21,True,False,False,False,False,False,False,False,False,False,False,False,False,False,True,사과(후지),25.27114093959729,0.3815077051228654,,,,,,,,
201901하순,411.0,사과,5.0,후지,상품,개,10.0,25155.0,,21908.0,20653.0,21606.6666666666,2019,하순,2019-01-21,사과-후지,1,21,True,False,False,False,False,False,False,False,False,False,False,False,False,False,True,사과(후지),25.27114093959729,0.3815077051228654,,,,,,,,
201901하순,411.0,사과,5.0,후지,상품,개,10.0,25155.0,,21908.0,20653.0,21606.6666666666,2019,하순,2019-01-21,사과-후지,1,21,True,False,False,False,False,False,False,False,False,False,False,False,False,False,True,사과(후지),25.27114093959729,0.3815077051228654,,,,,,,,
201901하순,411.0,사과,5.0,후지,상품,개,10.0,25155.0,,21908.0,20653.0,21606.6666666666,2019,하순,2019-01-21,사과-후지,1,21,True,False,False,False,False,False,False,False,False,False,False,False,False,False,True,사과(후지),25.27114093959729,0.3815077051228654,,,,,,,,
201901하순,411.0,사과,5.0,후지,상품,개,10.0,25155.0,,21908.0,20653.0,21606.6666666666,2019,하순,2019-01-21,사과-후지,1,21,True,False,False,False,False,False,False,False,False,False,False,False,False,False,True,사과(후지),25.27114093959729,0.3815077051228654,,,,,,,,
201901하순,411.0,사과,5.0,후지,상품,개,10.0,25155.0,,21908.0,20653.0,21606.6666666666,2019,하순,2019-01-21,사과-후지,1,21,True,False,False,False,False,False,False,False,False,False,False,False,False,False,True,사과(후지),25.27114093959729,0.3815077051228654,,,,,,,,
201901하순,411.0,사과,5.0,후지,상품,개,10.0,25155.0,,21908.0,20653.0,21606.6666666666,2019,하순,2019-01-21,사과-후지,1,21,True,False,False,False,False,False,False,False,False,False,False,False,False,False,True,사과(후지),25.27114093959729,0.3815077051228654,,,,,,,,
201901하순,411.0,사과,5.0,후지,상품,개,10.0,25155.0,,21908.0,20653.0,21606.6666666666,2019,하순,2019-01-21,사과-후지,1,21,True,False,False,False,False,False,False,False,False,False,False,False,False,False,True,사과(후지),25.27114093959729,0.3815077051228654,,,,,,,,
201901하순,411.0,사과,5.0,후지,상품,개,10.0,25155.0,,21908.0,20653.0,21606.6666666666,2019,하순,2019-01-21,사과-후지,1,21,True,False,False,False,False,False,False,False,False,False,False,False,False,False,True,사과(후지),25.27114093959729,0.3815077051228654,,,,,,,,
201901하순,411.0,사과,5.0,후지,상품,개,10.0,25155.0,,21908.0,20653.0,21606.6666666666,2019,하순,2019-01-21,사과-후지,1,21,True,False,False,False,False,False,False,False,False,False,False,False,False,False,True,사과(후지),25.27114093959729,0.3815077051228654,,,,,,,,
201901하순,411.0,사과,5.0,후지,상품,개,10.0,25155.0,,21908.0,20653.0,21606.6666666666,2019,하순,2019-01-21,사과-후지,1,21,True,False,False,False,False,False,False,False,False,False,False,False,False,False,True,사과(후지),25.27114093959729,0.3815077051228654,,,,,,,,
201901하순,411.0,사과,5.0,후지,상품,개,10.0,25155.0,,21908.0,20653.0,21606.6666666666,2019,하순,2019-01-21,사과-후지,1,21,True,False,False,False,False,False,False,False,False,False,False,False,False,False,True,사과(후지),25.27114093959729,0.3815077051228654,,,,,,,,
201901하순,411.0,사과,5.0,후지,상품,개,10.0,25155.0,,21908.0,20653.0,21606.6666666666,2019,하순,2019-01-21,사과-후지,1,21,True,False,False,False,False,False,False,False,False,False,False,False,False,False,True,사과(후지),25.27114093959729,0.3815077051228654,,,,,,,,
201901하순,411.0,사과,5.0,후지,상품,개,10.0,25155.0,,21908.0,20653.0,21606.6666666666,2019,하순,2019-01-21,사과-후지,1,21,True,False,False,False,False,False,False,False,False,False,False,False,False,False,True,사과(후지),25.27114093959729,0.3815077051228654,,,,,,,,
201901하순,411.0,사과,5.0,후지,상품,개,10.0,25155.0,,21908.0,20653.0,21606.6666666666,2019,하순,2019-01-21,사과-후지,1,21,True,False,False,False,False,False,False,False,False,False,False,False,False,False,True,사과(후지),25.27114093959729,0.3815077051228654,,,,,,,,
201901하순,411.0,사과,5.0,후지,상품,개,10.0,25155.0,,21908.0,20653.0,21606.6666666666,2019,하순,2019-01-21,사과-후지,1,21,True,False,False,False,False,False,False,False,False,False,False,False,False,False,True,사과(후지),25.27114093959729,0.3815077051228654,,,,,,,,
201901하순,411.0,사과,5.0,후지,상품,개,10.0,25155.0,,21908.0,20653.0,21606.6666666666,2019,하순,2019-01-21,사과-후지,1,21,True,False,False,False,False,False,False,False,False,False,False,False,False,False,True,사과(후지),25.27114093959729,0.3815077051228654,,,,,,,,
201901하순,411.0,사과,5.0,후지,상품,개,10.0,25155.0,,21908.0,20653.0,21606.6666666666,2019,하순,2019-01-21,사과-후지,1,21,True,False,False,False,False,False,False,False,False,False,False,False,False,False,True,사과(후지),25.27114093959729,0.3815077051228654,,,,,,,,
201901하순,411.0,사과,5.0,후지,상품,개,10.0,25155.0,,21908.0,20653.0,21606.6666666666,2019,하순,2019-01-21,사과-후지,1,21,True,False,False,False,False,False,False,False,False,False,False,False,False,False,True,사과(후지),25.27114093959729,0.3815077051228654,,,,,,,,
201902상순,411.0,사과,5.0,후지,상품,개,10.0,26059.0,,22487.0,20563.0,22033.3333333333,2019,상순,2019-02-01,사과-후지,2,1,False,True,False,False,False,False,False,False,False,False,False,False,True,False,False,사과(후지),24.912751677852327,0.3572104018912529,,,,,,,,
201902상순,411.0,사과,5.0,후지,상품,개,10.0,26059.0,,22487.0,20563.0,22033.3333333333,2019,상순,2019-02-01,사과-후지,2,1,False,True,False,False,False,False,False,False,False,False,False,False,True,False,False,사과(후지),24.912751677852327,0.3572104018912529,,,,,,,,
201902상순,411.0,사과,5.0,후지,상품,개,10.0,26059.0,,22487.0,20563.0,22033.3333333333,2019,상순,2019-02-01,사과-후지,2,1,False,True,False,False,False,False,False,False,False,False,False,False,True,False,False,사과(후지),24.912751677852327,0.3572104018912529,,,,,,,,
201902상순,411.0,사과,5.0,후지,상품,개,10.0,26059.0,,22487.0,20563.0,22033.3333333333,2019,상순,2019-02-01,사과-후지,2,1,False,True,False,False,False,False,False,False,False,False,False,False,True,False,False,사과(후지),24.912751677852327,0.3572104018912529,,,,,,,,
201902상순,411.0,사과,5.0,후지,상품,개,10.0,26059.0,,22487.0,20563.0,22033.3333333333,2019,상순,2019-02-01,사과-후지,2,1,False,True,False,False,False,False,False,False,False,False,False,False,True,False,False,사과(후지),24.912751677852327,0.3572104018912529,,,,,,,,
201902상순,411.0,사과,5.0,후지,상품,개,10.0,26059.0,,22487.0,20563.0,22033.3333333333,2019,상순,2019-02-01,사과-후지,2,1,False,True,False,False,False,False,False,False,False,False,False,False,True,False,False,사과(후지),24.912751677852327,0.3572104018912529,,,,,,,,
201902상순,411.0,사과,5.0,후지,상품,개,10.0,26059.0,,22487.0,20563.0,22033.3333333333,2019,상순,2019-02-01,사과-후지,2,1,False,True,False,False,False,False,False,False,False,False,False,False,True,False,False,사과(후지),24.912751677852327,0.3572104018912529,,,,,,,,
201902상순,411.0,사과,5.0,후지,상품,개,10.0,26059.0,,22487.0,20563.0,22033.3333333333,2019,상순,2019-02-01,사과-후지,2,1,False,True,False,False,False,False,False,False,False,False,False,False,True,False,False,사과(후지),24.912751677852327,0.3572104018912529,,,,,,,,
201902상순,411.0,사과,5.0,후지,상품,개,10.0,26059.0,,22487.0,20563.0,22033.3333333333,2019,상순,2019-02-01,사과-후지,2,1,False,True,False,False,False,False,False,False,False,False,False,False,True,False,False,사과(후지),24.912751677852327,0.3572104018912529,,,,,,,,
201902상순,411.0,사과,5.0,후지,상품,개,10.0,26059.0,,22487.0,20563.0,22033.3333333333,2019,상순,2019-02-01,사과-후지,2,1,False,True,False,False,False,False,False,False,False,False,False,False,True,False,False,사과(후지),24.912751677852327,0.3572104018912529,,,,,,,,
201902상순,411.0,사과,5.0,후지,상품,개,10.0,26059.0,,22487.0,20563.0,22033.3333333333,2019,상순,2019-02-01,사과-후지,2,1,False,True,False,False,False,False,False,False,False,False,False,False,True,False,False,사과(후지),24.912751677852327,0.3572104018912529,,,,,,,,
201902상순,411.0,사과,5.0,후지,상품,개,10.0,26059.0,,22487.0,20563.0,22033.3333333333,2019,상순,2019-02-01,사과-후지,2,1,False,True,False,False,False,False,False,False,False,False,False,False,True,False,False,사과(후지),24.912751677852327,0.3572104018912529,,,,,,,,
201902상순,411.0,사과,5.0,후지,상품,개,10.0,26059.0,,22487.0,20563.0,22033.3333333333,2019,상순,2019-02-01,사과-후지,2,1,False,True,False,False,False,False,False,False,False,False,False,False,True,False,False,사과(후지),24.912751677852327,0.3572104018912529,,,,,,,,
201902상순,411.0,사과,5.0,후지,상품,개,10.0,26059.0,,22487.0,20563.0,22033.3333333333,2019,상순,2019-02-01,사과-후지,2,1,False,True,False,False,False,False,False,False,False,False,False,False,True,False,False,사과(후지),24.912751677852327,0.3572104018912529,,,,,,,,
201902상순,411.0,사과,5.0,후지,상품,개,10.0,26059.0,,22487.0,20563.0,22033.3333333333,2019,상순,2019-02-01,사과-후지,2,1,False,True,False,False,False,False,False,False,False,False,False,False,True,False,False,사과(후지),24.912751677852327,0.3572104018912529,,,,,,,,
201902상순,411.0,사과,5.0,후지,상품,개,10.0,26059.0,,22487.0,20563.0,22033.3333333333,2019,상순,2019-02-01,사과-후지,2,1,False,True,False,False,False,False,False,False,False,False,False,False,True,False,False,사과(후지),24.912751677852327,0.3572104018912529,,,,,,,,
201902상순,411.0,사과,5.0,후지,상품,개,10.0,26059.0,,22487.0,20563.0,22033.3333333333,2019,상순,2019-02-01,사과-후지,2,1,False,True,False,False,False,False,False,False,False,False,False,False,True,False,False,사과(후지),24.912751677852327,0.3572104018912529,,,,,,,,
201902상순,411.0,사과,5.0,후지,상품,개,10.0,26059.0,,22487.0,20563.0,22033.3333333333,2019,상순,2019-02-01,사과-후지,2,1,False,True,False,False,False,False,False,False,False,False,False,False,True,False,False,사과(후지),24.912751677852327,0.3572104018912529,,,,,,,,
201902상순,411.0,사과,5.0,후지,상품,개,10.0,26059.0,,22487.0,20563.0,22033.3333333333,2019,상순,2019-02-01,사과-후지,2,1,False,True,False,False,False,False,False,False,False,False,False,False,True,False,False,사과(후지),24.912751677852327,0.3572104018912529,,,,,,,,
201902상순,411.0,사과,5.0,후지,상품,개,10.0,26059.0,,22487.0,20563.0,22033.3333333333,2019,상순,2019-02-01,사과-후지,2,1,False,True,False,False,False,False,False,False,False,False,False,False,True,False,False,사과(후지),24.912751677852327,0.3572104018912529,,,,,,,,
201902상순,411.0,사과,5.0,후지,상품,개,10.0,26059.0,,22487.0,20563.0,22033.3333333333,2019,상순,2019-02-01,사과-후지,2,1,False,True,False,False,False,False,False,False,False,False,False,False,True,False,False,사과(후지),24.912751677852327,0.3572104018912529,,,,,,,,
201902상순,411.0,사과,5.0,후지,상품,개,10.0,26059.0,,22487.0,20563.0,22033.3333333333,2019,상순,2019-02-01,사과-후지,2,1,False,True,False,False,False,False,False,False,False,False,False,False,True,False,False,사과(후지),24.912751677852327,0.3572104018912529,,,,,,,,
201902상순,411.0,사과,5.0,후지,상품,개,10.0,26059.0,,22487.0,20563.0,22033.3333333333,2019,상순,2019-02-01,사과-후지,2,1,False,True,False,False,False,False,False,False,False,False,False,False,True,False,False,사과(후지),24.912751677852327,0.3572104018912529,,,,,,,,
201902상순,411.0,사과,5.0,후지,상품,개,10.0,26059.0,,22487.0,20563.0,22033.3333333333,2019,상순,2019-02-01,사과-후지,2,1,False,True,False,False,False,False,False,False,False,False,False,False,True,False,False,사과(후지),24.912751677852327,0.3572104018912529,,,,,,,,
201902중순,411.0,사과,5.0,후지,상품,개,10.0,24721.0,,23655.0,21779.0,22334.6666666666,2019,중순,2019-02-11,사과-후지,2,11,False,True,False,False,False,False,False,False,False,False,False,False,False,True,False,사과(후지),8.280536912751657,0.3179621848739495,,,,,,,,
201902중순,411.0,사과,5.0,후지,상품,개,10.0,24721.0,,23655.0,21779.0,22334.6666666666,2019,중순,2019-02-11,사과-후지,2,11,False,True,False,False,False,False,False,False,False,False,False,False,False,True,False,사과(후지),8.280536912751657,0.3179621848739495,,,,,,,,
201902중순,411.0,사과,5.0,후지,상품,개,10.0,24721.0,,23655.0,21779.0,22334.6666666666,2019,중순,2019-02-11,사과-후지,2,11,False,True,False,False,False,False,False,False,False,False,False,False,False,True,False,사과(후지),8.280536912751657,0.3179621848739495,,,,,,,,
201902중순,411.0,사과,5.0,후지,상품,개,10.0,24721.0,,23655.0,21779.0,22334.6666666666,2019,중순,2019-02-11,사과-후지,2,11,False,True,False,False,False,False,False,False,False,False,False,False,False,True,False,사과(후지),8.280536912751657,0.3179621848739495,,,,,,,,
201902중순,411.0,사과,5.0,후지,상품,개,10.0,24721.0,,23655.0,21779.0,22334.6666666666,2019,중순,2019-02-11,사과-후지,2,11,False,True,False,False,False,False,False,False,False,False,False,False,False,True,False,사과(후지),8.280536912751657,0.3179621848739495,,,,,,,,
201902중순,411.0,사과,5.0,후지,상품,개,10.0,24721.0,,23655.0,21779.0,22334.6666666666,2019,중순,2019-02-11,사과-후지,2,11,False,True,False,False,False,False,False,False,False,False,False,False,False,True,False,사과(후지),8.280536912751657,0.3179621848739495,,,,,,,,
201902중순,411.0,사과,5.0,후지,상품,개,10.0,24721.0,,23655.0,21779.0,22334.6666666666,2019,중순,2019-02-11,사과-후지,2,11,False,True,False,False,False,False,False,False,False,False,False,False,False,True,False,사과(후지),8.280536912751657,0.3179621848739495,,,,,,,,
201902중순,411.0,사과,5.0,후지,상품,개,10.0,24721.0,,23655.0,21779.0,22334.6666666666,2019,중순,2019-02-11,사과-후지,2,11,False,True,False,False,False,False,False,False,False,False,False,False,False,True,False,사과(후지),8.280536912751657,0.3179621848739495,,,,,,,,
201902중순,411.0,사과,5.0,후지,상품,개,10.0,24721.0,,23655.0,21779.0,22334.6666666666,2019,중순,2019-02-11,사과-후지,2,11,False,True,False,False,False,False,False,False,False,False,False,False,False,True,False,사과(후지),8.280536912751657,0.3179621848739495,,,,,,,,
201902중순,411.0,사과,5.0,후지,상품,개,10.0,24721.0,,23655.0,21779.0,22334.6666666666,2019,중순,2019-02-11,사과-후지,2,11,False,True,False,False,False,False,False,False,False,False,False,False,False,True,False,사과(후지),8.280536912751657,0.3179621848739495,,,,,,,,
201902중순,411.0,사과,5.0,후지,상품,개,10.0,24721.0,,23655.0,21779.0,22334.6666666666,2019,중순,2019-02-11,사과-후지,2,11,False,True,False,False,False,False,False,False,False,False,False,False,False,True,False,사과(후지),8.280536912751657,0.3179621848739495,,,,,,,,
201902중순,411.0,사과,5.0,후지,상품,개,10.0,24721.0,,23655.0,21779.0,22334.6666666666,2019,중순,2019-02-11,사과-후지,2,11,False,True,False,False,False,False,False,False,False,False,False,False,False,True,False,사과(후지),8.280536912751657,0.3179621848739495,,,,,,,,
201902중순,411.0,사과,5.0,후지,상품,개,10.0,24721.0,,23655.0,21779.0,22334.6666666666,2019,중순,2019-02-11,사과-후지,2,11,False,True,False,False,False,False,False,False,False,False,False,False,False,True,False,사과(후지),8.280536912751657,0.3179621848739495,,,,,,,,
201902중순,411.0,사과,5.0,후지,상품,개,10.0,24721.0,,23655.0,21779.0,22334.6666666666,2019,중순,2019-02-11,사과-후지,2,11,False,True,False,False,False,False,False,False,False,False,False,False,False,True,False,사과(후지),8.280536912751657,0.3179621848739495,,,,,,,,
201902중순,411.0,사과,5.0,후지,상품,개,10.0,24721.0,,23655.0,21779.0,22334.6666666666,2019,중순,2019-02-11,사과-후지,2,11,False,True,False,False,False,False,False,False,False,False,False,False,False,True,False,사과(후지),8.280536912751657,0.3179621848739495,,,,,,,,
201902중순,411.0,사과,5.0,후지,상품,개,10.0,24721.0,,23655.0,21779.0,22334.6666666666,2019,중순,2019-02-11,사과-후지,2,11,False,True,False,False,False,False,False,False,False,False,False,False,False,True,False,사과(후지),8.280536912751657,0.3179621848739495,,,,,,,,
201902중순,411.0,사과,5.0,후지,상품,개,10.0,24721.0,,23655.0,21779.0,22334.6666666666,2019,중순,2019-02-11,사과-후지,2,11,False,True,False,False,False,False,False,False,False,False,False,False,False,True,False,사과(후지),8.280536912751657,0.3179621848739495,,,,,,,,
201902중순,411.0,사과,5.0,후지,상품,개,10.0,24721.0,,23655.0,21779.0,22334.6666666666,2019,중순,2019-02-11,사과-후지,2,11,False,True,False,False,False,False,False,False,False,False,False,False,False,True,False,사과(후지),8.280536912751657,0.3179621848739495,,,,,,,,
201902중순,411.0,사과,5.0,후지,상품,개,10.0,24721.0,,23655.0,21779.0,22334.6666666666,2019,중순,2019-02-11,사과-후지,2,11,False,True,False,False,False,False,False,False,False,False,False,False,False,True,False,사과(후지),8.280536912751657,0.3179621848739495,,,,,,,,
201902중순,411.0,사과,5.0,후지,상품,개,10.0,24721.0,,23655.0,21779.0,22334.6666666666,2019,중순,2019-02-11,사과-후지,2,11,False,True,False,False,False,False,False,False,False,False,False,False,False,True,False,사과(후지),8.280536912751657,0.3179621848739495,,,,,,,,
201902중순,411.0,사과,5.0,후지,상품,개,10.0,24721.0,,23655.0,21779.0,22334.6666666666,2019,중순,2019-02-11,사과-후지,2,11,False,True,False,False,False,False,False,False,False,False,False,False,False,True,False,사과(후지),8.280536912751657,0.3179621848739495,,,,,,,,
201902중순,411.0,사과,5.0,후지,상품,개,10.0,24721.0,,23655.0,21779.0,22334.6666666666,2019,중순,2019-02-11,사과-후지,2,11,False,True,False,False,False,False,False,False,False,False,False,False,False,True,False,사과(후지),8.280536912751657,0.3179621848739495,,,,,,,,
201902중순,411.0,사과,5.0,후지,상품,개,10.0,24721.0,,23655.0,21779.0,22334.6666666666,2019,중순,2019-02-11,사과-후지,2,11,False,True,False,False,False,False,False,False,False,False,False,False,False,True,False,사과(후지),8.280536912751657,0.3179621848739495,,,,,,,,
201902중순,411.0,사과,5.0,후지,상품,개,10.0,24721.0,,23655.0,21779.0,22334.6666666666,2019,중순,2019-02-11,사과-후지,2,11,False,True,False,False,False,False,False,False,False,False,False,False,False,True,False,사과(후지),8.280536912751657,0.3179621848739495,,,,,,,,
201902하순,411.0,사과,5.0,후지,상품,개,10.0,24274.0,,25155.0,21465.0,21610.0,2019,하순,2019-02-21,사과-후지,2,21,False,True,False,False,False,False,False,False,False,False,False,False,False,False,True,사과(후지),8.076510067114075,0.3082282913165265,,,,,,,,
201902하순,411.0,사과,5.0,후지,상품,개,10.0,24274.0,,25155.0,21465.0,21610.0,2019,하순,2019-02-21,사과-후지,2,21,False,True,False,False,False,False,False,False,False,False,False,False,False,False,True,사과(후지),8.076510067114075,0.3082282913165265,,,,,,,,
201902하순,411.0,사과,5.0,후지,상품,개,10.0,24274.0,,25155.0,21465.0,21610.0,2019,하순,2019-02-21,사과-후지,2,21,False,True,False,False,False,False,False,False,False,False,False,False,False,False,True,사과(후지),8.076510067114075,0.3082282913165265,,,,,,,,
201902하순,411.0,사과,5.0,후지,상품,개,10.0,24274.0,,25155.0,21465.0,21610.0,2019,하순,2019-02-21,사과-후지,2,21,False,True,False,False,False,False,False,False,False,False,False,False,False,False,True,사과(후지),8.076510067114075,0.3082282913165265,,,,,,,,
201902하순,411.0,사과,5.0,후지,상품,개,10.0,24274.0,,25155.0,21465.0,21610.0,2019,하순,2019-02-21,사과-후지,2,21,False,True,False,False,False,False,False,False,False,False,False,False,False,False,True,사과(후지),8.076510067114075,0.3082282913165265,,,,,,,,
201902하순,411.0,사과,5.0,후지,상품,개,10.0,24274.0,,25155.0,21465.0,21610.0,2019,하순,2019-02-21,사과-후지,2,21,False,True,False,False,False,False,False,False,False,False,False,False,False,False,True,사과(후지),8.076510067114075,0.3082282913165265,,,,,,,,
201902하순,411.0,사과,5.0,후지,상품,개,10.0,24274.0,,25155.0,21465.0,21610.0,2019,하순,2019-02-21,사과-후지,2,21,False,True,False,False,False,False,False,False,False,False,False,False,False,False,True,사과(후지),8.076510067114075,0.3082282913165265,,,,,,,,
201902하순,411.0,사과,5.0,후지,상품,개,10.0,24274.0,,25155.0,21465.0,21610.0,2019,하순,2019-02-21,사과-후지,2,21,False,True,False,False,False,False,False,False,False,False,False,False,False,False,True,사과(후지),8.076510067114075,0.3082282913165265,,,,,,,,
201902하순,411.0,사과,5.0,후지,상품,개,10.0,24274.0,,25155.0,21465.0,21610.0,2019,하순,2019-02-21,사과-후지,2,21,False,True,False,False,False,False,False,False,False,False,False,False,False,False,True,사과(후지),8.076510067114075,0.3082282913165265,,,,,,,,
201902하순,411.0,사과,5.0,후지,상품,개,10.0,24274.0,,25155.0,21465.0,21610.0,2019,하순,2019-02-21,사과-후지,2,21,False,True,False,False,False,False,False,False,False,False,False,False,False,False,True,사과(후지),8.076510067114075,0.3082282913165265,,,,,,,,
201902하순,411.0,사과,5.0,후지,상품,개,10.0,24274.0,,25155.0,21465.0,21610.0,2019,하순,2019-02-21,사과-후지,2,21,False,True,False,False,False,False,False,False,False,False,False,False,False,False,True,사과(후지),8.076510067114075,0.3082282913165265,,,,,,,,
201902하순,411.0,사과,5.0,후지,상품,개,10.0,24274.0,,25155.0,21465.0,21610.0,2019,하순,2019-02-21,사과-후지,2,21,False,True,False,False,False,False,False,False,False,False,False,False,False,False,True,사과(후지),8.076510067114075,0.3082282913165265,,,,,,,,
201902하순,411.0,사과,5.0,후지,상품,개,10.0,24274.0,,25155.0,21465.0,21610.0,2019,하순,2019-02-21,사과-후지,2,21,False,True,False,False,False,False,False,False,False,False,False,False,False,False,True,사과(후지),8.076510067114075,0.3082282913165265,,,,,,,,
201902하순,411.0,사과,5.0,후지,상품,개,10.0,24274.0,,25155.0,21465.0,21610.0,2019,하순,2019-02-21,사과-후지,2,21,False,True,False,False,False,False,False,False,False,False,False,False,False,False,True,사과(후지),8.076510067114075,0.3082282913165265,,,,,,,,
201902하순,411.0,사과,5.0,후지,상품,개,10.0,24274.0,,25155.0,21465.0,21610.0,2019,하순,2019-02-21,사과-후지,2,21,False,True,False,False,False,False,False,False,False,False,False,False,False,False,True,사과(후지),8.076510067114075,0.3082282913165265,,,,,,,,
201902하순,411.0,사과,5.0,후지,상품,개,10.0,24274.0,,25155.0,21465.0,21610.0,2019,하순,2019-02-21,사과-후지,2,21,False,True,False,False,False,False,False,False,False,False,False,False,False,False,True,사과(후지),8.076510067114075,0.3082282913165265,,,,,,,,
201902하순,411.0,사과,5.0,후지,상품,개,10.0,24274.0,,25155.0,21465.0,21610.0,2019,하순,2019-02-21,사과-후지,2,21,False,True,False,False,False,False,False,False,False,False,False,False,False,False,True,사과(후지),8.076510067114075,0.3082282913165265,,,,,,,,
201902하순,411.0,사과,5.0,후지,상품,개,10.0,24274.0,,25155.0,21465.0,21610.0,2019,하순,2019-02-21,사과-후지,2,21,False,True,False,False,False,False,False,False,False,False,False,False,False,False,True,사과(후지),8.076510067114075,0.3082282913165265,,,,,,,,
201902하순,411.0,사과,5.0,후지,상품,개,10.0,24274.0,,25155.0,21465.0,21610.0,2019,하순,2019-02-21,사과-후지,2,21,False,True,False,False,False,False,False,False,False,False,False,False,False,False,True,사과(후지),8.076510067114075,0.3082282913165265,,,,,,,,
201902하순,411.0,사과,5.0,후지,상품,개,10.0,24274.0,,25155.0,21465.0,21610.0,2019,하순,2019-02-21,사과-후지,2,21,False,True,False,False,False,False,False,False,False,False,False,False,False,False,True,사과(후지),8.076510067114075,0.3082282913165265,,,,,,,,
201902하순,411.0,사과,5.0,후지,상품,개,10.0,24274.0,,25155.0,21465.0,21610.0,2019,하순,2019-02-21,사과-후지,2,21,False,True,False,False,False,False,False,False,False,False,False,False,False,False,True,사과(후지),8.076510067114075,0.3082282913165265,,,,,,,,
201902하순,411.0,사과,5.0,후지,상품,개,10.0,24274.0,,25155.0,21465.0,21610.0,2019,하순,2019-02-21,사과-후지,2,21,False,True,False,False,False,False,False,False,False,False,False,False,False,False,True,사과(후지),8.076510067114075,0.3082282913165265,,,,,,,,
201902하순,411.0,사과,5.0,후지,상품,개,10.0,24274.0,,25155.0,21465.0,21610.0,2019,하순,2019-02-21,사과-후지,2,21,False,True,False,False,False,False,False,False,False,False,False,False,False,False,True,사과(후지),8.076510067114075,0.3082282913165265,,,,,,,,
201902하순,411.0,사과,5.0,후지,상품,개,10.0,24274.0,,25155.0,21465.0,21610.0,2019,하순,2019-02-21,사과-후지,2,21,False,True,False,False,False,False,False,False,False,False,False,False,False,False,True,사과(후지),8.076510067114075,0.3082282913165265,,,,,,,,
201903상순,411.0,사과,5.0,후지,상품,개,10.0,24027.0,,26059.0,21384.0,21707.3333333333,2019,상순,2019-03-01,사과-후지,3,1,False,False,True,False,False,False,False,False,False,False,False,False,True,False,False,사과(후지),8.927516778523469,0.3141445257348221,,,,,,,,
201903상순,411.0,사과,5.0,후지,상품,개,10.0,24027.0,,26059.0,21384.0,21707.3333333333,2019,상순,2019-03-01,사과-후지,3,1,False,False,True,False,False,False,False,False,False,False,False,False,True,False,False,사과(후지),8.927516778523469,0.3141445257348221,,,,,,,,
201903상순,411.0,사과,5.0,후지,상품,개,10.0,24027.0,,26059.0,21384.0,21707.3333333333,2019,상순,2019-03-01,사과-후지,3,1,False,False,True,False,False,False,False,False,False,False,False,False,True,False,False,사과(후지),8.927516778523469,0.3141445257348221,,,,,,,,
201903상순,411.0,사과,5.0,후지,상품,개,10.0,24027.0,,26059.0,21384.0,21707.3333333333,2019,상순,2019-03-01,사과-후지,3,1,False,False,True,False,False,False,False,False,False,False,False,False,True,False,False,사과(후지),8.927516778523469,0.3141445257348221,,,,,,,,
201903상순,411.0,사과,5.0,후지,상품,개,10.0,24027.0,,26059.0,21384.0,21707.3333333333,2019,상순,2019-03-01,사과-후지,3,1,False,False,True,False,False,False,False,False,False,False,False,False,True,False,False,사과(후지),8.927516778523469,0.3141445257348221,,,,,,,,
201903상순,411.0,사과,5.0,후지,상품,개,10.0,24027.0,,26059.0,21384.0,21707.3333333333,2019,상순,2019-03-01,사과-후지,3,1,False,False,True,False,False,False,False,False,False,False,False,False,True,False,False,사과(후지),8.927516778523469,0.3141445257348221,,,,,,,,
201903상순,411.0,사과,5.0,후지,상품,개,10.0,24027.0,,26059.0,21384.0,21707.3333333333,2019,상순,2019-03-01,사과-후지,3,1,False,False,True,False,False,False,False,False,False,False,False,False,True,False,False,사과(후지),8.927516778523469,0.3141445257348221,,,,,,,,
201903상순,411.0,사과,5.0,후지,상품,개,10.0,24027.0,,26059.0,21384.0,21707.3333333333,2019,상순,2019-03-01,사과-후지,3,1,False,False,True,False,False,False,False,False,False,False,False,False,True,False,False,사과(후지),8.927516778523469,0.3141445257348221,,,,,,,,
201903상순,411.0,사과,5.0,후지,상품,개,10.0,24027.0,,26059.0,21384.0,21707.3333333333,2019,상순,2019-03-01,사과-후지,3,1,False,False,True,False,False,False,False,False,False,False,False,False,True,False,False,사과(후지),8.927516778523469,0.3141445257348221,,,,,,,,
201903상순,411.0,사과,5.0,후지,상품,개,10.0,24027.0,,26059.0,21384.0,21707.3333333333,2019,상순,2019-03-01,사과-후지,3,1,False,False,True,False,False,False,False,False,False,False,False,False,True,False,False,사과(후지),8.927516778523469,0.3141445257348221,,,,,,,,
201903상순,411.0,사과,5.0,후지,상품,개,10.0,24027.0,,26059.0,21384.0,21707.3333333333,2019,상순,2019-03-01,사과-후지,3,1,False,False,True,False,False,False,False,False,False,False,False,False,True,False,False,사과(후지),8.927516778523469,0.3141445257348221,,,,,,,,
201903상순,411.0,사과,5.0,후지,상품,개,10.0,24027.0,,26059.0,21384.0,21707.3333333333,2019,상순,2019-03-01,사과-후지,3,1,False,False,True,False,False,False,False,False,False,False,False,False,True,False,False,사과(후지),8.927516778523469,0.3141445257348221,,,,,,,,
201903상순,411.0,사과,5.0,후지,상품,개,10.0,24027.0,,26059.0,21384.0,21707.3333333333,2019,상순,2019-03-01,사과-후지,3,1,False,False,True,False,False,False,False,False,False,False,False,False,True,False,False,사과(후지),8.927516778523469,0.3141445257348221,,,,,,,,
201903상순,411.0,사과,5.0,후지,상품,개,10.0,24027.0,,26059.0,21384.0,21707.3333333333,2019,상순,2019-03-01,사과-후지,3,1,False,False,True,False,False,False,False,False,False,False,False,False,True,False,False,사과(후지),8.927516778523469,0.3141445257348221,,,,,,,,
201903상순,411.0,사과,5.0,후지,상품,개,10.0,24027.0,,26059.0,21384.0,21707.3333333333,2019,상순,2019-03-01,사과-후지,3,1,False,False,True,False,False,False,False,False,False,False,False,False,True,False,False,사과(후지),8.927516778523469,0.3141445257348221,,,,,,,,
201903상순,411.0,사과,5.0,후지,상품,개,10.0,24027.0,,26059.0,21384.0,21707.3333333333,2019,상순,2019-03-01,사과-후지,3,1,False,False,True,False,False,False,False,False,False,False,False,False,True,False,False,사과(후지),8.927516778523469,0.3141445257348221,,,,,,,,
201903상순,411.0,사과,5.0,후지,상품,개,10.0,24027.0,,26059.0,21384.0,21707.3333333333,2019,상순,2019-03-01,사과-후지,3,1,False,False,True,False,False,False,False,False,False,False,False,False,True,False,False,사과(후지),8.927516778523469,0.3141445257348221,,,,,,,,
201903상순,411.0,사과,5.0,후지,상품,개,10.0,24027.0,,26059.0,21384.0,21707.3333333333,2019,상순,2019-03-01,사과-후지,3,1,False,False,True,False,False,False,False,False,False,False,False,False,True,False,False,사과(후지),8.927516778523469,0.3141445257348221,,,,,,,,
201903상순,411.0,사과,5.0,후지,상품,개,10.0,24027.0,,26059.0,21384.0,21707.3333333333,2019,상순,2019-03-01,사과-후지,3,1,False,False,True,False,False,False,False,False,False,False,False,False,True,False,False,사과(후지),8.927516778523469,0.3141445257348221,,,,,,,,
201903상순,411.0,사과,5.0,후지,상품,개,10.0,24027.0,,26059.0,21384.0,21707.3333333333,2019,상순,2019-03-01,사과-후지,3,1,False,False,True,False,False,False,False,False,False,False,False,False,True,False,False,사과(후지),8.927516778523469,0.3141445257348221,,,,,,,,
201903상순,411.0,사과,5.0,후지,상품,개,10.0,24027.0,,26059.0,21384.0,21707.3333333333,2019,상순,2019-03-01,사과-후지,3,1,False,False,True,False,False,False,False,False,False,False,False,False,True,False,False,사과(후지),8.927516778523469,0.3141445257348221,,,,,,,,
201903상순,411.0,사과,5.0,후지,상품,개,10.0,24027.0,,26059.0,21384.0,21707.3333333333,2019,상순,2019-03-01,사과-후지,3,1,False,False,True,False,False,False,False,False,False,False,False,False,True,False,False,사과(후지),8.927516778523469,0.3141445257348221,,,,,,,,
201903상순,411.0,사과,5.0,후지,상품,개,10.0,24027.0,,26059.0,21384.0,21707.3333333333,2019,상순,2019-03-01,사과-후지,3,1,False,False,True,False,False,False,False,False,False,False,False,False,True,False,False,사과(후지),8.927516778523469,0.3141445257348221,,,,,,,,
201903상순,411.0,사과,5.0,후지,상품,개,10.0,24027.0,,26059.0,21384.0,21707.3333333333,2019,상순,2019-03-01,사과-후지,3,1,False,False,True,False,False,False,False,False,False,False,False,False,True,False,False,사과(후지),8.927516778523469,0.3141445257348221,,,,,,,,
201903중순,411.0,사과,5.0,후지,상품,개,10.0,24501.0,,24721.0,20695.0,21438.3333333333,2019,중순,2019-03-11,사과-후지,3,11,False,False,True,False,False,False,False,False,False,False,False,False,False,True,False,사과(후지),10.387919463087222,0.3191470691470691,,,,,,,,
201903중순,411.0,사과,5.0,후지,상품,개,10.0,24501.0,,24721.0,20695.0,21438.3333333333,2019,중순,2019-03-11,사과-후지,3,11,False,False,True,False,False,False,False,False,False,False,False,False,False,True,False,사과(후지),10.387919463087222,0.3191470691470691,,,,,,,,
201903중순,411.0,사과,5.0,후지,상품,개,10.0,24501.0,,24721.0,20695.0,21438.3333333333,2019,중순,2019-03-11,사과-후지,3,11,False,False,True,False,False,False,False,False,False,False,False,False,False,True,False,사과(후지),10.387919463087222,0.3191470691470691,,,,,,,,
201903중순,411.0,사과,5.0,후지,상품,개,10.0,24501.0,,24721.0,20695.0,21438.3333333333,2019,중순,2019-03-11,사과-후지,3,11,False,False,True,False,False,False,False,False,False,False,False,False,False,True,False,사과(후지),10.387919463087222,0.3191470691470691,,,,,,,,
201903중순,411.0,사과,5.0,후지,상품,개,10.0,24501.0,,24721.0,20695.0,21438.3333333333,2019,중순,2019-03-11,사과-후지,3,11,False,False,True,False,False,False,False,False,False,False,False,False,False,True,False,사과(후지),10.387919463087222,0.3191470691470691,,,,,,,,
201903중순,411.0,사과,5.0,후지,상품,개,10.0,24501.0,,24721.0,20695.0,21438.3333333333,2019,중순,2019-03-11,사과-후지,3,11,False,False,True,False,False,False,False,False,False,False,False,False,False,True,False,사과(후지),10.387919463087222,0.3191470691470691,,,,,,,,
201903중순,411.0,사과,5.0,후지,상품,개,10.0,24501.0,,24721.0,20695.0,21438.3333333333,2019,중순,2019-03-11,사과-후지,3,11,False,False,True,False,False,False,False,False,False,False,False,False,False,True,False,사과(후지),10.387919463087222,0.3191470691470691,,,,,,,,
201903중순,411.0,사과,5.0,후지,상품,개,10.0,24501.0,,24721.0,20695.0,21438.3333333333,2019,중순,2019-03-11,사과-후지,3,11,False,False,True,False,False,False,False,False,False,False,False,False,False,True,False,사과(후지),10.387919463087222,0.3191470691470691,,,,,,,,
201903중순,411.0,사과,5.0,후지,상품,개,10.0,24501.0,,24721.0,20695.0,21438.3333333333,2019,중순,2019-03-11,사과-후지,3,11,False,False,True,False,False,False,False,False,False,False,False,False,False,True,False,사과(후지),10.387919463087222,0.3191470691470691,,,,,,,,
201903중순,411.0,사과,5.0,후지,상품,개,10.0,24501.0,,24721.0,20695.0,21438.3333333333,2019,중순,2019-03-11,사과-후지,3,11,False,False,True,False,False,False,False,False,False,False,False,False,False,True,False,사과(후지),10.387919463087222,0.3191470691470691,,,,,,,,
201903중순,411.0,사과,5.0,후지,상품,개,10.0,24501.0,,24721.0,20695.0,21438.3333333333,2019,중순,2019-03-11,사과-후지,3,11,False,False,True,False,False,False,False,False,False,False,False,False,False,True,False,사과(후지),10.387919463087222,0.3191470691470691,,,,,,,,
201903중순,411.0,사과,5.0,후지,상품,개,10.0,24501.0,,24721.0,20695.0,21438.3333333333,2019,중순,2019-03-11,사과-후지,3,11,False,False,True,False,False,False,False,False,False,False,False,False,False,True,False,사과(후지),10.387919463087222,0.3191470691470691,,,,,,,,
201903중순,411.0,사과,5.0,후지,상품,개,10.0,24501.0,,24721.0,20695.0,21438.3333333333,2019,중순,2019-03-11,사과-후지,3,11,False,False,True,False,False,False,False,False,False,False,False,False,False,True,False,사과(후지),10.387919463087222,0.3191470691470691,,,,,,,,
201903중순,411.0,사과,5.0,후지,상품,개,10.0,24501.0,,24721.0,20695.0,21438.3333333333,2019,중순,2019-03-11,사과-후지,3,11,False,False,True,False,False,False,False,False,False,False,False,False,False,True,False,사과(후지),10.387919463087222,0.3191470691470691,,,,,,,,
201903중순,411.0,사과,5.0,후지,상품,개,10.0,24501.0,,24721.0,20695.0,21438.3333333333,2019,중순,2019-03-11,사과-후지,3,11,False,False,True,False,False,False,False,False,False,False,False,False,False,True,False,사과(후지),10.387919463087222,0.3191470691470691,,,,,,,,
201903중순,411.0,사과,5.0,후지,상품,개,10.0,24501.0,,24721.0,20695.0,21438.3333333333,2019,중순,2019-03-11,사과-후지,3,11,False,False,True,False,False,False,False,False,False,False,False,False,False,True,False,사과(후지),10.387919463087222,0.3191470691470691,,,,,,,,
201903중순,411.0,사과,5.0,후지,상품,개,10.0,24501.0,,24721.0,20695.0,21438.3333333333,2019,중순,2019-03-11,사과-후지,3,11,False,False,True,False,False,False,False,False,False,False,False,False,False,True,False,사과(후지),10.387919463087222,0.3191470691470691,,,,,,,,
201903중순,411.0,사과,5.0,후지,상품,개,10.0,24501.0,,24721.0,20695.0,21438.3333333333,2019,중순,2019-03-11,사과-후지,3,11,False,False,True,False,False,False,False,False,False,False,False,False,False,True,False,사과(후지),10.387919463087222,0.3191470691470691,,,,,,,,
201903중순,411.0,사과,5.0,후지,상품,개,10.0,24501.0,,24721.0,20695.0,21438.3333333333,2019,중순,2019-03-11,사과-후지,3,11,False,False,True,False,False,False,False,False,False,False,False,False,False,True,False,사과(후지),10.387919463087222,0.3191470691470691,,,,,,,,
201903중순,411.0,사과,5.0,후지,상품,개,10.0,24501.0,,24721.0,20695.0,21438.3333333333,2019,중순,2019-03-11,사과-후지,3,11,False,False,True,False,False,False,False,False,False,False,False,False,False,True,False,사과(후지),10.387919463087222,0.3191470691470691,,,,,,,,
201903중순,411.0,사과,5.0,후지,상품,개,10.0,24501.0,,24721.0,20695.0,21438.3333333333,2019,중순,2019-03-11,사과-후지,3,11,False,False,True,False,False,False,False,False,False,False,False,False,False,True,False,사과(후지),10.387919463087222,0.3191470691470691,,,,,,,,
201903중순,411.0,사과,5.0,후지,상품,개,10.0,24501.0,,24721.0,20695.0,21438.3333333333,2019,중순,2019-03-11,사과-후지,3,11,False,False,True,False,False,False,False,False,False,False,False,False,False,True,False,사과(후지),10.387919463087222,0.3191470691470691,,,,,,,,
201903중순,411.0,사과,5.0,후지,상품,개,10.0,24501.0,,24721.0,20695.0,21438.3333333333,2019,중순,2019-03-11,사과-후지,3,11,False,False,True,False,False,False,False,False,False,False,False,False,False,True,False,사과(후지),10.387919463087222,0.3191470691470691,,,,,,,,
201903하순,411.0,사과,5.0,후지,상품,개,10.0,24797.0,,24274.0,20794.0,21247.0,2019,하순,2019-03-21,사과-후지,3,21,False,False,True,False,False,False,False,False,False,False,False,False,False,False,True,사과(후지),11.144966442952992,0.33124338624338623,,,,,,,,
201903하순,411.0,사과,5.0,후지,상품,개,10.0,24797.0,,24274.0,20794.0,21247.0,2019,하순,2019-03-21,사과-후지,3,21,False,False,True,False,False,False,False,False,False,False,False,False,False,False,True,사과(후지),11.144966442952992,0.33124338624338623,,,,,,,,
201903하순,411.0,사과,5.0,후지,상품,개,10.0,24797.0,,24274.0,20794.0,21247.0,2019,하순,2019-03-21,사과-후지,3,21,False,False,True,False,False,False,False,False,False,False,False,False,False,False,True,사과(후지),11.144966442952992,0.33124338624338623,,,,,,,,
201903하순,411.0,사과,5.0,후지,상품,개,10.0,24797.0,,24274.0,20794.0,21247.0,2019,하순,2019-03-21,사과-후지,3,21,False,False,True,False,False,False,False,False,False,False,False,False,False,False,True,사과(후지),11.144966442952992,0.33124338624338623,,,,,,,,
201903하순,411.0,사과,5.0,후지,상품,개,10.0,24797.0,,24274.0,20794.0,21247.0,2019,하순,2019-03-21,사과-후지,3,21,False,False,True,False,False,False,False,False,False,False,False,False,False,False,True,사과(후지),11.144966442952992,0.33124338624338623,,,,,,,,
201903하순,411.0,사과,5.0,후지,상품,개,10.0,24797.0,,24274.0,20794.0,21247.0,2019,하순,2019-03-21,사과-후지,3,21,False,False,True,False,False,False,False,False,False,False,False,False,False,False,True,사과(후지),11.144966442952992,0.33124338624338623,,,,,,,,
201903하순,411.0,사과,5.0,후지,상품,개,10.0,24797.0,,24274.0,20794.0,21247.0,2019,하순,2019-03-21,사과-후지,3,21,False,False,True,False,False,False,False,False,False,False,False,False,False,False,True,사과(후지),11.144966442952992,0.33124338624338623,,,,,,,,
201903하순,411.0,사과,5.0,후지,상품,개,10.0,24797.0,,24274.0,20794.0,21247.0,2019,하순,2019-03-21,사과-후지,3,21,False,False,True,False,False,False,False,False,False,False,False,False,False,False,True,사과(후지),11.144966442952992,0.33124338624338623,,,,,,,,
201903하순,411.0,사과,5.0,후지,상품,개,10.0,24797.0,,24274.0,20794.0,21247.0,2019,하순,2019-03-21,사과-후지,3,21,False,False,True,False,False,False,False,False,False,False,False,False,False,False,True,사과(후지),11.144966442952992,0.33124338624338623,,,,,,,,
201903하순,411.0,사과,5.0,후지,상품,개,10.0,24797.0,,24274.0,20794.0,21247.0,2019,하순,2019-03-21,사과-후지,3,21,False,False,True,False,False,False,False,False,False,False,False,False,False,False,True,사과(후지),11.144966442952992,0.33124338624338623,,,,,,,,
201903하순,411.0,사과,5.0,후지,상품,개,10.0,24797.0,,24274.0,20794.0,21247.0,2019,하순,2019-03-21,사과-후지,3,21,False,False,True,False,False,False,False,False,False,False,False,False,False,False,True,사과(후지),11.144966442952992,0.33124338624338623,,,,,,,,
201903하순,411.0,사과,5.0,후지,상품,개,10.0,24797.0,,24274.0,20794.0,21247.0,2019,하순,2019-03-21,사과-후지,3,21,False,False,True,False,False,False,False,False,False,False,False,False,False,False,True,사과(후지),11.144966442952992,0.33124338624338623,,,,,,,,
201903하순,411.0,사과,5.0,후지,상품,개,10.0,24797.0,,24274.0,20794.0,21247.0,2019,하순,2019-03-21,사과-후지,3,21,False,False,True,False,False,False,False,False,False,False,False,False,False,False,True,사과(후지),11.144966442952992,0.33124338624338623,,,,,,,,
201903하순,411.0,사과,5.0,후지,상품,개,10.0,24797.0,,24274.0,20794.0,21247.0,2019,하순,2019-03-21,사과-후지,3,21,False,False,True,False,False,False,False,False,False,False,False,False,False,False,True,사과(후지),11.144966442952992,0.33124338624338623,,,,,,,,
201903하순,411.0,사과,5.0,후지,상품,개,10.0,24797.0,,24274.0,20794.0,21247.0,2019,하순,2019-03-21,사과-후지,3,21,False,False,True,False,False,False,False,False,False,False,False,False,False,False,True,사과(후지),11.144966442952992,0.33124338624338623,,,,,,,,
201903하순,411.0,사과,5.0,후지,상품,개,10.0,24797.0,,24274.0,20794.0,21247.0,2019,하순,2019-03-21,사과-후지,3,21,False,False,True,False,False,False,False,False,False,False,False,False,False,False,True,사과(후지),11.144966442952992,0.33124338624338623,,,,,,,,
201903하순,411.0,사과,5.0,후지,상품,개,10.0,24797.0,,24274.0,20794.0,21247.0,2019,하순,2019-03-21,사과-후지,3,21,False,False,True,False,False,False,False,False,False,False,False,False,False,False,True,사과(후지),11.144966442952992,0.33124338624338623,,,,,,,,
201903하순,411.0,사과,5.0,후지,상품,개,10.0,24797.0,,24274.0,20794.0,21247.0,2019,하순,2019-03-21,사과-후지,3,21,False,False,True,False,False,False,False,False,False,False,False,False,False,False,True,사과(후지),11.144966442952992,0.33124338624338623,,,,,,,,
201903하순,411.0,사과,5.0,후지,상품,개,10.0,24797.0,,24274.0,20794.0,21247.0,2019,하순,2019-03-21,사과-후지,3,21,False,False,True,False,False,False,False,False,False,False,False,False,False,False,True,사과(후지),11.144966442952992,0.33124338624338623,,,,,,,,
201903하순,411.0,사과,5.0,후지,상품,개,10.0,24797.0,,24274.0,20794.0,21247.0,2019,하순,2019-03-21,사과-후지,3,21,False,False,True,False,False,False,False,False,False,False,False,False,False,False,True,사과(후지),11.144966442952992,0.33124338624338623,,,,,,,,
201903하순,411.0,사과,5.0,후지,상품,개,10.0,24797.0,,24274.0,20794.0,21247.0,2019,하순,2019-03-21,사과-후지,3,21,False,False,True,False,False,False,False,False,False,False,False,False,False,False,True,사과(후지),11.144966442952992,0.33124338624338623,,,,,,,,
201903하순,411.0,사과,5.0,후지,상품,개,10.0,24797.0,,24274.0,20794.0,21247.0,2019,하순,2019-03-21,사과-후지,3,21,False,False,True,False,False,False,False,False,False,False,False,False,False,False,True,사과(후지),11.144966442952992,0.33124338624338623,,,,,,,,
201903하순,411.0,사과,5.0,후지,상품,개,10.0,24797.0,,24274.0,20794.0,21247.0,2019,하순,2019-03-21,사과-후지,3,21,False,False,True,False,False,False,False,False,False,False,False,False,False,False,True,사과(후지),11.144966442952992,0.33124338624338623,,,,,,,,
201904상순,411.0,사과,5.0,후지,상품,개,10.0,24550.0,,24027.0,19019.0,20653.3333333333,2019,상순,2019-04-01,사과-후지,4,1,False,False,False,True,False,False,False,False,False,False,False,False,True,False,False,사과(후지),13.267114093959702,0.3373666406453291,,,,,,,,
201904상순,411.0,사과,5.0,후지,상품,개,10.0,24550.0,,24027.0,19019.0,20653.3333333333,2019,상순,2019-04-01,사과-후지,4,1,False,False,False,True,False,False,False,False,False,False,False,False,True,False,False,사과(후지),13.267114093959702,0.3373666406453291,,,,,,,,
201904상순,411.0,사과,5.0,후지,상품,개,10.0,24550.0,,24027.0,19019.0,20653.3333333333,2019,상순,2019-04-01,사과-후지,4,1,False,False,False,True,False,False,False,False,False,False,False,False,True,False,False,사과(후지),13.267114093959702,0.3373666406453291,,,,,,,,
201904상순,411.0,사과,5.0,후지,상품,개,10.0,24550.0,,24027.0,19019.0,20653.3333333333,2019,상순,2019-04-01,사과-후지,4,1,False,False,False,True,False,False,False,False,False,False,False,False,True,False,False,사과(후지),13.267114093959702,0.3373666406453291,,,,,,,,
201904상순,411.0,사과,5.0,후지,상품,개,10.0,24550.0,,24027.0,19019.0,20653.3333333333,2019,상순,2019-04-01,사과-후지,4,1,False,False,False,True,False,False,False,False,False,False,False,False,True,False,False,사과(후지),13.267114093959702,0.3373666406453291,,,,,,,,
201904상순,411.0,사과,5.0,후지,상품,개,10.0,24550.0,,24027.0,19019.0,20653.3333333333,2019,상순,2019-04-01,사과-후지,4,1,False,False,False,True,False,False,False,False,False,False,False,False,True,False,False,사과(후지),13.267114093959702,0.3373666406453291,,,,,,,,
201904상순,411.0,사과,5.0,후지,상품,개,10.0,24550.0,,24027.0,19019.0,20653.3333333333,2019,상순,2019-04-01,사과-후지,4,1,False,False,False,True,False,False,False,False,False,False,False,False,True,False,False,사과(후지),13.267114093959702,0.3373666406453291,,,,,,,,
201904상순,411.0,사과,5.0,후지,상품,개,10.0,24550.0,,24027.0,19019.0,20653.3333333333,2019,상순,2019-04-01,사과-후지,4,1,False,False,False,True,False,False,False,False,False,False,False,False,True,False,False,사과(후지),13.267114093959702,0.3373666406453291,,,,,,,,
201904상순,411.0,사과,5.0,후지,상품,개,10.0,24550.0,,24027.0,19019.0,20653.3333333333,2019,상순,2019-04-01,사과-후지,4,1,False,False,False,True,False,False,False,False,False,False,False,False,True,False,False,사과(후지),13.267114093959702,0.3373666406453291,,,,,,,,
201904상순,411.0,사과,5.0,후지,상품,개,10.0,24550.0,,24027.0,19019.0,20653.3333333333,2019,상순,2019-04-01,사과-후지,4,1,False,False,False,True,False,False,False,False,False,False,False,False,True,False,False,사과(후지),13.267114093959702,0.3373666406453291,,,,,,,,
201904상순,411.0,사과,5.0,후지,상품,개,10.0,24550.0,,24027.0,19019.0,20653.3333333333,2019,상순,2019-04-01,사과-후지,4,1,False,False,False,True,False,False,False,False,False,False,False,False,True,False,False,사과(후지),13.267114093959702,0.3373666406453291,,,,,,,,
201904상순,411.0,사과,5.0,후지,상품,개,10.0,24550.0,,24027.0,19019.0,20653.3333333333,2019,상순,2019-04-01,사과-후지,4,1,False,False,False,True,False,False,False,False,False,False,False,False,True,False,False,사과(후지),13.267114093959702,0.3373666406453291,,,,,,,,
201904상순,411.0,사과,5.0,후지,상품,개,10.0,24550.0,,24027.0,19019.0,20653.3333333333,2019,상순,2019-04-01,사과-후지,4,1,False,False,False,True,False,False,False,False,False,False,False,False,True,False,False,사과(후지),13.267114093959702,0.3373666406453291,,,,,,,,
201904상순,411.0,사과,5.0,후지,상품,개,10.0,24550.0,,24027.0,19019.0,20653.3333333333,2019,상순,2019-04-01,사과-후지,4,1,False,False,False,True,False,False,False,False,False,False,False,False,True,False,False,사과(후지),13.267114093959702,0.3373666406453291,,,,,,,,
201904상순,411.0,사과,5.0,후지,상품,개,10.0,24550.0,,24027.0,19019.0,20653.3333333333,2019,상순,2019-04-01,사과-후지,4,1,False,False,False,True,False,False,False,False,False,False,False,False,True,False,False,사과(후지),13.267114093959702,0.3373666406453291,,,,,,,,
201904상순,411.0,사과,5.0,후지,상품,개,10.0,24550.0,,24027.0,19019.0,20653.3333333333,2019,상순,2019-04-01,사과-후지,4,1,False,False,False,True,False,False,False,False,False,False,False,False,True,False,False,사과(후지),13.267114093959702,0.3373666406453291,,,,,,,,
201904상순,411.0,사과,5.0,후지,상품,개,10.0,24550.0,,24027.0,19019.0,20653.3333333333,2019,상순,2019-04-01,사과-후지,4,1,False,False,False,True,False,False,False,False,False,False,False,False,True,False,False,사과(후지),13.267114093959702,0.3373666406453291,,,,,,,,
201904상순,411.0,사과,5.0,후지,상품,개,10.0,24550.0,,24027.0,19019.0,20653.3333333333,2019,상순,2019-04-01,사과-후지,4,1,False,False,False,True,False,False,False,False,False,False,False,False,True,False,False,사과(후지),13.267114093959702,0.3373666406453291,,,,,,,,
201904상순,411.0,사과,5.0,후지,상품,개,10.0,24550.0,,24027.0,19019.0,20653.3333333333,2019,상순,2019-04-01,사과-후지,4,1,False,False,False,True,False,False,False,False,False,False,False,False,True,False,False,사과(후지),13.267114093959702,0.3373666406453291,,,,,,,,
201904상순,411.0,사과,5.0,후지,상품,개,10.0,24550.0,,24027.0,19019.0,20653.3333333333,2019,상순,2019-04-01,사과-후지,4,1,False,False,False,True,False,False,False,False,False,False,False,False,True,False,False,사과(후지),13.267114093959702,0.3373666406453291,,,,,,,,
201904상순,411.0,사과,5.0,후지,상품,개,10.0,24550.0,,24027.0,19019.0,20653.3333333333,2019,상순,2019-04-01,사과-후지,4,1,False,False,False,True,False,False,False,False,False,False,False,False,True,False,False,사과(후지),13.267114093959702,0.3373666406453291,,,,,,,,
201904상순,411.0,사과,5.0,후지,상품,개,10.0,24550.0,,24027.0,19019.0,20653.3333333333,2019,상순,2019-04-01,사과-후지,4,1,False,False,False,True,False,False,False,False,False,False,False,False,True,False,False,사과(후지),13.267114093959702,0.3373666406453291,,,,,,,,
201904상순,411.0,사과,5.0,후지,상품,개,10.0,24550.0,,24027.0,19019.0,20653.3333333333,2019,상순,2019-04-01,사과-후지,4,1,False,False,False,True,False,False,False,False,False,False,False,False,True,False,False,사과(후지),13.267114093959702,0.3373666406453291,,,,,,,,
201904중순,411.0,사과,5.0,후지,상품,개,10.0,24522.0,,24501.0,19208.0,20791.3333333333,2019,중순,2019-04-11,사과-후지,4,11,False,False,False,True,False,False,False,False,False,False,False,False,False,True,False,사과(후지),11.492617449664403,0.34896745766310977,,,,,,,,
201904중순,411.0,사과,5.0,후지,상품,개,10.0,24522.0,,24501.0,19208.0,20791.3333333333,2019,중순,2019-04-11,사과-후지,4,11,False,False,False,True,False,False,False,False,False,False,False,False,False,True,False,사과(후지),11.492617449664403,0.34896745766310977,,,,,,,,
201904중순,411.0,사과,5.0,후지,상품,개,10.0,24522.0,,24501.0,19208.0,20791.3333333333,2019,중순,2019-04-11,사과-후지,4,11,False,False,False,True,False,False,False,False,False,False,False,False,False,True,False,사과(후지),11.492617449664403,0.34896745766310977,,,,,,,,
201904중순,411.0,사과,5.0,후지,상품,개,10.0,24522.0,,24501.0,19208.0,20791.3333333333,2019,중순,2019-04-11,사과-후지,4,11,False,False,False,True,False,False,False,False,False,False,False,False,False,True,False,사과(후지),11.492617449664403,0.34896745766310977,,,,,,,,
201904중순,411.0,사과,5.0,후지,상품,개,10.0,24522.0,,24501.0,19208.0,20791.3333333333,2019,중순,2019-04-11,사과-후지,4,11,False,False,False,True,False,False,False,False,False,False,False,False,False,True,False,사과(후지),11.492617449664403,0.34896745766310977,,,,,,,,
201904중순,411.0,사과,5.0,후지,상품,개,10.0,24522.0,,24501.0,19208.0,20791.3333333333,2019,중순,2019-04-11,사과-후지,4,11,False,False,False,True,False,False,False,False,False,False,False,False,False,True,False,사과(후지),11.492617449664403,0.34896745766310977,,,,,,,,
201904중순,411.0,사과,5.0,후지,상품,개,10.0,24522.0,,24501.0,19208.0,20791.3333333333,2019,중순,2019-04-11,사과-후지,4,11,False,False,False,True,False,False,False,False,False,False,False,False,False,True,False,사과(후지),11.492617449664403,0.34896745766310977,,,,,,,,
201904중순,411.0,사과,5.0,후지,상품,개,10.0,24522.0,,24501.0,19208.0,20791.3333333333,2019,중순,2019-04-11,사과-후지,4,11,False,False,False,True,False,False,False,False,False,False,False,False,False,True,False,사과(후지),11.492617449664403,0.34896745766310977,,,,,,,,
201904중순,411.0,사과,5.0,후지,상품,개,10.0,24522.0,,24501.0,19208.0,20791.3333333333,2019,중순,2019-04-11,사과-후지,4,11,False,False,False,True,False,False,False,False,False,False,False,False,False,True,False,사과(후지),11.492617449664403,0.34896745766310977,,,,,,,,
201904중순,411.0,사과,5.0,후지,상품,개,10.0,24522.0,,24501.0,19208.0,20791.3333333333,2019,중순,2019-04-11,사과-후지,4,11,False,False,False,True,False,False,False,False,False,False,False,False,False,True,False,사과(후지),11.492617449664403,0.34896745766310977,,,,,,,,
201904중순,411.0,사과,5.0,후지,상품,개,10.0,24522.0,,24501.0,19208.0,20791.3333333333,2019,중순,2019-04-11,사과-후지,4,11,False,False,False,True,False,False,False,False,False,False,False,False,False,True,False,사과(후지),11.492617449664403,0.34896745766310977,,,,,,,,
201904중순,411.0,사과,5.0,후지,상품,개,10.0,24522.0,,24501.0,19208.0,20791.3333333333,2019,중순,2019-04-11,사과-후지,4,11,False,False,False,True,False,False,False,False,False,False,False,False,False,True,False,사과(후지),11.492617449664403,0.34896745766310977,,,,,,,,
201904중순,411.0,사과,5.0,후지,상품,개,10.0,24522.0,,24501.0,19208.0,20791.3333333333,2019,중순,2019-04-11,사과-후지,4,11,False,False,False,True,False,False,False,False,False,False,False,False,False,True,False,사과(후지),11.492617449664403,0.34896745766310977,,,,,,,,
201904중순,411.0,사과,5.0,후지,상품,개,10.0,24522.0,,24501.0,19208.0,20791.3333333333,2019,중순,2019-04-11,사과-후지,4,11,False,False,False,True,False,False,False,False,False,False,False,False,False,True,False,사과(후지),11.492617449664403,0.34896745766310977,,,,,,,,
201904중순,411.0,사과,5.0,후지,상품,개,10.0,24522.0,,24501.0,19208.0,20791.3333333333,2019,중순,2019-04-11,사과-후지,4,11,False,False,False,True,False,False,False,False,False,False,False,False,False,True,False,사과(후지),11.492617449664403,0.34896745766310977,,,,,,,,
201904중순,411.0,사과,5.0,후지,상품,개,10.0,24522.0,,24501.0,19208.0,20791.3333333333,2019,중순,2019-04-11,사과-후지,4,11,False,False,False,True,False,False,False,False,False,False,False,False,False,True,False,사과(후지),11.492617449664403,0.34896745766310977,,,,,,,,
201904중순,411.0,사과,5.0,후지,상품,개,10.0,24522.0,,24501.0,19208.0,20791.3333333333,2019,중순,2019-04-11,사과-후지,4,11,False,False,False,True,False,False,False,False,False,False,False,False,False,True,False,사과(후지),11.492617449664403,0.34896745766310977,,,,,,,,
201904중순,411.0,사과,5.0,후지,상품,개,10.0,24522.0,,24501.0,19208.0,20791.3333333333,2019,중순,2019-04-11,사과-후지,4,11,False,False,False,True,False,False,False,False,False,False,False,False,False,True,False,사과(후지),11.492617449664403,0.34896745766310977,,,,,,,,
201904중순,411.0,사과,5.0,후지,상품,개,10.0,24522.0,,24501.0,19208.0,20791.3333333333,2019,중순,2019-04-11,사과-후지,4,11,False,False,False,True,False,False,False,False,False,False,False,False,False,True,False,사과(후지),11.492617449664403,0.34896745766310977,,,,,,,,
201904중순,411.0,사과,5.0,후지,상품,개,10.0,24522.0,,24501.0,19208.0,20791.3333333333,2019,중순,2019-04-11,사과-후지,4,11,False,False,False,True,False,False,False,False,False,False,False,False,False,True,False,사과(후지),11.492617449664403,0.34896745766310977,,,,,,,,
201904중순,411.0,사과,5.0,후지,상품,개,10.0,24522.0,,24501.0,19208.0,20791.3333333333,2019,중순,2019-04-11,사과-후지,4,11,False,False,False,True,False,False,False,False,False,False,False,False,False,True,False,사과(후지),11.492617449664403,0.34896745766310977,,,,,,,,
201904중순,411.0,사과,5.0,후지,상품,개,10.0,24522.0,,24501.0,19208.0,20791.3333333333,2019,중순,2019-04-11,사과-후지,4,11,False,False,False,True,False,False,False,False,False,False,False,False,False,True,False,사과(후지),11.492617449664403,0.34896745766310977,,,,,,,,
201904중순,411.0,사과,5.0,후지,상품,개,10.0,24522.0,,24501.0,19208.0,20791.3333333333,2019,중순,2019-04-11,사과-후지,4,11,False,False,False,True,False,False,False,False,False,False,False,False,False,True,False,사과(후지),11.492617449664403,0.34896745766310977,,,,,,,,
201904중순,411.0,사과,5.0,후지,상품,개,10.0,24522.0,,24501.0,19208.0,20791.3333333333,2019,중순,2019-04-11,사과-후지,4,11,False,False,False,True,False,False,False,False,False,False,False,False,False,True,False,사과(후지),11.492617449664403,0.34896745766310977,,,,,,,,
201904중순,411.0,사과,5.0,후지,상품,개,10.0,24522.0,,24501.0,19208.0,20791.3333333333,2019,중순,2019-04-11,사과-후지,4,11,False,False,False,True,False,False,False,False,False,False,False,False,False,True,False,사과(후지),11.492617449664403,0.34896745766310977,,,,,,,,
201904하순,411.0,사과,5.0,후지,상품,개,10.0,25049.0,,24797.0,19154.0,20969.0,2019,하순,2019-04-21,사과-후지,4,21,False,False,False,True,False,False,False,False,False,False,False,False,False,False,True,사과(후지),12.90335570469796,0.3667916938464883,,,,,,,,
201904하순,411.0,사과,5.0,후지,상품,개,10.0,25049.0,,24797.0,19154.0,20969.0,2019,하순,2019-04-21,사과-후지,4,21,False,False,False,True,False,False,False,False,False,False,False,False,False,False,True,사과(후지),12.90335570469796,0.3667916938464883,,,,,,,,
201904하순,411.0,사과,5.0,후지,상품,개,10.0,25049.0,,24797.0,19154.0,20969.0,2019,하순,2019-04-21,사과-후지,4,21,False,False,False,True,False,False,False,False,False,False,False,False,False,False,True,사과(후지),12.90335570469796,0.3667916938464883,,,,,,,,
201904하순,411.0,사과,5.0,후지,상품,개,10.0,25049.0,,24797.0,19154.0,20969.0,2019,하순,2019-04-21,사과-후지,4,21,False,False,False,True,False,False,False,False,False,False,False,False,False,False,True,사과(후지),12.90335570469796,0.3667916938464883,,,,,,,,
201904하순,411.0,사과,5.0,후지,상품,개,10.0,25049.0,,24797.0,19154.0,20969.0,2019,하순,2019-04-21,사과-후지,4,21,False,False,False,True,False,False,False,False,False,False,False,False,False,False,True,사과(후지),12.90335570469796,0.3667916938464883,,,,,,,,
201904하순,411.0,사과,5.0,후지,상품,개,10.0,25049.0,,24797.0,19154.0,20969.0,2019,하순,2019-04-21,사과-후지,4,21,False,False,False,True,False,False,False,False,False,False,False,False,False,False,True,사과(후지),12.90335570469796,0.3667916938464883,,,,,,,,
201904하순,411.0,사과,5.0,후지,상품,개,10.0,25049.0,,24797.0,19154.0,20969.0,2019,하순,2019-04-21,사과-후지,4,21,False,False,False,True,False,False,False,False,False,False,False,False,False,False,True,사과(후지),12.90335570469796,0.3667916938464883,,,,,,,,
201904하순,411.0,사과,5.0,후지,상품,개,10.0,25049.0,,24797.0,19154.0,20969.0,2019,하순,2019-04-21,사과-후지,4,21,False,False,False,True,False,False,False,False,False,False,False,False,False,False,True,사과(후지),12.90335570469796,0.3667916938464883,,,,,,,,
201904하순,411.0,사과,5.0,후지,상품,개,10.0,25049.0,,24797.0,19154.0,20969.0,2019,하순,2019-04-21,사과-후지,4,21,False,False,False,True,False,False,False,False,False,False,False,False,False,False,True,사과(후지),12.90335570469796,0.3667916938464883,,,,,,,,
201904하순,411.0,사과,5.0,후지,상품,개,10.0,25049.0,,24797.0,19154.0,20969.0,2019,하순,2019-04-21,사과-후지,4,21,False,False,False,True,False,False,False,False,False,False,False,False,False,False,True,사과(후지),12.90335570469796,0.3667916938464883,,,,,,,,
201904하순,411.0,사과,5.0,후지,상품,개,10.0,25049.0,,24797.0,19154.0,20969.0,2019,하순,2019-04-21,사과-후지,4,21,False,False,False,True,False,False,False,False,False,False,False,False,False,False,True,사과(후지),12.90335570469796,0.3667916938464883,,,,,,,,
201904하순,411.0,사과,5.0,후지,상품,개,10.0,25049.0,,24797.0,19154.0,20969.0,2019,하순,2019-04-21,사과-후지,4,21,False,False,False,True,False,False,False,False,False,False,False,False,False,False,True,사과(후지),12.90335570469796,0.3667916938464883,,,,,,,,
201904하순,411.0,사과,5.0,후지,상품,개,10.0,25049.0,,24797.0,19154.0,20969.0,2019,하순,2019-04-21,사과-후지,4,21,False,False,False,True,False,False,False,False,False,False,False,False,False,False,True,사과(후지),12.90335570469796,0.3667916938464883,,,,,,,,
201904하순,411.0,사과,5.0,후지,상품,개,10.0,25049.0,,24797.0,19154.0,20969.0,2019,하순,2019-04-21,사과-후지,4,21,False,False,False,True,False,False,False,False,False,False,False,False,False,False,True,사과(후지),12.90335570469796,0.3667916938464883,,,,,,,,
201904하순,411.0,사과,5.0,후지,상품,개,10.0,25049.0,,24797.0,19154.0,20969.0,2019,하순,2019-04-21,사과-후지,4,21,False,False,False,True,False,False,False,False,False,False,False,False,False,False,True,사과(후지),12.90335570469796,0.3667916938464883,,,,,,,,
201904하순,411.0,사과,5.0,후지,상품,개,10.0,25049.0,,24797.0,19154.0,20969.0,2019,하순,2019-04-21,사과-후지,4,21,False,False,False,True,False,False,False,False,False,False,False,False,False,False,True,사과(후지),12.90335570469796,0.3667916938464883,,,,,,,,
201904하순,411.0,사과,5.0,후지,상품,개,10.0,25049.0,,24797.0,19154.0,20969.0,2019,하순,2019-04-21,사과-후지,4,21,False,False,False,True,False,False,False,False,False,False,False,False,False,False,True,사과(후지),12.90335570469796,0.3667916938464883,,,,,,,,
201904하순,411.0,사과,5.0,후지,상품,개,10.0,25049.0,,24797.0,19154.0,20969.0,2019,하순,2019-04-21,사과-후지,4,21,False,False,False,True,False,False,False,False,False,False,False,False,False,False,True,사과(후지),12.90335570469796,0.3667916938464883,,,,,,,,
201904하순,411.0,사과,5.0,후지,상품,개,10.0,25049.0,,24797.0,19154.0,20969.0,2019,하순,2019-04-21,사과-후지,4,21,False,False,False,True,False,False,False,False,False,False,False,False,False,False,True,사과(후지),12.90335570469796,0.3667916938464883,,,,,,,,
201904하순,411.0,사과,5.0,후지,상품,개,10.0,25049.0,,24797.0,19154.0,20969.0,2019,하순,2019-04-21,사과-후지,4,21,False,False,False,True,False,False,False,False,False,False,False,False,False,False,True,사과(후지),12.90335570469796,0.3667916938464883,,,,,,,,
201904하순,411.0,사과,5.0,후지,상품,개,10.0,25049.0,,24797.0,19154.0,20969.0,2019,하순,2019-04-21,사과-후지,4,21,False,False,False,True,False,False,False,False,False,False,False,False,False,False,True,사과(후지),12.90335570469796,0.3667916938464883,,,,,,,,
201904하순,411.0,사과,5.0,후지,상품,개,10.0,25049.0,,24797.0,19154.0,20969.0,2019,하순,2019-04-21,사과-후지,4,21,False,False,False,True,False,False,False,False,False,False,False,False,False,False,True,사과(후지),12.90335570469796,0.3667916938464883,,,,,,,,
201904하순,411.0,사과,5.0,후지,상품,개,10.0,25049.0,,24797.0,19154.0,20969.0,2019,하순,2019-04-21,사과-후지,4,21,False,False,False,True,False,False,False,False,False,False,False,False,False,False,True,사과(후지),12.90335570469796,0.3667916938464883,,,,,,,,
201904하순,411.0,사과,5.0,후지,상품,개,10.0,25049.0,,24797.0,19154.0,20969.0,2019,하순,2019-04-21,사과-후지,4,21,False,False,False,True,False,False,False,False,False,False,False,False,False,False,True,사과(후지),12.90335570469796,0.3667916938464883,,,,,,,,
201904하순,411.0,사과,5.0,후지,상품,개,10.0,25049.0,,24797.0,19154.0,20969.0,2019,하순,2019-04-21,사과-후지,4,21,False,False,False,True,False,False,False,False,False,False,False,False,False,False,True,사과(후지),12.90335570469796,0.3667916938464883,,,,,,,,
201905상순,411.0,사과,5.0,후지,상품,개,10.0,24884.0,,24550.0,19074.0,20859.3333333333,2019,상순,2019-05-01,사과-후지,5,1,False,False,False,False,True,False,False,False,False,False,False,False,True,False,False,사과(후지),12.67114093959729,0.3932577838827838,,,,,,,,
201905상순,411.0,사과,5.0,후지,상품,개,10.0,24884.0,,24550.0,19074.0,20859.3333333333,2019,상순,2019-05-01,사과-후지,5,1,False,False,False,False,True,False,False,False,False,False,False,False,True,False,False,사과(후지),12.67114093959729,0.3932577838827838,,,,,,,,
201905상순,411.0,사과,5.0,후지,상품,개,10.0,24884.0,,24550.0,19074.0,20859.3333333333,2019,상순,2019-05-01,사과-후지,5,1,False,False,False,False,True,False,False,False,False,False,False,False,True,False,False,사과(후지),12.67114093959729,0.3932577838827838,,,,,,,,
201905상순,411.0,사과,5.0,후지,상품,개,10.0,24884.0,,24550.0,19074.0,20859.3333333333,2019,상순,2019-05-01,사과-후지,5,1,False,False,False,False,True,False,False,False,False,False,False,False,True,False,False,사과(후지),12.67114093959729,0.3932577838827838,,,,,,,,
201905상순,411.0,사과,5.0,후지,상품,개,10.0,24884.0,,24550.0,19074.0,20859.3333333333,2019,상순,2019-05-01,사과-후지,5,1,False,False,False,False,True,False,False,False,False,False,False,False,True,False,False,사과(후지),12.67114093959729,0.3932577838827838,,,,,,,,
201905상순,411.0,사과,5.0,후지,상품,개,10.0,24884.0,,24550.0,19074.0,20859.3333333333,2019,상순,2019-05-01,사과-후지,5,1,False,False,False,False,True,False,False,False,False,False,False,False,True,False,False,사과(후지),12.67114093959729,0.3932577838827838,,,,,,,,
201905상순,411.0,사과,5.0,후지,상품,개,10.0,24884.0,,24550.0,19074.0,20859.3333333333,2019,상순,2019-05-01,사과-후지,5,1,False,False,False,False,True,False,False,False,False,False,False,False,True,False,False,사과(후지),12.67114093959729,0.3932577838827838,,,,,,,,
201905상순,411.0,사과,5.0,후지,상품,개,10.0,24884.0,,24550.0,19074.0,20859.3333333333,2019,상순,2019-05-01,사과-후지,5,1,False,False,False,False,True,False,False,False,False,False,False,False,True,False,False,사과(후지),12.67114093959729,0.3932577838827838,,,,,,,,
201905상순,411.0,사과,5.0,후지,상품,개,10.0,24884.0,,24550.0,19074.0,20859.3333333333,2019,상순,2019-05-01,사과-후지,5,1,False,False,False,False,True,False,False,False,False,False,False,False,True,False,False,사과(후지),12.67114093959729,0.3932577838827838,,,,,,,,
201905상순,411.0,사과,5.0,후지,상품,개,10.0,24884.0,,24550.0,19074.0,20859.3333333333,2019,상순,2019-05-01,사과-후지,5,1,False,False,False,False,True,False,False,False,False,False,False,False,True,False,False,사과(후지),12.67114093959729,0.3932577838827838,,,,,,,,
201905상순,411.0,사과,5.0,후지,상품,개,10.0,24884.0,,24550.0,19074.0,20859.3333333333,2019,상순,2019-05-01,사과-후지,5,1,False,False,False,False,True,False,False,False,False,False,False,False,True,False,False,사과(후지),12.67114093959729,0.3932577838827838,,,,,,,,
201905상순,411.0,사과,5.0,후지,상품,개,10.0,24884.0,,24550.0,19074.0,20859.3333333333,2019,상순,2019-05-01,사과-후지,5,1,False,False,False,False,True,False,False,False,False,False,False,False,True,False,False,사과(후지),12.67114093959729,0.3932577838827838,,,,,,,,
201905상순,411.0,사과,5.0,후지,상품,개,10.0,24884.0,,24550.0,19074.0,20859.3333333333,2019,상순,2019-05-01,사과-후지,5,1,False,False,False,False,True,False,False,False,False,False,False,False,True,False,False,사과(후지),12.67114093959729,0.3932577838827838,,,,,,,,
201905상순,411.0,사과,5.0,후지,상품,개,10.0,24884.0,,24550.0,19074.0,20859.3333333333,2019,상순,2019-05-01,사과-후지,5,1,False,False,False,False,True,False,False,False,False,False,False,False,True,False,False,사과(후지),12.67114093959729,0.3932577838827838,,,,,,,,
201905상순,411.0,사과,5.0,후지,상품,개,10.0,24884.0,,24550.0,19074.0,20859.3333333333,2019,상순,2019-05-01,사과-후지,5,1,False,False,False,False,True,False,False,False,False,False,False,False,True,False,False,사과(후지),12.67114093959729,0.3932577838827838,,,,,,,,
201905상순,411.0,사과,5.0,후지,상품,개,10.0,24884.0,,24550.0,19074.0,20859.3333333333,2019,상순,2019-05-01,사과-후지,5,1,False,False,False,False,True,False,False,False,False,False,False,False,True,False,False,사과(후지),12.67114093959729,0.3932577838827838,,,,,,,,
201905상순,411.0,사과,5.0,후지,상품,개,10.0,24884.0,,24550.0,19074.0,20859.3333333333,2019,상순,2019-05-01,사과-후지,5,1,False,False,False,False,True,False,False,False,False,False,False,False,True,False,False,사과(후지),12.67114093959729,0.3932577838827838,,,,,,,,
201905상순,411.0,사과,5.0,후지,상품,개,10.0,24884.0,,24550.0,19074.0,20859.3333333333,2019,상순,2019-05-01,사과-후지,5,1,False,False,False,False,True,False,False,False,False,False,False,False,True,False,False,사과(후지),12.67114093959729,0.3932577838827838,,,,,,,,
201905상순,411.0,사과,5.0,후지,상품,개,10.0,24884.0,,24550.0,19074.0,20859.3333333333,2019,상순,2019-05-01,사과-후지,5,1,False,False,False,False,True,False,False,False,False,False,False,False,True,False,False,사과(후지),12.67114093959729,0.3932577838827838,,,,,,,,
201905상순,411.0,사과,5.0,후지,상품,개,10.0,24884.0,,24550.0,19074.0,20859.3333333333,2019,상순,2019-05-01,사과-후지,5,1,False,False,False,False,True,False,False,False,False,False,False,False,True,False,False,사과(후지),12.67114093959729,0.3932577838827838,,,,,,,,
201905상순,411.0,사과,5.0,후지,상품,개,10.0,24884.0,,24550.0,19074.0,20859.3333333333,2019,상순,2019-05-01,사과-후지,5,1,False,False,False,False,True,False,False,False,False,False,False,False,True,False,False,사과(후지),12.67114093959729,0.3932577838827838,,,,,,,,
201905상순,411.0,사과,5.0,후지,상품,개,10.0,24884.0,,24550.0,19074.0,20859.3333333333,2019,상순,2019-05-01,사과-후지,5,1,False,False,False,False,True,False,False,False,False,False,False,False,True,False,False,사과(후지),12.67114093959729,0.3932577838827838,,,,,,,,
201905상순,411.0,사과,5.0,후지,상품,개,10.0,24884.0,,24550.0,19074.0,20859.3333333333,2019,상순,2019-05-01,사과-후지,5,1,False,False,False,False,True,False,False,False,False,False,False,False,True,False,False,사과(후지),12.67114093959729,0.3932577838827838,,,,,,,,
201905중순,411.0,사과,5.0,후지,상품,개,10.0,24801.0,,24522.0,18943.0,20961.3333333333,2019,중순,2019-05-11,사과-후지,5,11,False,False,False,False,True,False,False,False,False,False,False,False,False,True,False,사과(후지),14.314093959731514,0.4262314262314262,,,,,,,,
201905중순,411.0,사과,5.0,후지,상품,개,10.0,24801.0,,24522.0,18943.0,20961.3333333333,2019,중순,2019-05-11,사과-후지,5,11,False,False,False,False,True,False,False,False,False,False,False,False,False,True,False,사과(후지),14.314093959731514,0.4262314262314262,,,,,,,,
201905중순,411.0,사과,5.0,후지,상품,개,10.0,24801.0,,24522.0,18943.0,20961.3333333333,2019,중순,2019-05-11,사과-후지,5,11,False,False,False,False,True,False,False,False,False,False,False,False,False,True,False,사과(후지),14.314093959731514,0.4262314262314262,,,,,,,,
201905중순,411.0,사과,5.0,후지,상품,개,10.0,24801.0,,24522.0,18943.0,20961.3333333333,2019,중순,2019-05-11,사과-후지,5,11,False,False,False,False,True,False,False,False,False,False,False,False,False,True,False,사과(후지),14.314093959731514,0.4262314262314262,,,,,,,,
201905중순,411.0,사과,5.0,후지,상품,개,10.0,24801.0,,24522.0,18943.0,20961.3333333333,2019,중순,2019-05-11,사과-후지,5,11,False,False,False,False,True,False,False,False,False,False,False,False,False,True,False,사과(후지),14.314093959731514,0.4262314262314262,,,,,,,,
201905중순,411.0,사과,5.0,후지,상품,개,10.0,24801.0,,24522.0,18943.0,20961.3333333333,2019,중순,2019-05-11,사과-후지,5,11,False,False,False,False,True,False,False,False,False,False,False,False,False,True,False,사과(후지),14.314093959731514,0.4262314262314262,,,,,,,,
201905중순,411.0,사과,5.0,후지,상품,개,10.0,24801.0,,24522.0,18943.0,20961.3333333333,2019,중순,2019-05-11,사과-후지,5,11,False,False,False,False,True,False,False,False,False,False,False,False,False,True,False,사과(후지),14.314093959731514,0.4262314262314262,,,,,,,,
201905중순,411.0,사과,5.0,후지,상품,개,10.0,24801.0,,24522.0,18943.0,20961.3333333333,2019,중순,2019-05-11,사과-후지,5,11,False,False,False,False,True,False,False,False,False,False,False,False,False,True,False,사과(후지),14.314093959731514,0.4262314262314262,,,,,,,,
201905중순,411.0,사과,5.0,후지,상품,개,10.0,24801.0,,24522.0,18943.0,20961.3333333333,2019,중순,2019-05-11,사과-후지,5,11,False,False,False,False,True,False,False,False,False,False,False,False,False,True,False,사과(후지),14.314093959731514,0.4262314262314262,,,,,,,,
201905중순,411.0,사과,5.0,후지,상품,개,10.0,24801.0,,24522.0,18943.0,20961.3333333333,2019,중순,2019-05-11,사과-후지,5,11,False,False,False,False,True,False,False,False,False,False,False,False,False,True,False,사과(후지),14.314093959731514,0.4262314262314262,,,,,,,,
201905중순,411.0,사과,5.0,후지,상품,개,10.0,24801.0,,24522.0,18943.0,20961.3333333333,2019,중순,2019-05-11,사과-후지,5,11,False,False,False,False,True,False,False,False,False,False,False,False,False,True,False,사과(후지),14.314093959731514,0.4262314262314262,,,,,,,,
201905중순,411.0,사과,5.0,후지,상품,개,10.0,24801.0,,24522.0,18943.0,20961.3333333333,2019,중순,2019-05-11,사과-후지,5,11,False,False,False,False,True,False,False,False,False,False,False,False,False,True,False,사과(후지),14.314093959731514,0.4262314262314262,,,,,,,,
201905중순,411.0,사과,5.0,후지,상품,개,10.0,24801.0,,24522.0,18943.0,20961.3333333333,2019,중순,2019-05-11,사과-후지,5,11,False,False,False,False,True,False,False,False,False,False,False,False,False,True,False,사과(후지),14.314093959731514,0.4262314262314262,,,,,,,,
201905중순,411.0,사과,5.0,후지,상품,개,10.0,24801.0,,24522.0,18943.0,20961.3333333333,2019,중순,2019-05-11,사과-후지,5,11,False,False,False,False,True,False,False,False,False,False,False,False,False,True,False,사과(후지),14.314093959731514,0.4262314262314262,,,,,,,,
201905중순,411.0,사과,5.0,후지,상품,개,10.0,24801.0,,24522.0,18943.0,20961.3333333333,2019,중순,2019-05-11,사과-후지,5,11,False,False,False,False,True,False,False,False,False,False,False,False,False,True,False,사과(후지),14.314093959731514,0.4262314262314262,,,,,,,,
201905중순,411.0,사과,5.0,후지,상품,개,10.0,24801.0,,24522.0,18943.0,20961.3333333333,2019,중순,2019-05-11,사과-후지,5,11,False,False,False,False,True,False,False,False,False,False,False,False,False,True,False,사과(후지),14.314093959731514,0.4262314262314262,,,,,,,,
201905중순,411.0,사과,5.0,후지,상품,개,10.0,24801.0,,24522.0,18943.0,20961.3333333333,2019,중순,2019-05-11,사과-후지,5,11,False,False,False,False,True,False,False,False,False,False,False,False,False,True,False,사과(후지),14.314093959731514,0.4262314262314262,,,,,,,,
201905중순,411.0,사과,5.0,후지,상품,개,10.0,24801.0,,24522.0,18943.0,20961.3333333333,2019,중순,2019-05-11,사과-후지,5,11,False,False,False,False,True,False,False,False,False,False,False,False,False,True,False,사과(후지),14.314093959731514,0.4262314262314262,,,,,,,,
201905중순,411.0,사과,5.0,후지,상품,개,10.0,24801.0,,24522.0,18943.0,20961.3333333333,2019,중순,2019-05-11,사과-후지,5,11,False,False,False,False,True,False,False,False,False,False,False,False,False,True,False,사과(후지),14.314093959731514,0.4262314262314262,,,,,,,,
201905중순,411.0,사과,5.0,후지,상품,개,10.0,24801.0,,24522.0,18943.0,20961.3333333333,2019,중순,2019-05-11,사과-후지,5,11,False,False,False,False,True,False,False,False,False,False,False,False,False,True,False,사과(후지),14.314093959731514,0.4262314262314262,,,,,,,,
201905중순,411.0,사과,5.0,후지,상품,개,10.0,24801.0,,24522.0,18943.0,20961.3333333333,2019,중순,2019-05-11,사과-후지,5,11,False,False,False,False,True,False,False,False,False,False,False,False,False,True,False,사과(후지),14.314093959731514,0.4262314262314262,,,,,,,,
201905중순,411.0,사과,5.0,후지,상품,개,10.0,24801.0,,24522.0,18943.0,20961.3333333333,2019,중순,2019-05-11,사과-후지,5,11,False,False,False,False,True,False,False,False,False,False,False,False,False,True,False,사과(후지),14.314093959731514,0.4262314262314262,,,,,,,,
201905중순,411.0,사과,5.0,후지,상품,개,10.0,24801.0,,24522.0,18943.0,20961.3333333333,2019,중순,2019-05-11,사과-후지,5,11,False,False,False,False,True,False,False,False,False,False,False,False,False,True,False,사과(후지),14.314093959731514,0.4262314262314262,,,,,,,,
201905하순,411.0,사과,5.0,후지,상품,개,10.0,24563.0,,25049.0,18681.0,21147.6666666666,2019,하순,2019-05-21,사과-후지,5,21,False,False,False,False,True,False,False,False,False,False,False,False,False,False,True,사과(후지),15.021476510067084,0.454550785831574,,,,,,,,
201905하순,411.0,사과,5.0,후지,상품,개,10.0,24563.0,,25049.0,18681.0,21147.6666666666,2019,하순,2019-05-21,사과-후지,5,21,False,False,False,False,True,False,False,False,False,False,False,False,False,False,True,사과(후지),15.021476510067084,0.454550785831574,,,,,,,,
201905하순,411.0,사과,5.0,후지,상품,개,10.0,24563.0,,25049.0,18681.0,21147.6666666666,2019,하순,2019-05-21,사과-후지,5,21,False,False,False,False,True,False,False,False,False,False,False,False,False,False,True,사과(후지),15.021476510067084,0.454550785831574,,,,,,,,
201905하순,411.0,사과,5.0,후지,상품,개,10.0,24563.0,,25049.0,18681.0,21147.6666666666,2019,하순,2019-05-21,사과-후지,5,21,False,False,False,False,True,False,False,False,False,False,False,False,False,False,True,사과(후지),15.021476510067084,0.454550785831574,,,,,,,,
201905하순,411.0,사과,5.0,후지,상품,개,10.0,24563.0,,25049.0,18681.0,21147.6666666666,2019,하순,2019-05-21,사과-후지,5,21,False,False,False,False,True,False,False,False,False,False,False,False,False,False,True,사과(후지),15.021476510067084,0.454550785831574,,,,,,,,
201905하순,411.0,사과,5.0,후지,상품,개,10.0,24563.0,,25049.0,18681.0,21147.6666666666,2019,하순,2019-05-21,사과-후지,5,21,False,False,False,False,True,False,False,False,False,False,False,False,False,False,True,사과(후지),15.021476510067084,0.454550785831574,,,,,,,,
201905하순,411.0,사과,5.0,후지,상품,개,10.0,24563.0,,25049.0,18681.0,21147.6666666666,2019,하순,2019-05-21,사과-후지,5,21,False,False,False,False,True,False,False,False,False,False,False,False,False,False,True,사과(후지),15.021476510067084,0.454550785831574,,,,,,,,
201905하순,411.0,사과,5.0,후지,상품,개,10.0,24563.0,,25049.0,18681.0,21147.6666666666,2019,하순,2019-05-21,사과-후지,5,21,False,False,False,False,True,False,False,False,False,False,False,False,False,False,True,사과(후지),15.021476510067084,0.454550785831574,,,,,,,,
201905하순,411.0,사과,5.0,후지,상품,개,10.0,24563.0,,25049.0,18681.0,21147.6666666666,2019,하순,2019-05-21,사과-후지,5,21,False,False,False,False,True,False,False,False,False,False,False,False,False,False,True,사과(후지),15.021476510067084,0.454550785831574,,,,,,,,
201905하순,411.0,사과,5.0,후지,상품,개,10.0,24563.0,,25049.0,18681.0,21147.6666666666,2019,하순,2019-05-21,사과-후지,5,21,False,False,False,False,True,False,False,False,False,False,False,False,False,False,True,사과(후지),15.021476510067084,0.454550785831574,,,,,,,,
201905하순,411.0,사과,5.0,후지,상품,개,10.0,24563.0,,25049.0,18681.0,21147.6666666666,2019,하순,2019-05-21,사과-후지,5,21,False,False,False,False,True,False,False,False,False,False,False,False,False,False,True,사과(후지),15.021476510067084,0.454550785831574,,,,,,,,
201905하순,411.0,사과,5.0,후지,상품,개,10.0,24563.0,,25049.0,18681.0,21147.6666666666,2019,하순,2019-05-21,사과-후지,5,21,False,False,False,False,True,False,False,False,False,False,False,False,False,False,True,사과(후지),15.021476510067084,0.454550785831574,,,,,,,,
201905하순,411.0,사과,5.0,후지,상품,개,10.0,24563.0,,25049.0,18681.0,21147.6666666666,2019,하순,2019-05-21,사과-후지,5,21,False,False,False,False,True,False,False,False,False,False,False,False,False,False,True,사과(후지),15.021476510067084,0.454550785831574,,,,,,,,
201905하순,411.0,사과,5.0,후지,상품,개,10.0,24563.0,,25049.0,18681.0,21147.6666666666,2019,하순,2019-05-21,사과-후지,5,21,False,False,False,False,True,False,False,False,False,False,False,False,False,False,True,사과(후지),15.021476510067084,0.454550785831574,,,,,,,,
201905하순,411.0,사과,5.0,후지,상품,개,10.0,24563.0,,25049.0,18681.0,21147.6666666666,2019,하순,2019-05-21,사과-후지,5,21,False,False,False,False,True,False,False,False,False,False,False,False,False,False,True,사과(후지),15.021476510067084,0.454550785831574,,,,,,,,
201905하순,411.0,사과,5.0,후지,상품,개,10.0,24563.0,,25049.0,18681.0,21147.6666666666,2019,하순,2019-05-21,사과-후지,5,21,False,False,False,False,True,False,False,False,False,False,False,False,False,False,True,사과(후지),15.021476510067084,0.454550785831574,,,,,,,,
201905하순,411.0,사과,5.0,후지,상품,개,10.0,24563.0,,25049.0,18681.0,21147.6666666666,2019,하순,2019-05-21,사과-후지,5,21,False,False,False,False,True,False,False,False,False,False,False,False,False,False,True,사과(후지),15.021476510067084,0.454550785831574,,,,,,,,
201905하순,411.0,사과,5.0,후지,상품,개,10.0,24563.0,,25049.0,18681.0,21147.6666666666,2019,하순,2019-05-21,사과-후지,5,21,False,False,False,False,True,False,False,False,False,False,False,False,False,False,True,사과(후지),15.021476510067084,0.454550785831574,,,,,,,,
201905하순,411.0,사과,5.0,후지,상품,개,10.0,24563.0,,25049.0,18681.0,21147.6666666666,2019,하순,2019-05-21,사과-후지,5,21,False,False,False,False,True,False,False,False,False,False,False,False,False,False,True,사과(후지),15.021476510067084,0.454550785831574,,,,,,,,
201905하순,411.0,사과,5.0,후지,상품,개,10.0,24563.0,,25049.0,18681.0,21147.6666666666,2019,하순,2019-05-21,사과-후지,5,21,False,False,False,False,True,False,False,False,False,False,False,False,False,False,True,사과(후지),15.021476510067084,0.454550785831574,,,,,,,,
201905하순,411.0,사과,5.0,후지,상품,개,10.0,24563.0,,25049.0,18681.0,21147.6666666666,2019,하순,2019-05-21,사과-후지,5,21,False,False,False,False,True,False,False,False,False,False,False,False,False,False,True,사과(후지),15.021476510067084,0.454550785831574,,,,,,,,
201905하순,411.0,사과,5.0,후지,상품,개,10.0,24563.0,,25049.0,18681.0,21147.6666666666,2019,하순,2019-05-21,사과-후지,5,21,False,False,False,False,True,False,False,False,False,False,False,False,False,False,True,사과(후지),15.021476510067084,0.454550785831574,,,,,,,,
201905하순,411.0,사과,5.0,후지,상품,개,10.0,24563.0,,25049.0,18681.0,21147.6666666666,2019,하순,2019-05-21,사과-후지,5,21,False,False,False,False,True,False,False,False,False,False,False,False,False,False,True,사과(후지),15.021476510067084,0.454550785831574,,,,,,,,
201905하순,411.0,사과,5.0,후지,상품,개,10.0,24563.0,,25049.0,18681.0,21147.6666666666,2019,하순,2019-05-21,사과-후지,5,21,False,False,False,False,True,False,False,False,False,False,False,False,False,False,True,사과(후지),15.021476510067084,0.454550785831574,,,,,,,,
201905하순,411.0,사과,5.0,후지,상품,개,10.0,24563.0,,25049.0,18681.0,21147.6666666666,2019,하순,2019-05-21,사과-후지,5,21,False,False,False,False,True,False,False,False,False,False,False,False,False,False,True,사과(후지),15.021476510067084,0.454550785831574,,,,,,,,
201905하순,411.0,사과,5.0,후지,상품,개,10.0,24563.0,,25049.0,18681.0,21147.6666666666,2019,하순,2019-05-21,사과-후지,5,21,False,False,False,False,True,False,False,False,False,False,False,False,False,False,True,사과(후지),15.021476510067084,0.454550785831574,,,,,,,,
201905하순,411.0,사과,5.0,후지,상품,개,10.0,24563.0,,25049.0,18681.0,21147.6666666666,2019,하순,2019-05-21,사과-후지,5,21,False,False,False,False,True,False,False,False,False,False,False,False,False,False,True,사과(후지),15.021476510067084,0.454550785831574,,,,,,,,
201906상순,411.0,사과,5.0,후지,상품,개,10.0,25007.0,,24884.0,19018.0,21271.0,2019,상순,2019-06-01,사과-후지,6,1,False,False,False,False,False,True,False,False,False,False,False,False,True,False,False,사과(후지),18.832214765100638,0.4859978013076433,,,,,,,,
201906상순,411.0,사과,5.0,후지,상품,개,10.0,25007.0,,24884.0,19018.0,21271.0,2019,상순,2019-06-01,사과-후지,6,1,False,False,False,False,False,True,False,False,False,False,False,False,True,False,False,사과(후지),18.832214765100638,0.4859978013076433,,,,,,,,
201906상순,411.0,사과,5.0,후지,상품,개,10.0,25007.0,,24884.0,19018.0,21271.0,2019,상순,2019-06-01,사과-후지,6,1,False,False,False,False,False,True,False,False,False,False,False,False,True,False,False,사과(후지),18.832214765100638,0.4859978013076433,,,,,,,,
201906상순,411.0,사과,5.0,후지,상품,개,10.0,25007.0,,24884.0,19018.0,21271.0,2019,상순,2019-06-01,사과-후지,6,1,False,False,False,False,False,True,False,False,False,False,False,False,True,False,False,사과(후지),18.832214765100638,0.4859978013076433,,,,,,,,
201906상순,411.0,사과,5.0,후지,상품,개,10.0,25007.0,,24884.0,19018.0,21271.0,2019,상순,2019-06-01,사과-후지,6,1,False,False,False,False,False,True,False,False,False,False,False,False,True,False,False,사과(후지),18.832214765100638,0.4859978013076433,,,,,,,,
201906상순,411.0,사과,5.0,후지,상품,개,10.0,25007.0,,24884.0,19018.0,21271.0,2019,상순,2019-06-01,사과-후지,6,1,False,False,False,False,False,True,False,False,False,False,False,False,True,False,False,사과(후지),18.832214765100638,0.4859978013076433,,,,,,,,
201906상순,411.0,사과,5.0,후지,상품,개,10.0,25007.0,,24884.0,19018.0,21271.0,2019,상순,2019-06-01,사과-후지,6,1,False,False,False,False,False,True,False,False,False,False,False,False,True,False,False,사과(후지),18.832214765100638,0.4859978013076433,,,,,,,,
201906상순,411.0,사과,5.0,후지,상품,개,10.0,25007.0,,24884.0,19018.0,21271.0,2019,상순,2019-06-01,사과-후지,6,1,False,False,False,False,False,True,False,False,False,False,False,False,True,False,False,사과(후지),18.832214765100638,0.4859978013076433,,,,,,,,
201906상순,411.0,사과,5.0,후지,상품,개,10.0,25007.0,,24884.0,19018.0,21271.0,2019,상순,2019-06-01,사과-후지,6,1,False,False,False,False,False,True,False,False,False,False,False,False,True,False,False,사과(후지),18.832214765100638,0.4859978013076433,,,,,,,,
201906상순,411.0,사과,5.0,후지,상품,개,10.0,25007.0,,24884.0,19018.0,21271.0,2019,상순,2019-06-01,사과-후지,6,1,False,False,False,False,False,True,False,False,False,False,False,False,True,False,False,사과(후지),18.832214765100638,0.4859978013076433,,,,,,,,
201906상순,411.0,사과,5.0,후지,상품,개,10.0,25007.0,,24884.0,19018.0,21271.0,2019,상순,2019-06-01,사과-후지,6,1,False,False,False,False,False,True,False,False,False,False,False,False,True,False,False,사과(후지),18.832214765100638,0.4859978013076433,,,,,,,,
201906상순,411.0,사과,5.0,후지,상품,개,10.0,25007.0,,24884.0,19018.0,21271.0,2019,상순,2019-06-01,사과-후지,6,1,False,False,False,False,False,True,False,False,False,False,False,False,True,False,False,사과(후지),18.832214765100638,0.4859978013076433,,,,,,,,
201906상순,411.0,사과,5.0,후지,상품,개,10.0,25007.0,,24884.0,19018.0,21271.0,2019,상순,2019-06-01,사과-후지,6,1,False,False,False,False,False,True,False,False,False,False,False,False,True,False,False,사과(후지),18.832214765100638,0.4859978013076433,,,,,,,,
201906상순,411.0,사과,5.0,후지,상품,개,10.0,25007.0,,24884.0,19018.0,21271.0,2019,상순,2019-06-01,사과-후지,6,1,False,False,False,False,False,True,False,False,False,False,False,False,True,False,False,사과(후지),18.832214765100638,0.4859978013076433,,,,,,,,
201906상순,411.0,사과,5.0,후지,상품,개,10.0,25007.0,,24884.0,19018.0,21271.0,2019,상순,2019-06-01,사과-후지,6,1,False,False,False,False,False,True,False,False,False,False,False,False,True,False,False,사과(후지),18.832214765100638,0.4859978013076433,,,,,,,,
201906상순,411.0,사과,5.0,후지,상품,개,10.0,25007.0,,24884.0,19018.0,21271.0,2019,상순,2019-06-01,사과-후지,6,1,False,False,False,False,False,True,False,False,False,False,False,False,True,False,False,사과(후지),18.832214765100638,0.4859978013076433,,,,,,,,
201906상순,411.0,사과,5.0,후지,상품,개,10.0,25007.0,,24884.0,19018.0,21271.0,2019,상순,2019-06-01,사과-후지,6,1,False,False,False,False,False,True,False,False,False,False,False,False,True,False,False,사과(후지),18.832214765100638,0.4859978013076433,,,,,,,,
201906상순,411.0,사과,5.0,후지,상품,개,10.0,25007.0,,24884.0,19018.0,21271.0,2019,상순,2019-06-01,사과-후지,6,1,False,False,False,False,False,True,False,False,False,False,False,False,True,False,False,사과(후지),18.832214765100638,0.4859978013076433,,,,,,,,
201906상순,411.0,사과,5.0,후지,상품,개,10.0,25007.0,,24884.0,19018.0,21271.0,2019,상순,2019-06-01,사과-후지,6,1,False,False,False,False,False,True,False,False,False,False,False,False,True,False,False,사과(후지),18.832214765100638,0.4859978013076433,,,,,,,,
201906상순,411.0,사과,5.0,후지,상품,개,10.0,25007.0,,24884.0,19018.0,21271.0,2019,상순,2019-06-01,사과-후지,6,1,False,False,False,False,False,True,False,False,False,False,False,False,True,False,False,사과(후지),18.832214765100638,0.4859978013076433,,,,,,,,
201906상순,411.0,사과,5.0,후지,상품,개,10.0,25007.0,,24884.0,19018.0,21271.0,2019,상순,2019-06-01,사과-후지,6,1,False,False,False,False,False,True,False,False,False,False,False,False,True,False,False,사과(후지),18.832214765100638,0.4859978013076433,,,,,,,,
201906상순,411.0,사과,5.0,후지,상품,개,10.0,25007.0,,24884.0,19018.0,21271.0,2019,상순,2019-06-01,사과-후지,6,1,False,False,False,False,False,True,False,False,False,False,False,False,True,False,False,사과(후지),18.832214765100638,0.4859978013076433,,,,,,,,
201906상순,411.0,사과,5.0,후지,상품,개,10.0,25007.0,,24884.0,19018.0,21271.0,2019,상순,2019-06-01,사과-후지,6,1,False,False,False,False,False,True,False,False,False,False,False,False,True,False,False,사과(후지),18.832214765100638,0.4859978013076433,,,,,,,,
201906중순,411.0,사과,5.0,후지,상품,개,10.0,25248.0,,24801.0,19762.0,21896.0,2019,중순,2019-06-11,사과-후지,6,11,False,False,False,False,False,True,False,False,False,False,False,False,False,True,False,사과(후지),18.60268456375836,0.5134242048740189,,,,,,,,
201906중순,411.0,사과,5.0,후지,상품,개,10.0,25248.0,,24801.0,19762.0,21896.0,2019,중순,2019-06-11,사과-후지,6,11,False,False,False,False,False,True,False,False,False,False,False,False,False,True,False,사과(후지),18.60268456375836,0.5134242048740189,,,,,,,,
201906중순,411.0,사과,5.0,후지,상품,개,10.0,25248.0,,24801.0,19762.0,21896.0,2019,중순,2019-06-11,사과-후지,6,11,False,False,False,False,False,True,False,False,False,False,False,False,False,True,False,사과(후지),18.60268456375836,0.5134242048740189,,,,,,,,
201906중순,411.0,사과,5.0,후지,상품,개,10.0,25248.0,,24801.0,19762.0,21896.0,2019,중순,2019-06-11,사과-후지,6,11,False,False,False,False,False,True,False,False,False,False,False,False,False,True,False,사과(후지),18.60268456375836,0.5134242048740189,,,,,,,,
201906중순,411.0,사과,5.0,후지,상품,개,10.0,25248.0,,24801.0,19762.0,21896.0,2019,중순,2019-06-11,사과-후지,6,11,False,False,False,False,False,True,False,False,False,False,False,False,False,True,False,사과(후지),18.60268456375836,0.5134242048740189,,,,,,,,
201906중순,411.0,사과,5.0,후지,상품,개,10.0,25248.0,,24801.0,19762.0,21896.0,2019,중순,2019-06-11,사과-후지,6,11,False,False,False,False,False,True,False,False,False,False,False,False,False,True,False,사과(후지),18.60268456375836,0.5134242048740189,,,,,,,,
201906중순,411.0,사과,5.0,후지,상품,개,10.0,25248.0,,24801.0,19762.0,21896.0,2019,중순,2019-06-11,사과-후지,6,11,False,False,False,False,False,True,False,False,False,False,False,False,False,True,False,사과(후지),18.60268456375836,0.5134242048740189,,,,,,,,
201906중순,411.0,사과,5.0,후지,상품,개,10.0,25248.0,,24801.0,19762.0,21896.0,2019,중순,2019-06-11,사과-후지,6,11,False,False,False,False,False,True,False,False,False,False,False,False,False,True,False,사과(후지),18.60268456375836,0.5134242048740189,,,,,,,,
201906중순,411.0,사과,5.0,후지,상품,개,10.0,25248.0,,24801.0,19762.0,21896.0,2019,중순,2019-06-11,사과-후지,6,11,False,False,False,False,False,True,False,False,False,False,False,False,False,True,False,사과(후지),18.60268456375836,0.5134242048740189,,,,,,,,
201906중순,411.0,사과,5.0,후지,상품,개,10.0,25248.0,,24801.0,19762.0,21896.0,2019,중순,2019-06-11,사과-후지,6,11,False,False,False,False,False,True,False,False,False,False,False,False,False,True,False,사과(후지),18.60268456375836,0.5134242048740189,,,,,,,,
201906중순,411.0,사과,5.0,후지,상품,개,10.0,25248.0,,24801.0,19762.0,21896.0,2019,중순,2019-06-11,사과-후지,6,11,False,False,False,False,False,True,False,False,False,False,False,False,False,True,False,사과(후지),18.60268456375836,0.5134242048740189,,,,,,,,
201906중순,411.0,사과,5.0,후지,상품,개,10.0,25248.0,,24801.0,19762.0,21896.0,2019,중순,2019-06-11,사과-후지,6,11,False,False,False,False,False,True,False,False,False,False,False,False,False,True,False,사과(후지),18.60268456375836,0.5134242048740189,,,,,,,,
201906중순,411.0,사과,5.0,후지,상품,개,10.0,25248.0,,24801.0,19762.0,21896.0,2019,중순,2019-06-11,사과-후지,6,11,False,False,False,False,False,True,False,False,False,False,False,False,False,True,False,사과(후지),18.60268456375836,0.5134242048740189,,,,,,,,
201906중순,411.0,사과,5.0,후지,상품,개,10.0,25248.0,,24801.0,19762.0,21896.0,2019,중순,2019-06-11,사과-후지,6,11,False,False,False,False,False,True,False,False,False,False,False,False,False,True,False,사과(후지),18.60268456375836,0.5134242048740189,,,,,,,,
201906중순,411.0,사과,5.0,후지,상품,개,10.0,25248.0,,24801.0,19762.0,21896.0,2019,중순,2019-06-11,사과-후지,6,11,False,False,False,False,False,True,False,False,False,False,False,False,False,True,False,사과(후지),18.60268456375836,0.5134242048740189,,,,,,,,
201906중순,411.0,사과,5.0,후지,상품,개,10.0,25248.0,,24801.0,19762.0,21896.0,2019,중순,2019-06-11,사과-후지,6,11,False,False,False,False,False,True,False,False,False,False,False,False,False,True,False,사과(후지),18.60268456375836,0.5134242048740189,,,,,,,,
201906중순,411.0,사과,5.0,후지,상품,개,10.0,25248.0,,24801.0,19762.0,21896.0,2019,중순,2019-06-11,사과-후지,6,11,False,False,False,False,False,True,False,False,False,False,False,False,False,True,False,사과(후지),18.60268456375836,0.5134242048740189,,,,,,,,
201906중순,411.0,사과,5.0,후지,상품,개,10.0,25248.0,,24801.0,19762.0,21896.0,2019,중순,2019-06-11,사과-후지,6,11,False,False,False,False,False,True,False,False,False,False,False,False,False,True,False,사과(후지),18.60268456375836,0.5134242048740189,,,,,,,,
201906중순,411.0,사과,5.0,후지,상품,개,10.0,25248.0,,24801.0,19762.0,21896.0,2019,중순,2019-06-11,사과-후지,6,11,False,False,False,False,False,True,False,False,False,False,False,False,False,True,False,사과(후지),18.60268456375836,0.5134242048740189,,,,,,,,
201906중순,411.0,사과,5.0,후지,상품,개,10.0,25248.0,,24801.0,19762.0,21896.0,2019,중순,2019-06-11,사과-후지,6,11,False,False,False,False,False,True,False,False,False,False,False,False,False,True,False,사과(후지),18.60268456375836,0.5134242048740189,,,,,,,,
201906중순,411.0,사과,5.0,후지,상품,개,10.0,25248.0,,24801.0,19762.0,21896.0,2019,중순,2019-06-11,사과-후지,6,11,False,False,False,False,False,True,False,False,False,False,False,False,False,True,False,사과(후지),18.60268456375836,0.5134242048740189,,,,,,,,
201906중순,411.0,사과,5.0,후지,상품,개,10.0,25248.0,,24801.0,19762.0,21896.0,2019,중순,2019-06-11,사과-후지,6,11,False,False,False,False,False,True,False,False,False,False,False,False,False,True,False,사과(후지),18.60268456375836,0.5134242048740189,,,,,,,,
201906중순,411.0,사과,5.0,후지,상품,개,10.0,25248.0,,24801.0,19762.0,21896.0,2019,중순,2019-06-11,사과-후지,6,11,False,False,False,False,False,True,False,False,False,False,False,False,False,True,False,사과(후지),18.60268456375836,0.5134242048740189,,,,,,,,
201906하순,411.0,사과,5.0,후지,상품,개,10.0,25287.0,,24563.0,19393.0,22429.0,2019,하순,2019-06-21,사과-후지,6,21,False,False,False,False,False,True,False,False,False,False,False,False,False,False,True,사과(후지),21.59731543624158,0.5452083333333333,,,,,,,,
201906하순,411.0,사과,5.0,후지,상품,개,10.0,25287.0,,24563.0,19393.0,22429.0,2019,하순,2019-06-21,사과-후지,6,21,False,False,False,False,False,True,False,False,False,False,False,False,False,False,True,사과(후지),21.59731543624158,0.5452083333333333,,,,,,,,
201906하순,411.0,사과,5.0,후지,상품,개,10.0,25287.0,,24563.0,19393.0,22429.0,2019,하순,2019-06-21,사과-후지,6,21,False,False,False,False,False,True,False,False,False,False,False,False,False,False,True,사과(후지),21.59731543624158,0.5452083333333333,,,,,,,,
201906하순,411.0,사과,5.0,후지,상품,개,10.0,25287.0,,24563.0,19393.0,22429.0,2019,하순,2019-06-21,사과-후지,6,21,False,False,False,False,False,True,False,False,False,False,False,False,False,False,True,사과(후지),21.59731543624158,0.5452083333333333,,,,,,,,
201906하순,411.0,사과,5.0,후지,상품,개,10.0,25287.0,,24563.0,19393.0,22429.0,2019,하순,2019-06-21,사과-후지,6,21,False,False,False,False,False,True,False,False,False,False,False,False,False,False,True,사과(후지),21.59731543624158,0.5452083333333333,,,,,,,,
201906하순,411.0,사과,5.0,후지,상품,개,10.0,25287.0,,24563.0,19393.0,22429.0,2019,하순,2019-06-21,사과-후지,6,21,False,False,False,False,False,True,False,False,False,False,False,False,False,False,True,사과(후지),21.59731543624158,0.5452083333333333,,,,,,,,
201906하순,411.0,사과,5.0,후지,상품,개,10.0,25287.0,,24563.0,19393.0,22429.0,2019,하순,2019-06-21,사과-후지,6,21,False,False,False,False,False,True,False,False,False,False,False,False,False,False,True,사과(후지),21.59731543624158,0.5452083333333333,,,,,,,,
201906하순,411.0,사과,5.0,후지,상품,개,10.0,25287.0,,24563.0,19393.0,22429.0,2019,하순,2019-06-21,사과-후지,6,21,False,False,False,False,False,True,False,False,False,False,False,False,False,False,True,사과(후지),21.59731543624158,0.5452083333333333,,,,,,,,
201906하순,411.0,사과,5.0,후지,상품,개,10.0,25287.0,,24563.0,19393.0,22429.0,2019,하순,2019-06-21,사과-후지,6,21,False,False,False,False,False,True,False,False,False,False,False,False,False,False,True,사과(후지),21.59731543624158,0.5452083333333333,,,,,,,,
201906하순,411.0,사과,5.0,후지,상품,개,10.0,25287.0,,24563.0,19393.0,22429.0,2019,하순,2019-06-21,사과-후지,6,21,False,False,False,False,False,True,False,False,False,False,False,False,False,False,True,사과(후지),21.59731543624158,0.5452083333333333,,,,,,,,
201906하순,411.0,사과,5.0,후지,상품,개,10.0,25287.0,,24563.0,19393.0,22429.0,2019,하순,2019-06-21,사과-후지,6,21,False,False,False,False,False,True,False,False,False,False,False,False,False,False,True,사과(후지),21.59731543624158,0.5452083333333333,,,,,,,,
201906하순,411.0,사과,5.0,후지,상품,개,10.0,25287.0,,24563.0,19393.0,22429.0,2019,하순,2019-06-21,사과-후지,6,21,False,False,False,False,False,True,False,False,False,False,False,False,False,False,True,사과(후지),21.59731543624158,0.5452083333333333,,,,,,,,
201906하순,411.0,사과,5.0,후지,상품,개,10.0,25287.0,,24563.0,19393.0,22429.0,2019,하순,2019-06-21,사과-후지,6,21,False,False,False,False,False,True,False,False,False,False,False,False,False,False,True,사과(후지),21.59731543624158,0.5452083333333333,,,,,,,,
201906하순,411.0,사과,5.0,후지,상품,개,10.0,25287.0,,24563.0,19393.0,22429.0,2019,하순,2019-06-21,사과-후지,6,21,False,False,False,False,False,True,False,False,False,False,False,False,False,False,True,사과(후지),21.59731543624158,0.5452083333333333,,,,,,,,
201906하순,411.0,사과,5.0,후지,상품,개,10.0,25287.0,,24563.0,19393.0,22429.0,2019,하순,2019-06-21,사과-후지,6,21,False,False,False,False,False,True,False,False,False,False,False,False,False,False,True,사과(후지),21.59731543624158,0.5452083333333333,,,,,,,,
201906하순,411.0,사과,5.0,후지,상품,개,10.0,25287.0,,24563.0,19393.0,22429.0,2019,하순,2019-06-21,사과-후지,6,21,False,False,False,False,False,True,False,False,False,False,False,False,False,False,True,사과(후지),21.59731543624158,0.5452083333333333,,,,,,,,
201906하순,411.0,사과,5.0,후지,상품,개,10.0,25287.0,,24563.0,19393.0,22429.0,2019,하순,2019-06-21,사과-후지,6,21,False,False,False,False,False,True,False,False,False,False,False,False,False,False,True,사과(후지),21.59731543624158,0.5452083333333333,,,,,,,,
201906하순,411.0,사과,5.0,후지,상품,개,10.0,25287.0,,24563.0,19393.0,22429.0,2019,하순,2019-06-21,사과-후지,6,21,False,False,False,False,False,True,False,False,False,False,False,False,False,False,True,사과(후지),21.59731543624158,0.5452083333333333,,,,,,,,
201906하순,411.0,사과,5.0,후지,상품,개,10.0,25287.0,,24563.0,19393.0,22429.0,2019,하순,2019-06-21,사과-후지,6,21,False,False,False,False,False,True,False,False,False,False,False,False,False,False,True,사과(후지),21.59731543624158,0.5452083333333333,,,,,,,,
201906하순,411.0,사과,5.0,후지,상품,개,10.0,25287.0,,24563.0,19393.0,22429.0,2019,하순,2019-06-21,사과-후지,6,21,False,False,False,False,False,True,False,False,False,False,False,False,False,False,True,사과(후지),21.59731543624158,0.5452083333333333,,,,,,,,
201906하순,411.0,사과,5.0,후지,상품,개,10.0,25287.0,,24563.0,19393.0,22429.0,2019,하순,2019-06-21,사과-후지,6,21,False,False,False,False,False,True,False,False,False,False,False,False,False,False,True,사과(후지),21.59731543624158,0.5452083333333333,,,,,,,,
201906하순,411.0,사과,5.0,후지,상품,개,10.0,25287.0,,24563.0,19393.0,22429.0,2019,하순,2019-06-21,사과-후지,6,21,False,False,False,False,False,True,False,False,False,False,False,False,False,False,True,사과(후지),21.59731543624158,0.5452083333333333,,,,,,,,
201906하순,411.0,사과,5.0,후지,상품,개,10.0,25287.0,,24563.0,19393.0,22429.0,2019,하순,2019-06-21,사과-후지,6,21,False,False,False,False,False,True,False,False,False,False,False,False,False,False,True,사과(후지),21.59731543624158,0.5452083333333333,,,,,,,,
201907상순,411.0,사과,5.0,후지,상품,개,10.0,25319.0,,25007.0,19508.0,22869.6666666666,2019,상순,2019-07-01,사과-후지,7,1,False,False,False,False,False,False,True,False,False,False,False,False,True,False,False,사과(후지),30.20134228187915,0.6179515880789141,,,,,,,,
201907상순,411.0,사과,5.0,후지,상품,개,10.0,25319.0,,25007.0,19508.0,22869.6666666666,2019,상순,2019-07-01,사과-후지,7,1,False,False,False,False,False,False,True,False,False,False,False,False,True,False,False,사과(후지),30.20134228187915,0.6179515880789141,,,,,,,,
201907상순,411.0,사과,5.0,후지,상품,개,10.0,25319.0,,25007.0,19508.0,22869.6666666666,2019,상순,2019-07-01,사과-후지,7,1,False,False,False,False,False,False,True,False,False,False,False,False,True,False,False,사과(후지),30.20134228187915,0.6179515880789141,,,,,,,,
201907상순,411.0,사과,5.0,후지,상품,개,10.0,25319.0,,25007.0,19508.0,22869.6666666666,2019,상순,2019-07-01,사과-후지,7,1,False,False,False,False,False,False,True,False,False,False,False,False,True,False,False,사과(후지),30.20134228187915,0.6179515880789141,,,,,,,,
201907상순,411.0,사과,5.0,후지,상품,개,10.0,25319.0,,25007.0,19508.0,22869.6666666666,2019,상순,2019-07-01,사과-후지,7,1,False,False,False,False,False,False,True,False,False,False,False,False,True,False,False,사과(후지),30.20134228187915,0.6179515880789141,,,,,,,,
201907상순,411.0,사과,5.0,후지,상품,개,10.0,25319.0,,25007.0,19508.0,22869.6666666666,2019,상순,2019-07-01,사과-후지,7,1,False,False,False,False,False,False,True,False,False,False,False,False,True,False,False,사과(후지),30.20134228187915,0.6179515880789141,,,,,,,,
201907상순,411.0,사과,5.0,후지,상품,개,10.0,25319.0,,25007.0,19508.0,22869.6666666666,2019,상순,2019-07-01,사과-후지,7,1,False,False,False,False,False,False,True,False,False,False,False,False,True,False,False,사과(후지),30.20134228187915,0.6179515880789141,,,,,,,,
201907상순,411.0,사과,5.0,후지,상품,개,10.0,25319.0,,25007.0,19508.0,22869.6666666666,2019,상순,2019-07-01,사과-후지,7,1,False,False,False,False,False,False,True,False,False,False,False,False,True,False,False,사과(후지),30.20134228187915,0.6179515880789141,,,,,,,,
201907상순,411.0,사과,5.0,후지,상품,개,10.0,25319.0,,25007.0,19508.0,22869.6666666666,2019,상순,2019-07-01,사과-후지,7,1,False,False,False,False,False,False,True,False,False,False,False,False,True,False,False,사과(후지),30.20134228187915,0.6179515880789141,,,,,,,,
201907상순,411.0,사과,5.0,후지,상품,개,10.0,25319.0,,25007.0,19508.0,22869.6666666666,2019,상순,2019-07-01,사과-후지,7,1,False,False,False,False,False,False,True,False,False,False,False,False,True,False,False,사과(후지),30.20134228187915,0.6179515880789141,,,,,,,,
201907상순,411.0,사과,5.0,후지,상품,개,10.0,25319.0,,25007.0,19508.0,22869.6666666666,2019,상순,2019-07-01,사과-후지,7,1,False,False,False,False,False,False,True,False,False,False,False,False,True,False,False,사과(후지),30.20134228187915,0.6179515880789141,,,,,,,,
201907상순,411.0,사과,5.0,후지,상품,개,10.0,25319.0,,25007.0,19508.0,22869.6666666666,2019,상순,2019-07-01,사과-후지,7,1,False,False,False,False,False,False,True,False,False,False,False,False,True,False,False,사과(후지),30.20134228187915,0.6179515880789141,,,,,,,,
201907상순,411.0,사과,5.0,후지,상품,개,10.0,25319.0,,25007.0,19508.0,22869.6666666666,2019,상순,2019-07-01,사과-후지,7,1,False,False,False,False,False,False,True,False,False,False,False,False,True,False,False,사과(후지),30.20134228187915,0.6179515880789141,,,,,,,,
201907상순,411.0,사과,5.0,후지,상품,개,10.0,25319.0,,25007.0,19508.0,22869.6666666666,2019,상순,2019-07-01,사과-후지,7,1,False,False,False,False,False,False,True,False,False,False,False,False,True,False,False,사과(후지),30.20134228187915,0.6179515880789141,,,,,,,,
201907상순,411.0,사과,5.0,후지,상품,개,10.0,25319.0,,25007.0,19508.0,22869.6666666666,2019,상순,2019-07-01,사과-후지,7,1,False,False,False,False,False,False,True,False,False,False,False,False,True,False,False,사과(후지),30.20134228187915,0.6179515880789141,,,,,,,,
201907상순,411.0,사과,5.0,후지,상품,개,10.0,25319.0,,25007.0,19508.0,22869.6666666666,2019,상순,2019-07-01,사과-후지,7,1,False,False,False,False,False,False,True,False,False,False,False,False,True,False,False,사과(후지),30.20134228187915,0.6179515880789141,,,,,,,,
201907상순,411.0,사과,5.0,후지,상품,개,10.0,25319.0,,25007.0,19508.0,22869.6666666666,2019,상순,2019-07-01,사과-후지,7,1,False,False,False,False,False,False,True,False,False,False,False,False,True,False,False,사과(후지),30.20134228187915,0.6179515880789141,,,,,,,,
201907상순,411.0,사과,5.0,후지,상품,개,10.0,25319.0,,25007.0,19508.0,22869.6666666666,2019,상순,2019-07-01,사과-후지,7,1,False,False,False,False,False,False,True,False,False,False,False,False,True,False,False,사과(후지),30.20134228187915,0.6179515880789141,,,,,,,,
201907상순,411.0,사과,5.0,후지,상품,개,10.0,25319.0,,25007.0,19508.0,22869.6666666666,2019,상순,2019-07-01,사과-후지,7,1,False,False,False,False,False,False,True,False,False,False,False,False,True,False,False,사과(후지),30.20134228187915,0.6179515880789141,,,,,,,,
201907상순,411.0,사과,5.0,후지,상품,개,10.0,25319.0,,25007.0,19508.0,22869.6666666666,2019,상순,2019-07-01,사과-후지,7,1,False,False,False,False,False,False,True,False,False,False,False,False,True,False,False,사과(후지),30.20134228187915,0.6179515880789141,,,,,,,,
201907상순,411.0,사과,5.0,후지,상품,개,10.0,25319.0,,25007.0,19508.0,22869.6666666666,2019,상순,2019-07-01,사과-후지,7,1,False,False,False,False,False,False,True,False,False,False,False,False,True,False,False,사과(후지),30.20134228187915,0.6179515880789141,,,,,,,,
201907상순,411.0,사과,5.0,후지,상품,개,10.0,25319.0,,25007.0,19508.0,22869.6666666666,2019,상순,2019-07-01,사과-후지,7,1,False,False,False,False,False,False,True,False,False,False,False,False,True,False,False,사과(후지),30.20134228187915,0.6179515880789141,,,,,,,,
201907상순,411.0,사과,5.0,후지,상품,개,10.0,25319.0,,25007.0,19508.0,22869.6666666666,2019,상순,2019-07-01,사과-후지,7,1,False,False,False,False,False,False,True,False,False,False,False,False,True,False,False,사과(후지),30.20134228187915,0.6179515880789141,,,,,,,,
201907중순,411.0,사과,5.0,후지,상품,개,10.0,25760.0,,25248.0,19496.0,23066.0,2019,중순,2019-07-11,사과-후지,7,11,False,False,False,False,False,False,True,False,False,False,False,False,False,True,False,사과(후지),71.83087248322143,0.6790212306585102,,,,,,,,
201907중순,411.0,사과,5.0,후지,상품,개,10.0,25760.0,,25248.0,19496.0,23066.0,2019,중순,2019-07-11,사과-후지,7,11,False,False,False,False,False,False,True,False,False,False,False,False,False,True,False,사과(후지),71.83087248322143,0.6790212306585102,,,,,,,,
201907중순,411.0,사과,5.0,후지,상품,개,10.0,25760.0,,25248.0,19496.0,23066.0,2019,중순,2019-07-11,사과-후지,7,11,False,False,False,False,False,False,True,False,False,False,False,False,False,True,False,사과(후지),71.83087248322143,0.6790212306585102,,,,,,,,
201907중순,411.0,사과,5.0,후지,상품,개,10.0,25760.0,,25248.0,19496.0,23066.0,2019,중순,2019-07-11,사과-후지,7,11,False,False,False,False,False,False,True,False,False,False,False,False,False,True,False,사과(후지),71.83087248322143,0.6790212306585102,,,,,,,,
201907중순,411.0,사과,5.0,후지,상품,개,10.0,25760.0,,25248.0,19496.0,23066.0,2019,중순,2019-07-11,사과-후지,7,11,False,False,False,False,False,False,True,False,False,False,False,False,False,True,False,사과(후지),71.83087248322143,0.6790212306585102,,,,,,,,
201907중순,411.0,사과,5.0,후지,상품,개,10.0,25760.0,,25248.0,19496.0,23066.0,2019,중순,2019-07-11,사과-후지,7,11,False,False,False,False,False,False,True,False,False,False,False,False,False,True,False,사과(후지),71.83087248322143,0.6790212306585102,,,,,,,,
201907중순,411.0,사과,5.0,후지,상품,개,10.0,25760.0,,25248.0,19496.0,23066.0,2019,중순,2019-07-11,사과-후지,7,11,False,False,False,False,False,False,True,False,False,False,False,False,False,True,False,사과(후지),71.83087248322143,0.6790212306585102,,,,,,,,
201907중순,411.0,사과,5.0,후지,상품,개,10.0,25760.0,,25248.0,19496.0,23066.0,2019,중순,2019-07-11,사과-후지,7,11,False,False,False,False,False,False,True,False,False,False,False,False,False,True,False,사과(후지),71.83087248322143,0.6790212306585102,,,,,,,,
201907중순,411.0,사과,5.0,후지,상품,개,10.0,25760.0,,25248.0,19496.0,23066.0,2019,중순,2019-07-11,사과-후지,7,11,False,False,False,False,False,False,True,False,False,False,False,False,False,True,False,사과(후지),71.83087248322143,0.6790212306585102,,,,,,,,
201907중순,411.0,사과,5.0,후지,상품,개,10.0,25760.0,,25248.0,19496.0,23066.0,2019,중순,2019-07-11,사과-후지,7,11,False,False,False,False,False,False,True,False,False,False,False,False,False,True,False,사과(후지),71.83087248322143,0.6790212306585102,,,,,,,,
201907중순,411.0,사과,5.0,후지,상품,개,10.0,25760.0,,25248.0,19496.0,23066.0,2019,중순,2019-07-11,사과-후지,7,11,False,False,False,False,False,False,True,False,False,False,False,False,False,True,False,사과(후지),71.83087248322143,0.6790212306585102,,,,,,,,
201907중순,411.0,사과,5.0,후지,상품,개,10.0,25760.0,,25248.0,19496.0,23066.0,2019,중순,2019-07-11,사과-후지,7,11,False,False,False,False,False,False,True,False,False,False,False,False,False,True,False,사과(후지),71.83087248322143,0.6790212306585102,,,,,,,,
201907중순,411.0,사과,5.0,후지,상품,개,10.0,25760.0,,25248.0,19496.0,23066.0,2019,중순,2019-07-11,사과-후지,7,11,False,False,False,False,False,False,True,False,False,False,False,False,False,True,False,사과(후지),71.83087248322143,0.6790212306585102,,,,,,,,
201907중순,411.0,사과,5.0,후지,상품,개,10.0,25760.0,,25248.0,19496.0,23066.0,2019,중순,2019-07-11,사과-후지,7,11,False,False,False,False,False,False,True,False,False,False,False,False,False,True,False,사과(후지),71.83087248322143,0.6790212306585102,,,,,,,,
201907중순,411.0,사과,5.0,후지,상품,개,10.0,25760.0,,25248.0,19496.0,23066.0,2019,중순,2019-07-11,사과-후지,7,11,False,False,False,False,False,False,True,False,False,False,False,False,False,True,False,사과(후지),71.83087248322143,0.6790212306585102,,,,,,,,
201907중순,411.0,사과,5.0,후지,상품,개,10.0,25760.0,,25248.0,19496.0,23066.0,2019,중순,2019-07-11,사과-후지,7,11,False,False,False,False,False,False,True,False,False,False,False,False,False,True,False,사과(후지),71.83087248322143,0.6790212306585102,,,,,,,,
201907중순,411.0,사과,5.0,후지,상품,개,10.0,25760.0,,25248.0,19496.0,23066.0,2019,중순,2019-07-11,사과-후지,7,11,False,False,False,False,False,False,True,False,False,False,False,False,False,True,False,사과(후지),71.83087248322143,0.6790212306585102,,,,,,,,
201907중순,411.0,사과,5.0,후지,상품,개,10.0,25760.0,,25248.0,19496.0,23066.0,2019,중순,2019-07-11,사과-후지,7,11,False,False,False,False,False,False,True,False,False,False,False,False,False,True,False,사과(후지),71.83087248322143,0.6790212306585102,,,,,,,,
201907중순,411.0,사과,5.0,후지,상품,개,10.0,25760.0,,25248.0,19496.0,23066.0,2019,중순,2019-07-11,사과-후지,7,11,False,False,False,False,False,False,True,False,False,False,False,False,False,True,False,사과(후지),71.83087248322143,0.6790212306585102,,,,,,,,
201907중순,411.0,사과,5.0,후지,상품,개,10.0,25760.0,,25248.0,19496.0,23066.0,2019,중순,2019-07-11,사과-후지,7,11,False,False,False,False,False,False,True,False,False,False,False,False,False,True,False,사과(후지),71.83087248322143,0.6790212306585102,,,,,,,,
201907중순,411.0,사과,5.0,후지,상품,개,10.0,25760.0,,25248.0,19496.0,23066.0,2019,중순,2019-07-11,사과-후지,7,11,False,False,False,False,False,False,True,False,False,False,False,False,False,True,False,사과(후지),71.83087248322143,0.6790212306585102,,,,,,,,
201907중순,411.0,사과,5.0,후지,상품,개,10.0,25760.0,,25248.0,19496.0,23066.0,2019,중순,2019-07-11,사과-후지,7,11,False,False,False,False,False,False,True,False,False,False,False,False,False,True,False,사과(후지),71.83087248322143,0.6790212306585102,,,,,,,,
201907중순,411.0,사과,5.0,후지,상품,개,10.0,25760.0,,25248.0,19496.0,23066.0,2019,중순,2019-07-11,사과-후지,7,11,False,False,False,False,False,False,True,False,False,False,False,False,False,True,False,사과(후지),71.83087248322143,0.6790212306585102,,,,,,,,
201907하순,411.0,사과,5.0,후지,상품,개,10.0,25340.0,,25287.0,19680.0,23229.6666666666,2019,하순,2019-07-21,사과-후지,7,21,False,False,False,False,False,False,True,False,False,False,False,False,False,False,True,사과(후지),107.33691275167779,0.7498907820008738,,,,,,,,
201907하순,411.0,사과,5.0,후지,상품,개,10.0,25340.0,,25287.0,19680.0,23229.6666666666,2019,하순,2019-07-21,사과-후지,7,21,False,False,False,False,False,False,True,False,False,False,False,False,False,False,True,사과(후지),107.33691275167779,0.7498907820008738,,,,,,,,
201907하순,411.0,사과,5.0,후지,상품,개,10.0,25340.0,,25287.0,19680.0,23229.6666666666,2019,하순,2019-07-21,사과-후지,7,21,False,False,False,False,False,False,True,False,False,False,False,False,False,False,True,사과(후지),107.33691275167779,0.7498907820008738,,,,,,,,
201907하순,411.0,사과,5.0,후지,상품,개,10.0,25340.0,,25287.0,19680.0,23229.6666666666,2019,하순,2019-07-21,사과-후지,7,21,False,False,False,False,False,False,True,False,False,False,False,False,False,False,True,사과(후지),107.33691275167779,0.7498907820008738,,,,,,,,
201907하순,411.0,사과,5.0,후지,상품,개,10.0,25340.0,,25287.0,19680.0,23229.6666666666,2019,하순,2019-07-21,사과-후지,7,21,False,False,False,False,False,False,True,False,False,False,False,False,False,False,True,사과(후지),107.33691275167779,0.7498907820008738,,,,,,,,
201907하순,411.0,사과,5.0,후지,상품,개,10.0,25340.0,,25287.0,19680.0,23229.6666666666,2019,하순,2019-07-21,사과-후지,7,21,False,False,False,False,False,False,True,False,False,False,False,False,False,False,True,사과(후지),107.33691275167779,0.7498907820008738,,,,,,,,
201907하순,411.0,사과,5.0,후지,상품,개,10.0,25340.0,,25287.0,19680.0,23229.6666666666,2019,하순,2019-07-21,사과-후지,7,21,False,False,False,False,False,False,True,False,False,False,False,False,False,False,True,사과(후지),107.33691275167779,0.7498907820008738,,,,,,,,
201907하순,411.0,사과,5.0,후지,상품,개,10.0,25340.0,,25287.0,19680.0,23229.6666666666,2019,하순,2019-07-21,사과-후지,7,21,False,False,False,False,False,False,True,False,False,False,False,False,False,False,True,사과(후지),107.33691275167779,0.7498907820008738,,,,,,,,
201907하순,411.0,사과,5.0,후지,상품,개,10.0,25340.0,,25287.0,19680.0,23229.6666666666,2019,하순,2019-07-21,사과-후지,7,21,False,False,False,False,False,False,True,False,False,False,False,False,False,False,True,사과(후지),107.33691275167779,0.7498907820008738,,,,,,,,
201907하순,411.0,사과,5.0,후지,상품,개,10.0,25340.0,,25287.0,19680.0,23229.6666666666,2019,하순,2019-07-21,사과-후지,7,21,False,False,False,False,False,False,True,False,False,False,False,False,False,False,True,사과(후지),107.33691275167779,0.7498907820008738,,,,,,,,
201907하순,411.0,사과,5.0,후지,상품,개,10.0,25340.0,,25287.0,19680.0,23229.6666666666,2019,하순,2019-07-21,사과-후지,7,21,False,False,False,False,False,False,True,False,False,False,False,False,False,False,True,사과(후지),107.33691275167779,0.7498907820008738,,,,,,,,
201907하순,411.0,사과,5.0,후지,상품,개,10.0,25340.0,,25287.0,19680.0,23229.6666666666,2019,하순,2019-07-21,사과-후지,7,21,False,False,False,False,False,False,True,False,False,False,False,False,False,False,True,사과(후지),107.33691275167779,0.7498907820008738,,,,,,,,
201907하순,411.0,사과,5.0,후지,상품,개,10.0,25340.0,,25287.0,19680.0,23229.6666666666,2019,하순,2019-07-21,사과-후지,7,21,False,False,False,False,False,False,True,False,False,False,False,False,False,False,True,사과(후지),107.33691275167779,0.7498907820008738,,,,,,,,
201907하순,411.0,사과,5.0,후지,상품,개,10.0,25340.0,,25287.0,19680.0,23229.6666666666,2019,하순,2019-07-21,사과-후지,7,21,False,False,False,False,False,False,True,False,False,False,False,False,False,False,True,사과(후지),107.33691275167779,0.7498907820008738,,,,,,,,
201907하순,411.0,사과,5.0,후지,상품,개,10.0,25340.0,,25287.0,19680.0,23229.6666666666,2019,하순,2019-07-21,사과-후지,7,21,False,False,False,False,False,False,True,False,False,False,False,False,False,False,True,사과(후지),107.33691275167779,0.7498907820008738,,,,,,,,
201907하순,411.0,사과,5.0,후지,상품,개,10.0,25340.0,,25287.0,19680.0,23229.6666666666,2019,하순,2019-07-21,사과-후지,7,21,False,False,False,False,False,False,True,False,False,False,False,False,False,False,True,사과(후지),107.33691275167779,0.7498907820008738,,,,,,,,
201907하순,411.0,사과,5.0,후지,상품,개,10.0,25340.0,,25287.0,19680.0,23229.6666666666,2019,하순,2019-07-21,사과-후지,7,21,False,False,False,False,False,False,True,False,False,False,False,False,False,False,True,사과(후지),107.33691275167779,0.7498907820008738,,,,,,,,
201907하순,411.0,사과,5.0,후지,상품,개,10.0,25340.0,,25287.0,19680.0,23229.6666666666,2019,하순,2019-07-21,사과-후지,7,21,False,False,False,False,False,False,True,False,False,False,False,False,False,False,True,사과(후지),107.33691275167779,0.7498907820008738,,,,,,,,
201907하순,411.0,사과,5.0,후지,상품,개,10.0,25340.0,,25287.0,19680.0,23229.6666666666,2019,하순,2019-07-21,사과-후지,7,21,False,False,False,False,False,False,True,False,False,False,False,False,False,False,True,사과(후지),107.33691275167779,0.7498907820008738,,,,,,,,
201907하순,411.0,사과,5.0,후지,상품,개,10.0,25340.0,,25287.0,19680.0,23229.6666666666,2019,하순,2019-07-21,사과-후지,7,21,False,False,False,False,False,False,True,False,False,False,False,False,False,False,True,사과(후지),107.33691275167779,0.7498907820008738,,,,,,,,
201907하순,411.0,사과,5.0,후지,상품,개,10.0,25340.0,,25287.0,19680.0,23229.6666666666,2019,하순,2019-07-21,사과-후지,7,21,False,False,False,False,False,False,True,False,False,False,False,False,False,False,True,사과(후지),107.33691275167779,0.7498907820008738,,,,,,,,
201907하순,411.0,사과,5.0,후지,상품,개,10.0,25340.0,,25287.0,19680.0,23229.6666666666,2019,하순,2019-07-21,사과-후지,7,21,False,False,False,False,False,False,True,False,False,False,False,False,False,False,True,사과(후지),107.33691275167779,0.7498907820008738,,,,,,,,
201907하순,411.0,사과,5.0,후지,상품,개,10.0,25340.0,,25287.0,19680.0,23229.6666666666,2019,하순,2019-07-21,사과-후지,7,21,False,False,False,False,False,False,True,False,False,False,False,False,False,False,True,사과(후지),107.33691275167779,0.7498907820008738,,,,,,,,
201907하순,411.0,사과,5.0,후지,상품,개,10.0,25340.0,,25287.0,19680.0,23229.6666666666,2019,하순,2019-07-21,사과-후지,7,21,False,False,False,False,False,False,True,False,False,False,False,False,False,False,True,사과(후지),107.33691275167779,0.7498907820008738,,,,,,,,
201907하순,411.0,사과,5.0,후지,상품,개,10.0,25340.0,,25287.0,19680.0,23229.6666666666,2019,하순,2019-07-21,사과-후지,7,21,False,False,False,False,False,False,True,False,False,False,False,False,False,False,True,사과(후지),107.33691275167779,0.7498907820008738,,,,,,,,
201907하순,411.0,사과,5.0,후지,상품,개,10.0,25340.0,,25287.0,19680.0,23229.6666666666,2019,하순,2019-07-21,사과-후지,7,21,False,False,False,False,False,False,True,False,False,False,False,False,False,False,True,사과(후지),107.33691275167779,0.7498907820008738,,,,,,,,
201907하순,411.0,사과,5.0,후지,상품,개,10.0,25340.0,,25287.0,19680.0,23229.6666666666,2019,하순,2019-07-21,사과-후지,7,21,False,False,False,False,False,False,True,False,False,False,False,False,False,False,True,사과(후지),107.33691275167779,0.7498907820008738,,,,,,,,
201908상순,411.0,사과,5.0,후지,상품,개,10.0,25279.0,,25319.0,20287.0,23778.3333333333,2019,상순,2019-08-01,사과-후지,8,1,False,False,False,False,False,False,False,True,False,False,False,False,True,False,False,사과(후지),122.31006711409388,0.8086505996041449,,,,,,,,
201908상순,411.0,사과,5.0,후지,상품,개,10.0,25279.0,,25319.0,20287.0,23778.3333333333,2019,상순,2019-08-01,사과-후지,8,1,False,False,False,False,False,False,False,True,False,False,False,False,True,False,False,사과(후지),122.31006711409388,0.8086505996041449,,,,,,,,
201908상순,411.0,사과,5.0,후지,상품,개,10.0,25279.0,,25319.0,20287.0,23778.3333333333,2019,상순,2019-08-01,사과-후지,8,1,False,False,False,False,False,False,False,True,False,False,False,False,True,False,False,사과(후지),122.31006711409388,0.8086505996041449,,,,,,,,
201908상순,411.0,사과,5.0,후지,상품,개,10.0,25279.0,,25319.0,20287.0,23778.3333333333,2019,상순,2019-08-01,사과-후지,8,1,False,False,False,False,False,False,False,True,False,False,False,False,True,False,False,사과(후지),122.31006711409388,0.8086505996041449,,,,,,,,
201908상순,411.0,사과,5.0,후지,상품,개,10.0,25279.0,,25319.0,20287.0,23778.3333333333,2019,상순,2019-08-01,사과-후지,8,1,False,False,False,False,False,False,False,True,False,False,False,False,True,False,False,사과(후지),122.31006711409388,0.8086505996041449,,,,,,,,
201908상순,411.0,사과,5.0,후지,상품,개,10.0,25279.0,,25319.0,20287.0,23778.3333333333,2019,상순,2019-08-01,사과-후지,8,1,False,False,False,False,False,False,False,True,False,False,False,False,True,False,False,사과(후지),122.31006711409388,0.8086505996041449,,,,,,,,
201908상순,411.0,사과,5.0,후지,상품,개,10.0,25279.0,,25319.0,20287.0,23778.3333333333,2019,상순,2019-08-01,사과-후지,8,1,False,False,False,False,False,False,False,True,False,False,False,False,True,False,False,사과(후지),122.31006711409388,0.8086505996041449,,,,,,,,
201908상순,411.0,사과,5.0,후지,상품,개,10.0,25279.0,,25319.0,20287.0,23778.3333333333,2019,상순,2019-08-01,사과-후지,8,1,False,False,False,False,False,False,False,True,False,False,False,False,True,False,False,사과(후지),122.31006711409388,0.8086505996041449,,,,,,,,
201908상순,411.0,사과,5.0,후지,상품,개,10.0,25279.0,,25319.0,20287.0,23778.3333333333,2019,상순,2019-08-01,사과-후지,8,1,False,False,False,False,False,False,False,True,False,False,False,False,True,False,False,사과(후지),122.31006711409388,0.8086505996041449,,,,,,,,
201908상순,411.0,사과,5.0,후지,상품,개,10.0,25279.0,,25319.0,20287.0,23778.3333333333,2019,상순,2019-08-01,사과-후지,8,1,False,False,False,False,False,False,False,True,False,False,False,False,True,False,False,사과(후지),122.31006711409388,0.8086505996041449,,,,,,,,
201908상순,411.0,사과,5.0,후지,상품,개,10.0,25279.0,,25319.0,20287.0,23778.3333333333,2019,상순,2019-08-01,사과-후지,8,1,False,False,False,False,False,False,False,True,False,False,False,False,True,False,False,사과(후지),122.31006711409388,0.8086505996041449,,,,,,,,
201908상순,411.0,사과,5.0,후지,상품,개,10.0,25279.0,,25319.0,20287.0,23778.3333333333,2019,상순,2019-08-01,사과-후지,8,1,False,False,False,False,False,False,False,True,False,False,False,False,True,False,False,사과(후지),122.31006711409388,0.8086505996041449,,,,,,,,
201908상순,411.0,사과,5.0,후지,상품,개,10.0,25279.0,,25319.0,20287.0,23778.3333333333,2019,상순,2019-08-01,사과-후지,8,1,False,False,False,False,False,False,False,True,False,False,False,False,True,False,False,사과(후지),122.31006711409388,0.8086505996041449,,,,,,,,
201908상순,411.0,사과,5.0,후지,상품,개,10.0,25279.0,,25319.0,20287.0,23778.3333333333,2019,상순,2019-08-01,사과-후지,8,1,False,False,False,False,False,False,False,True,False,False,False,False,True,False,False,사과(후지),122.31006711409388,0.8086505996041449,,,,,,,,
201908상순,411.0,사과,5.0,후지,상품,개,10.0,25279.0,,25319.0,20287.0,23778.3333333333,2019,상순,2019-08-01,사과-후지,8,1,False,False,False,False,False,False,False,True,False,False,False,False,True,False,False,사과(후지),122.31006711409388,0.8086505996041449,,,,,,,,
201908상순,411.0,사과,5.0,후지,상품,개,10.0,25279.0,,25319.0,20287.0,23778.3333333333,2019,상순,2019-08-01,사과-후지,8,1,False,False,False,False,False,False,False,True,False,False,False,False,True,False,False,사과(후지),122.31006711409388,0.8086505996041449,,,,,,,,
201908상순,411.0,사과,5.0,후지,상품,개,10.0,25279.0,,25319.0,20287.0,23778.3333333333,2019,상순,2019-08-01,사과-후지,8,1,False,False,False,False,False,False,False,True,False,False,False,False,True,False,False,사과(후지),122.31006711409388,0.8086505996041449,,,,,,,,
201908상순,411.0,사과,5.0,후지,상품,개,10.0,25279.0,,25319.0,20287.0,23778.3333333333,2019,상순,2019-08-01,사과-후지,8,1,False,False,False,False,False,False,False,True,False,False,False,False,True,False,False,사과(후지),122.31006711409388,0.8086505996041449,,,,,,,,
201908상순,411.0,사과,5.0,후지,상품,개,10.0,25279.0,,25319.0,20287.0,23778.3333333333,2019,상순,2019-08-01,사과-후지,8,1,False,False,False,False,False,False,False,True,False,False,False,False,True,False,False,사과(후지),122.31006711409388,0.8086505996041449,,,,,,,,
201908상순,411.0,사과,5.0,후지,상품,개,10.0,25279.0,,25319.0,20287.0,23778.3333333333,2019,상순,2019-08-01,사과-후지,8,1,False,False,False,False,False,False,False,True,False,False,False,False,True,False,False,사과(후지),122.31006711409388,0.8086505996041449,,,,,,,,
201908상순,411.0,사과,5.0,후지,상품,개,10.0,25279.0,,25319.0,20287.0,23778.3333333333,2019,상순,2019-08-01,사과-후지,8,1,False,False,False,False,False,False,False,True,False,False,False,False,True,False,False,사과(후지),122.31006711409388,0.8086505996041449,,,,,,,,
201908상순,411.0,사과,5.0,후지,상품,개,10.0,25279.0,,25319.0,20287.0,23778.3333333333,2019,상순,2019-08-01,사과-후지,8,1,False,False,False,False,False,False,False,True,False,False,False,False,True,False,False,사과(후지),122.31006711409388,0.8086505996041449,,,,,,,,
201908상순,411.0,사과,5.0,후지,상품,개,10.0,25279.0,,25319.0,20287.0,23778.3333333333,2019,상순,2019-08-01,사과-후지,8,1,False,False,False,False,False,False,False,True,False,False,False,False,True,False,False,사과(후지),122.31006711409388,0.8086505996041449,,,,,,,,
201908상순,411.0,사과,5.0,후지,상품,개,10.0,25279.0,,25319.0,20287.0,23778.3333333333,2019,상순,2019-08-01,사과-후지,8,1,False,False,False,False,False,False,False,True,False,False,False,False,True,False,False,사과(후지),122.31006711409388,0.8086505996041449,,,,,,,,
201908상순,411.0,사과,5.0,후지,상품,개,10.0,25279.0,,25319.0,20287.0,23778.3333333333,2019,상순,2019-08-01,사과-후지,8,1,False,False,False,False,False,False,False,True,False,False,False,False,True,False,False,사과(후지),122.31006711409388,0.8086505996041449,,,,,,,,
201908중순,411.0,사과,5.0,후지,상품,개,10.0,25974.0,,25760.0,20956.0,24041.0,2019,중순,2019-08-11,사과-후지,8,11,False,False,False,False,False,False,False,True,False,False,False,False,False,True,False,사과(후지),155.38926174496635,0.8275803722504231,,,,,,,,
201908중순,411.0,사과,5.0,후지,상품,개,10.0,25974.0,,25760.0,20956.0,24041.0,2019,중순,2019-08-11,사과-후지,8,11,False,False,False,False,False,False,False,True,False,False,False,False,False,True,False,사과(후지),155.38926174496635,0.8275803722504231,,,,,,,,
201908중순,411.0,사과,5.0,후지,상품,개,10.0,25974.0,,25760.0,20956.0,24041.0,2019,중순,2019-08-11,사과-후지,8,11,False,False,False,False,False,False,False,True,False,False,False,False,False,True,False,사과(후지),155.38926174496635,0.8275803722504231,,,,,,,,
201908중순,411.0,사과,5.0,후지,상품,개,10.0,25974.0,,25760.0,20956.0,24041.0,2019,중순,2019-08-11,사과-후지,8,11,False,False,False,False,False,False,False,True,False,False,False,False,False,True,False,사과(후지),155.38926174496635,0.8275803722504231,,,,,,,,
201908중순,411.0,사과,5.0,후지,상품,개,10.0,25974.0,,25760.0,20956.0,24041.0,2019,중순,2019-08-11,사과-후지,8,11,False,False,False,False,False,False,False,True,False,False,False,False,False,True,False,사과(후지),155.38926174496635,0.8275803722504231,,,,,,,,
201908중순,411.0,사과,5.0,후지,상품,개,10.0,25974.0,,25760.0,20956.0,24041.0,2019,중순,2019-08-11,사과-후지,8,11,False,False,False,False,False,False,False,True,False,False,False,False,False,True,False,사과(후지),155.38926174496635,0.8275803722504231,,,,,,,,
201908중순,411.0,사과,5.0,후지,상품,개,10.0,25974.0,,25760.0,20956.0,24041.0,2019,중순,2019-08-11,사과-후지,8,11,False,False,False,False,False,False,False,True,False,False,False,False,False,True,False,사과(후지),155.38926174496635,0.8275803722504231,,,,,,,,
201908중순,411.0,사과,5.0,후지,상품,개,10.0,25974.0,,25760.0,20956.0,24041.0,2019,중순,2019-08-11,사과-후지,8,11,False,False,False,False,False,False,False,True,False,False,False,False,False,True,False,사과(후지),155.38926174496635,0.8275803722504231,,,,,,,,
201908중순,411.0,사과,5.0,후지,상품,개,10.0,25974.0,,25760.0,20956.0,24041.0,2019,중순,2019-08-11,사과-후지,8,11,False,False,False,False,False,False,False,True,False,False,False,False,False,True,False,사과(후지),155.38926174496635,0.8275803722504231,,,,,,,,
201908중순,411.0,사과,5.0,후지,상품,개,10.0,25974.0,,25760.0,20956.0,24041.0,2019,중순,2019-08-11,사과-후지,8,11,False,False,False,False,False,False,False,True,False,False,False,False,False,True,False,사과(후지),155.38926174496635,0.8275803722504231,,,,,,,,
201908중순,411.0,사과,5.0,후지,상품,개,10.0,25974.0,,25760.0,20956.0,24041.0,2019,중순,2019-08-11,사과-후지,8,11,False,False,False,False,False,False,False,True,False,False,False,False,False,True,False,사과(후지),155.38926174496635,0.8275803722504231,,,,,,,,
201908중순,411.0,사과,5.0,후지,상품,개,10.0,25974.0,,25760.0,20956.0,24041.0,2019,중순,2019-08-11,사과-후지,8,11,False,False,False,False,False,False,False,True,False,False,False,False,False,True,False,사과(후지),155.38926174496635,0.8275803722504231,,,,,,,,
201908중순,411.0,사과,5.0,후지,상품,개,10.0,25974.0,,25760.0,20956.0,24041.0,2019,중순,2019-08-11,사과-후지,8,11,False,False,False,False,False,False,False,True,False,False,False,False,False,True,False,사과(후지),155.38926174496635,0.8275803722504231,,,,,,,,
201908중순,411.0,사과,5.0,후지,상품,개,10.0,25974.0,,25760.0,20956.0,24041.0,2019,중순,2019-08-11,사과-후지,8,11,False,False,False,False,False,False,False,True,False,False,False,False,False,True,False,사과(후지),155.38926174496635,0.8275803722504231,,,,,,,,
201908중순,411.0,사과,5.0,후지,상품,개,10.0,25974.0,,25760.0,20956.0,24041.0,2019,중순,2019-08-11,사과-후지,8,11,False,False,False,False,False,False,False,True,False,False,False,False,False,True,False,사과(후지),155.38926174496635,0.8275803722504231,,,,,,,,
201908중순,411.0,사과,5.0,후지,상품,개,10.0,25974.0,,25760.0,20956.0,24041.0,2019,중순,2019-08-11,사과-후지,8,11,False,False,False,False,False,False,False,True,False,False,False,False,False,True,False,사과(후지),155.38926174496635,0.8275803722504231,,,,,,,,
201908중순,411.0,사과,5.0,후지,상품,개,10.0,25974.0,,25760.0,20956.0,24041.0,2019,중순,2019-08-11,사과-후지,8,11,False,False,False,False,False,False,False,True,False,False,False,False,False,True,False,사과(후지),155.38926174496635,0.8275803722504231,,,,,,,,
201908중순,411.0,사과,5.0,후지,상품,개,10.0,25974.0,,25760.0,20956.0,24041.0,2019,중순,2019-08-11,사과-후지,8,11,False,False,False,False,False,False,False,True,False,False,False,False,False,True,False,사과(후지),155.38926174496635,0.8275803722504231,,,,,,,,
201908중순,411.0,사과,5.0,후지,상품,개,10.0,25974.0,,25760.0,20956.0,24041.0,2019,중순,2019-08-11,사과-후지,8,11,False,False,False,False,False,False,False,True,False,False,False,False,False,True,False,사과(후지),155.38926174496635,0.8275803722504231,,,,,,,,
201908중순,411.0,사과,5.0,후지,상품,개,10.0,25974.0,,25760.0,20956.0,24041.0,2019,중순,2019-08-11,사과-후지,8,11,False,False,False,False,False,False,False,True,False,False,False,False,False,True,False,사과(후지),155.38926174496635,0.8275803722504231,,,,,,,,
201908중순,411.0,사과,5.0,후지,상품,개,10.0,25974.0,,25760.0,20956.0,24041.0,2019,중순,2019-08-11,사과-후지,8,11,False,False,False,False,False,False,False,True,False,False,False,False,False,True,False,사과(후지),155.38926174496635,0.8275803722504231,,,,,,,,
201908중순,411.0,사과,5.0,후지,상품,개,10.0,25974.0,,25760.0,20956.0,24041.0,2019,중순,2019-08-11,사과-후지,8,11,False,False,False,False,False,False,False,True,False,False,False,False,False,True,False,사과(후지),155.38926174496635,0.8275803722504231,,,,,,,,
201908중순,411.0,사과,5.0,후지,상품,개,10.0,25974.0,,25760.0,20956.0,24041.0,2019,중순,2019-08-11,사과-후지,8,11,False,False,False,False,False,False,False,True,False,False,False,False,False,True,False,사과(후지),155.38926174496635,0.8275803722504231,,,,,,,,
201908중순,411.0,사과,5.0,후지,상품,개,10.0,25974.0,,25760.0,20956.0,24041.0,2019,중순,2019-08-11,사과-후지,8,11,False,False,False,False,False,False,False,True,False,False,False,False,False,True,False,사과(후지),155.38926174496635,0.8275803722504231,,,,,,,,
201908중순,411.0,사과,5.0,후지,상품,개,10.0,25974.0,,25760.0,20956.0,24041.0,2019,중순,2019-08-11,사과-후지,8,11,False,False,False,False,False,False,False,True,False,False,False,False,False,True,False,사과(후지),155.38926174496635,0.8275803722504231,,,,,,,,
201908중순,411.0,사과,5.0,후지,상품,개,10.0,25974.0,,25760.0,20956.0,24041.0,2019,중순,2019-08-11,사과-후지,8,11,False,False,False,False,False,False,False,True,False,False,False,False,False,True,False,사과(후지),155.38926174496635,0.8275803722504231,,,,,,,,
201908중순,411.0,사과,5.0,후지,상품,개,10.0,25974.0,,25760.0,20956.0,24041.0,2019,중순,2019-08-11,사과-후지,8,11,False,False,False,False,False,False,False,True,False,False,False,False,False,True,False,사과(후지),155.38926174496635,0.8275803722504231,,,,,,,,
201908하순,411.0,사과,5.0,후지,상품,개,10.0,26672.0,,25340.0,21807.0,23489.6666666666,2019,하순,2019-08-21,사과-후지,8,21,False,False,False,False,False,False,False,True,False,False,False,False,False,False,True,사과(후지),177.20268456375828,0.831306760300843,,,,,,,,
201908하순,411.0,사과,5.0,후지,상품,개,10.0,26672.0,,25340.0,21807.0,23489.6666666666,2019,하순,2019-08-21,사과-후지,8,21,False,False,False,False,False,False,False,True,False,False,False,False,False,False,True,사과(후지),177.20268456375828,0.831306760300843,,,,,,,,
201908하순,411.0,사과,5.0,후지,상품,개,10.0,26672.0,,25340.0,21807.0,23489.6666666666,2019,하순,2019-08-21,사과-후지,8,21,False,False,False,False,False,False,False,True,False,False,False,False,False,False,True,사과(후지),177.20268456375828,0.831306760300843,,,,,,,,
201908하순,411.0,사과,5.0,후지,상품,개,10.0,26672.0,,25340.0,21807.0,23489.6666666666,2019,하순,2019-08-21,사과-후지,8,21,False,False,False,False,False,False,False,True,False,False,False,False,False,False,True,사과(후지),177.20268456375828,0.831306760300843,,,,,,,,
201908하순,411.0,사과,5.0,후지,상품,개,10.0,26672.0,,25340.0,21807.0,23489.6666666666,2019,하순,2019-08-21,사과-후지,8,21,False,False,False,False,False,False,False,True,False,False,False,False,False,False,True,사과(후지),177.20268456375828,0.831306760300843,,,,,,,,
201908하순,411.0,사과,5.0,후지,상품,개,10.0,26672.0,,25340.0,21807.0,23489.6666666666,2019,하순,2019-08-21,사과-후지,8,21,False,False,False,False,False,False,False,True,False,False,False,False,False,False,True,사과(후지),177.20268456375828,0.831306760300843,,,,,,,,
201908하순,411.0,사과,5.0,후지,상품,개,10.0,26672.0,,25340.0,21807.0,23489.6666666666,2019,하순,2019-08-21,사과-후지,8,21,False,False,False,False,False,False,False,True,False,False,False,False,False,False,True,사과(후지),177.20268456375828,0.831306760300843,,,,,,,,
201908하순,411.0,사과,5.0,후지,상품,개,10.0,26672.0,,25340.0,21807.0,23489.6666666666,2019,하순,2019-08-21,사과-후지,8,21,False,False,False,False,False,False,False,True,False,False,False,False,False,False,True,사과(후지),177.20268456375828,0.831306760300843,,,,,,,,
201908하순,411.0,사과,5.0,후지,상품,개,10.0,26672.0,,25340.0,21807.0,23489.6666666666,2019,하순,2019-08-21,사과-후지,8,21,False,False,False,False,False,False,False,True,False,False,False,False,False,False,True,사과(후지),177.20268456375828,0.831306760300843,,,,,,,,
201908하순,411.0,사과,5.0,후지,상품,개,10.0,26672.0,,25340.0,21807.0,23489.6666666666,2019,하순,2019-08-21,사과-후지,8,21,False,False,False,False,False,False,False,True,False,False,False,False,False,False,True,사과(후지),177.20268456375828,0.831306760300843,,,,,,,,
201908하순,411.0,사과,5.0,후지,상품,개,10.0,26672.0,,25340.0,21807.0,23489.6666666666,2019,하순,2019-08-21,사과-후지,8,21,False,False,False,False,False,False,False,True,False,False,False,False,False,False,True,사과(후지),177.20268456375828,0.831306760300843,,,,,,,,
201908하순,411.0,사과,5.0,후지,상품,개,10.0,26672.0,,25340.0,21807.0,23489.6666666666,2019,하순,2019-08-21,사과-후지,8,21,False,False,False,False,False,False,False,True,False,False,False,False,False,False,True,사과(후지),177.20268456375828,0.831306760300843,,,,,,,,
201908하순,411.0,사과,5.0,후지,상품,개,10.0,26672.0,,25340.0,21807.0,23489.6666666666,2019,하순,2019-08-21,사과-후지,8,21,False,False,False,False,False,False,False,True,False,False,False,False,False,False,True,사과(후지),177.20268456375828,0.831306760300843,,,,,,,,
201908하순,411.0,사과,5.0,후지,상품,개,10.0,26672.0,,25340.0,21807.0,23489.6666666666,2019,하순,2019-08-21,사과-후지,8,21,False,False,False,False,False,False,False,True,False,False,False,False,False,False,True,사과(후지),177.20268456375828,0.831306760300843,,,,,,,,
201908하순,411.0,사과,5.0,후지,상품,개,10.0,26672.0,,25340.0,21807.0,23489.6666666666,2019,하순,2019-08-21,사과-후지,8,21,False,False,False,False,False,False,False,True,False,False,False,False,False,False,True,사과(후지),177.20268456375828,0.831306760300843,,,,,,,,
201908하순,411.0,사과,5.0,후지,상품,개,10.0,26672.0,,25340.0,21807.0,23489.6666666666,2019,하순,2019-08-21,사과-후지,8,21,False,False,False,False,False,False,False,True,False,False,False,False,False,False,True,사과(후지),177.20268456375828,0.831306760300843,,,,,,,,
201908하순,411.0,사과,5.0,후지,상품,개,10.0,26672.0,,25340.0,21807.0,23489.6666666666,2019,하순,2019-08-21,사과-후지,8,21,False,False,False,False,False,False,False,True,False,False,False,False,False,False,True,사과(후지),177.20268456375828,0.831306760300843,,,,,,,,
201908하순,411.0,사과,5.0,후지,상품,개,10.0,26672.0,,25340.0,21807.0,23489.6666666666,2019,하순,2019-08-21,사과-후지,8,21,False,False,False,False,False,False,False,True,False,False,False,False,False,False,True,사과(후지),177.20268456375828,0.831306760300843,,,,,,,,
201908하순,411.0,사과,5.0,후지,상품,개,10.0,26672.0,,25340.0,21807.0,23489.6666666666,2019,하순,2019-08-21,사과-후지,8,21,False,False,False,False,False,False,False,True,False,False,False,False,False,False,True,사과(후지),177.20268456375828,0.831306760300843,,,,,,,,
201908하순,411.0,사과,5.0,후지,상품,개,10.0,26672.0,,25340.0,21807.0,23489.6666666666,2019,하순,2019-08-21,사과-후지,8,21,False,False,False,False,False,False,False,True,False,False,False,False,False,False,True,사과(후지),177.20268456375828,0.831306760300843,,,,,,,,
201908하순,411.0,사과,5.0,후지,상품,개,10.0,26672.0,,25340.0,21807.0,23489.6666666666,2019,하순,2019-08-21,사과-후지,8,21,False,False,False,False,False,False,False,True,False,False,False,False,False,False,True,사과(후지),177.20268456375828,0.831306760300843,,,,,,,,
201908하순,411.0,사과,5.0,후지,상품,개,10.0,26672.0,,25340.0,21807.0,23489.6666666666,2019,하순,2019-08-21,사과-후지,8,21,False,False,False,False,False,False,False,True,False,False,False,False,False,False,True,사과(후지),177.20268456375828,0.831306760300843,,,,,,,,
201908하순,411.0,사과,5.0,후지,상품,개,10.0,26672.0,,25340.0,21807.0,23489.6666666666,2019,하순,2019-08-21,사과-후지,8,21,False,False,False,False,False,False,False,True,False,False,False,False,False,False,True,사과(후지),177.20268456375828,0.831306760300843,,,,,,,,
201908하순,411.0,사과,5.0,후지,상품,개,10.0,26672.0,,25340.0,21807.0,23489.6666666666,2019,하순,2019-08-21,사과-후지,8,21,False,False,False,False,False,False,False,True,False,False,False,False,False,False,True,사과(후지),177.20268456375828,0.831306760300843,,,,,,,,
201908하순,411.0,사과,5.0,후지,상품,개,10.0,26672.0,,25340.0,21807.0,23489.6666666666,2019,하순,2019-08-21,사과-후지,8,21,False,False,False,False,False,False,False,True,False,False,False,False,False,False,True,사과(후지),177.20268456375828,0.831306760300843,,,,,,,,
201908하순,411.0,사과,5.0,후지,상품,개,10.0,26672.0,,25340.0,21807.0,23489.6666666666,2019,하순,2019-08-21,사과-후지,8,21,False,False,False,False,False,False,False,True,False,False,False,False,False,False,True,사과(후지),177.20268456375828,0.831306760300843,,,,,,,,
201908하순,411.0,사과,5.0,후지,상품,개,10.0,26672.0,,25340.0,21807.0,23489.6666666666,2019,하순,2019-08-21,사과-후지,8,21,False,False,False,False,False,False,False,True,False,False,False,False,False,False,True,사과(후지),177.20268456375828,0.831306760300843,,,,,,,,
201908하순,411.0,사과,5.0,후지,상품,개,10.0,26672.0,,25340.0,21807.0,23489.6666666666,2019,하순,2019-08-21,사과-후지,8,21,False,False,False,False,False,False,False,True,False,False,False,False,False,False,True,사과(후지),177.20268456375828,0.831306760300843,,,,,,,,
201909상순,411.0,사과,5.0,후지,상품,개,10.0,25700.0,,25279.0,21299.0,11744.8333333333,2019,상순,2019-09-01,사과-후지,9,1,False,False,False,False,False,False,False,False,True,False,False,False,True,False,False,사과(후지),225.7704697986576,0.8336740101445982,,,,,,,,
201909상순,411.0,사과,5.0,후지,상품,개,10.0,25700.0,,25279.0,21299.0,11744.8333333333,2019,상순,2019-09-01,사과-후지,9,1,False,False,False,False,False,False,False,False,True,False,False,False,True,False,False,사과(후지),225.7704697986576,0.8336740101445982,,,,,,,,
201909상순,411.0,사과,5.0,후지,상품,개,10.0,25700.0,,25279.0,21299.0,11744.8333333333,2019,상순,2019-09-01,사과-후지,9,1,False,False,False,False,False,False,False,False,True,False,False,False,True,False,False,사과(후지),225.7704697986576,0.8336740101445982,,,,,,,,
201909상순,411.0,사과,5.0,후지,상품,개,10.0,25700.0,,25279.0,21299.0,11744.8333333333,2019,상순,2019-09-01,사과-후지,9,1,False,False,False,False,False,False,False,False,True,False,False,False,True,False,False,사과(후지),225.7704697986576,0.8336740101445982,,,,,,,,
201909상순,411.0,사과,5.0,후지,상품,개,10.0,25700.0,,25279.0,21299.0,11744.8333333333,2019,상순,2019-09-01,사과-후지,9,1,False,False,False,False,False,False,False,False,True,False,False,False,True,False,False,사과(후지),225.7704697986576,0.8336740101445982,,,,,,,,
201909상순,411.0,사과,5.0,후지,상품,개,10.0,25700.0,,25279.0,21299.0,11744.8333333333,2019,상순,2019-09-01,사과-후지,9,1,False,False,False,False,False,False,False,False,True,False,False,False,True,False,False,사과(후지),225.7704697986576,0.8336740101445982,,,,,,,,
201909상순,411.0,사과,5.0,후지,상품,개,10.0,25700.0,,25279.0,21299.0,11744.8333333333,2019,상순,2019-09-01,사과-후지,9,1,False,False,False,False,False,False,False,False,True,False,False,False,True,False,False,사과(후지),225.7704697986576,0.8336740101445982,,,,,,,,
201909상순,411.0,사과,5.0,후지,상품,개,10.0,25700.0,,25279.0,21299.0,11744.8333333333,2019,상순,2019-09-01,사과-후지,9,1,False,False,False,False,False,False,False,False,True,False,False,False,True,False,False,사과(후지),225.7704697986576,0.8336740101445982,,,,,,,,
201909상순,411.0,사과,5.0,후지,상품,개,10.0,25700.0,,25279.0,21299.0,11744.8333333333,2019,상순,2019-09-01,사과-후지,9,1,False,False,False,False,False,False,False,False,True,False,False,False,True,False,False,사과(후지),225.7704697986576,0.8336740101445982,,,,,,,,
201909상순,411.0,사과,5.0,후지,상품,개,10.0,25700.0,,25279.0,21299.0,11744.8333333333,2019,상순,2019-09-01,사과-후지,9,1,False,False,False,False,False,False,False,False,True,False,False,False,True,False,False,사과(후지),225.7704697986576,0.8336740101445982,,,,,,,,
201909상순,411.0,사과,5.0,후지,상품,개,10.0,25700.0,,25279.0,21299.0,11744.8333333333,2019,상순,2019-09-01,사과-후지,9,1,False,False,False,False,False,False,False,False,True,False,False,False,True,False,False,사과(후지),225.7704697986576,0.8336740101445982,,,,,,,,
201909상순,411.0,사과,5.0,후지,상품,개,10.0,25700.0,,25279.0,21299.0,11744.8333333333,2019,상순,2019-09-01,사과-후지,9,1,False,False,False,False,False,False,False,False,True,False,False,False,True,False,False,사과(후지),225.7704697986576,0.8336740101445982,,,,,,,,
201909상순,411.0,사과,5.0,후지,상품,개,10.0,25700.0,,25279.0,21299.0,11744.8333333333,2019,상순,2019-09-01,사과-후지,9,1,False,False,False,False,False,False,False,False,True,False,False,False,True,False,False,사과(후지),225.7704697986576,0.8336740101445982,,,,,,,,
201909상순,411.0,사과,5.0,후지,상품,개,10.0,25700.0,,25279.0,21299.0,11744.8333333333,2019,상순,2019-09-01,사과-후지,9,1,False,False,False,False,False,False,False,False,True,False,False,False,True,False,False,사과(후지),225.7704697986576,0.8336740101445982,,,,,,,,
201909상순,411.0,사과,5.0,후지,상품,개,10.0,25700.0,,25279.0,21299.0,11744.8333333333,2019,상순,2019-09-01,사과-후지,9,1,False,False,False,False,False,False,False,False,True,False,False,False,True,False,False,사과(후지),225.7704697986576,0.8336740101445982,,,,,,,,
201909상순,411.0,사과,5.0,후지,상품,개,10.0,25700.0,,25279.0,21299.0,11744.8333333333,2019,상순,2019-09-01,사과-후지,9,1,False,False,False,False,False,False,False,False,True,False,False,False,True,False,False,사과(후지),225.7704697986576,0.8336740101445982,,,,,,,,
201909상순,411.0,사과,5.0,후지,상품,개,10.0,25700.0,,25279.0,21299.0,11744.8333333333,2019,상순,2019-09-01,사과-후지,9,1,False,False,False,False,False,False,False,False,True,False,False,False,True,False,False,사과(후지),225.7704697986576,0.8336740101445982,,,,,,,,
201909상순,411.0,사과,5.0,후지,상품,개,10.0,25700.0,,25279.0,21299.0,11744.8333333333,2019,상순,2019-09-01,사과-후지,9,1,False,False,False,False,False,False,False,False,True,False,False,False,True,False,False,사과(후지),225.7704697986576,0.8336740101445982,,,,,,,,
201909상순,411.0,사과,5.0,후지,상품,개,10.0,25700.0,,25279.0,21299.0,11744.8333333333,2019,상순,2019-09-01,사과-후지,9,1,False,False,False,False,False,False,False,False,True,False,False,False,True,False,False,사과(후지),225.7704697986576,0.8336740101445982,,,,,,,,
201909상순,411.0,사과,5.0,후지,상품,개,10.0,25700.0,,25279.0,21299.0,11744.8333333333,2019,상순,2019-09-01,사과-후지,9,1,False,False,False,False,False,False,False,False,True,False,False,False,True,False,False,사과(후지),225.7704697986576,0.8336740101445982,,,,,,,,
201909상순,411.0,사과,5.0,후지,상품,개,10.0,25700.0,,25279.0,21299.0,11744.8333333333,2019,상순,2019-09-01,사과-후지,9,1,False,False,False,False,False,False,False,False,True,False,False,False,True,False,False,사과(후지),225.7704697986576,0.8336740101445982,,,,,,,,
201909상순,411.0,사과,5.0,후지,상품,개,10.0,25700.0,,25279.0,21299.0,11744.8333333333,2019,상순,2019-09-01,사과-후지,9,1,False,False,False,False,False,False,False,False,True,False,False,False,True,False,False,사과(후지),225.7704697986576,0.8336740101445982,,,,,,,,
201909상순,411.0,사과,5.0,후지,상품,개,10.0,25700.0,,25279.0,21299.0,11744.8333333333,2019,상순,2019-09-01,사과-후지,9,1,False,False,False,False,False,False,False,False,True,False,False,False,True,False,False,사과(후지),225.7704697986576,0.8336740101445982,,,,,,,,
201909상순,411.0,사과,5.0,후지,상품,개,10.0,25700.0,,25279.0,21299.0,11744.8333333333,2019,상순,2019-09-01,사과-후지,9,1,False,False,False,False,False,False,False,False,True,False,False,False,True,False,False,사과(후지),225.7704697986576,0.8336740101445982,,,,,,,,
201909상순,411.0,사과,5.0,후지,상품,개,10.0,25700.0,,25279.0,21299.0,11744.8333333333,2019,상순,2019-09-01,사과-후지,9,1,False,False,False,False,False,False,False,False,True,False,False,False,True,False,False,사과(후지),225.7704697986576,0.8336740101445982,,,,,,,,
201909상순,411.0,사과,5.0,후지,상품,개,10.0,25700.0,,25279.0,21299.0,11744.8333333333,2019,상순,2019-09-01,사과-후지,9,1,False,False,False,False,False,False,False,False,True,False,False,False,True,False,False,사과(후지),225.7704697986576,0.8336740101445982,,,,,,,,
201910하순,411.0,사과,5.0,후지,상품,개,10.0,18986.0,,,22336.0,16039.5833333333,2019,하순,2019-10-21,사과-후지,10,21,False,False,False,False,False,False,False,False,False,True,False,False,False,False,True,사과(후지),331.0791946308723,0.7825766470971952,,,,,,,,
201910하순,411.0,사과,5.0,후지,상품,개,10.0,18986.0,,,22336.0,16039.5833333333,2019,하순,2019-10-21,사과-후지,10,21,False,False,False,False,False,False,False,False,False,True,False,False,False,False,True,사과(후지),331.0791946308723,0.7825766470971952,,,,,,,,
201910하순,411.0,사과,5.0,후지,상품,개,10.0,18986.0,,,22336.0,16039.5833333333,2019,하순,2019-10-21,사과-후지,10,21,False,False,False,False,False,False,False,False,False,True,False,False,False,False,True,사과(후지),331.0791946308723,0.7825766470971952,,,,,,,,
201910하순,411.0,사과,5.0,후지,상품,개,10.0,18986.0,,,22336.0,16039.5833333333,2019,하순,2019-10-21,사과-후지,10,21,False,False,False,False,False,False,False,False,False,True,False,False,False,False,True,사과(후지),331.0791946308723,0.7825766470971952,,,,,,,,
201910하순,411.0,사과,5.0,후지,상품,개,10.0,18986.0,,,22336.0,16039.5833333333,2019,하순,2019-10-21,사과-후지,10,21,False,False,False,False,False,False,False,False,False,True,False,False,False,False,True,사과(후지),331.0791946308723,0.7825766470971952,,,,,,,,
201910하순,411.0,사과,5.0,후지,상품,개,10.0,18986.0,,,22336.0,16039.5833333333,2019,하순,2019-10-21,사과-후지,10,21,False,False,False,False,False,False,False,False,False,True,False,False,False,False,True,사과(후지),331.0791946308723,0.7825766470971952,,,,,,,,
201910하순,411.0,사과,5.0,후지,상품,개,10.0,18986.0,,,22336.0,16039.5833333333,2019,하순,2019-10-21,사과-후지,10,21,False,False,False,False,False,False,False,False,False,True,False,False,False,False,True,사과(후지),331.0791946308723,0.7825766470971952,,,,,,,,
201910하순,411.0,사과,5.0,후지,상품,개,10.0,18986.0,,,22336.0,16039.5833333333,2019,하순,2019-10-21,사과-후지,10,21,False,False,False,False,False,False,False,False,False,True,False,False,False,False,True,사과(후지),331.0791946308723,0.7825766470971952,,,,,,,,
201910하순,411.0,사과,5.0,후지,상품,개,10.0,18986.0,,,22336.0,16039.5833333333,2019,하순,2019-10-21,사과-후지,10,21,False,False,False,False,False,False,False,False,False,True,False,False,False,False,True,사과(후지),331.0791946308723,0.7825766470971952,,,,,,,,
201910하순,411.0,사과,5.0,후지,상품,개,10.0,18986.0,,,22336.0,16039.5833333333,2019,하순,2019-10-21,사과-후지,10,21,False,False,False,False,False,False,False,False,False,True,False,False,False,False,True,사과(후지),331.0791946308723,0.7825766470971952,,,,,,,,
201910하순,411.0,사과,5.0,후지,상품,개,10.0,18986.0,,,22336.0,16039.5833333333,2019,하순,2019-10-21,사과-후지,10,21,False,False,False,False,False,False,False,False,False,True,False,False,False,False,True,사과(후지),331.0791946308723,0.7825766470971952,,,,,,,,
201910하순,411.0,사과,5.0,후지,상품,개,10.0,18986.0,,,22336.0,16039.5833333333,2019,하순,2019-10-21,사과-후지,10,21,False,False,False,False,False,False,False,False,False,True,False,False,False,False,True,사과(후지),331.0791946308723,0.7825766470971952,,,,,,,,
201910하순,411.0,사과,5.0,후지,상품,개,10.0,18986.0,,,22336.0,16039.5833333333,2019,하순,2019-10-21,사과-후지,10,21,False,False,False,False,False,False,False,False,False,True,False,False,False,False,True,사과(후지),331.0791946308723,0.7825766470971952,,,,,,,,
201910하순,411.0,사과,5.0,후지,상품,개,10.0,18986.0,,,22336.0,16039.5833333333,2019,하순,2019-10-21,사과-후지,10,21,False,False,False,False,False,False,False,False,False,True,False,False,False,False,True,사과(후지),331.0791946308723,0.7825766470971952,,,,,,,,
201910하순,411.0,사과,5.0,후지,상품,개,10.0,18986.0,,,22336.0,16039.5833333333,2019,하순,2019-10-21,사과-후지,10,21,False,False,False,False,False,False,False,False,False,True,False,False,False,False,True,사과(후지),331.0791946308723,0.7825766470971952,,,,,,,,
201910하순,411.0,사과,5.0,후지,상품,개,10.0,18986.0,,,22336.0,16039.5833333333,2019,하순,2019-10-21,사과-후지,10,21,False,False,False,False,False,False,False,False,False,True,False,False,False,False,True,사과(후지),331.0791946308723,0.7825766470971952,,,,,,,,
201910하순,411.0,사과,5.0,후지,상품,개,10.0,18986.0,,,22336.0,16039.5833333333,2019,하순,2019-10-21,사과-후지,10,21,False,False,False,False,False,False,False,False,False,True,False,False,False,False,True,사과(후지),331.0791946308723,0.7825766470971952,,,,,,,,
201910하순,411.0,사과,5.0,후지,상품,개,10.0,18986.0,,,22336.0,16039.5833333333,2019,하순,2019-10-21,사과-후지,10,21,False,False,False,False,False,False,False,False,False,True,False,False,False,False,True,사과(후지),331.0791946308723,0.7825766470971952,,,,,,,,
201910하순,411.0,사과,5.0,후지,상품,개,10.0,18986.0,,,22336.0,16039.5833333333,2019,하순,2019-10-21,사과-후지,10,21,False,False,False,False,False,False,False,False,False,True,False,False,False,False,True,사과(후지),331.0791946308723,0.7825766470971952,,,,,,,,
201910하순,411.0,사과,5.0,후지,상품,개,10.0,18986.0,,,22336.0,16039.5833333333,2019,하순,2019-10-21,사과-후지,10,21,False,False,False,False,False,False,False,False,False,True,False,False,False,False,True,사과(후지),331.0791946308723,0.7825766470971952,,,,,,,,
201910하순,411.0,사과,5.0,후지,상품,개,10.0,18986.0,,,22336.0,16039.5833333333,2019,하순,2019-10-21,사과-후지,10,21,False,False,False,False,False,False,False,False,False,True,False,False,False,False,True,사과(후지),331.0791946308723,0.7825766470971952,,,,,,,,
201910하순,411.0,사과,5.0,후지,상품,개,10.0,18986.0,,,22336.0,16039.5833333333,2019,하순,2019-10-21,사과-후지,10,21,False,False,False,False,False,False,False,False,False,True,False,False,False,False,True,사과(후지),331.0791946308723,0.7825766470971952,,,,,,,,
201910하순,411.0,사과,5.0,후지,상품,개,10.0,18986.0,,,22336.0,16039.5833333333,2019,하순,2019-10-21,사과-후지,10,21,False,False,False,False,False,False,False,False,False,True,False,False,False,False,True,사과(후지),331.0791946308723,0.7825766470971952,,,,,,,,
201910하순,411.0,사과,5.0,후지,상품,개,10.0,18986.0,,,22336.0,16039.5833333333,2019,하순,2019-10-21,사과-후지,10,21,False,False,False,False,False,False,False,False,False,True,False,False,False,False,True,사과(후지),331.0791946308723,0.7825766470971952,,,,,,,,
201911상순,411.0,사과,5.0,후지,상품,개,10.0,19086.0,,,21791.0,20334.3333333333,2019,상순,2019-11-01,사과-후지,11,1,False,False,False,False,False,False,False,False,False,False,True,False,True,False,False,사과(후지),330.12885906040253,0.7653607840233034,,,,,,,,
201911상순,411.0,사과,5.0,후지,상품,개,10.0,19086.0,,,21791.0,20334.3333333333,2019,상순,2019-11-01,사과-후지,11,1,False,False,False,False,False,False,False,False,False,False,True,False,True,False,False,사과(후지),330.12885906040253,0.7653607840233034,,,,,,,,
201911상순,411.0,사과,5.0,후지,상품,개,10.0,19086.0,,,21791.0,20334.3333333333,2019,상순,2019-11-01,사과-후지,11,1,False,False,False,False,False,False,False,False,False,False,True,False,True,False,False,사과(후지),330.12885906040253,0.7653607840233034,,,,,,,,
201911상순,411.0,사과,5.0,후지,상품,개,10.0,19086.0,,,21791.0,20334.3333333333,2019,상순,2019-11-01,사과-후지,11,1,False,False,False,False,False,False,False,False,False,False,True,False,True,False,False,사과(후지),330.12885906040253,0.7653607840233034,,,,,,,,
201911상순,411.0,사과,5.0,후지,상품,개,10.0,19086.0,,,21791.0,20334.3333333333,2019,상순,2019-11-01,사과-후지,11,1,False,False,False,False,False,False,False,False,False,False,True,False,True,False,False,사과(후지),330.12885906040253,0.7653607840233034,,,,,,,,
201911상순,411.0,사과,5.0,후지,상품,개,10.0,19086.0,,,21791.0,20334.3333333333,2019,상순,2019-11-01,사과-후지,11,1,False,False,False,False,False,False,False,False,False,False,True,False,True,False,False,사과(후지),330.12885906040253,0.7653607840233034,,,,,,,,
201911상순,411.0,사과,5.0,후지,상품,개,10.0,19086.0,,,21791.0,20334.3333333333,2019,상순,2019-11-01,사과-후지,11,1,False,False,False,False,False,False,False,False,False,False,True,False,True,False,False,사과(후지),330.12885906040253,0.7653607840233034,,,,,,,,
201911상순,411.0,사과,5.0,후지,상품,개,10.0,19086.0,,,21791.0,20334.3333333333,2019,상순,2019-11-01,사과-후지,11,1,False,False,False,False,False,False,False,False,False,False,True,False,True,False,False,사과(후지),330.12885906040253,0.7653607840233034,,,,,,,,
201911상순,411.0,사과,5.0,후지,상품,개,10.0,19086.0,,,21791.0,20334.3333333333,2019,상순,2019-11-01,사과-후지,11,1,False,False,False,False,False,False,False,False,False,False,True,False,True,False,False,사과(후지),330.12885906040253,0.7653607840233034,,,,,,,,
201911상순,411.0,사과,5.0,후지,상품,개,10.0,19086.0,,,21791.0,20334.3333333333,2019,상순,2019-11-01,사과-후지,11,1,False,False,False,False,False,False,False,False,False,False,True,False,True,False,False,사과(후지),330.12885906040253,0.7653607840233034,,,,,,,,
201911상순,411.0,사과,5.0,후지,상품,개,10.0,19086.0,,,21791.0,20334.3333333333,2019,상순,2019-11-01,사과-후지,11,1,False,False,False,False,False,False,False,False,False,False,True,False,True,False,False,사과(후지),330.12885906040253,0.7653607840233034,,,,,,,,
201911상순,411.0,사과,5.0,후지,상품,개,10.0,19086.0,,,21791.0,20334.3333333333,2019,상순,2019-11-01,사과-후지,11,1,False,False,False,False,False,False,False,False,False,False,True,False,True,False,False,사과(후지),330.12885906040253,0.7653607840233034,,,,,,,,
201911상순,411.0,사과,5.0,후지,상품,개,10.0,19086.0,,,21791.0,20334.3333333333,2019,상순,2019-11-01,사과-후지,11,1,False,False,False,False,False,False,False,False,False,False,True,False,True,False,False,사과(후지),330.12885906040253,0.7653607840233034,,,,,,,,
201911상순,411.0,사과,5.0,후지,상품,개,10.0,19086.0,,,21791.0,20334.3333333333,2019,상순,2019-11-01,사과-후지,11,1,False,False,False,False,False,False,False,False,False,False,True,False,True,False,False,사과(후지),330.12885906040253,0.7653607840233034,,,,,,,,
201911상순,411.0,사과,5.0,후지,상품,개,10.0,19086.0,,,21791.0,20334.3333333333,2019,상순,2019-11-01,사과-후지,11,1,False,False,False,False,False,False,False,False,False,False,True,False,True,False,False,사과(후지),330.12885906040253,0.7653607840233034,,,,,,,,
201911상순,411.0,사과,5.0,후지,상품,개,10.0,19086.0,,,21791.0,20334.3333333333,2019,상순,2019-11-01,사과-후지,11,1,False,False,False,False,False,False,False,False,False,False,True,False,True,False,False,사과(후지),330.12885906040253,0.7653607840233034,,,,,,,,
201911상순,411.0,사과,5.0,후지,상품,개,10.0,19086.0,,,21791.0,20334.3333333333,2019,상순,2019-11-01,사과-후지,11,1,False,False,False,False,False,False,False,False,False,False,True,False,True,False,False,사과(후지),330.12885906040253,0.7653607840233034,,,,,,,,
201911상순,411.0,사과,5.0,후지,상품,개,10.0,19086.0,,,21791.0,20334.3333333333,2019,상순,2019-11-01,사과-후지,11,1,False,False,False,False,False,False,False,False,False,False,True,False,True,False,False,사과(후지),330.12885906040253,0.7653607840233034,,,,,,,,
201911상순,411.0,사과,5.0,후지,상품,개,10.0,19086.0,,,21791.0,20334.3333333333,2019,상순,2019-11-01,사과-후지,11,1,False,False,False,False,False,False,False,False,False,False,True,False,True,False,False,사과(후지),330.12885906040253,0.7653607840233034,,,,,,,,
201911상순,411.0,사과,5.0,후지,상품,개,10.0,19086.0,,,21791.0,20334.3333333333,2019,상순,2019-11-01,사과-후지,11,1,False,False,False,False,False,False,False,False,False,False,True,False,True,False,False,사과(후지),330.12885906040253,0.7653607840233034,,,,,,,,
201911상순,411.0,사과,5.0,후지,상품,개,10.0,19086.0,,,21791.0,20334.3333333333,2019,상순,2019-11-01,사과-후지,11,1,False,False,False,False,False,False,False,False,False,False,True,False,True,False,False,사과(후지),330.12885906040253,0.7653607840233034,,,,,,,,
201911상순,411.0,사과,5.0,후지,상품,개,10.0,19086.0,,,21791.0,20334.3333333333,2019,상순,2019-11-01,사과-후지,11,1,False,False,False,False,False,False,False,False,False,False,True,False,True,False,False,사과(후지),330.12885906040253,0.7653607840233034,,,,,,,,
201911상순,411.0,사과,5.0,후지,상품,개,10.0,19086.0,,,21791.0,20334.3333333333,2019,상순,2019-11-01,사과-후지,11,1,False,False,False,False,False,False,False,False,False,False,True,False,True,False,False,사과(후지),330.12885906040253,0.7653607840233034,,,,,,,,
201911상순,411.0,사과,5.0,후지,상품,개,10.0,19086.0,,,21791.0,20334.3333333333,2019,상순,2019-11-01,사과-후지,11,1,False,False,False,False,False,False,False,False,False,False,True,False,True,False,False,사과(후지),330.12885906040253,0.7653607840233034,,,,,,,,
201911상순,411.0,사과,5.0,후지,상품,개,10.0,19086.0,,,21791.0,20334.3333333333,2019,상순,2019-11-01,사과-후지,11,1,False,False,False,False,False,False,False,False,False,False,True,False,True,False,False,사과(후지),330.12885906040253,0.7653607840233034,,,,,,,,
201911상순,411.0,사과,5.0,후지,상품,개,10.0,19086.0,,,21791.0,20334.3333333333,2019,상순,2019-11-01,사과-후지,11,1,False,False,False,False,False,False,False,False,False,False,True,False,True,False,False,사과(후지),330.12885906040253,0.7653607840233034,,,,,,,,
201911상순,411.0,사과,5.0,후지,상품,개,10.0,19086.0,,,21791.0,20334.3333333333,2019,상순,2019-11-01,사과-후지,11,1,False,False,False,False,False,False,False,False,False,False,True,False,True,False,False,사과(후지),330.12885906040253,0.7653607840233034,,,,,,,,
201911중순,411.0,사과,5.0,후지,상품,개,10.0,18829.0,,,22815.0,20160.0,2019,중순,2019-11-11,사과-후지,11,11,False,False,False,False,False,False,False,False,False,False,True,False,False,True,False,사과(후지),333.15033557046957,0.7403566499063394,,,,,,,,
201911중순,411.0,사과,5.0,후지,상품,개,10.0,18829.0,,,22815.0,20160.0,2019,중순,2019-11-11,사과-후지,11,11,False,False,False,False,False,False,False,False,False,False,True,False,False,True,False,사과(후지),333.15033557046957,0.7403566499063394,,,,,,,,
201911중순,411.0,사과,5.0,후지,상품,개,10.0,18829.0,,,22815.0,20160.0,2019,중순,2019-11-11,사과-후지,11,11,False,False,False,False,False,False,False,False,False,False,True,False,False,True,False,사과(후지),333.15033557046957,0.7403566499063394,,,,,,,,
201911중순,411.0,사과,5.0,후지,상품,개,10.0,18829.0,,,22815.0,20160.0,2019,중순,2019-11-11,사과-후지,11,11,False,False,False,False,False,False,False,False,False,False,True,False,False,True,False,사과(후지),333.15033557046957,0.7403566499063394,,,,,,,,
201911중순,411.0,사과,5.0,후지,상품,개,10.0,18829.0,,,22815.0,20160.0,2019,중순,2019-11-11,사과-후지,11,11,False,False,False,False,False,False,False,False,False,False,True,False,False,True,False,사과(후지),333.15033557046957,0.7403566499063394,,,,,,,,
201911중순,411.0,사과,5.0,후지,상품,개,10.0,18829.0,,,22815.0,20160.0,2019,중순,2019-11-11,사과-후지,11,11,False,False,False,False,False,False,False,False,False,False,True,False,False,True,False,사과(후지),333.15033557046957,0.7403566499063394,,,,,,,,
201911중순,411.0,사과,5.0,후지,상품,개,10.0,18829.0,,,22815.0,20160.0,2019,중순,2019-11-11,사과-후지,11,11,False,False,False,False,False,False,False,False,False,False,True,False,False,True,False,사과(후지),333.15033557046957,0.7403566499063394,,,,,,,,
201911중순,411.0,사과,5.0,후지,상품,개,10.0,18829.0,,,22815.0,20160.0,2019,중순,2019-11-11,사과-후지,11,11,False,False,False,False,False,False,False,False,False,False,True,False,False,True,False,사과(후지),333.15033557046957,0.7403566499063394,,,,,,,,
201911중순,411.0,사과,5.0,후지,상품,개,10.0,18829.0,,,22815.0,20160.0,2019,중순,2019-11-11,사과-후지,11,11,False,False,False,False,False,False,False,False,False,False,True,False,False,True,False,사과(후지),333.15033557046957,0.7403566499063394,,,,,,,,
201911중순,411.0,사과,5.0,후지,상품,개,10.0,18829.0,,,22815.0,20160.0,2019,중순,2019-11-11,사과-후지,11,11,False,False,False,False,False,False,False,False,False,False,True,False,False,True,False,사과(후지),333.15033557046957,0.7403566499063394,,,,,,,,
201911중순,411.0,사과,5.0,후지,상품,개,10.0,18829.0,,,22815.0,20160.0,2019,중순,2019-11-11,사과-후지,11,11,False,False,False,False,False,False,False,False,False,False,True,False,False,True,False,사과(후지),333.15033557046957,0.7403566499063394,,,,,,,,
201911중순,411.0,사과,5.0,후지,상품,개,10.0,18829.0,,,22815.0,20160.0,2019,중순,2019-11-11,사과-후지,11,11,False,False,False,False,False,False,False,False,False,False,True,False,False,True,False,사과(후지),333.15033557046957,0.7403566499063394,,,,,,,,
201911중순,411.0,사과,5.0,후지,상품,개,10.0,18829.0,,,22815.0,20160.0,2019,중순,2019-11-11,사과-후지,11,11,False,False,False,False,False,False,False,False,False,False,True,False,False,True,False,사과(후지),333.15033557046957,0.7403566499063394,,,,,,,,
201911중순,411.0,사과,5.0,후지,상품,개,10.0,18829.0,,,22815.0,20160.0,2019,중순,2019-11-11,사과-후지,11,11,False,False,False,False,False,False,False,False,False,False,True,False,False,True,False,사과(후지),333.15033557046957,0.7403566499063394,,,,,,,,
201911중순,411.0,사과,5.0,후지,상품,개,10.0,18829.0,,,22815.0,20160.0,2019,중순,2019-11-11,사과-후지,11,11,False,False,False,False,False,False,False,False,False,False,True,False,False,True,False,사과(후지),333.15033557046957,0.7403566499063394,,,,,,,,
201911중순,411.0,사과,5.0,후지,상품,개,10.0,18829.0,,,22815.0,20160.0,2019,중순,2019-11-11,사과-후지,11,11,False,False,False,False,False,False,False,False,False,False,True,False,False,True,False,사과(후지),333.15033557046957,0.7403566499063394,,,,,,,,
201911중순,411.0,사과,5.0,후지,상품,개,10.0,18829.0,,,22815.0,20160.0,2019,중순,2019-11-11,사과-후지,11,11,False,False,False,False,False,False,False,False,False,False,True,False,False,True,False,사과(후지),333.15033557046957,0.7403566499063394,,,,,,,,
201911중순,411.0,사과,5.0,후지,상품,개,10.0,18829.0,,,22815.0,20160.0,2019,중순,2019-11-11,사과-후지,11,11,False,False,False,False,False,False,False,False,False,False,True,False,False,True,False,사과(후지),333.15033557046957,0.7403566499063394,,,,,,,,
201911중순,411.0,사과,5.0,후지,상품,개,10.0,18829.0,,,22815.0,20160.0,2019,중순,2019-11-11,사과-후지,11,11,False,False,False,False,False,False,False,False,False,False,True,False,False,True,False,사과(후지),333.15033557046957,0.7403566499063394,,,,,,,,
201911중순,411.0,사과,5.0,후지,상품,개,10.0,18829.0,,,22815.0,20160.0,2019,중순,2019-11-11,사과-후지,11,11,False,False,False,False,False,False,False,False,False,False,True,False,False,True,False,사과(후지),333.15033557046957,0.7403566499063394,,,,,,,,
201911중순,411.0,사과,5.0,후지,상품,개,10.0,18829.0,,,22815.0,20160.0,2019,중순,2019-11-11,사과-후지,11,11,False,False,False,False,False,False,False,False,False,False,True,False,False,True,False,사과(후지),333.15033557046957,0.7403566499063394,,,,,,,,
201911중순,411.0,사과,5.0,후지,상품,개,10.0,18829.0,,,22815.0,20160.0,2019,중순,2019-11-11,사과-후지,11,11,False,False,False,False,False,False,False,False,False,False,True,False,False,True,False,사과(후지),333.15033557046957,0.7403566499063394,,,,,,,,
201911중순,411.0,사과,5.0,후지,상품,개,10.0,18829.0,,,22815.0,20160.0,2019,중순,2019-11-11,사과-후지,11,11,False,False,False,False,False,False,False,False,False,False,True,False,False,True,False,사과(후지),333.15033557046957,0.7403566499063394,,,,,,,,
201911중순,411.0,사과,5.0,후지,상품,개,10.0,18829.0,,,22815.0,20160.0,2019,중순,2019-11-11,사과-후지,11,11,False,False,False,False,False,False,False,False,False,False,True,False,False,True,False,사과(후지),333.15033557046957,0.7403566499063394,,,,,,,,
201911중순,411.0,사과,5.0,후지,상품,개,10.0,18829.0,,,22815.0,20160.0,2019,중순,2019-11-11,사과-후지,11,11,False,False,False,False,False,False,False,False,False,False,True,False,False,True,False,사과(후지),333.15033557046957,0.7403566499063394,,,,,,,,
201911하순,411.0,사과,5.0,후지,상품,개,10.0,18390.0,,18986.0,23070.0,20430.0,2019,하순,2019-11-21,사과-후지,11,21,False,False,False,False,False,False,False,False,False,False,True,False,False,False,True,사과(후지),293.2093959731542,0.7136985115957079,,,,,,,,
201911하순,411.0,사과,5.0,후지,상품,개,10.0,18390.0,,18986.0,23070.0,20430.0,2019,하순,2019-11-21,사과-후지,11,21,False,False,False,False,False,False,False,False,False,False,True,False,False,False,True,사과(후지),293.2093959731542,0.7136985115957079,,,,,,,,
201911하순,411.0,사과,5.0,후지,상품,개,10.0,18390.0,,18986.0,23070.0,20430.0,2019,하순,2019-11-21,사과-후지,11,21,False,False,False,False,False,False,False,False,False,False,True,False,False,False,True,사과(후지),293.2093959731542,0.7136985115957079,,,,,,,,
201911하순,411.0,사과,5.0,후지,상품,개,10.0,18390.0,,18986.0,23070.0,20430.0,2019,하순,2019-11-21,사과-후지,11,21,False,False,False,False,False,False,False,False,False,False,True,False,False,False,True,사과(후지),293.2093959731542,0.7136985115957079,,,,,,,,
201911하순,411.0,사과,5.0,후지,상품,개,10.0,18390.0,,18986.0,23070.0,20430.0,2019,하순,2019-11-21,사과-후지,11,21,False,False,False,False,False,False,False,False,False,False,True,False,False,False,True,사과(후지),293.2093959731542,0.7136985115957079,,,,,,,,
201911하순,411.0,사과,5.0,후지,상품,개,10.0,18390.0,,18986.0,23070.0,20430.0,2019,하순,2019-11-21,사과-후지,11,21,False,False,False,False,False,False,False,False,False,False,True,False,False,False,True,사과(후지),293.2093959731542,0.7136985115957079,,,,,,,,
201911하순,411.0,사과,5.0,후지,상품,개,10.0,18390.0,,18986.0,23070.0,20430.0,2019,하순,2019-11-21,사과-후지,11,21,False,False,False,False,False,False,False,False,False,False,True,False,False,False,True,사과(후지),293.2093959731542,0.7136985115957079,,,,,,,,
201911하순,411.0,사과,5.0,후지,상품,개,10.0,18390.0,,18986.0,23070.0,20430.0,2019,하순,2019-11-21,사과-후지,11,21,False,False,False,False,False,False,False,False,False,False,True,False,False,False,True,사과(후지),293.2093959731542,0.7136985115957079,,,,,,,,
201911하순,411.0,사과,5.0,후지,상품,개,10.0,18390.0,,18986.0,23070.0,20430.0,2019,하순,2019-11-21,사과-후지,11,21,False,False,False,False,False,False,False,False,False,False,True,False,False,False,True,사과(후지),293.2093959731542,0.7136985115957079,,,,,,,,
201911하순,411.0,사과,5.0,후지,상품,개,10.0,18390.0,,18986.0,23070.0,20430.0,2019,하순,2019-11-21,사과-후지,11,21,False,False,False,False,False,False,False,False,False,False,True,False,False,False,True,사과(후지),293.2093959731542,0.7136985115957079,,,,,,,,
201911하순,411.0,사과,5.0,후지,상품,개,10.0,18390.0,,18986.0,23070.0,20430.0,2019,하순,2019-11-21,사과-후지,11,21,False,False,False,False,False,False,False,False,False,False,True,False,False,False,True,사과(후지),293.2093959731542,0.7136985115957079,,,,,,,,
201911하순,411.0,사과,5.0,후지,상품,개,10.0,18390.0,,18986.0,23070.0,20430.0,2019,하순,2019-11-21,사과-후지,11,21,False,False,False,False,False,False,False,False,False,False,True,False,False,False,True,사과(후지),293.2093959731542,0.7136985115957079,,,,,,,,
201911하순,411.0,사과,5.0,후지,상품,개,10.0,18390.0,,18986.0,23070.0,20430.0,2019,하순,2019-11-21,사과-후지,11,21,False,False,False,False,False,False,False,False,False,False,True,False,False,False,True,사과(후지),293.2093959731542,0.7136985115957079,,,,,,,,
201911하순,411.0,사과,5.0,후지,상품,개,10.0,18390.0,,18986.0,23070.0,20430.0,2019,하순,2019-11-21,사과-후지,11,21,False,False,False,False,False,False,False,False,False,False,True,False,False,False,True,사과(후지),293.2093959731542,0.7136985115957079,,,,,,,,
201911하순,411.0,사과,5.0,후지,상품,개,10.0,18390.0,,18986.0,23070.0,20430.0,2019,하순,2019-11-21,사과-후지,11,21,False,False,False,False,False,False,False,False,False,False,True,False,False,False,True,사과(후지),293.2093959731542,0.7136985115957079,,,,,,,,
201911하순,411.0,사과,5.0,후지,상품,개,10.0,18390.0,,18986.0,23070.0,20430.0,2019,하순,2019-11-21,사과-후지,11,21,False,False,False,False,False,False,False,False,False,False,True,False,False,False,True,사과(후지),293.2093959731542,0.7136985115957079,,,,,,,,
201911하순,411.0,사과,5.0,후지,상품,개,10.0,18390.0,,18986.0,23070.0,20430.0,2019,하순,2019-11-21,사과-후지,11,21,False,False,False,False,False,False,False,False,False,False,True,False,False,False,True,사과(후지),293.2093959731542,0.7136985115957079,,,,,,,,
201911하순,411.0,사과,5.0,후지,상품,개,10.0,18390.0,,18986.0,23070.0,20430.0,2019,하순,2019-11-21,사과-후지,11,21,False,False,False,False,False,False,False,False,False,False,True,False,False,False,True,사과(후지),293.2093959731542,0.7136985115957079,,,,,,,,
201911하순,411.0,사과,5.0,후지,상품,개,10.0,18390.0,,18986.0,23070.0,20430.0,2019,하순,2019-11-21,사과-후지,11,21,False,False,False,False,False,False,False,False,False,False,True,False,False,False,True,사과(후지),293.2093959731542,0.7136985115957079,,,,,,,,
201911하순,411.0,사과,5.0,후지,상품,개,10.0,18390.0,,18986.0,23070.0,20430.0,2019,하순,2019-11-21,사과-후지,11,21,False,False,False,False,False,False,False,False,False,False,True,False,False,False,True,사과(후지),293.2093959731542,0.7136985115957079,,,,,,,,
201911하순,411.0,사과,5.0,후지,상품,개,10.0,18390.0,,18986.0,23070.0,20430.0,2019,하순,2019-11-21,사과-후지,11,21,False,False,False,False,False,False,False,False,False,False,True,False,False,False,True,사과(후지),293.2093959731542,0.7136985115957079,,,,,,,,
201911하순,411.0,사과,5.0,후지,상품,개,10.0,18390.0,,18986.0,23070.0,20430.0,2019,하순,2019-11-21,사과-후지,11,21,False,False,False,False,False,False,False,False,False,False,True,False,False,False,True,사과(후지),293.2093959731542,0.7136985115957079,,,,,,,,
201911하순,411.0,사과,5.0,후지,상품,개,10.0,18390.0,,18986.0,23070.0,20430.0,2019,하순,2019-11-21,사과-후지,11,21,False,False,False,False,False,False,False,False,False,False,True,False,False,False,True,사과(후지),293.2093959731542,0.7136985115957079,,,,,,,,
201912상순,411.0,사과,5.0,후지,상품,개,10.0,17583.0,,19086.0,22840.0,20102.6666666666,2019,상순,2019-12-01,사과-후지,12,1,False,False,False,False,False,False,False,False,False,False,False,True,True,False,False,사과(후지),259.2134228187918,0.6705624267181057,,,,,,,,
201912상순,411.0,사과,5.0,후지,상품,개,10.0,17583.0,,19086.0,22840.0,20102.6666666666,2019,상순,2019-12-01,사과-후지,12,1,False,False,False,False,False,False,False,False,False,False,False,True,True,False,False,사과(후지),259.2134228187918,0.6705624267181057,,,,,,,,
201912상순,411.0,사과,5.0,후지,상품,개,10.0,17583.0,,19086.0,22840.0,20102.6666666666,2019,상순,2019-12-01,사과-후지,12,1,False,False,False,False,False,False,False,False,False,False,False,True,True,False,False,사과(후지),259.2134228187918,0.6705624267181057,,,,,,,,
201912상순,411.0,사과,5.0,후지,상품,개,10.0,17583.0,,19086.0,22840.0,20102.6666666666,2019,상순,2019-12-01,사과-후지,12,1,False,False,False,False,False,False,False,False,False,False,False,True,True,False,False,사과(후지),259.2134228187918,0.6705624267181057,,,,,,,,
201912상순,411.0,사과,5.0,후지,상품,개,10.0,17583.0,,19086.0,22840.0,20102.6666666666,2019,상순,2019-12-01,사과-후지,12,1,False,False,False,False,False,False,False,False,False,False,False,True,True,False,False,사과(후지),259.2134228187918,0.6705624267181057,,,,,,,,
201912상순,411.0,사과,5.0,후지,상품,개,10.0,17583.0,,19086.0,22840.0,20102.6666666666,2019,상순,2019-12-01,사과-후지,12,1,False,False,False,False,False,False,False,False,False,False,False,True,True,False,False,사과(후지),259.2134228187918,0.6705624267181057,,,,,,,,
201912상순,411.0,사과,5.0,후지,상품,개,10.0,17583.0,,19086.0,22840.0,20102.6666666666,2019,상순,2019-12-01,사과-후지,12,1,False,False,False,False,False,False,False,False,False,False,False,True,True,False,False,사과(후지),259.2134228187918,0.6705624267181057,,,,,,,,
201912상순,411.0,사과,5.0,후지,상품,개,10.0,17583.0,,19086.0,22840.0,20102.6666666666,2019,상순,2019-12-01,사과-후지,12,1,False,False,False,False,False,False,False,False,False,False,False,True,True,False,False,사과(후지),259.2134228187918,0.6705624267181057,,,,,,,,
201912상순,411.0,사과,5.0,후지,상품,개,10.0,17583.0,,19086.0,22840.0,20102.6666666666,2019,상순,2019-12-01,사과-후지,12,1,False,False,False,False,False,False,False,False,False,False,False,True,True,False,False,사과(후지),259.2134228187918,0.6705624267181057,,,,,,,,
201912상순,411.0,사과,5.0,후지,상품,개,10.0,17583.0,,19086.0,22840.0,20102.6666666666,2019,상순,2019-12-01,사과-후지,12,1,False,False,False,False,False,False,False,False,False,False,False,True,True,False,False,사과(후지),259.2134228187918,0.6705624267181057,,,,,,,,
201912상순,411.0,사과,5.0,후지,상품,개,10.0,17583.0,,19086.0,22840.0,20102.6666666666,2019,상순,2019-12-01,사과-후지,12,1,False,False,False,False,False,False,False,False,False,False,False,True,True,False,False,사과(후지),259.2134228187918,0.6705624267181057,,,,,,,,
201912상순,411.0,사과,5.0,후지,상품,개,10.0,17583.0,,19086.0,22840.0,20102.6666666666,2019,상순,2019-12-01,사과-후지,12,1,False,False,False,False,False,False,False,False,False,False,False,True,True,False,False,사과(후지),259.2134228187918,0.6705624267181057,,,,,,,,
201912상순,411.0,사과,5.0,후지,상품,개,10.0,17583.0,,19086.0,22840.0,20102.6666666666,2019,상순,2019-12-01,사과-후지,12,1,False,False,False,False,False,False,False,False,False,False,False,True,True,False,False,사과(후지),259.2134228187918,0.6705624267181057,,,,,,,,
201912상순,411.0,사과,5.0,후지,상품,개,10.0,17583.0,,19086.0,22840.0,20102.6666666666,2019,상순,2019-12-01,사과-후지,12,1,False,False,False,False,False,False,False,False,False,False,False,True,True,False,False,사과(후지),259.2134228187918,0.6705624267181057,,,,,,,,
201912상순,411.0,사과,5.0,후지,상품,개,10.0,17583.0,,19086.0,22840.0,20102.6666666666,2019,상순,2019-12-01,사과-후지,12,1,False,False,False,False,False,False,False,False,False,False,False,True,True,False,False,사과(후지),259.2134228187918,0.6705624267181057,,,,,,,,
201912상순,411.0,사과,5.0,후지,상품,개,10.0,17583.0,,19086.0,22840.0,20102.6666666666,2019,상순,2019-12-01,사과-후지,12,1,False,False,False,False,False,False,False,False,False,False,False,True,True,False,False,사과(후지),259.2134228187918,0.6705624267181057,,,,,,,,
201912상순,411.0,사과,5.0,후지,상품,개,10.0,17583.0,,19086.0,22840.0,20102.6666666666,2019,상순,2019-12-01,사과-후지,12,1,False,False,False,False,False,False,False,False,False,False,False,True,True,False,False,사과(후지),259.2134228187918,0.6705624267181057,,,,,,,,
201912상순,411.0,사과,5.0,후지,상품,개,10.0,17583.0,,19086.0,22840.0,20102.6666666666,2019,상순,2019-12-01,사과-후지,12,1,False,False,False,False,False,False,False,False,False,False,False,True,True,False,False,사과(후지),259.2134228187918,0.6705624267181057,,,,,,,,
201912상순,411.0,사과,5.0,후지,상품,개,10.0,17583.0,,19086.0,22840.0,20102.6666666666,2019,상순,2019-12-01,사과-후지,12,1,False,False,False,False,False,False,False,False,False,False,False,True,True,False,False,사과(후지),259.2134228187918,0.6705624267181057,,,,,,,,
201912상순,411.0,사과,5.0,후지,상품,개,10.0,17583.0,,19086.0,22840.0,20102.6666666666,2019,상순,2019-12-01,사과-후지,12,1,False,False,False,False,False,False,False,False,False,False,False,True,True,False,False,사과(후지),259.2134228187918,0.6705624267181057,,,,,,,,
201912상순,411.0,사과,5.0,후지,상품,개,10.0,17583.0,,19086.0,22840.0,20102.6666666666,2019,상순,2019-12-01,사과-후지,12,1,False,False,False,False,False,False,False,False,False,False,False,True,True,False,False,사과(후지),259.2134228187918,0.6705624267181057,,,,,,,,
201912상순,411.0,사과,5.0,후지,상품,개,10.0,17583.0,,19086.0,22840.0,20102.6666666666,2019,상순,2019-12-01,사과-후지,12,1,False,False,False,False,False,False,False,False,False,False,False,True,True,False,False,사과(후지),259.2134228187918,0.6705624267181057,,,,,,,,
201912상순,411.0,사과,5.0,후지,상품,개,10.0,17583.0,,19086.0,22840.0,20102.6666666666,2019,상순,2019-12-01,사과-후지,12,1,False,False,False,False,False,False,False,False,False,False,False,True,True,False,False,사과(후지),259.2134228187918,0.6705624267181057,,,,,,,,
201912중순,411.0,사과,5.0,후지,상품,개,10.0,17745.0,,18829.0,22237.0,20100.3333333333,2019,중순,2019-12-11,사과-후지,12,11,False,False,False,False,False,False,False,False,False,False,False,True,False,True,False,사과(후지),244.63489932885892,0.6232876712328768,,,,,,,,
201912중순,411.0,사과,5.0,후지,상품,개,10.0,17745.0,,18829.0,22237.0,20100.3333333333,2019,중순,2019-12-11,사과-후지,12,11,False,False,False,False,False,False,False,False,False,False,False,True,False,True,False,사과(후지),244.63489932885892,0.6232876712328768,,,,,,,,
201912중순,411.0,사과,5.0,후지,상품,개,10.0,17745.0,,18829.0,22237.0,20100.3333333333,2019,중순,2019-12-11,사과-후지,12,11,False,False,False,False,False,False,False,False,False,False,False,True,False,True,False,사과(후지),244.63489932885892,0.6232876712328768,,,,,,,,
201912중순,411.0,사과,5.0,후지,상품,개,10.0,17745.0,,18829.0,22237.0,20100.3333333333,2019,중순,2019-12-11,사과-후지,12,11,False,False,False,False,False,False,False,False,False,False,False,True,False,True,False,사과(후지),244.63489932885892,0.6232876712328768,,,,,,,,
201912중순,411.0,사과,5.0,후지,상품,개,10.0,17745.0,,18829.0,22237.0,20100.3333333333,2019,중순,2019-12-11,사과-후지,12,11,False,False,False,False,False,False,False,False,False,False,False,True,False,True,False,사과(후지),244.63489932885892,0.6232876712328768,,,,,,,,
201912중순,411.0,사과,5.0,후지,상품,개,10.0,17745.0,,18829.0,22237.0,20100.3333333333,2019,중순,2019-12-11,사과-후지,12,11,False,False,False,False,False,False,False,False,False,False,False,True,False,True,False,사과(후지),244.63489932885892,0.6232876712328768,,,,,,,,
201912중순,411.0,사과,5.0,후지,상품,개,10.0,17745.0,,18829.0,22237.0,20100.3333333333,2019,중순,2019-12-11,사과-후지,12,11,False,False,False,False,False,False,False,False,False,False,False,True,False,True,False,사과(후지),244.63489932885892,0.6232876712328768,,,,,,,,
201912중순,411.0,사과,5.0,후지,상품,개,10.0,17745.0,,18829.0,22237.0,20100.3333333333,2019,중순,2019-12-11,사과-후지,12,11,False,False,False,False,False,False,False,False,False,False,False,True,False,True,False,사과(후지),244.63489932885892,0.6232876712328768,,,,,,,,
201912중순,411.0,사과,5.0,후지,상품,개,10.0,17745.0,,18829.0,22237.0,20100.3333333333,2019,중순,2019-12-11,사과-후지,12,11,False,False,False,False,False,False,False,False,False,False,False,True,False,True,False,사과(후지),244.63489932885892,0.6232876712328768,,,,,,,,
201912중순,411.0,사과,5.0,후지,상품,개,10.0,17745.0,,18829.0,22237.0,20100.3333333333,2019,중순,2019-12-11,사과-후지,12,11,False,False,False,False,False,False,False,False,False,False,False,True,False,True,False,사과(후지),244.63489932885892,0.6232876712328768,,,,,,,,
201912중순,411.0,사과,5.0,후지,상품,개,10.0,17745.0,,18829.0,22237.0,20100.3333333333,2019,중순,2019-12-11,사과-후지,12,11,False,False,False,False,False,False,False,False,False,False,False,True,False,True,False,사과(후지),244.63489932885892,0.6232876712328768,,,,,,,,
201912중순,411.0,사과,5.0,후지,상품,개,10.0,17745.0,,18829.0,22237.0,20100.3333333333,2019,중순,2019-12-11,사과-후지,12,11,False,False,False,False,False,False,False,False,False,False,False,True,False,True,False,사과(후지),244.63489932885892,0.6232876712328768,,,,,,,,
201912중순,411.0,사과,5.0,후지,상품,개,10.0,17745.0,,18829.0,22237.0,20100.3333333333,2019,중순,2019-12-11,사과-후지,12,11,False,False,False,False,False,False,False,False,False,False,False,True,False,True,False,사과(후지),244.63489932885892,0.6232876712328768,,,,,,,,
201912중순,411.0,사과,5.0,후지,상품,개,10.0,17745.0,,18829.0,22237.0,20100.3333333333,2019,중순,2019-12-11,사과-후지,12,11,False,False,False,False,False,False,False,False,False,False,False,True,False,True,False,사과(후지),244.63489932885892,0.6232876712328768,,,,,,,,
201912중순,411.0,사과,5.0,후지,상품,개,10.0,17745.0,,18829.0,22237.0,20100.3333333333,2019,중순,2019-12-11,사과-후지,12,11,False,False,False,False,False,False,False,False,False,False,False,True,False,True,False,사과(후지),244.63489932885892,0.6232876712328768,,,,,,,,
201912중순,411.0,사과,5.0,후지,상품,개,10.0,17745.0,,18829.0,22237.0,20100.3333333333,2019,중순,2019-12-11,사과-후지,12,11,False,False,False,False,False,False,False,False,False,False,False,True,False,True,False,사과(후지),244.63489932885892,0.6232876712328768,,,,,,,,
201912중순,411.0,사과,5.0,후지,상품,개,10.0,17745.0,,18829.0,22237.0,20100.3333333333,2019,중순,2019-12-11,사과-후지,12,11,False,False,False,False,False,False,False,False,False,False,False,True,False,True,False,사과(후지),244.63489932885892,0.6232876712328768,,,,,,,,
201912중순,411.0,사과,5.0,후지,상품,개,10.0,17745.0,,18829.0,22237.0,20100.3333333333,2019,중순,2019-12-11,사과-후지,12,11,False,False,False,False,False,False,False,False,False,False,False,True,False,True,False,사과(후지),244.63489932885892,0.6232876712328768,,,,,,,,
201912중순,411.0,사과,5.0,후지,상품,개,10.0,17745.0,,18829.0,22237.0,20100.3333333333,2019,중순,2019-12-11,사과-후지,12,11,False,False,False,False,False,False,False,False,False,False,False,True,False,True,False,사과(후지),244.63489932885892,0.6232876712328768,,,,,,,,
201912중순,411.0,사과,5.0,후지,상품,개,10.0,17745.0,,18829.0,22237.0,20100.3333333333,2019,중순,2019-12-11,사과-후지,12,11,False,False,False,False,False,False,False,False,False,False,False,True,False,True,False,사과(후지),244.63489932885892,0.6232876712328768,,,,,,,,
201912중순,411.0,사과,5.0,후지,상품,개,10.0,17745.0,,18829.0,22237.0,20100.3333333333,2019,중순,2019-12-11,사과-후지,12,11,False,False,False,False,False,False,False,False,False,False,False,True,False,True,False,사과(후지),244.63489932885892,0.6232876712328768,,,,,,,,
201912중순,411.0,사과,5.0,후지,상품,개,10.0,17745.0,,18829.0,22237.0,20100.3333333333,2019,중순,2019-12-11,사과-후지,12,11,False,False,False,False,False,False,False,False,False,False,False,True,False,True,False,사과(후지),244.63489932885892,0.6232876712328768,,,,,,,,
201912중순,411.0,사과,5.0,후지,상품,개,10.0,17745.0,,18829.0,22237.0,20100.3333333333,2019,중순,2019-12-11,사과-후지,12,11,False,False,False,False,False,False,False,False,False,False,False,True,False,True,False,사과(후지),244.63489932885892,0.6232876712328768,,,,,,,,
201912하순,411.0,사과,5.0,후지,상품,개,10.0,18227.0,,18390.0,21908.0,20250.6666666666,2019,하순,2019-12-21,사과-후지,12,21,False,False,False,False,False,False,False,False,False,False,False,True,False,False,True,사과(후지),213.4335570469797,0.5670170323768605,,,,,,,,
201912하순,411.0,사과,5.0,후지,상품,개,10.0,18227.0,,18390.0,21908.0,20250.6666666666,2019,하순,2019-12-21,사과-후지,12,21,False,False,False,False,False,False,False,False,False,False,False,True,False,False,True,사과(후지),213.4335570469797,0.5670170323768605,,,,,,,,
201912하순,411.0,사과,5.0,후지,상품,개,10.0,18227.0,,18390.0,21908.0,20250.6666666666,2019,하순,2019-12-21,사과-후지,12,21,False,False,False,False,False,False,False,False,False,False,False,True,False,False,True,사과(후지),213.4335570469797,0.5670170323768605,,,,,,,,
201912하순,411.0,사과,5.0,후지,상품,개,10.0,18227.0,,18390.0,21908.0,20250.6666666666,2019,하순,2019-12-21,사과-후지,12,21,False,False,False,False,False,False,False,False,False,False,False,True,False,False,True,사과(후지),213.4335570469797,0.5670170323768605,,,,,,,,
201912하순,411.0,사과,5.0,후지,상품,개,10.0,18227.0,,18390.0,21908.0,20250.6666666666,2019,하순,2019-12-21,사과-후지,12,21,False,False,False,False,False,False,False,False,False,False,False,True,False,False,True,사과(후지),213.4335570469797,0.5670170323768605,,,,,,,,
201912하순,411.0,사과,5.0,후지,상품,개,10.0,18227.0,,18390.0,21908.0,20250.6666666666,2019,하순,2019-12-21,사과-후지,12,21,False,False,False,False,False,False,False,False,False,False,False,True,False,False,True,사과(후지),213.4335570469797,0.5670170323768605,,,,,,,,
201912하순,411.0,사과,5.0,후지,상품,개,10.0,18227.0,,18390.0,21908.0,20250.6666666666,2019,하순,2019-12-21,사과-후지,12,21,False,False,False,False,False,False,False,False,False,False,False,True,False,False,True,사과(후지),213.4335570469797,0.5670170323768605,,,,,,,,
201912하순,411.0,사과,5.0,후지,상품,개,10.0,18227.0,,18390.0,21908.0,20250.6666666666,2019,하순,2019-12-21,사과-후지,12,21,False,False,False,False,False,False,False,False,False,False,False,True,False,False,True,사과(후지),213.4335570469797,0.5670170323768605,,,,,,,,
201912하순,411.0,사과,5.0,후지,상품,개,10.0,18227.0,,18390.0,21908.0,20250.6666666666,2019,하순,2019-12-21,사과-후지,12,21,False,False,False,False,False,False,False,False,False,False,False,True,False,False,True,사과(후지),213.4335570469797,0.5670170323768605,,,,,,,,
201912하순,411.0,사과,5.0,후지,상품,개,10.0,18227.0,,18390.0,21908.0,20250.6666666666,2019,하순,2019-12-21,사과-후지,12,21,False,False,False,False,False,False,False,False,False,False,False,True,False,False,True,사과(후지),213.4335570469797,0.5670170323768605,,,,,,,,
201912하순,411.0,사과,5.0,후지,상품,개,10.0,18227.0,,18390.0,21908.0,20250.6666666666,2019,하순,2019-12-21,사과-후지,12,21,False,False,False,False,False,False,False,False,False,False,False,True,False,False,True,사과(후지),213.4335570469797,0.5670170323768605,,,,,,,,
201912하순,411.0,사과,5.0,후지,상품,개,10.0,18227.0,,18390.0,21908.0,20250.6666666666,2019,하순,2019-12-21,사과-후지,12,21,False,False,False,False,False,False,False,False,False,False,False,True,False,False,True,사과(후지),213.4335570469797,0.5670170323768605,,,,,,,,
201912하순,411.0,사과,5.0,후지,상품,개,10.0,18227.0,,18390.0,21908.0,20250.6666666666,2019,하순,2019-12-21,사과-후지,12,21,False,False,False,False,False,False,False,False,False,False,False,True,False,False,True,사과(후지),213.4335570469797,0.5670170323768605,,,,,,,,
201912하순,411.0,사과,5.0,후지,상품,개,10.0,18227.0,,18390.0,21908.0,20250.6666666666,2019,하순,2019-12-21,사과-후지,12,21,False,False,False,False,False,False,False,False,False,False,False,True,False,False,True,사과(후지),213.4335570469797,0.5670170323768605,,,,,,,,
201912하순,411.0,사과,5.0,후지,상품,개,10.0,18227.0,,18390.0,21908.0,20250.6666666666,2019,하순,2019-12-21,사과-후지,12,21,False,False,False,False,False,False,False,False,False,False,False,True,False,False,True,사과(후지),213.4335570469797,0.5670170323768605,,,,,,,,
201912하순,411.0,사과,5.0,후지,상품,개,10.0,18227.0,,18390.0,21908.0,20250.6666666666,2019,하순,2019-12-21,사과-후지,12,21,False,False,False,False,False,False,False,False,False,False,False,True,False,False,True,사과(후지),213.4335570469797,0.5670170323768605,,,,,,,,
201912하순,411.0,사과,5.0,후지,상품,개,10.0,18227.0,,18390.0,21908.0,20250.6666666666,2019,하순,2019-12-21,사과-후지,12,21,False,False,False,False,False,False,False,False,False,False,False,True,False,False,True,사과(후지),213.4335570469797,0.5670170323768605,,,,,,,,
201912하순,411.0,사과,5.0,후지,상품,개,10.0,18227.0,,18390.0,21908.0,20250.6666666666,2019,하순,2019-12-21,사과-후지,12,21,False,False,False,False,False,False,False,False,False,False,False,True,False,False,True,사과(후지),213.4335570469797,0.5670170323768605,,,,,,,,
201912하순,411.0,사과,5.0,후지,상품,개,10.0,18227.0,,18390.0,21908.0,20250.6666666666,2019,하순,2019-12-21,사과-후지,12,21,False,False,False,False,False,False,False,False,False,False,False,True,False,False,True,사과(후지),213.4335570469797,0.5670170323768605,,,,,,,,
201912하순,411.0,사과,5.0,후지,상품,개,10.0,18227.0,,18390.0,21908.0,20250.6666666666,2019,하순,2019-12-21,사과-후지,12,21,False,False,False,False,False,False,False,False,False,False,False,True,False,False,True,사과(후지),213.4335570469797,0.5670170323768605,,,,,,,,
201912하순,411.0,사과,5.0,후지,상품,개,10.0,18227.0,,18390.0,21908.0,20250.6666666666,2019,하순,2019-12-21,사과-후지,12,21,False,False,False,False,False,False,False,False,False,False,False,True,False,False,True,사과(후지),213.4335570469797,0.5670170323768605,,,,,,,,
201912하순,411.0,사과,5.0,후지,상품,개,10.0,18227.0,,18390.0,21908.0,20250.6666666666,2019,하순,2019-12-21,사과-후지,12,21,False,False,False,False,False,False,False,False,False,False,False,True,False,False,True,사과(후지),213.4335570469797,0.5670170323768605,,,,,,,,
201912하순,411.0,사과,5.0,후지,상품,개,10.0,18227.0,,18390.0,21908.0,20250.6666666666,2019,하순,2019-12-21,사과-후지,12,21,False,False,False,False,False,False,False,False,False,False,False,True,False,False,True,사과(후지),213.4335570469797,0.5670170323768605,,,,,,,,
202001상순,411.0,사과,5.0,후지,상품,개,10.0,18290.0,,17583.0,22487.0,20696.6666666666,2020,상순,2020-01-01,사과-후지,1,1,True,False,False,False,False,False,False,False,False,False,False,False,True,False,False,사과(후지),211.9261744966442,0.5302195366042133,,,,,,,,
202001상순,411.0,사과,5.0,후지,상품,개,10.0,18290.0,,17583.0,22487.0,20696.6666666666,2020,상순,2020-01-01,사과-후지,1,1,True,False,False,False,False,False,False,False,False,False,False,False,True,False,False,사과(후지),211.9261744966442,0.5302195366042133,,,,,,,,
202001상순,411.0,사과,5.0,후지,상품,개,10.0,18290.0,,17583.0,22487.0,20696.6666666666,2020,상순,2020-01-01,사과-후지,1,1,True,False,False,False,False,False,False,False,False,False,False,False,True,False,False,사과(후지),211.9261744966442,0.5302195366042133,,,,,,,,
202001상순,411.0,사과,5.0,후지,상품,개,10.0,18290.0,,17583.0,22487.0,20696.6666666666,2020,상순,2020-01-01,사과-후지,1,1,True,False,False,False,False,False,False,False,False,False,False,False,True,False,False,사과(후지),211.9261744966442,0.5302195366042133,,,,,,,,
202001상순,411.0,사과,5.0,후지,상품,개,10.0,18290.0,,17583.0,22487.0,20696.6666666666,2020,상순,2020-01-01,사과-후지,1,1,True,False,False,False,False,False,False,False,False,False,False,False,True,False,False,사과(후지),211.9261744966442,0.5302195366042133,,,,,,,,
202001상순,411.0,사과,5.0,후지,상품,개,10.0,18290.0,,17583.0,22487.0,20696.6666666666,2020,상순,2020-01-01,사과-후지,1,1,True,False,False,False,False,False,False,False,False,False,False,False,True,False,False,사과(후지),211.9261744966442,0.5302195366042133,,,,,,,,
202001상순,411.0,사과,5.0,후지,상품,개,10.0,18290.0,,17583.0,22487.0,20696.6666666666,2020,상순,2020-01-01,사과-후지,1,1,True,False,False,False,False,False,False,False,False,False,False,False,True,False,False,사과(후지),211.9261744966442,0.5302195366042133,,,,,,,,
202001상순,411.0,사과,5.0,후지,상품,개,10.0,18290.0,,17583.0,22487.0,20696.6666666666,2020,상순,2020-01-01,사과-후지,1,1,True,False,False,False,False,False,False,False,False,False,False,False,True,False,False,사과(후지),211.9261744966442,0.5302195366042133,,,,,,,,
202001상순,411.0,사과,5.0,후지,상품,개,10.0,18290.0,,17583.0,22487.0,20696.6666666666,2020,상순,2020-01-01,사과-후지,1,1,True,False,False,False,False,False,False,False,False,False,False,False,True,False,False,사과(후지),211.9261744966442,0.5302195366042133,,,,,,,,
202001상순,411.0,사과,5.0,후지,상품,개,10.0,18290.0,,17583.0,22487.0,20696.6666666666,2020,상순,2020-01-01,사과-후지,1,1,True,False,False,False,False,False,False,False,False,False,False,False,True,False,False,사과(후지),211.9261744966442,0.5302195366042133,,,,,,,,
202001상순,411.0,사과,5.0,후지,상품,개,10.0,18290.0,,17583.0,22487.0,20696.6666666666,2020,상순,2020-01-01,사과-후지,1,1,True,False,False,False,False,False,False,False,False,False,False,False,True,False,False,사과(후지),211.9261744966442,0.5302195366042133,,,,,,,,
202001상순,411.0,사과,5.0,후지,상품,개,10.0,18290.0,,17583.0,22487.0,20696.6666666666,2020,상순,2020-01-01,사과-후지,1,1,True,False,False,False,False,False,False,False,False,False,False,False,True,False,False,사과(후지),211.9261744966442,0.5302195366042133,,,,,,,,
202001상순,411.0,사과,5.0,후지,상품,개,10.0,18290.0,,17583.0,22487.0,20696.6666666666,2020,상순,2020-01-01,사과-후지,1,1,True,False,False,False,False,False,False,False,False,False,False,False,True,False,False,사과(후지),211.9261744966442,0.5302195366042133,,,,,,,,
202001상순,411.0,사과,5.0,후지,상품,개,10.0,18290.0,,17583.0,22487.0,20696.6666666666,2020,상순,2020-01-01,사과-후지,1,1,True,False,False,False,False,False,False,False,False,False,False,False,True,False,False,사과(후지),211.9261744966442,0.5302195366042133,,,,,,,,
202001상순,411.0,사과,5.0,후지,상품,개,10.0,18290.0,,17583.0,22487.0,20696.6666666666,2020,상순,2020-01-01,사과-후지,1,1,True,False,False,False,False,False,False,False,False,False,False,False,True,False,False,사과(후지),211.9261744966442,0.5302195366042133,,,,,,,,
202001상순,411.0,사과,5.0,후지,상품,개,10.0,18290.0,,17583.0,22487.0,20696.6666666666,2020,상순,2020-01-01,사과-후지,1,1,True,False,False,False,False,False,False,False,False,False,False,False,True,False,False,사과(후지),211.9261744966442,0.5302195366042133,,,,,,,,
202001상순,411.0,사과,5.0,후지,상품,개,10.0,18290.0,,17583.0,22487.0,20696.6666666666,2020,상순,2020-01-01,사과-후지,1,1,True,False,False,False,False,False,False,False,False,False,False,False,True,False,False,사과(후지),211.9261744966442,0.5302195366042133,,,,,,,,
202001상순,411.0,사과,5.0,후지,상품,개,10.0,18290.0,,17583.0,22487.0,20696.6666666666,2020,상순,2020-01-01,사과-후지,1,1,True,False,False,False,False,False,False,False,False,False,False,False,True,False,False,사과(후지),211.9261744966442,0.5302195366042133,,,,,,,,
202001상순,411.0,사과,5.0,후지,상품,개,10.0,18290.0,,17583.0,22487.0,20696.6666666666,2020,상순,2020-01-01,사과-후지,1,1,True,False,False,False,False,False,False,False,False,False,False,False,True,False,False,사과(후지),211.9261744966442,0.5302195366042133,,,,,,,,
202001상순,411.0,사과,5.0,후지,상품,개,10.0,18290.0,,17583.0,22487.0,20696.6666666666,2020,상순,2020-01-01,사과-후지,1,1,True,False,False,False,False,False,False,False,False,False,False,False,True,False,False,사과(후지),211.9261744966442,0.5302195366042133,,,,,,,,
202001상순,411.0,사과,5.0,후지,상품,개,10.0,18290.0,,17583.0,22487.0,20696.6666666666,2020,상순,2020-01-01,사과-후지,1,1,True,False,False,False,False,False,False,False,False,False,False,False,True,False,False,사과(후지),211.9261744966442,0.5302195366042133,,,,,,,,
202001상순,411.0,사과,5.0,후지,상품,개,10.0,18290.0,,17583.0,22487.0,20696.6666666666,2020,상순,2020-01-01,사과-후지,1,1,True,False,False,False,False,False,False,False,False,False,False,False,True,False,False,사과(후지),211.9261744966442,0.5302195366042133,,,,,,,,
202001상순,411.0,사과,5.0,후지,상품,개,10.0,18290.0,,17583.0,22487.0,20696.6666666666,2020,상순,2020-01-01,사과-후지,1,1,True,False,False,False,False,False,False,False,False,False,False,False,True,False,False,사과(후지),211.9261744966442,0.5302195366042133,,,,,,,,
202001상순,411.0,사과,5.0,후지,상품,개,10.0,18290.0,,17583.0,22487.0,20696.6666666666,2020,상순,2020-01-01,사과-후지,1,1,True,False,False,False,False,False,False,False,False,False,False,False,True,False,False,사과(후지),211.9261744966442,0.5302195366042133,,,,,,,,
202001상순,411.0,사과,5.0,후지,상품,개,10.0,18290.0,,17583.0,22487.0,20696.6666666666,2020,상순,2020-01-01,사과-후지,1,1,True,False,False,False,False,False,False,False,False,False,False,False,True,False,False,사과(후지),211.9261744966442,0.5302195366042133,,,,,,,,
202001상순,411.0,사과,5.0,후지,상품,개,10.0,18290.0,,17583.0,22487.0,20696.6666666666,2020,상순,2020-01-01,사과-후지,1,1,True,False,False,False,False,False,False,False,False,False,False,False,True,False,False,사과(후지),211.9261744966442,0.5302195366042133,,,,,,,,
202001상순,411.0,사과,5.0,후지,상품,개,10.0,18290.0,,17583.0,22487.0,20696.6666666666,2020,상순,2020-01-01,사과-후지,1,1,True,False,False,False,False,False,False,False,False,False,False,False,True,False,False,사과(후지),211.9261744966442,0.5302195366042133,,,,,,,,
202001중순,411.0,사과,5.0,후지,상품,개,10.0,18508.0,,17745.0,23655.0,20851.0,2020,중순,2020-01-11,사과-후지,1,11,True,False,False,False,False,False,False,False,False,False,False,False,False,True,False,사과(후지),162.0120805369126,0.48391019887878656,,,,,,,,
202001중순,411.0,사과,5.0,후지,상품,개,10.0,18508.0,,17745.0,23655.0,20851.0,2020,중순,2020-01-11,사과-후지,1,11,True,False,False,False,False,False,False,False,False,False,False,False,False,True,False,사과(후지),162.0120805369126,0.48391019887878656,,,,,,,,
202001중순,411.0,사과,5.0,후지,상품,개,10.0,18508.0,,17745.0,23655.0,20851.0,2020,중순,2020-01-11,사과-후지,1,11,True,False,False,False,False,False,False,False,False,False,False,False,False,True,False,사과(후지),162.0120805369126,0.48391019887878656,,,,,,,,
202001중순,411.0,사과,5.0,후지,상품,개,10.0,18508.0,,17745.0,23655.0,20851.0,2020,중순,2020-01-11,사과-후지,1,11,True,False,False,False,False,False,False,False,False,False,False,False,False,True,False,사과(후지),162.0120805369126,0.48391019887878656,,,,,,,,
202001중순,411.0,사과,5.0,후지,상품,개,10.0,18508.0,,17745.0,23655.0,20851.0,2020,중순,2020-01-11,사과-후지,1,11,True,False,False,False,False,False,False,False,False,False,False,False,False,True,False,사과(후지),162.0120805369126,0.48391019887878656,,,,,,,,
202001중순,411.0,사과,5.0,후지,상품,개,10.0,18508.0,,17745.0,23655.0,20851.0,2020,중순,2020-01-11,사과-후지,1,11,True,False,False,False,False,False,False,False,False,False,False,False,False,True,False,사과(후지),162.0120805369126,0.48391019887878656,,,,,,,,
202001중순,411.0,사과,5.0,후지,상품,개,10.0,18508.0,,17745.0,23655.0,20851.0,2020,중순,2020-01-11,사과-후지,1,11,True,False,False,False,False,False,False,False,False,False,False,False,False,True,False,사과(후지),162.0120805369126,0.48391019887878656,,,,,,,,
202001중순,411.0,사과,5.0,후지,상품,개,10.0,18508.0,,17745.0,23655.0,20851.0,2020,중순,2020-01-11,사과-후지,1,11,True,False,False,False,False,False,False,False,False,False,False,False,False,True,False,사과(후지),162.0120805369126,0.48391019887878656,,,,,,,,
202001중순,411.0,사과,5.0,후지,상품,개,10.0,18508.0,,17745.0,23655.0,20851.0,2020,중순,2020-01-11,사과-후지,1,11,True,False,False,False,False,False,False,False,False,False,False,False,False,True,False,사과(후지),162.0120805369126,0.48391019887878656,,,,,,,,
202001중순,411.0,사과,5.0,후지,상품,개,10.0,18508.0,,17745.0,23655.0,20851.0,2020,중순,2020-01-11,사과-후지,1,11,True,False,False,False,False,False,False,False,False,False,False,False,False,True,False,사과(후지),162.0120805369126,0.48391019887878656,,,,,,,,
202001중순,411.0,사과,5.0,후지,상품,개,10.0,18508.0,,17745.0,23655.0,20851.0,2020,중순,2020-01-11,사과-후지,1,11,True,False,False,False,False,False,False,False,False,False,False,False,False,True,False,사과(후지),162.0120805369126,0.48391019887878656,,,,,,,,
202001중순,411.0,사과,5.0,후지,상품,개,10.0,18508.0,,17745.0,23655.0,20851.0,2020,중순,2020-01-11,사과-후지,1,11,True,False,False,False,False,False,False,False,False,False,False,False,False,True,False,사과(후지),162.0120805369126,0.48391019887878656,,,,,,,,
202001중순,411.0,사과,5.0,후지,상품,개,10.0,18508.0,,17745.0,23655.0,20851.0,2020,중순,2020-01-11,사과-후지,1,11,True,False,False,False,False,False,False,False,False,False,False,False,False,True,False,사과(후지),162.0120805369126,0.48391019887878656,,,,,,,,
202001중순,411.0,사과,5.0,후지,상품,개,10.0,18508.0,,17745.0,23655.0,20851.0,2020,중순,2020-01-11,사과-후지,1,11,True,False,False,False,False,False,False,False,False,False,False,False,False,True,False,사과(후지),162.0120805369126,0.48391019887878656,,,,,,,,
202001중순,411.0,사과,5.0,후지,상품,개,10.0,18508.0,,17745.0,23655.0,20851.0,2020,중순,2020-01-11,사과-후지,1,11,True,False,False,False,False,False,False,False,False,False,False,False,False,True,False,사과(후지),162.0120805369126,0.48391019887878656,,,,,,,,
202001중순,411.0,사과,5.0,후지,상품,개,10.0,18508.0,,17745.0,23655.0,20851.0,2020,중순,2020-01-11,사과-후지,1,11,True,False,False,False,False,False,False,False,False,False,False,False,False,True,False,사과(후지),162.0120805369126,0.48391019887878656,,,,,,,,
202001중순,411.0,사과,5.0,후지,상품,개,10.0,18508.0,,17745.0,23655.0,20851.0,2020,중순,2020-01-11,사과-후지,1,11,True,False,False,False,False,False,False,False,False,False,False,False,False,True,False,사과(후지),162.0120805369126,0.48391019887878656,,,,,,,,
202001중순,411.0,사과,5.0,후지,상품,개,10.0,18508.0,,17745.0,23655.0,20851.0,2020,중순,2020-01-11,사과-후지,1,11,True,False,False,False,False,False,False,False,False,False,False,False,False,True,False,사과(후지),162.0120805369126,0.48391019887878656,,,,,,,,
202001중순,411.0,사과,5.0,후지,상품,개,10.0,18508.0,,17745.0,23655.0,20851.0,2020,중순,2020-01-11,사과-후지,1,11,True,False,False,False,False,False,False,False,False,False,False,False,False,True,False,사과(후지),162.0120805369126,0.48391019887878656,,,,,,,,
202001중순,411.0,사과,5.0,후지,상품,개,10.0,18508.0,,17745.0,23655.0,20851.0,2020,중순,2020-01-11,사과-후지,1,11,True,False,False,False,False,False,False,False,False,False,False,False,False,True,False,사과(후지),162.0120805369126,0.48391019887878656,,,,,,,,
202001중순,411.0,사과,5.0,후지,상품,개,10.0,18508.0,,17745.0,23655.0,20851.0,2020,중순,2020-01-11,사과-후지,1,11,True,False,False,False,False,False,False,False,False,False,False,False,False,True,False,사과(후지),162.0120805369126,0.48391019887878656,,,,,,,,
202001중순,411.0,사과,5.0,후지,상품,개,10.0,18508.0,,17745.0,23655.0,20851.0,2020,중순,2020-01-11,사과-후지,1,11,True,False,False,False,False,False,False,False,False,False,False,False,False,True,False,사과(후지),162.0120805369126,0.48391019887878656,,,,,,,,
202001중순,411.0,사과,5.0,후지,상품,개,10.0,18508.0,,17745.0,23655.0,20851.0,2020,중순,2020-01-11,사과-후지,1,11,True,False,False,False,False,False,False,False,False,False,False,False,False,True,False,사과(후지),162.0120805369126,0.48391019887878656,,,,,,,,
202001하순,411.0,사과,5.0,후지,상품,개,10.0,20625.0,,18227.0,25155.0,21606.6666666666,2020,하순,2020-01-21,사과-후지,1,21,True,False,False,False,False,False,False,False,False,False,False,False,False,False,True,사과(후지),171.20402684563743,0.4521605538485472,,,,,,,,
202001하순,411.0,사과,5.0,후지,상품,개,10.0,20625.0,,18227.0,25155.0,21606.6666666666,2020,하순,2020-01-21,사과-후지,1,21,True,False,False,False,False,False,False,False,False,False,False,False,False,False,True,사과(후지),171.20402684563743,0.4521605538485472,,,,,,,,
202001하순,411.0,사과,5.0,후지,상품,개,10.0,20625.0,,18227.0,25155.0,21606.6666666666,2020,하순,2020-01-21,사과-후지,1,21,True,False,False,False,False,False,False,False,False,False,False,False,False,False,True,사과(후지),171.20402684563743,0.4521605538485472,,,,,,,,
202001하순,411.0,사과,5.0,후지,상품,개,10.0,20625.0,,18227.0,25155.0,21606.6666666666,2020,하순,2020-01-21,사과-후지,1,21,True,False,False,False,False,False,False,False,False,False,False,False,False,False,True,사과(후지),171.20402684563743,0.4521605538485472,,,,,,,,
202001하순,411.0,사과,5.0,후지,상품,개,10.0,20625.0,,18227.0,25155.0,21606.6666666666,2020,하순,2020-01-21,사과-후지,1,21,True,False,False,False,False,False,False,False,False,False,False,False,False,False,True,사과(후지),171.20402684563743,0.4521605538485472,,,,,,,,
202001하순,411.0,사과,5.0,후지,상품,개,10.0,20625.0,,18227.0,25155.0,21606.6666666666,2020,하순,2020-01-21,사과-후지,1,21,True,False,False,False,False,False,False,False,False,False,False,False,False,False,True,사과(후지),171.20402684563743,0.4521605538485472,,,,,,,,
202001하순,411.0,사과,5.0,후지,상품,개,10.0,20625.0,,18227.0,25155.0,21606.6666666666,2020,하순,2020-01-21,사과-후지,1,21,True,False,False,False,False,False,False,False,False,False,False,False,False,False,True,사과(후지),171.20402684563743,0.4521605538485472,,,,,,,,
202001하순,411.0,사과,5.0,후지,상품,개,10.0,20625.0,,18227.0,25155.0,21606.6666666666,2020,하순,2020-01-21,사과-후지,1,21,True,False,False,False,False,False,False,False,False,False,False,False,False,False,True,사과(후지),171.20402684563743,0.4521605538485472,,,,,,,,
202001하순,411.0,사과,5.0,후지,상품,개,10.0,20625.0,,18227.0,25155.0,21606.6666666666,2020,하순,2020-01-21,사과-후지,1,21,True,False,False,False,False,False,False,False,False,False,False,False,False,False,True,사과(후지),171.20402684563743,0.4521605538485472,,,,,,,,
202001하순,411.0,사과,5.0,후지,상품,개,10.0,20625.0,,18227.0,25155.0,21606.6666666666,2020,하순,2020-01-21,사과-후지,1,21,True,False,False,False,False,False,False,False,False,False,False,False,False,False,True,사과(후지),171.20402684563743,0.4521605538485472,,,,,,,,
202001하순,411.0,사과,5.0,후지,상품,개,10.0,20625.0,,18227.0,25155.0,21606.6666666666,2020,하순,2020-01-21,사과-후지,1,21,True,False,False,False,False,False,False,False,False,False,False,False,False,False,True,사과(후지),171.20402684563743,0.4521605538485472,,,,,,,,
202001하순,411.0,사과,5.0,후지,상품,개,10.0,20625.0,,18227.0,25155.0,21606.6666666666,2020,하순,2020-01-21,사과-후지,1,21,True,False,False,False,False,False,False,False,False,False,False,False,False,False,True,사과(후지),171.20402684563743,0.4521605538485472,,,,,,,,
202001하순,411.0,사과,5.0,후지,상품,개,10.0,20625.0,,18227.0,25155.0,21606.6666666666,2020,하순,2020-01-21,사과-후지,1,21,True,False,False,False,False,False,False,False,False,False,False,False,False,False,True,사과(후지),171.20402684563743,0.4521605538485472,,,,,,,,
202001하순,411.0,사과,5.0,후지,상품,개,10.0,20625.0,,18227.0,25155.0,21606.6666666666,2020,하순,2020-01-21,사과-후지,1,21,True,False,False,False,False,False,False,False,False,False,False,False,False,False,True,사과(후지),171.20402684563743,0.4521605538485472,,,,,,,,
202001하순,411.0,사과,5.0,후지,상품,개,10.0,20625.0,,18227.0,25155.0,21606.6666666666,2020,하순,2020-01-21,사과-후지,1,21,True,False,False,False,False,False,False,False,False,False,False,False,False,False,True,사과(후지),171.20402684563743,0.4521605538485472,,,,,,,,
202001하순,411.0,사과,5.0,후지,상품,개,10.0,20625.0,,18227.0,25155.0,21606.6666666666,2020,하순,2020-01-21,사과-후지,1,21,True,False,False,False,False,False,False,False,False,False,False,False,False,False,True,사과(후지),171.20402684563743,0.4521605538485472,,,,,,,,
202001하순,411.0,사과,5.0,후지,상품,개,10.0,20625.0,,18227.0,25155.0,21606.6666666666,2020,하순,2020-01-21,사과-후지,1,21,True,False,False,False,False,False,False,False,False,False,False,False,False,False,True,사과(후지),171.20402684563743,0.4521605538485472,,,,,,,,
202001하순,411.0,사과,5.0,후지,상품,개,10.0,20625.0,,18227.0,25155.0,21606.6666666666,2020,하순,2020-01-21,사과-후지,1,21,True,False,False,False,False,False,False,False,False,False,False,False,False,False,True,사과(후지),171.20402684563743,0.4521605538485472,,,,,,,,
202001하순,411.0,사과,5.0,후지,상품,개,10.0,20625.0,,18227.0,25155.0,21606.6666666666,2020,하순,2020-01-21,사과-후지,1,21,True,False,False,False,False,False,False,False,False,False,False,False,False,False,True,사과(후지),171.20402684563743,0.4521605538485472,,,,,,,,
202001하순,411.0,사과,5.0,후지,상품,개,10.0,20625.0,,18227.0,25155.0,21606.6666666666,2020,하순,2020-01-21,사과-후지,1,21,True,False,False,False,False,False,False,False,False,False,False,False,False,False,True,사과(후지),171.20402684563743,0.4521605538485472,,,,,,,,
202001하순,411.0,사과,5.0,후지,상품,개,10.0,20625.0,,18227.0,25155.0,21606.6666666666,2020,하순,2020-01-21,사과-후지,1,21,True,False,False,False,False,False,False,False,False,False,False,False,False,False,True,사과(후지),171.20402684563743,0.4521605538485472,,,,,,,,
202001하순,411.0,사과,5.0,후지,상품,개,10.0,20625.0,,18227.0,25155.0,21606.6666666666,2020,하순,2020-01-21,사과-후지,1,21,True,False,False,False,False,False,False,False,False,False,False,False,False,False,True,사과(후지),171.20402684563743,0.4521605538485472,,,,,,,,
202001하순,411.0,사과,5.0,후지,상품,개,10.0,20625.0,,18227.0,25155.0,21606.6666666666,2020,하순,2020-01-21,사과-후지,1,21,True,False,False,False,False,False,False,False,False,False,False,False,False,False,True,사과(후지),171.20402684563743,0.4521605538485472,,,,,,,,
202002상순,411.0,사과,5.0,후지,상품,개,10.0,20006.0,,18290.0,26059.0,22033.3333333333,2020,상순,2020-02-01,사과-후지,2,1,False,True,False,False,False,False,False,False,False,False,False,False,True,False,False,사과(후지),125.93288590604014,0.418001659019623,,,,,,,,
202002상순,411.0,사과,5.0,후지,상품,개,10.0,20006.0,,18290.0,26059.0,22033.3333333333,2020,상순,2020-02-01,사과-후지,2,1,False,True,False,False,False,False,False,False,False,False,False,False,True,False,False,사과(후지),125.93288590604014,0.418001659019623,,,,,,,,
202002상순,411.0,사과,5.0,후지,상품,개,10.0,20006.0,,18290.0,26059.0,22033.3333333333,2020,상순,2020-02-01,사과-후지,2,1,False,True,False,False,False,False,False,False,False,False,False,False,True,False,False,사과(후지),125.93288590604014,0.418001659019623,,,,,,,,
202002상순,411.0,사과,5.0,후지,상품,개,10.0,20006.0,,18290.0,26059.0,22033.3333333333,2020,상순,2020-02-01,사과-후지,2,1,False,True,False,False,False,False,False,False,False,False,False,False,True,False,False,사과(후지),125.93288590604014,0.418001659019623,,,,,,,,
202002상순,411.0,사과,5.0,후지,상품,개,10.0,20006.0,,18290.0,26059.0,22033.3333333333,2020,상순,2020-02-01,사과-후지,2,1,False,True,False,False,False,False,False,False,False,False,False,False,True,False,False,사과(후지),125.93288590604014,0.418001659019623,,,,,,,,
202002상순,411.0,사과,5.0,후지,상품,개,10.0,20006.0,,18290.0,26059.0,22033.3333333333,2020,상순,2020-02-01,사과-후지,2,1,False,True,False,False,False,False,False,False,False,False,False,False,True,False,False,사과(후지),125.93288590604014,0.418001659019623,,,,,,,,
202002상순,411.0,사과,5.0,후지,상품,개,10.0,20006.0,,18290.0,26059.0,22033.3333333333,2020,상순,2020-02-01,사과-후지,2,1,False,True,False,False,False,False,False,False,False,False,False,False,True,False,False,사과(후지),125.93288590604014,0.418001659019623,,,,,,,,
202002상순,411.0,사과,5.0,후지,상품,개,10.0,20006.0,,18290.0,26059.0,22033.3333333333,2020,상순,2020-02-01,사과-후지,2,1,False,True,False,False,False,False,False,False,False,False,False,False,True,False,False,사과(후지),125.93288590604014,0.418001659019623,,,,,,,,
202002상순,411.0,사과,5.0,후지,상품,개,10.0,20006.0,,18290.0,26059.0,22033.3333333333,2020,상순,2020-02-01,사과-후지,2,1,False,True,False,False,False,False,False,False,False,False,False,False,True,False,False,사과(후지),125.93288590604014,0.418001659019623,,,,,,,,
202002상순,411.0,사과,5.0,후지,상품,개,10.0,20006.0,,18290.0,26059.0,22033.3333333333,2020,상순,2020-02-01,사과-후지,2,1,False,True,False,False,False,False,False,False,False,False,False,False,True,False,False,사과(후지),125.93288590604014,0.418001659019623,,,,,,,,
202002상순,411.0,사과,5.0,후지,상품,개,10.0,20006.0,,18290.0,26059.0,22033.3333333333,2020,상순,2020-02-01,사과-후지,2,1,False,True,False,False,False,False,False,False,False,False,False,False,True,False,False,사과(후지),125.93288590604014,0.418001659019623,,,,,,,,
202002상순,411.0,사과,5.0,후지,상품,개,10.0,20006.0,,18290.0,26059.0,22033.3333333333,2020,상순,2020-02-01,사과-후지,2,1,False,True,False,False,False,False,False,False,False,False,False,False,True,False,False,사과(후지),125.93288590604014,0.418001659019623,,,,,,,,
202002상순,411.0,사과,5.0,후지,상품,개,10.0,20006.0,,18290.0,26059.0,22033.3333333333,2020,상순,2020-02-01,사과-후지,2,1,False,True,False,False,False,False,False,False,False,False,False,False,True,False,False,사과(후지),125.93288590604014,0.418001659019623,,,,,,,,
202002상순,411.0,사과,5.0,후지,상품,개,10.0,20006.0,,18290.0,26059.0,22033.3333333333,2020,상순,2020-02-01,사과-후지,2,1,False,True,False,False,False,False,False,False,False,False,False,False,True,False,False,사과(후지),125.93288590604014,0.418001659019623,,,,,,,,
202002상순,411.0,사과,5.0,후지,상품,개,10.0,20006.0,,18290.0,26059.0,22033.3333333333,2020,상순,2020-02-01,사과-후지,2,1,False,True,False,False,False,False,False,False,False,False,False,False,True,False,False,사과(후지),125.93288590604014,0.418001659019623,,,,,,,,
202002상순,411.0,사과,5.0,후지,상품,개,10.0,20006.0,,18290.0,26059.0,22033.3333333333,2020,상순,2020-02-01,사과-후지,2,1,False,True,False,False,False,False,False,False,False,False,False,False,True,False,False,사과(후지),125.93288590604014,0.418001659019623,,,,,,,,
202002상순,411.0,사과,5.0,후지,상품,개,10.0,20006.0,,18290.0,26059.0,22033.3333333333,2020,상순,2020-02-01,사과-후지,2,1,False,True,False,False,False,False,False,False,False,False,False,False,True,False,False,사과(후지),125.93288590604014,0.418001659019623,,,,,,,,
202002상순,411.0,사과,5.0,후지,상품,개,10.0,20006.0,,18290.0,26059.0,22033.3333333333,2020,상순,2020-02-01,사과-후지,2,1,False,True,False,False,False,False,False,False,False,False,False,False,True,False,False,사과(후지),125.93288590604014,0.418001659019623,,,,,,,,
202002상순,411.0,사과,5.0,후지,상품,개,10.0,20006.0,,18290.0,26059.0,22033.3333333333,2020,상순,2020-02-01,사과-후지,2,1,False,True,False,False,False,False,False,False,False,False,False,False,True,False,False,사과(후지),125.93288590604014,0.418001659019623,,,,,,,,
202002상순,411.0,사과,5.0,후지,상품,개,10.0,20006.0,,18290.0,26059.0,22033.3333333333,2020,상순,2020-02-01,사과-후지,2,1,False,True,False,False,False,False,False,False,False,False,False,False,True,False,False,사과(후지),125.93288590604014,0.418001659019623,,,,,,,,
202002상순,411.0,사과,5.0,후지,상품,개,10.0,20006.0,,18290.0,26059.0,22033.3333333333,2020,상순,2020-02-01,사과-후지,2,1,False,True,False,False,False,False,False,False,False,False,False,False,True,False,False,사과(후지),125.93288590604014,0.418001659019623,,,,,,,,
202002상순,411.0,사과,5.0,후지,상품,개,10.0,20006.0,,18290.0,26059.0,22033.3333333333,2020,상순,2020-02-01,사과-후지,2,1,False,True,False,False,False,False,False,False,False,False,False,False,True,False,False,사과(후지),125.93288590604014,0.418001659019623,,,,,,,,
202002상순,411.0,사과,5.0,후지,상품,개,10.0,20006.0,,18290.0,26059.0,22033.3333333333,2020,상순,2020-02-01,사과-후지,2,1,False,True,False,False,False,False,False,False,False,False,False,False,True,False,False,사과(후지),125.93288590604014,0.418001659019623,,,,,,,,
202002중순,411.0,사과,5.0,후지,상품,개,10.0,20348.0,,18508.0,24721.0,22716.6666666666,2020,중순,2020-02-11,사과-후지,2,11,False,True,False,False,False,False,False,False,False,False,False,False,False,True,False,사과(후지),78.82147651006699,0.39284452519746627,,,,,,,,
202002중순,411.0,사과,5.0,후지,상품,개,10.0,20348.0,,18508.0,24721.0,22716.6666666666,2020,중순,2020-02-11,사과-후지,2,11,False,True,False,False,False,False,False,False,False,False,False,False,False,True,False,사과(후지),78.82147651006699,0.39284452519746627,,,,,,,,
202002중순,411.0,사과,5.0,후지,상품,개,10.0,20348.0,,18508.0,24721.0,22716.6666666666,2020,중순,2020-02-11,사과-후지,2,11,False,True,False,False,False,False,False,False,False,False,False,False,False,True,False,사과(후지),78.82147651006699,0.39284452519746627,,,,,,,,
202002중순,411.0,사과,5.0,후지,상품,개,10.0,20348.0,,18508.0,24721.0,22716.6666666666,2020,중순,2020-02-11,사과-후지,2,11,False,True,False,False,False,False,False,False,False,False,False,False,False,True,False,사과(후지),78.82147651006699,0.39284452519746627,,,,,,,,
202002중순,411.0,사과,5.0,후지,상품,개,10.0,20348.0,,18508.0,24721.0,22716.6666666666,2020,중순,2020-02-11,사과-후지,2,11,False,True,False,False,False,False,False,False,False,False,False,False,False,True,False,사과(후지),78.82147651006699,0.39284452519746627,,,,,,,,
202002중순,411.0,사과,5.0,후지,상품,개,10.0,20348.0,,18508.0,24721.0,22716.6666666666,2020,중순,2020-02-11,사과-후지,2,11,False,True,False,False,False,False,False,False,False,False,False,False,False,True,False,사과(후지),78.82147651006699,0.39284452519746627,,,,,,,,
202002중순,411.0,사과,5.0,후지,상품,개,10.0,20348.0,,18508.0,24721.0,22716.6666666666,2020,중순,2020-02-11,사과-후지,2,11,False,True,False,False,False,False,False,False,False,False,False,False,False,True,False,사과(후지),78.82147651006699,0.39284452519746627,,,,,,,,
202002중순,411.0,사과,5.0,후지,상품,개,10.0,20348.0,,18508.0,24721.0,22716.6666666666,2020,중순,2020-02-11,사과-후지,2,11,False,True,False,False,False,False,False,False,False,False,False,False,False,True,False,사과(후지),78.82147651006699,0.39284452519746627,,,,,,,,
202002중순,411.0,사과,5.0,후지,상품,개,10.0,20348.0,,18508.0,24721.0,22716.6666666666,2020,중순,2020-02-11,사과-후지,2,11,False,True,False,False,False,False,False,False,False,False,False,False,False,True,False,사과(후지),78.82147651006699,0.39284452519746627,,,,,,,,
202002중순,411.0,사과,5.0,후지,상품,개,10.0,20348.0,,18508.0,24721.0,22716.6666666666,2020,중순,2020-02-11,사과-후지,2,11,False,True,False,False,False,False,False,False,False,False,False,False,False,True,False,사과(후지),78.82147651006699,0.39284452519746627,,,,,,,,
202002중순,411.0,사과,5.0,후지,상품,개,10.0,20348.0,,18508.0,24721.0,22716.6666666666,2020,중순,2020-02-11,사과-후지,2,11,False,True,False,False,False,False,False,False,False,False,False,False,False,True,False,사과(후지),78.82147651006699,0.39284452519746627,,,,,,,,
202002중순,411.0,사과,5.0,후지,상품,개,10.0,20348.0,,18508.0,24721.0,22716.6666666666,2020,중순,2020-02-11,사과-후지,2,11,False,True,False,False,False,False,False,False,False,False,False,False,False,True,False,사과(후지),78.82147651006699,0.39284452519746627,,,,,,,,
202002중순,411.0,사과,5.0,후지,상품,개,10.0,20348.0,,18508.0,24721.0,22716.6666666666,2020,중순,2020-02-11,사과-후지,2,11,False,True,False,False,False,False,False,False,False,False,False,False,False,True,False,사과(후지),78.82147651006699,0.39284452519746627,,,,,,,,
202002중순,411.0,사과,5.0,후지,상품,개,10.0,20348.0,,18508.0,24721.0,22716.6666666666,2020,중순,2020-02-11,사과-후지,2,11,False,True,False,False,False,False,False,False,False,False,False,False,False,True,False,사과(후지),78.82147651006699,0.39284452519746627,,,,,,,,
202002중순,411.0,사과,5.0,후지,상품,개,10.0,20348.0,,18508.0,24721.0,22716.6666666666,2020,중순,2020-02-11,사과-후지,2,11,False,True,False,False,False,False,False,False,False,False,False,False,False,True,False,사과(후지),78.82147651006699,0.39284452519746627,,,,,,,,
202002중순,411.0,사과,5.0,후지,상품,개,10.0,20348.0,,18508.0,24721.0,22716.6666666666,2020,중순,2020-02-11,사과-후지,2,11,False,True,False,False,False,False,False,False,False,False,False,False,False,True,False,사과(후지),78.82147651006699,0.39284452519746627,,,,,,,,
202002중순,411.0,사과,5.0,후지,상품,개,10.0,20348.0,,18508.0,24721.0,22716.6666666666,2020,중순,2020-02-11,사과-후지,2,11,False,True,False,False,False,False,False,False,False,False,False,False,False,True,False,사과(후지),78.82147651006699,0.39284452519746627,,,,,,,,
202002중순,411.0,사과,5.0,후지,상품,개,10.0,20348.0,,18508.0,24721.0,22716.6666666666,2020,중순,2020-02-11,사과-후지,2,11,False,True,False,False,False,False,False,False,False,False,False,False,False,True,False,사과(후지),78.82147651006699,0.39284452519746627,,,,,,,,
202002중순,411.0,사과,5.0,후지,상품,개,10.0,20348.0,,18508.0,24721.0,22716.6666666666,2020,중순,2020-02-11,사과-후지,2,11,False,True,False,False,False,False,False,False,False,False,False,False,False,True,False,사과(후지),78.82147651006699,0.39284452519746627,,,,,,,,
202002중순,411.0,사과,5.0,후지,상품,개,10.0,20348.0,,18508.0,24721.0,22716.6666666666,2020,중순,2020-02-11,사과-후지,2,11,False,True,False,False,False,False,False,False,False,False,False,False,False,True,False,사과(후지),78.82147651006699,0.39284452519746627,,,,,,,,
202002중순,411.0,사과,5.0,후지,상품,개,10.0,20348.0,,18508.0,24721.0,22716.6666666666,2020,중순,2020-02-11,사과-후지,2,11,False,True,False,False,False,False,False,False,False,False,False,False,False,True,False,사과(후지),78.82147651006699,0.39284452519746627,,,,,,,,
202002중순,411.0,사과,5.0,후지,상품,개,10.0,20348.0,,18508.0,24721.0,22716.6666666666,2020,중순,2020-02-11,사과-후지,2,11,False,True,False,False,False,False,False,False,False,False,False,False,False,True,False,사과(후지),78.82147651006699,0.39284452519746627,,,,,,,,
202002중순,411.0,사과,5.0,후지,상품,개,10.0,20348.0,,18508.0,24721.0,22716.6666666666,2020,중순,2020-02-11,사과-후지,2,11,False,True,False,False,False,False,False,False,False,False,False,False,False,True,False,사과(후지),78.82147651006699,0.39284452519746627,,,,,,,,
202002하순,411.0,사과,5.0,후지,상품,개,10.0,20120.0,,20625.0,24274.0,22289.3333333333,2020,하순,2020-02-21,사과-후지,2,21,False,True,False,False,False,False,False,False,False,False,False,False,False,False,True,사과(후지),91.20805369127503,0.3786410179938363,,,,,,,,
202002하순,411.0,사과,5.0,후지,상품,개,10.0,20120.0,,20625.0,24274.0,22289.3333333333,2020,하순,2020-02-21,사과-후지,2,21,False,True,False,False,False,False,False,False,False,False,False,False,False,False,True,사과(후지),91.20805369127503,0.3786410179938363,,,,,,,,
202002하순,411.0,사과,5.0,후지,상품,개,10.0,20120.0,,20625.0,24274.0,22289.3333333333,2020,하순,2020-02-21,사과-후지,2,21,False,True,False,False,False,False,False,False,False,False,False,False,False,False,True,사과(후지),91.20805369127503,0.3786410179938363,,,,,,,,
202002하순,411.0,사과,5.0,후지,상품,개,10.0,20120.0,,20625.0,24274.0,22289.3333333333,2020,하순,2020-02-21,사과-후지,2,21,False,True,False,False,False,False,False,False,False,False,False,False,False,False,True,사과(후지),91.20805369127503,0.3786410179938363,,,,,,,,
202002하순,411.0,사과,5.0,후지,상품,개,10.0,20120.0,,20625.0,24274.0,22289.3333333333,2020,하순,2020-02-21,사과-후지,2,21,False,True,False,False,False,False,False,False,False,False,False,False,False,False,True,사과(후지),91.20805369127503,0.3786410179938363,,,,,,,,
202002하순,411.0,사과,5.0,후지,상품,개,10.0,20120.0,,20625.0,24274.0,22289.3333333333,2020,하순,2020-02-21,사과-후지,2,21,False,True,False,False,False,False,False,False,False,False,False,False,False,False,True,사과(후지),91.20805369127503,0.3786410179938363,,,,,,,,
202002하순,411.0,사과,5.0,후지,상품,개,10.0,20120.0,,20625.0,24274.0,22289.3333333333,2020,하순,2020-02-21,사과-후지,2,21,False,True,False,False,False,False,False,False,False,False,False,False,False,False,True,사과(후지),91.20805369127503,0.3786410179938363,,,,,,,,
202002하순,411.0,사과,5.0,후지,상품,개,10.0,20120.0,,20625.0,24274.0,22289.3333333333,2020,하순,2020-02-21,사과-후지,2,21,False,True,False,False,False,False,False,False,False,False,False,False,False,False,True,사과(후지),91.20805369127503,0.3786410179938363,,,,,,,,
202002하순,411.0,사과,5.0,후지,상품,개,10.0,20120.0,,20625.0,24274.0,22289.3333333333,2020,하순,2020-02-21,사과-후지,2,21,False,True,False,False,False,False,False,False,False,False,False,False,False,False,True,사과(후지),91.20805369127503,0.3786410179938363,,,,,,,,
202002하순,411.0,사과,5.0,후지,상품,개,10.0,20120.0,,20625.0,24274.0,22289.3333333333,2020,하순,2020-02-21,사과-후지,2,21,False,True,False,False,False,False,False,False,False,False,False,False,False,False,True,사과(후지),91.20805369127503,0.3786410179938363,,,,,,,,
202002하순,411.0,사과,5.0,후지,상품,개,10.0,20120.0,,20625.0,24274.0,22289.3333333333,2020,하순,2020-02-21,사과-후지,2,21,False,True,False,False,False,False,False,False,False,False,False,False,False,False,True,사과(후지),91.20805369127503,0.3786410179938363,,,,,,,,
202002하순,411.0,사과,5.0,후지,상품,개,10.0,20120.0,,20625.0,24274.0,22289.3333333333,2020,하순,2020-02-21,사과-후지,2,21,False,True,False,False,False,False,False,False,False,False,False,False,False,False,True,사과(후지),91.20805369127503,0.3786410179938363,,,,,,,,
202002하순,411.0,사과,5.0,후지,상품,개,10.0,20120.0,,20625.0,24274.0,22289.3333333333,2020,하순,2020-02-21,사과-후지,2,21,False,True,False,False,False,False,False,False,False,False,False,False,False,False,True,사과(후지),91.20805369127503,0.3786410179938363,,,,,,,,
202002하순,411.0,사과,5.0,후지,상품,개,10.0,20120.0,,20625.0,24274.0,22289.3333333333,2020,하순,2020-02-21,사과-후지,2,21,False,True,False,False,False,False,False,False,False,False,False,False,False,False,True,사과(후지),91.20805369127503,0.3786410179938363,,,,,,,,
202002하순,411.0,사과,5.0,후지,상품,개,10.0,20120.0,,20625.0,24274.0,22289.3333333333,2020,하순,2020-02-21,사과-후지,2,21,False,True,False,False,False,False,False,False,False,False,False,False,False,False,True,사과(후지),91.20805369127503,0.3786410179938363,,,,,,,,
202002하순,411.0,사과,5.0,후지,상품,개,10.0,20120.0,,20625.0,24274.0,22289.3333333333,2020,하순,2020-02-21,사과-후지,2,21,False,True,False,False,False,False,False,False,False,False,False,False,False,False,True,사과(후지),91.20805369127503,0.3786410179938363,,,,,,,,
202002하순,411.0,사과,5.0,후지,상품,개,10.0,20120.0,,20625.0,24274.0,22289.3333333333,2020,하순,2020-02-21,사과-후지,2,21,False,True,False,False,False,False,False,False,False,False,False,False,False,False,True,사과(후지),91.20805369127503,0.3786410179938363,,,,,,,,
202002하순,411.0,사과,5.0,후지,상품,개,10.0,20120.0,,20625.0,24274.0,22289.3333333333,2020,하순,2020-02-21,사과-후지,2,21,False,True,False,False,False,False,False,False,False,False,False,False,False,False,True,사과(후지),91.20805369127503,0.3786410179938363,,,,,,,,
202002하순,411.0,사과,5.0,후지,상품,개,10.0,20120.0,,20625.0,24274.0,22289.3333333333,2020,하순,2020-02-21,사과-후지,2,21,False,True,False,False,False,False,False,False,False,False,False,False,False,False,True,사과(후지),91.20805369127503,0.3786410179938363,,,,,,,,
202002하순,411.0,사과,5.0,후지,상품,개,10.0,20120.0,,20625.0,24274.0,22289.3333333333,2020,하순,2020-02-21,사과-후지,2,21,False,True,False,False,False,False,False,False,False,False,False,False,False,False,True,사과(후지),91.20805369127503,0.3786410179938363,,,,,,,,
202002하순,411.0,사과,5.0,후지,상품,개,10.0,20120.0,,20625.0,24274.0,22289.3333333333,2020,하순,2020-02-21,사과-후지,2,21,False,True,False,False,False,False,False,False,False,False,False,False,False,False,True,사과(후지),91.20805369127503,0.3786410179938363,,,,,,,,
202002하순,411.0,사과,5.0,후지,상품,개,10.0,20120.0,,20625.0,24274.0,22289.3333333333,2020,하순,2020-02-21,사과-후지,2,21,False,True,False,False,False,False,False,False,False,False,False,False,False,False,True,사과(후지),91.20805369127503,0.3786410179938363,,,,,,,,
202002하순,411.0,사과,5.0,후지,상품,개,10.0,20120.0,,20625.0,24274.0,22289.3333333333,2020,하순,2020-02-21,사과-후지,2,21,False,True,False,False,False,False,False,False,False,False,False,False,False,False,True,사과(후지),91.20805369127503,0.3786410179938363,,,,,,,,
202003상순,411.0,사과,5.0,후지,상품,개,10.0,19667.0,,20006.0,24027.0,22160.3333333333,2020,상순,2020-03-01,사과-후지,3,1,False,False,True,False,False,False,False,False,False,False,False,False,True,False,False,사과(후지),95.86711409395957,0.366089203793696,,,,,,,,
202003상순,411.0,사과,5.0,후지,상품,개,10.0,19667.0,,20006.0,24027.0,22160.3333333333,2020,상순,2020-03-01,사과-후지,3,1,False,False,True,False,False,False,False,False,False,False,False,False,True,False,False,사과(후지),95.86711409395957,0.366089203793696,,,,,,,,
202003상순,411.0,사과,5.0,후지,상품,개,10.0,19667.0,,20006.0,24027.0,22160.3333333333,2020,상순,2020-03-01,사과-후지,3,1,False,False,True,False,False,False,False,False,False,False,False,False,True,False,False,사과(후지),95.86711409395957,0.366089203793696,,,,,,,,
202003상순,411.0,사과,5.0,후지,상품,개,10.0,19667.0,,20006.0,24027.0,22160.3333333333,2020,상순,2020-03-01,사과-후지,3,1,False,False,True,False,False,False,False,False,False,False,False,False,True,False,False,사과(후지),95.86711409395957,0.366089203793696,,,,,,,,
202003상순,411.0,사과,5.0,후지,상품,개,10.0,19667.0,,20006.0,24027.0,22160.3333333333,2020,상순,2020-03-01,사과-후지,3,1,False,False,True,False,False,False,False,False,False,False,False,False,True,False,False,사과(후지),95.86711409395957,0.366089203793696,,,,,,,,
202003상순,411.0,사과,5.0,후지,상품,개,10.0,19667.0,,20006.0,24027.0,22160.3333333333,2020,상순,2020-03-01,사과-후지,3,1,False,False,True,False,False,False,False,False,False,False,False,False,True,False,False,사과(후지),95.86711409395957,0.366089203793696,,,,,,,,
202003상순,411.0,사과,5.0,후지,상품,개,10.0,19667.0,,20006.0,24027.0,22160.3333333333,2020,상순,2020-03-01,사과-후지,3,1,False,False,True,False,False,False,False,False,False,False,False,False,True,False,False,사과(후지),95.86711409395957,0.366089203793696,,,,,,,,
202003상순,411.0,사과,5.0,후지,상품,개,10.0,19667.0,,20006.0,24027.0,22160.3333333333,2020,상순,2020-03-01,사과-후지,3,1,False,False,True,False,False,False,False,False,False,False,False,False,True,False,False,사과(후지),95.86711409395957,0.366089203793696,,,,,,,,
202003상순,411.0,사과,5.0,후지,상품,개,10.0,19667.0,,20006.0,24027.0,22160.3333333333,2020,상순,2020-03-01,사과-후지,3,1,False,False,True,False,False,False,False,False,False,False,False,False,True,False,False,사과(후지),95.86711409395957,0.366089203793696,,,,,,,,
202003상순,411.0,사과,5.0,후지,상품,개,10.0,19667.0,,20006.0,24027.0,22160.3333333333,2020,상순,2020-03-01,사과-후지,3,1,False,False,True,False,False,False,False,False,False,False,False,False,True,False,False,사과(후지),95.86711409395957,0.366089203793696,,,,,,,,
202003상순,411.0,사과,5.0,후지,상품,개,10.0,19667.0,,20006.0,24027.0,22160.3333333333,2020,상순,2020-03-01,사과-후지,3,1,False,False,True,False,False,False,False,False,False,False,False,False,True,False,False,사과(후지),95.86711409395957,0.366089203793696,,,,,,,,
202003상순,411.0,사과,5.0,후지,상품,개,10.0,19667.0,,20006.0,24027.0,22160.3333333333,2020,상순,2020-03-01,사과-후지,3,1,False,False,True,False,False,False,False,False,False,False,False,False,True,False,False,사과(후지),95.86711409395957,0.366089203793696,,,,,,,,
202003상순,411.0,사과,5.0,후지,상품,개,10.0,19667.0,,20006.0,24027.0,22160.3333333333,2020,상순,2020-03-01,사과-후지,3,1,False,False,True,False,False,False,False,False,False,False,False,False,True,False,False,사과(후지),95.86711409395957,0.366089203793696,,,,,,,,
202003상순,411.0,사과,5.0,후지,상품,개,10.0,19667.0,,20006.0,24027.0,22160.3333333333,2020,상순,2020-03-01,사과-후지,3,1,False,False,True,False,False,False,False,False,False,False,False,False,True,False,False,사과(후지),95.86711409395957,0.366089203793696,,,,,,,,
202003상순,411.0,사과,5.0,후지,상품,개,10.0,19667.0,,20006.0,24027.0,22160.3333333333,2020,상순,2020-03-01,사과-후지,3,1,False,False,True,False,False,False,False,False,False,False,False,False,True,False,False,사과(후지),95.86711409395957,0.366089203793696,,,,,,,,
202003상순,411.0,사과,5.0,후지,상품,개,10.0,19667.0,,20006.0,24027.0,22160.3333333333,2020,상순,2020-03-01,사과-후지,3,1,False,False,True,False,False,False,False,False,False,False,False,False,True,False,False,사과(후지),95.86711409395957,0.366089203793696,,,,,,,,
202003상순,411.0,사과,5.0,후지,상품,개,10.0,19667.0,,20006.0,24027.0,22160.3333333333,2020,상순,2020-03-01,사과-후지,3,1,False,False,True,False,False,False,False,False,False,False,False,False,True,False,False,사과(후지),95.86711409395957,0.366089203793696,,,,,,,,
202003상순,411.0,사과,5.0,후지,상품,개,10.0,19667.0,,20006.0,24027.0,22160.3333333333,2020,상순,2020-03-01,사과-후지,3,1,False,False,True,False,False,False,False,False,False,False,False,False,True,False,False,사과(후지),95.86711409395957,0.366089203793696,,,,,,,,
202003상순,411.0,사과,5.0,후지,상품,개,10.0,19667.0,,20006.0,24027.0,22160.3333333333,2020,상순,2020-03-01,사과-후지,3,1,False,False,True,False,False,False,False,False,False,False,False,False,True,False,False,사과(후지),95.86711409395957,0.366089203793696,,,,,,,,
202003상순,411.0,사과,5.0,후지,상품,개,10.0,19667.0,,20006.0,24027.0,22160.3333333333,2020,상순,2020-03-01,사과-후지,3,1,False,False,True,False,False,False,False,False,False,False,False,False,True,False,False,사과(후지),95.86711409395957,0.366089203793696,,,,,,,,
202003상순,411.0,사과,5.0,후지,상품,개,10.0,19667.0,,20006.0,24027.0,22160.3333333333,2020,상순,2020-03-01,사과-후지,3,1,False,False,True,False,False,False,False,False,False,False,False,False,True,False,False,사과(후지),95.86711409395957,0.366089203793696,,,,,,,,
202003상순,411.0,사과,5.0,후지,상품,개,10.0,19667.0,,20006.0,24027.0,22160.3333333333,2020,상순,2020-03-01,사과-후지,3,1,False,False,True,False,False,False,False,False,False,False,False,False,True,False,False,사과(후지),95.86711409395957,0.366089203793696,,,,,,,,
202003상순,411.0,사과,5.0,후지,상품,개,10.0,19667.0,,20006.0,24027.0,22160.3333333333,2020,상순,2020-03-01,사과-후지,3,1,False,False,True,False,False,False,False,False,False,False,False,False,True,False,False,사과(후지),95.86711409395957,0.366089203793696,,,,,,,,
202003중순,411.0,사과,5.0,후지,상품,개,10.0,19802.0,,20348.0,24501.0,21629.0,2020,중순,2020-03-11,사과-후지,3,11,False,False,True,False,False,False,False,False,False,False,False,False,False,True,False,사과(후지),93.83892617449649,0.36166972455061086,,,,,,,,
202003중순,411.0,사과,5.0,후지,상품,개,10.0,19802.0,,20348.0,24501.0,21629.0,2020,중순,2020-03-11,사과-후지,3,11,False,False,True,False,False,False,False,False,False,False,False,False,False,True,False,사과(후지),93.83892617449649,0.36166972455061086,,,,,,,,
202003중순,411.0,사과,5.0,후지,상품,개,10.0,19802.0,,20348.0,24501.0,21629.0,2020,중순,2020-03-11,사과-후지,3,11,False,False,True,False,False,False,False,False,False,False,False,False,False,True,False,사과(후지),93.83892617449649,0.36166972455061086,,,,,,,,
202003중순,411.0,사과,5.0,후지,상품,개,10.0,19802.0,,20348.0,24501.0,21629.0,2020,중순,2020-03-11,사과-후지,3,11,False,False,True,False,False,False,False,False,False,False,False,False,False,True,False,사과(후지),93.83892617449649,0.36166972455061086,,,,,,,,
202003중순,411.0,사과,5.0,후지,상품,개,10.0,19802.0,,20348.0,24501.0,21629.0,2020,중순,2020-03-11,사과-후지,3,11,False,False,True,False,False,False,False,False,False,False,False,False,False,True,False,사과(후지),93.83892617449649,0.36166972455061086,,,,,,,,
202003중순,411.0,사과,5.0,후지,상품,개,10.0,19802.0,,20348.0,24501.0,21629.0,2020,중순,2020-03-11,사과-후지,3,11,False,False,True,False,False,False,False,False,False,False,False,False,False,True,False,사과(후지),93.83892617449649,0.36166972455061086,,,,,,,,
202003중순,411.0,사과,5.0,후지,상품,개,10.0,19802.0,,20348.0,24501.0,21629.0,2020,중순,2020-03-11,사과-후지,3,11,False,False,True,False,False,False,False,False,False,False,False,False,False,True,False,사과(후지),93.83892617449649,0.36166972455061086,,,,,,,,
202003중순,411.0,사과,5.0,후지,상품,개,10.0,19802.0,,20348.0,24501.0,21629.0,2020,중순,2020-03-11,사과-후지,3,11,False,False,True,False,False,False,False,False,False,False,False,False,False,True,False,사과(후지),93.83892617449649,0.36166972455061086,,,,,,,,
202003중순,411.0,사과,5.0,후지,상품,개,10.0,19802.0,,20348.0,24501.0,21629.0,2020,중순,2020-03-11,사과-후지,3,11,False,False,True,False,False,False,False,False,False,False,False,False,False,True,False,사과(후지),93.83892617449649,0.36166972455061086,,,,,,,,
202003중순,411.0,사과,5.0,후지,상품,개,10.0,19802.0,,20348.0,24501.0,21629.0,2020,중순,2020-03-11,사과-후지,3,11,False,False,True,False,False,False,False,False,False,False,False,False,False,True,False,사과(후지),93.83892617449649,0.36166972455061086,,,,,,,,
202003중순,411.0,사과,5.0,후지,상품,개,10.0,19802.0,,20348.0,24501.0,21629.0,2020,중순,2020-03-11,사과-후지,3,11,False,False,True,False,False,False,False,False,False,False,False,False,False,True,False,사과(후지),93.83892617449649,0.36166972455061086,,,,,,,,
202003중순,411.0,사과,5.0,후지,상품,개,10.0,19802.0,,20348.0,24501.0,21629.0,2020,중순,2020-03-11,사과-후지,3,11,False,False,True,False,False,False,False,False,False,False,False,False,False,True,False,사과(후지),93.83892617449649,0.36166972455061086,,,,,,,,
202003중순,411.0,사과,5.0,후지,상품,개,10.0,19802.0,,20348.0,24501.0,21629.0,2020,중순,2020-03-11,사과-후지,3,11,False,False,True,False,False,False,False,False,False,False,False,False,False,True,False,사과(후지),93.83892617449649,0.36166972455061086,,,,,,,,
202003중순,411.0,사과,5.0,후지,상품,개,10.0,19802.0,,20348.0,24501.0,21629.0,2020,중순,2020-03-11,사과-후지,3,11,False,False,True,False,False,False,False,False,False,False,False,False,False,True,False,사과(후지),93.83892617449649,0.36166972455061086,,,,,,,,
202003중순,411.0,사과,5.0,후지,상품,개,10.0,19802.0,,20348.0,24501.0,21629.0,2020,중순,2020-03-11,사과-후지,3,11,False,False,True,False,False,False,False,False,False,False,False,False,False,True,False,사과(후지),93.83892617449649,0.36166972455061086,,,,,,,,
202003중순,411.0,사과,5.0,후지,상품,개,10.0,19802.0,,20348.0,24501.0,21629.0,2020,중순,2020-03-11,사과-후지,3,11,False,False,True,False,False,False,False,False,False,False,False,False,False,True,False,사과(후지),93.83892617449649,0.36166972455061086,,,,,,,,
202003중순,411.0,사과,5.0,후지,상품,개,10.0,19802.0,,20348.0,24501.0,21629.0,2020,중순,2020-03-11,사과-후지,3,11,False,False,True,False,False,False,False,False,False,False,False,False,False,True,False,사과(후지),93.83892617449649,0.36166972455061086,,,,,,,,
202003중순,411.0,사과,5.0,후지,상품,개,10.0,19802.0,,20348.0,24501.0,21629.0,2020,중순,2020-03-11,사과-후지,3,11,False,False,True,False,False,False,False,False,False,False,False,False,False,True,False,사과(후지),93.83892617449649,0.36166972455061086,,,,,,,,
202003중순,411.0,사과,5.0,후지,상품,개,10.0,19802.0,,20348.0,24501.0,21629.0,2020,중순,2020-03-11,사과-후지,3,11,False,False,True,False,False,False,False,False,False,False,False,False,False,True,False,사과(후지),93.83892617449649,0.36166972455061086,,,,,,,,
202003중순,411.0,사과,5.0,후지,상품,개,10.0,19802.0,,20348.0,24501.0,21629.0,2020,중순,2020-03-11,사과-후지,3,11,False,False,True,False,False,False,False,False,False,False,False,False,False,True,False,사과(후지),93.83892617449649,0.36166972455061086,,,,,,,,
202003중순,411.0,사과,5.0,후지,상품,개,10.0,19802.0,,20348.0,24501.0,21629.0,2020,중순,2020-03-11,사과-후지,3,11,False,False,True,False,False,False,False,False,False,False,False,False,False,True,False,사과(후지),93.83892617449649,0.36166972455061086,,,,,,,,
202003중순,411.0,사과,5.0,후지,상품,개,10.0,19802.0,,20348.0,24501.0,21629.0,2020,중순,2020-03-11,사과-후지,3,11,False,False,True,False,False,False,False,False,False,False,False,False,False,True,False,사과(후지),93.83892617449649,0.36166972455061086,,,,,,,,
202003중순,411.0,사과,5.0,후지,상품,개,10.0,19802.0,,20348.0,24501.0,21629.0,2020,중순,2020-03-11,사과-후지,3,11,False,False,True,False,False,False,False,False,False,False,False,False,False,True,False,사과(후지),93.83892617449649,0.36166972455061086,,,,,,,,
202003하순,411.0,사과,5.0,후지,상품,개,10.0,19988.0,,20120.0,24797.0,21319.3333333333,2020,하순,2020-03-21,사과-후지,3,21,False,False,True,False,False,False,False,False,False,False,False,False,False,False,True,사과(후지),88.99597315436228,0.3679373763929844,,,,,,,,
202003하순,411.0,사과,5.0,후지,상품,개,10.0,19988.0,,20120.0,24797.0,21319.3333333333,2020,하순,2020-03-21,사과-후지,3,21,False,False,True,False,False,False,False,False,False,False,False,False,False,False,True,사과(후지),88.99597315436228,0.3679373763929844,,,,,,,,
202003하순,411.0,사과,5.0,후지,상품,개,10.0,19988.0,,20120.0,24797.0,21319.3333333333,2020,하순,2020-03-21,사과-후지,3,21,False,False,True,False,False,False,False,False,False,False,False,False,False,False,True,사과(후지),88.99597315436228,0.3679373763929844,,,,,,,,
202003하순,411.0,사과,5.0,후지,상품,개,10.0,19988.0,,20120.0,24797.0,21319.3333333333,2020,하순,2020-03-21,사과-후지,3,21,False,False,True,False,False,False,False,False,False,False,False,False,False,False,True,사과(후지),88.99597315436228,0.3679373763929844,,,,,,,,
202003하순,411.0,사과,5.0,후지,상품,개,10.0,19988.0,,20120.0,24797.0,21319.3333333333,2020,하순,2020-03-21,사과-후지,3,21,False,False,True,False,False,False,False,False,False,False,False,False,False,False,True,사과(후지),88.99597315436228,0.3679373763929844,,,,,,,,
202003하순,411.0,사과,5.0,후지,상품,개,10.0,19988.0,,20120.0,24797.0,21319.3333333333,2020,하순,2020-03-21,사과-후지,3,21,False,False,True,False,False,False,False,False,False,False,False,False,False,False,True,사과(후지),88.99597315436228,0.3679373763929844,,,,,,,,
202003하순,411.0,사과,5.0,후지,상품,개,10.0,19988.0,,20120.0,24797.0,21319.3333333333,2020,하순,2020-03-21,사과-후지,3,21,False,False,True,False,False,False,False,False,False,False,False,False,False,False,True,사과(후지),88.99597315436228,0.3679373763929844,,,,,,,,
202003하순,411.0,사과,5.0,후지,상품,개,10.0,19988.0,,20120.0,24797.0,21319.3333333333,2020,하순,2020-03-21,사과-후지,3,21,False,False,True,False,False,False,False,False,False,False,False,False,False,False,True,사과(후지),88.99597315436228,0.3679373763929844,,,,,,,,
202003하순,411.0,사과,5.0,후지,상품,개,10.0,19988.0,,20120.0,24797.0,21319.3333333333,2020,하순,2020-03-21,사과-후지,3,21,False,False,True,False,False,False,False,False,False,False,False,False,False,False,True,사과(후지),88.99597315436228,0.3679373763929844,,,,,,,,
202003하순,411.0,사과,5.0,후지,상품,개,10.0,19988.0,,20120.0,24797.0,21319.3333333333,2020,하순,2020-03-21,사과-후지,3,21,False,False,True,False,False,False,False,False,False,False,False,False,False,False,True,사과(후지),88.99597315436228,0.3679373763929844,,,,,,,,
202003하순,411.0,사과,5.0,후지,상품,개,10.0,19988.0,,20120.0,24797.0,21319.3333333333,2020,하순,2020-03-21,사과-후지,3,21,False,False,True,False,False,False,False,False,False,False,False,False,False,False,True,사과(후지),88.99597315436228,0.3679373763929844,,,,,,,,
202003하순,411.0,사과,5.0,후지,상품,개,10.0,19988.0,,20120.0,24797.0,21319.3333333333,2020,하순,2020-03-21,사과-후지,3,21,False,False,True,False,False,False,False,False,False,False,False,False,False,False,True,사과(후지),88.99597315436228,0.3679373763929844,,,,,,,,
202003하순,411.0,사과,5.0,후지,상품,개,10.0,19988.0,,20120.0,24797.0,21319.3333333333,2020,하순,2020-03-21,사과-후지,3,21,False,False,True,False,False,False,False,False,False,False,False,False,False,False,True,사과(후지),88.99597315436228,0.3679373763929844,,,,,,,,
202003하순,411.0,사과,5.0,후지,상품,개,10.0,19988.0,,20120.0,24797.0,21319.3333333333,2020,하순,2020-03-21,사과-후지,3,21,False,False,True,False,False,False,False,False,False,False,False,False,False,False,True,사과(후지),88.99597315436228,0.3679373763929844,,,,,,,,
202003하순,411.0,사과,5.0,후지,상품,개,10.0,19988.0,,20120.0,24797.0,21319.3333333333,2020,하순,2020-03-21,사과-후지,3,21,False,False,True,False,False,False,False,False,False,False,False,False,False,False,True,사과(후지),88.99597315436228,0.3679373763929844,,,,,,,,
202003하순,411.0,사과,5.0,후지,상품,개,10.0,19988.0,,20120.0,24797.0,21319.3333333333,2020,하순,2020-03-21,사과-후지,3,21,False,False,True,False,False,False,False,False,False,False,False,False,False,False,True,사과(후지),88.99597315436228,0.3679373763929844,,,,,,,,
202003하순,411.0,사과,5.0,후지,상품,개,10.0,19988.0,,20120.0,24797.0,21319.3333333333,2020,하순,2020-03-21,사과-후지,3,21,False,False,True,False,False,False,False,False,False,False,False,False,False,False,True,사과(후지),88.99597315436228,0.3679373763929844,,,,,,,,
202003하순,411.0,사과,5.0,후지,상품,개,10.0,19988.0,,20120.0,24797.0,21319.3333333333,2020,하순,2020-03-21,사과-후지,3,21,False,False,True,False,False,False,False,False,False,False,False,False,False,False,True,사과(후지),88.99597315436228,0.3679373763929844,,,,,,,,
202003하순,411.0,사과,5.0,후지,상품,개,10.0,19988.0,,20120.0,24797.0,21319.3333333333,2020,하순,2020-03-21,사과-후지,3,21,False,False,True,False,False,False,False,False,False,False,False,False,False,False,True,사과(후지),88.99597315436228,0.3679373763929844,,,,,,,,
202003하순,411.0,사과,5.0,후지,상품,개,10.0,19988.0,,20120.0,24797.0,21319.3333333333,2020,하순,2020-03-21,사과-후지,3,21,False,False,True,False,False,False,False,False,False,False,False,False,False,False,True,사과(후지),88.99597315436228,0.3679373763929844,,,,,,,,
202003하순,411.0,사과,5.0,후지,상품,개,10.0,19988.0,,20120.0,24797.0,21319.3333333333,2020,하순,2020-03-21,사과-후지,3,21,False,False,True,False,False,False,False,False,False,False,False,False,False,False,True,사과(후지),88.99597315436228,0.3679373763929844,,,,,,,,
202003하순,411.0,사과,5.0,후지,상품,개,10.0,19988.0,,20120.0,24797.0,21319.3333333333,2020,하순,2020-03-21,사과-후지,3,21,False,False,True,False,False,False,False,False,False,False,False,False,False,False,True,사과(후지),88.99597315436228,0.3679373763929844,,,,,,,,
202003하순,411.0,사과,5.0,후지,상품,개,10.0,19988.0,,20120.0,24797.0,21319.3333333333,2020,하순,2020-03-21,사과-후지,3,21,False,False,True,False,False,False,False,False,False,False,False,False,False,False,True,사과(후지),88.99597315436228,0.3679373763929844,,,,,,,,
202004상순,411.0,사과,5.0,후지,상품,개,10.0,20251.0,,19667.0,24550.0,20676.6666666666,2020,상순,2020-04-01,사과-후지,4,1,False,False,False,True,False,False,False,False,False,False,False,False,True,False,False,사과(후지),86.30604026845623,0.3721891126235732,,,,,,,,
202004상순,411.0,사과,5.0,후지,상품,개,10.0,20251.0,,19667.0,24550.0,20676.6666666666,2020,상순,2020-04-01,사과-후지,4,1,False,False,False,True,False,False,False,False,False,False,False,False,True,False,False,사과(후지),86.30604026845623,0.3721891126235732,,,,,,,,
202004상순,411.0,사과,5.0,후지,상품,개,10.0,20251.0,,19667.0,24550.0,20676.6666666666,2020,상순,2020-04-01,사과-후지,4,1,False,False,False,True,False,False,False,False,False,False,False,False,True,False,False,사과(후지),86.30604026845623,0.3721891126235732,,,,,,,,
202004상순,411.0,사과,5.0,후지,상품,개,10.0,20251.0,,19667.0,24550.0,20676.6666666666,2020,상순,2020-04-01,사과-후지,4,1,False,False,False,True,False,False,False,False,False,False,False,False,True,False,False,사과(후지),86.30604026845623,0.3721891126235732,,,,,,,,
202004상순,411.0,사과,5.0,후지,상품,개,10.0,20251.0,,19667.0,24550.0,20676.6666666666,2020,상순,2020-04-01,사과-후지,4,1,False,False,False,True,False,False,False,False,False,False,False,False,True,False,False,사과(후지),86.30604026845623,0.3721891126235732,,,,,,,,
202004상순,411.0,사과,5.0,후지,상품,개,10.0,20251.0,,19667.0,24550.0,20676.6666666666,2020,상순,2020-04-01,사과-후지,4,1,False,False,False,True,False,False,False,False,False,False,False,False,True,False,False,사과(후지),86.30604026845623,0.3721891126235732,,,,,,,,
202004상순,411.0,사과,5.0,후지,상품,개,10.0,20251.0,,19667.0,24550.0,20676.6666666666,2020,상순,2020-04-01,사과-후지,4,1,False,False,False,True,False,False,False,False,False,False,False,False,True,False,False,사과(후지),86.30604026845623,0.3721891126235732,,,,,,,,
202004상순,411.0,사과,5.0,후지,상품,개,10.0,20251.0,,19667.0,24550.0,20676.6666666666,2020,상순,2020-04-01,사과-후지,4,1,False,False,False,True,False,False,False,False,False,False,False,False,True,False,False,사과(후지),86.30604026845623,0.3721891126235732,,,,,,,,
202004상순,411.0,사과,5.0,후지,상품,개,10.0,20251.0,,19667.0,24550.0,20676.6666666666,2020,상순,2020-04-01,사과-후지,4,1,False,False,False,True,False,False,False,False,False,False,False,False,True,False,False,사과(후지),86.30604026845623,0.3721891126235732,,,,,,,,
202004상순,411.0,사과,5.0,후지,상품,개,10.0,20251.0,,19667.0,24550.0,20676.6666666666,2020,상순,2020-04-01,사과-후지,4,1,False,False,False,True,False,False,False,False,False,False,False,False,True,False,False,사과(후지),86.30604026845623,0.3721891126235732,,,,,,,,
202004상순,411.0,사과,5.0,후지,상품,개,10.0,20251.0,,19667.0,24550.0,20676.6666666666,2020,상순,2020-04-01,사과-후지,4,1,False,False,False,True,False,False,False,False,False,False,False,False,True,False,False,사과(후지),86.30604026845623,0.3721891126235732,,,,,,,,
202004상순,411.0,사과,5.0,후지,상품,개,10.0,20251.0,,19667.0,24550.0,20676.6666666666,2020,상순,2020-04-01,사과-후지,4,1,False,False,False,True,False,False,False,False,False,False,False,False,True,False,False,사과(후지),86.30604026845623,0.3721891126235732,,,,,,,,
202004상순,411.0,사과,5.0,후지,상품,개,10.0,20251.0,,19667.0,24550.0,20676.6666666666,2020,상순,2020-04-01,사과-후지,4,1,False,False,False,True,False,False,False,False,False,False,False,False,True,False,False,사과(후지),86.30604026845623,0.3721891126235732,,,,,,,,
202004상순,411.0,사과,5.0,후지,상품,개,10.0,20251.0,,19667.0,24550.0,20676.6666666666,2020,상순,2020-04-01,사과-후지,4,1,False,False,False,True,False,False,False,False,False,False,False,False,True,False,False,사과(후지),86.30604026845623,0.3721891126235732,,,,,,,,
202004상순,411.0,사과,5.0,후지,상품,개,10.0,20251.0,,19667.0,24550.0,20676.6666666666,2020,상순,2020-04-01,사과-후지,4,1,False,False,False,True,False,False,False,False,False,False,False,False,True,False,False,사과(후지),86.30604026845623,0.3721891126235732,,,,,,,,
202004상순,411.0,사과,5.0,후지,상품,개,10.0,20251.0,,19667.0,24550.0,20676.6666666666,2020,상순,2020-04-01,사과-후지,4,1,False,False,False,True,False,False,False,False,False,False,False,False,True,False,False,사과(후지),86.30604026845623,0.3721891126235732,,,,,,,,
202004상순,411.0,사과,5.0,후지,상품,개,10.0,20251.0,,19667.0,24550.0,20676.6666666666,2020,상순,2020-04-01,사과-후지,4,1,False,False,False,True,False,False,False,False,False,False,False,False,True,False,False,사과(후지),86.30604026845623,0.3721891126235732,,,,,,,,
202004상순,411.0,사과,5.0,후지,상품,개,10.0,20251.0,,19667.0,24550.0,20676.6666666666,2020,상순,2020-04-01,사과-후지,4,1,False,False,False,True,False,False,False,False,False,False,False,False,True,False,False,사과(후지),86.30604026845623,0.3721891126235732,,,,,,,,
202004상순,411.0,사과,5.0,후지,상품,개,10.0,20251.0,,19667.0,24550.0,20676.6666666666,2020,상순,2020-04-01,사과-후지,4,1,False,False,False,True,False,False,False,False,False,False,False,False,True,False,False,사과(후지),86.30604026845623,0.3721891126235732,,,,,,,,
202004상순,411.0,사과,5.0,후지,상품,개,10.0,20251.0,,19667.0,24550.0,20676.6666666666,2020,상순,2020-04-01,사과-후지,4,1,False,False,False,True,False,False,False,False,False,False,False,False,True,False,False,사과(후지),86.30604026845623,0.3721891126235732,,,,,,,,
202004상순,411.0,사과,5.0,후지,상품,개,10.0,20251.0,,19667.0,24550.0,20676.6666666666,2020,상순,2020-04-01,사과-후지,4,1,False,False,False,True,False,False,False,False,False,False,False,False,True,False,False,사과(후지),86.30604026845623,0.3721891126235732,,,,,,,,
202004상순,411.0,사과,5.0,후지,상품,개,10.0,20251.0,,19667.0,24550.0,20676.6666666666,2020,상순,2020-04-01,사과-후지,4,1,False,False,False,True,False,False,False,False,False,False,False,False,True,False,False,사과(후지),86.30604026845623,0.3721891126235732,,,,,,,,
202004상순,411.0,사과,5.0,후지,상품,개,10.0,20251.0,,19667.0,24550.0,20676.6666666666,2020,상순,2020-04-01,사과-후지,4,1,False,False,False,True,False,False,False,False,False,False,False,False,True,False,False,사과(후지),86.30604026845623,0.3721891126235732,,,,,,,,
202004중순,411.0,사과,5.0,후지,상품,개,10.0,20484.0,,19802.0,24522.0,20936.3333333333,2020,중순,2020-04-11,사과-후지,4,11,False,False,False,True,False,False,False,False,False,False,False,False,False,True,False,사과(후지),100.15033557046965,0.3867482728242221,,,,,,,,
202004중순,411.0,사과,5.0,후지,상품,개,10.0,20484.0,,19802.0,24522.0,20936.3333333333,2020,중순,2020-04-11,사과-후지,4,11,False,False,False,True,False,False,False,False,False,False,False,False,False,True,False,사과(후지),100.15033557046965,0.3867482728242221,,,,,,,,
202004중순,411.0,사과,5.0,후지,상품,개,10.0,20484.0,,19802.0,24522.0,20936.3333333333,2020,중순,2020-04-11,사과-후지,4,11,False,False,False,True,False,False,False,False,False,False,False,False,False,True,False,사과(후지),100.15033557046965,0.3867482728242221,,,,,,,,
202004중순,411.0,사과,5.0,후지,상품,개,10.0,20484.0,,19802.0,24522.0,20936.3333333333,2020,중순,2020-04-11,사과-후지,4,11,False,False,False,True,False,False,False,False,False,False,False,False,False,True,False,사과(후지),100.15033557046965,0.3867482728242221,,,,,,,,
202004중순,411.0,사과,5.0,후지,상품,개,10.0,20484.0,,19802.0,24522.0,20936.3333333333,2020,중순,2020-04-11,사과-후지,4,11,False,False,False,True,False,False,False,False,False,False,False,False,False,True,False,사과(후지),100.15033557046965,0.3867482728242221,,,,,,,,
202004중순,411.0,사과,5.0,후지,상품,개,10.0,20484.0,,19802.0,24522.0,20936.3333333333,2020,중순,2020-04-11,사과-후지,4,11,False,False,False,True,False,False,False,False,False,False,False,False,False,True,False,사과(후지),100.15033557046965,0.3867482728242221,,,,,,,,
202004중순,411.0,사과,5.0,후지,상품,개,10.0,20484.0,,19802.0,24522.0,20936.3333333333,2020,중순,2020-04-11,사과-후지,4,11,False,False,False,True,False,False,False,False,False,False,False,False,False,True,False,사과(후지),100.15033557046965,0.3867482728242221,,,,,,,,
202004중순,411.0,사과,5.0,후지,상품,개,10.0,20484.0,,19802.0,24522.0,20936.3333333333,2020,중순,2020-04-11,사과-후지,4,11,False,False,False,True,False,False,False,False,False,False,False,False,False,True,False,사과(후지),100.15033557046965,0.3867482728242221,,,,,,,,
202004중순,411.0,사과,5.0,후지,상품,개,10.0,20484.0,,19802.0,24522.0,20936.3333333333,2020,중순,2020-04-11,사과-후지,4,11,False,False,False,True,False,False,False,False,False,False,False,False,False,True,False,사과(후지),100.15033557046965,0.3867482728242221,,,,,,,,
202004중순,411.0,사과,5.0,후지,상품,개,10.0,20484.0,,19802.0,24522.0,20936.3333333333,2020,중순,2020-04-11,사과-후지,4,11,False,False,False,True,False,False,False,False,False,False,False,False,False,True,False,사과(후지),100.15033557046965,0.3867482728242221,,,,,,,,
202004중순,411.0,사과,5.0,후지,상품,개,10.0,20484.0,,19802.0,24522.0,20936.3333333333,2020,중순,2020-04-11,사과-후지,4,11,False,False,False,True,False,False,False,False,False,False,False,False,False,True,False,사과(후지),100.15033557046965,0.3867482728242221,,,,,,,,
202004중순,411.0,사과,5.0,후지,상품,개,10.0,20484.0,,19802.0,24522.0,20936.3333333333,2020,중순,2020-04-11,사과-후지,4,11,False,False,False,True,False,False,False,False,False,False,False,False,False,True,False,사과(후지),100.15033557046965,0.3867482728242221,,,,,,,,
202004중순,411.0,사과,5.0,후지,상품,개,10.0,20484.0,,19802.0,24522.0,20936.3333333333,2020,중순,2020-04-11,사과-후지,4,11,False,False,False,True,False,False,False,False,False,False,False,False,False,True,False,사과(후지),100.15033557046965,0.3867482728242221,,,,,,,,
202004중순,411.0,사과,5.0,후지,상품,개,10.0,20484.0,,19802.0,24522.0,20936.3333333333,2020,중순,2020-04-11,사과-후지,4,11,False,False,False,True,False,False,False,False,False,False,False,False,False,True,False,사과(후지),100.15033557046965,0.3867482728242221,,,,,,,,
202004중순,411.0,사과,5.0,후지,상품,개,10.0,20484.0,,19802.0,24522.0,20936.3333333333,2020,중순,2020-04-11,사과-후지,4,11,False,False,False,True,False,False,False,False,False,False,False,False,False,True,False,사과(후지),100.15033557046965,0.3867482728242221,,,,,,,,
202004중순,411.0,사과,5.0,후지,상품,개,10.0,20484.0,,19802.0,24522.0,20936.3333333333,2020,중순,2020-04-11,사과-후지,4,11,False,False,False,True,False,False,False,False,False,False,False,False,False,True,False,사과(후지),100.15033557046965,0.3867482728242221,,,,,,,,
202004중순,411.0,사과,5.0,후지,상품,개,10.0,20484.0,,19802.0,24522.0,20936.3333333333,2020,중순,2020-04-11,사과-후지,4,11,False,False,False,True,False,False,False,False,False,False,False,False,False,True,False,사과(후지),100.15033557046965,0.3867482728242221,,,,,,,,
202004중순,411.0,사과,5.0,후지,상품,개,10.0,20484.0,,19802.0,24522.0,20936.3333333333,2020,중순,2020-04-11,사과-후지,4,11,False,False,False,True,False,False,False,False,False,False,False,False,False,True,False,사과(후지),100.15033557046965,0.3867482728242221,,,,,,,,
202004중순,411.0,사과,5.0,후지,상품,개,10.0,20484.0,,19802.0,24522.0,20936.3333333333,2020,중순,2020-04-11,사과-후지,4,11,False,False,False,True,False,False,False,False,False,False,False,False,False,True,False,사과(후지),100.15033557046965,0.3867482728242221,,,,,,,,
202004중순,411.0,사과,5.0,후지,상품,개,10.0,20484.0,,19802.0,24522.0,20936.3333333333,2020,중순,2020-04-11,사과-후지,4,11,False,False,False,True,False,False,False,False,False,False,False,False,False,True,False,사과(후지),100.15033557046965,0.3867482728242221,,,,,,,,
202004중순,411.0,사과,5.0,후지,상품,개,10.0,20484.0,,19802.0,24522.0,20936.3333333333,2020,중순,2020-04-11,사과-후지,4,11,False,False,False,True,False,False,False,False,False,False,False,False,False,True,False,사과(후지),100.15033557046965,0.3867482728242221,,,,,,,,
202004중순,411.0,사과,5.0,후지,상품,개,10.0,20484.0,,19802.0,24522.0,20936.3333333333,2020,중순,2020-04-11,사과-후지,4,11,False,False,False,True,False,False,False,False,False,False,False,False,False,True,False,사과(후지),100.15033557046965,0.3867482728242221,,,,,,,,
202004중순,411.0,사과,5.0,후지,상품,개,10.0,20484.0,,19802.0,24522.0,20936.3333333333,2020,중순,2020-04-11,사과-후지,4,11,False,False,False,True,False,False,False,False,False,False,False,False,False,True,False,사과(후지),100.15033557046965,0.3867482728242221,,,,,,,,
202004중순,411.0,사과,5.0,후지,상품,개,10.0,20484.0,,19802.0,24522.0,20936.3333333333,2020,중순,2020-04-11,사과-후지,4,11,False,False,False,True,False,False,False,False,False,False,False,False,False,True,False,사과(후지),100.15033557046965,0.3867482728242221,,,,,,,,
202004중순,411.0,사과,5.0,후지,상품,개,10.0,20484.0,,19802.0,24522.0,20936.3333333333,2020,중순,2020-04-11,사과-후지,4,11,False,False,False,True,False,False,False,False,False,False,False,False,False,True,False,사과(후지),100.15033557046965,0.3867482728242221,,,,,,,,
202004하순,411.0,사과,5.0,후지,상품,개,10.0,20518.0,,19988.0,25049.0,21238.3333333333,2020,하순,2020-04-21,사과-후지,4,21,False,False,False,True,False,False,False,False,False,False,False,False,False,False,True,사과(후지),98.97852348993275,0.4021271050066861,,,,,,,,
202004하순,411.0,사과,5.0,후지,상품,개,10.0,20518.0,,19988.0,25049.0,21238.3333333333,2020,하순,2020-04-21,사과-후지,4,21,False,False,False,True,False,False,False,False,False,False,False,False,False,False,True,사과(후지),98.97852348993275,0.4021271050066861,,,,,,,,
202004하순,411.0,사과,5.0,후지,상품,개,10.0,20518.0,,19988.0,25049.0,21238.3333333333,2020,하순,2020-04-21,사과-후지,4,21,False,False,False,True,False,False,False,False,False,False,False,False,False,False,True,사과(후지),98.97852348993275,0.4021271050066861,,,,,,,,
202004하순,411.0,사과,5.0,후지,상품,개,10.0,20518.0,,19988.0,25049.0,21238.3333333333,2020,하순,2020-04-21,사과-후지,4,21,False,False,False,True,False,False,False,False,False,False,False,False,False,False,True,사과(후지),98.97852348993275,0.4021271050066861,,,,,,,,
202004하순,411.0,사과,5.0,후지,상품,개,10.0,20518.0,,19988.0,25049.0,21238.3333333333,2020,하순,2020-04-21,사과-후지,4,21,False,False,False,True,False,False,False,False,False,False,False,False,False,False,True,사과(후지),98.97852348993275,0.4021271050066861,,,,,,,,
202004하순,411.0,사과,5.0,후지,상품,개,10.0,20518.0,,19988.0,25049.0,21238.3333333333,2020,하순,2020-04-21,사과-후지,4,21,False,False,False,True,False,False,False,False,False,False,False,False,False,False,True,사과(후지),98.97852348993275,0.4021271050066861,,,,,,,,
202004하순,411.0,사과,5.0,후지,상품,개,10.0,20518.0,,19988.0,25049.0,21238.3333333333,2020,하순,2020-04-21,사과-후지,4,21,False,False,False,True,False,False,False,False,False,False,False,False,False,False,True,사과(후지),98.97852348993275,0.4021271050066861,,,,,,,,
202004하순,411.0,사과,5.0,후지,상품,개,10.0,20518.0,,19988.0,25049.0,21238.3333333333,2020,하순,2020-04-21,사과-후지,4,21,False,False,False,True,False,False,False,False,False,False,False,False,False,False,True,사과(후지),98.97852348993275,0.4021271050066861,,,,,,,,
202004하순,411.0,사과,5.0,후지,상품,개,10.0,20518.0,,19988.0,25049.0,21238.3333333333,2020,하순,2020-04-21,사과-후지,4,21,False,False,False,True,False,False,False,False,False,False,False,False,False,False,True,사과(후지),98.97852348993275,0.4021271050066861,,,,,,,,
202004하순,411.0,사과,5.0,후지,상품,개,10.0,20518.0,,19988.0,25049.0,21238.3333333333,2020,하순,2020-04-21,사과-후지,4,21,False,False,False,True,False,False,False,False,False,False,False,False,False,False,True,사과(후지),98.97852348993275,0.4021271050066861,,,,,,,,
202004하순,411.0,사과,5.0,후지,상품,개,10.0,20518.0,,19988.0,25049.0,21238.3333333333,2020,하순,2020-04-21,사과-후지,4,21,False,False,False,True,False,False,False,False,False,False,False,False,False,False,True,사과(후지),98.97852348993275,0.4021271050066861,,,,,,,,
202004하순,411.0,사과,5.0,후지,상품,개,10.0,20518.0,,19988.0,25049.0,21238.3333333333,2020,하순,2020-04-21,사과-후지,4,21,False,False,False,True,False,False,False,False,False,False,False,False,False,False,True,사과(후지),98.97852348993275,0.4021271050066861,,,,,,,,
202004하순,411.0,사과,5.0,후지,상품,개,10.0,20518.0,,19988.0,25049.0,21238.3333333333,2020,하순,2020-04-21,사과-후지,4,21,False,False,False,True,False,False,False,False,False,False,False,False,False,False,True,사과(후지),98.97852348993275,0.4021271050066861,,,,,,,,
202004하순,411.0,사과,5.0,후지,상품,개,10.0,20518.0,,19988.0,25049.0,21238.3333333333,2020,하순,2020-04-21,사과-후지,4,21,False,False,False,True,False,False,False,False,False,False,False,False,False,False,True,사과(후지),98.97852348993275,0.4021271050066861,,,,,,,,
202004하순,411.0,사과,5.0,후지,상품,개,10.0,20518.0,,19988.0,25049.0,21238.3333333333,2020,하순,2020-04-21,사과-후지,4,21,False,False,False,True,False,False,False,False,False,False,False,False,False,False,True,사과(후지),98.97852348993275,0.4021271050066861,,,,,,,,
202004하순,411.0,사과,5.0,후지,상품,개,10.0,20518.0,,19988.0,25049.0,21238.3333333333,2020,하순,2020-04-21,사과-후지,4,21,False,False,False,True,False,False,False,False,False,False,False,False,False,False,True,사과(후지),98.97852348993275,0.4021271050066861,,,,,,,,
202004하순,411.0,사과,5.0,후지,상품,개,10.0,20518.0,,19988.0,25049.0,21238.3333333333,2020,하순,2020-04-21,사과-후지,4,21,False,False,False,True,False,False,False,False,False,False,False,False,False,False,True,사과(후지),98.97852348993275,0.4021271050066861,,,,,,,,
202004하순,411.0,사과,5.0,후지,상품,개,10.0,20518.0,,19988.0,25049.0,21238.3333333333,2020,하순,2020-04-21,사과-후지,4,21,False,False,False,True,False,False,False,False,False,False,False,False,False,False,True,사과(후지),98.97852348993275,0.4021271050066861,,,,,,,,
202004하순,411.0,사과,5.0,후지,상품,개,10.0,20518.0,,19988.0,25049.0,21238.3333333333,2020,하순,2020-04-21,사과-후지,4,21,False,False,False,True,False,False,False,False,False,False,False,False,False,False,True,사과(후지),98.97852348993275,0.4021271050066861,,,,,,,,
202004하순,411.0,사과,5.0,후지,상품,개,10.0,20518.0,,19988.0,25049.0,21238.3333333333,2020,하순,2020-04-21,사과-후지,4,21,False,False,False,True,False,False,False,False,False,False,False,False,False,False,True,사과(후지),98.97852348993275,0.4021271050066861,,,,,,,,
202004하순,411.0,사과,5.0,후지,상품,개,10.0,20518.0,,19988.0,25049.0,21238.3333333333,2020,하순,2020-04-21,사과-후지,4,21,False,False,False,True,False,False,False,False,False,False,False,False,False,False,True,사과(후지),98.97852348993275,0.4021271050066861,,,,,,,,
202004하순,411.0,사과,5.0,후지,상품,개,10.0,20518.0,,19988.0,25049.0,21238.3333333333,2020,하순,2020-04-21,사과-후지,4,21,False,False,False,True,False,False,False,False,False,False,False,False,False,False,True,사과(후지),98.97852348993275,0.4021271050066861,,,,,,,,
202004하순,411.0,사과,5.0,후지,상품,개,10.0,20518.0,,19988.0,25049.0,21238.3333333333,2020,하순,2020-04-21,사과-후지,4,21,False,False,False,True,False,False,False,False,False,False,False,False,False,False,True,사과(후지),98.97852348993275,0.4021271050066861,,,,,,,,
202005상순,411.0,사과,5.0,후지,상품,개,10.0,20940.0,,20251.0,24884.0,21508.3333333333,2020,상순,2020-05-01,사과-후지,5,1,False,False,False,False,True,False,False,False,False,False,False,False,True,False,False,사과(후지),120.19194630872468,0.43198343884760065,,,,,,,,
202005상순,411.0,사과,5.0,후지,상품,개,10.0,20940.0,,20251.0,24884.0,21508.3333333333,2020,상순,2020-05-01,사과-후지,5,1,False,False,False,False,True,False,False,False,False,False,False,False,True,False,False,사과(후지),120.19194630872468,0.43198343884760065,,,,,,,,
202005상순,411.0,사과,5.0,후지,상품,개,10.0,20940.0,,20251.0,24884.0,21508.3333333333,2020,상순,2020-05-01,사과-후지,5,1,False,False,False,False,True,False,False,False,False,False,False,False,True,False,False,사과(후지),120.19194630872468,0.43198343884760065,,,,,,,,
202005상순,411.0,사과,5.0,후지,상품,개,10.0,20940.0,,20251.0,24884.0,21508.3333333333,2020,상순,2020-05-01,사과-후지,5,1,False,False,False,False,True,False,False,False,False,False,False,False,True,False,False,사과(후지),120.19194630872468,0.43198343884760065,,,,,,,,
202005상순,411.0,사과,5.0,후지,상품,개,10.0,20940.0,,20251.0,24884.0,21508.3333333333,2020,상순,2020-05-01,사과-후지,5,1,False,False,False,False,True,False,False,False,False,False,False,False,True,False,False,사과(후지),120.19194630872468,0.43198343884760065,,,,,,,,
202005상순,411.0,사과,5.0,후지,상품,개,10.0,20940.0,,20251.0,24884.0,21508.3333333333,2020,상순,2020-05-01,사과-후지,5,1,False,False,False,False,True,False,False,False,False,False,False,False,True,False,False,사과(후지),120.19194630872468,0.43198343884760065,,,,,,,,
202005상순,411.0,사과,5.0,후지,상품,개,10.0,20940.0,,20251.0,24884.0,21508.3333333333,2020,상순,2020-05-01,사과-후지,5,1,False,False,False,False,True,False,False,False,False,False,False,False,True,False,False,사과(후지),120.19194630872468,0.43198343884760065,,,,,,,,
202005상순,411.0,사과,5.0,후지,상품,개,10.0,20940.0,,20251.0,24884.0,21508.3333333333,2020,상순,2020-05-01,사과-후지,5,1,False,False,False,False,True,False,False,False,False,False,False,False,True,False,False,사과(후지),120.19194630872468,0.43198343884760065,,,,,,,,
202005상순,411.0,사과,5.0,후지,상품,개,10.0,20940.0,,20251.0,24884.0,21508.3333333333,2020,상순,2020-05-01,사과-후지,5,1,False,False,False,False,True,False,False,False,False,False,False,False,True,False,False,사과(후지),120.19194630872468,0.43198343884760065,,,,,,,,
202005상순,411.0,사과,5.0,후지,상품,개,10.0,20940.0,,20251.0,24884.0,21508.3333333333,2020,상순,2020-05-01,사과-후지,5,1,False,False,False,False,True,False,False,False,False,False,False,False,True,False,False,사과(후지),120.19194630872468,0.43198343884760065,,,,,,,,
202005상순,411.0,사과,5.0,후지,상품,개,10.0,20940.0,,20251.0,24884.0,21508.3333333333,2020,상순,2020-05-01,사과-후지,5,1,False,False,False,False,True,False,False,False,False,False,False,False,True,False,False,사과(후지),120.19194630872468,0.43198343884760065,,,,,,,,
202005상순,411.0,사과,5.0,후지,상품,개,10.0,20940.0,,20251.0,24884.0,21508.3333333333,2020,상순,2020-05-01,사과-후지,5,1,False,False,False,False,True,False,False,False,False,False,False,False,True,False,False,사과(후지),120.19194630872468,0.43198343884760065,,,,,,,,
202005상순,411.0,사과,5.0,후지,상품,개,10.0,20940.0,,20251.0,24884.0,21508.3333333333,2020,상순,2020-05-01,사과-후지,5,1,False,False,False,False,True,False,False,False,False,False,False,False,True,False,False,사과(후지),120.19194630872468,0.43198343884760065,,,,,,,,
202005상순,411.0,사과,5.0,후지,상품,개,10.0,20940.0,,20251.0,24884.0,21508.3333333333,2020,상순,2020-05-01,사과-후지,5,1,False,False,False,False,True,False,False,False,False,False,False,False,True,False,False,사과(후지),120.19194630872468,0.43198343884760065,,,,,,,,
202005상순,411.0,사과,5.0,후지,상품,개,10.0,20940.0,,20251.0,24884.0,21508.3333333333,2020,상순,2020-05-01,사과-후지,5,1,False,False,False,False,True,False,False,False,False,False,False,False,True,False,False,사과(후지),120.19194630872468,0.43198343884760065,,,,,,,,
202005상순,411.0,사과,5.0,후지,상품,개,10.0,20940.0,,20251.0,24884.0,21508.3333333333,2020,상순,2020-05-01,사과-후지,5,1,False,False,False,False,True,False,False,False,False,False,False,False,True,False,False,사과(후지),120.19194630872468,0.43198343884760065,,,,,,,,
202005상순,411.0,사과,5.0,후지,상품,개,10.0,20940.0,,20251.0,24884.0,21508.3333333333,2020,상순,2020-05-01,사과-후지,5,1,False,False,False,False,True,False,False,False,False,False,False,False,True,False,False,사과(후지),120.19194630872468,0.43198343884760065,,,,,,,,
202005상순,411.0,사과,5.0,후지,상품,개,10.0,20940.0,,20251.0,24884.0,21508.3333333333,2020,상순,2020-05-01,사과-후지,5,1,False,False,False,False,True,False,False,False,False,False,False,False,True,False,False,사과(후지),120.19194630872468,0.43198343884760065,,,,,,,,
202005상순,411.0,사과,5.0,후지,상품,개,10.0,20940.0,,20251.0,24884.0,21508.3333333333,2020,상순,2020-05-01,사과-후지,5,1,False,False,False,False,True,False,False,False,False,False,False,False,True,False,False,사과(후지),120.19194630872468,0.43198343884760065,,,,,,,,
202005상순,411.0,사과,5.0,후지,상품,개,10.0,20940.0,,20251.0,24884.0,21508.3333333333,2020,상순,2020-05-01,사과-후지,5,1,False,False,False,False,True,False,False,False,False,False,False,False,True,False,False,사과(후지),120.19194630872468,0.43198343884760065,,,,,,,,
202005상순,411.0,사과,5.0,후지,상품,개,10.0,20940.0,,20251.0,24884.0,21508.3333333333,2020,상순,2020-05-01,사과-후지,5,1,False,False,False,False,True,False,False,False,False,False,False,False,True,False,False,사과(후지),120.19194630872468,0.43198343884760065,,,,,,,,
202005상순,411.0,사과,5.0,후지,상품,개,10.0,20940.0,,20251.0,24884.0,21508.3333333333,2020,상순,2020-05-01,사과-후지,5,1,False,False,False,False,True,False,False,False,False,False,False,False,True,False,False,사과(후지),120.19194630872468,0.43198343884760065,,,,,,,,
202005상순,411.0,사과,5.0,후지,상품,개,10.0,20940.0,,20251.0,24884.0,21508.3333333333,2020,상순,2020-05-01,사과-후지,5,1,False,False,False,False,True,False,False,False,False,False,False,False,True,False,False,사과(후지),120.19194630872468,0.43198343884760065,,,,,,,,
202005중순,411.0,사과,5.0,후지,상품,개,10.0,21526.0,,20484.0,24801.0,21448.6666666666,2020,중순,2020-05-11,사과-후지,5,11,False,False,False,False,True,False,False,False,False,False,False,False,False,True,False,사과(후지),119.69932885906026,0.45564881382362715,,,,,,,,
202005중순,411.0,사과,5.0,후지,상품,개,10.0,21526.0,,20484.0,24801.0,21448.6666666666,2020,중순,2020-05-11,사과-후지,5,11,False,False,False,False,True,False,False,False,False,False,False,False,False,True,False,사과(후지),119.69932885906026,0.45564881382362715,,,,,,,,
202005중순,411.0,사과,5.0,후지,상품,개,10.0,21526.0,,20484.0,24801.0,21448.6666666666,2020,중순,2020-05-11,사과-후지,5,11,False,False,False,False,True,False,False,False,False,False,False,False,False,True,False,사과(후지),119.69932885906026,0.45564881382362715,,,,,,,,
202005중순,411.0,사과,5.0,후지,상품,개,10.0,21526.0,,20484.0,24801.0,21448.6666666666,2020,중순,2020-05-11,사과-후지,5,11,False,False,False,False,True,False,False,False,False,False,False,False,False,True,False,사과(후지),119.69932885906026,0.45564881382362715,,,,,,,,
202005중순,411.0,사과,5.0,후지,상품,개,10.0,21526.0,,20484.0,24801.0,21448.6666666666,2020,중순,2020-05-11,사과-후지,5,11,False,False,False,False,True,False,False,False,False,False,False,False,False,True,False,사과(후지),119.69932885906026,0.45564881382362715,,,,,,,,
202005중순,411.0,사과,5.0,후지,상품,개,10.0,21526.0,,20484.0,24801.0,21448.6666666666,2020,중순,2020-05-11,사과-후지,5,11,False,False,False,False,True,False,False,False,False,False,False,False,False,True,False,사과(후지),119.69932885906026,0.45564881382362715,,,,,,,,
202005중순,411.0,사과,5.0,후지,상품,개,10.0,21526.0,,20484.0,24801.0,21448.6666666666,2020,중순,2020-05-11,사과-후지,5,11,False,False,False,False,True,False,False,False,False,False,False,False,False,True,False,사과(후지),119.69932885906026,0.45564881382362715,,,,,,,,
202005중순,411.0,사과,5.0,후지,상품,개,10.0,21526.0,,20484.0,24801.0,21448.6666666666,2020,중순,2020-05-11,사과-후지,5,11,False,False,False,False,True,False,False,False,False,False,False,False,False,True,False,사과(후지),119.69932885906026,0.45564881382362715,,,,,,,,
202005중순,411.0,사과,5.0,후지,상품,개,10.0,21526.0,,20484.0,24801.0,21448.6666666666,2020,중순,2020-05-11,사과-후지,5,11,False,False,False,False,True,False,False,False,False,False,False,False,False,True,False,사과(후지),119.69932885906026,0.45564881382362715,,,,,,,,
202005중순,411.0,사과,5.0,후지,상품,개,10.0,21526.0,,20484.0,24801.0,21448.6666666666,2020,중순,2020-05-11,사과-후지,5,11,False,False,False,False,True,False,False,False,False,False,False,False,False,True,False,사과(후지),119.69932885906026,0.45564881382362715,,,,,,,,
202005중순,411.0,사과,5.0,후지,상품,개,10.0,21526.0,,20484.0,24801.0,21448.6666666666,2020,중순,2020-05-11,사과-후지,5,11,False,False,False,False,True,False,False,False,False,False,False,False,False,True,False,사과(후지),119.69932885906026,0.45564881382362715,,,,,,,,
202005중순,411.0,사과,5.0,후지,상품,개,10.0,21526.0,,20484.0,24801.0,21448.6666666666,2020,중순,2020-05-11,사과-후지,5,11,False,False,False,False,True,False,False,False,False,False,False,False,False,True,False,사과(후지),119.69932885906026,0.45564881382362715,,,,,,,,
202005중순,411.0,사과,5.0,후지,상품,개,10.0,21526.0,,20484.0,24801.0,21448.6666666666,2020,중순,2020-05-11,사과-후지,5,11,False,False,False,False,True,False,False,False,False,False,False,False,False,True,False,사과(후지),119.69932885906026,0.45564881382362715,,,,,,,,
202005중순,411.0,사과,5.0,후지,상품,개,10.0,21526.0,,20484.0,24801.0,21448.6666666666,2020,중순,2020-05-11,사과-후지,5,11,False,False,False,False,True,False,False,False,False,False,False,False,False,True,False,사과(후지),119.69932885906026,0.45564881382362715,,,,,,,,
202005중순,411.0,사과,5.0,후지,상품,개,10.0,21526.0,,20484.0,24801.0,21448.6666666666,2020,중순,2020-05-11,사과-후지,5,11,False,False,False,False,True,False,False,False,False,False,False,False,False,True,False,사과(후지),119.69932885906026,0.45564881382362715,,,,,,,,
202005중순,411.0,사과,5.0,후지,상품,개,10.0,21526.0,,20484.0,24801.0,21448.6666666666,2020,중순,2020-05-11,사과-후지,5,11,False,False,False,False,True,False,False,False,False,False,False,False,False,True,False,사과(후지),119.69932885906026,0.45564881382362715,,,,,,,,
202005중순,411.0,사과,5.0,후지,상품,개,10.0,21526.0,,20484.0,24801.0,21448.6666666666,2020,중순,2020-05-11,사과-후지,5,11,False,False,False,False,True,False,False,False,False,False,False,False,False,True,False,사과(후지),119.69932885906026,0.45564881382362715,,,,,,,,
202005중순,411.0,사과,5.0,후지,상품,개,10.0,21526.0,,20484.0,24801.0,21448.6666666666,2020,중순,2020-05-11,사과-후지,5,11,False,False,False,False,True,False,False,False,False,False,False,False,False,True,False,사과(후지),119.69932885906026,0.45564881382362715,,,,,,,,
202005중순,411.0,사과,5.0,후지,상품,개,10.0,21526.0,,20484.0,24801.0,21448.6666666666,2020,중순,2020-05-11,사과-후지,5,11,False,False,False,False,True,False,False,False,False,False,False,False,False,True,False,사과(후지),119.69932885906026,0.45564881382362715,,,,,,,,
202005중순,411.0,사과,5.0,후지,상품,개,10.0,21526.0,,20484.0,24801.0,21448.6666666666,2020,중순,2020-05-11,사과-후지,5,11,False,False,False,False,True,False,False,False,False,False,False,False,False,True,False,사과(후지),119.69932885906026,0.45564881382362715,,,,,,,,
202005중순,411.0,사과,5.0,후지,상품,개,10.0,21526.0,,20484.0,24801.0,21448.6666666666,2020,중순,2020-05-11,사과-후지,5,11,False,False,False,False,True,False,False,False,False,False,False,False,False,True,False,사과(후지),119.69932885906026,0.45564881382362715,,,,,,,,
202005중순,411.0,사과,5.0,후지,상품,개,10.0,21526.0,,20484.0,24801.0,21448.6666666666,2020,중순,2020-05-11,사과-후지,5,11,False,False,False,False,True,False,False,False,False,False,False,False,False,True,False,사과(후지),119.69932885906026,0.45564881382362715,,,,,,,,
202005중순,411.0,사과,5.0,후지,상품,개,10.0,21526.0,,20484.0,24801.0,21448.6666666666,2020,중순,2020-05-11,사과-후지,5,11,False,False,False,False,True,False,False,False,False,False,False,False,False,True,False,사과(후지),119.69932885906026,0.45564881382362715,,,,,,,,
202005중순,411.0,사과,5.0,후지,상품,개,10.0,21526.0,,20484.0,24801.0,21448.6666666666,2020,중순,2020-05-11,사과-후지,5,11,False,False,False,False,True,False,False,False,False,False,False,False,False,True,False,사과(후지),119.69932885906026,0.45564881382362715,,,,,,,,
202005중순,411.0,사과,5.0,후지,상품,개,10.0,21526.0,,20484.0,24801.0,21448.6666666666,2020,중순,2020-05-11,사과-후지,5,11,False,False,False,False,True,False,False,False,False,False,False,False,False,True,False,사과(후지),119.69932885906026,0.45564881382362715,,,,,,,,
202005중순,411.0,사과,5.0,후지,상품,개,10.0,21526.0,,20484.0,24801.0,21448.6666666666,2020,중순,2020-05-11,사과-후지,5,11,False,False,False,False,True,False,False,False,False,False,False,False,False,True,False,사과(후지),119.69932885906026,0.45564881382362715,,,,,,,,
202005중순,411.0,사과,5.0,후지,상품,개,10.0,21526.0,,20484.0,24801.0,21448.6666666666,2020,중순,2020-05-11,사과-후지,5,11,False,False,False,False,True,False,False,False,False,False,False,False,False,True,False,사과(후지),119.69932885906026,0.45564881382362715,,,,,,,,
202005하순,411.0,사과,5.0,후지,상품,개,10.0,21783.0,,20518.0,24563.0,21296.6666666666,2020,하순,2020-05-21,사과-후지,5,21,False,False,False,False,True,False,False,False,False,False,False,False,False,False,True,사과(후지),121.29932885906027,0.4805904991670974,,,,,,,,
202005하순,411.0,사과,5.0,후지,상품,개,10.0,21783.0,,20518.0,24563.0,21296.6666666666,2020,하순,2020-05-21,사과-후지,5,21,False,False,False,False,True,False,False,False,False,False,False,False,False,False,True,사과(후지),121.29932885906027,0.4805904991670974,,,,,,,,
202005하순,411.0,사과,5.0,후지,상품,개,10.0,21783.0,,20518.0,24563.0,21296.6666666666,2020,하순,2020-05-21,사과-후지,5,21,False,False,False,False,True,False,False,False,False,False,False,False,False,False,True,사과(후지),121.29932885906027,0.4805904991670974,,,,,,,,
202005하순,411.0,사과,5.0,후지,상품,개,10.0,21783.0,,20518.0,24563.0,21296.6666666666,2020,하순,2020-05-21,사과-후지,5,21,False,False,False,False,True,False,False,False,False,False,False,False,False,False,True,사과(후지),121.29932885906027,0.4805904991670974,,,,,,,,
202005하순,411.0,사과,5.0,후지,상품,개,10.0,21783.0,,20518.0,24563.0,21296.6666666666,2020,하순,2020-05-21,사과-후지,5,21,False,False,False,False,True,False,False,False,False,False,False,False,False,False,True,사과(후지),121.29932885906027,0.4805904991670974,,,,,,,,
202005하순,411.0,사과,5.0,후지,상품,개,10.0,21783.0,,20518.0,24563.0,21296.6666666666,2020,하순,2020-05-21,사과-후지,5,21,False,False,False,False,True,False,False,False,False,False,False,False,False,False,True,사과(후지),121.29932885906027,0.4805904991670974,,,,,,,,
202005하순,411.0,사과,5.0,후지,상품,개,10.0,21783.0,,20518.0,24563.0,21296.6666666666,2020,하순,2020-05-21,사과-후지,5,21,False,False,False,False,True,False,False,False,False,False,False,False,False,False,True,사과(후지),121.29932885906027,0.4805904991670974,,,,,,,,
202005하순,411.0,사과,5.0,후지,상품,개,10.0,21783.0,,20518.0,24563.0,21296.6666666666,2020,하순,2020-05-21,사과-후지,5,21,False,False,False,False,True,False,False,False,False,False,False,False,False,False,True,사과(후지),121.29932885906027,0.4805904991670974,,,,,,,,
202005하순,411.0,사과,5.0,후지,상품,개,10.0,21783.0,,20518.0,24563.0,21296.6666666666,2020,하순,2020-05-21,사과-후지,5,21,False,False,False,False,True,False,False,False,False,False,False,False,False,False,True,사과(후지),121.29932885906027,0.4805904991670974,,,,,,,,
202005하순,411.0,사과,5.0,후지,상품,개,10.0,21783.0,,20518.0,24563.0,21296.6666666666,2020,하순,2020-05-21,사과-후지,5,21,False,False,False,False,True,False,False,False,False,False,False,False,False,False,True,사과(후지),121.29932885906027,0.4805904991670974,,,,,,,,
202005하순,411.0,사과,5.0,후지,상품,개,10.0,21783.0,,20518.0,24563.0,21296.6666666666,2020,하순,2020-05-21,사과-후지,5,21,False,False,False,False,True,False,False,False,False,False,False,False,False,False,True,사과(후지),121.29932885906027,0.4805904991670974,,,,,,,,
202005하순,411.0,사과,5.0,후지,상품,개,10.0,21783.0,,20518.0,24563.0,21296.6666666666,2020,하순,2020-05-21,사과-후지,5,21,False,False,False,False,True,False,False,False,False,False,False,False,False,False,True,사과(후지),121.29932885906027,0.4805904991670974,,,,,,,,
202005하순,411.0,사과,5.0,후지,상품,개,10.0,21783.0,,20518.0,24563.0,21296.6666666666,2020,하순,2020-05-21,사과-후지,5,21,False,False,False,False,True,False,False,False,False,False,False,False,False,False,True,사과(후지),121.29932885906027,0.4805904991670974,,,,,,,,
202005하순,411.0,사과,5.0,후지,상품,개,10.0,21783.0,,20518.0,24563.0,21296.6666666666,2020,하순,2020-05-21,사과-후지,5,21,False,False,False,False,True,False,False,False,False,False,False,False,False,False,True,사과(후지),121.29932885906027,0.4805904991670974,,,,,,,,
202005하순,411.0,사과,5.0,후지,상품,개,10.0,21783.0,,20518.0,24563.0,21296.6666666666,2020,하순,2020-05-21,사과-후지,5,21,False,False,False,False,True,False,False,False,False,False,False,False,False,False,True,사과(후지),121.29932885906027,0.4805904991670974,,,,,,,,
202005하순,411.0,사과,5.0,후지,상품,개,10.0,21783.0,,20518.0,24563.0,21296.6666666666,2020,하순,2020-05-21,사과-후지,5,21,False,False,False,False,True,False,False,False,False,False,False,False,False,False,True,사과(후지),121.29932885906027,0.4805904991670974,,,,,,,,
202005하순,411.0,사과,5.0,후지,상품,개,10.0,21783.0,,20518.0,24563.0,21296.6666666666,2020,하순,2020-05-21,사과-후지,5,21,False,False,False,False,True,False,False,False,False,False,False,False,False,False,True,사과(후지),121.29932885906027,0.4805904991670974,,,,,,,,
202005하순,411.0,사과,5.0,후지,상품,개,10.0,21783.0,,20518.0,24563.0,21296.6666666666,2020,하순,2020-05-21,사과-후지,5,21,False,False,False,False,True,False,False,False,False,False,False,False,False,False,True,사과(후지),121.29932885906027,0.4805904991670974,,,,,,,,
202005하순,411.0,사과,5.0,후지,상품,개,10.0,21783.0,,20518.0,24563.0,21296.6666666666,2020,하순,2020-05-21,사과-후지,5,21,False,False,False,False,True,False,False,False,False,False,False,False,False,False,True,사과(후지),121.29932885906027,0.4805904991670974,,,,,,,,
202005하순,411.0,사과,5.0,후지,상품,개,10.0,21783.0,,20518.0,24563.0,21296.6666666666,2020,하순,2020-05-21,사과-후지,5,21,False,False,False,False,True,False,False,False,False,False,False,False,False,False,True,사과(후지),121.29932885906027,0.4805904991670974,,,,,,,,
202005하순,411.0,사과,5.0,후지,상품,개,10.0,21783.0,,20518.0,24563.0,21296.6666666666,2020,하순,2020-05-21,사과-후지,5,21,False,False,False,False,True,False,False,False,False,False,False,False,False,False,True,사과(후지),121.29932885906027,0.4805904991670974,,,,,,,,
202005하순,411.0,사과,5.0,후지,상품,개,10.0,21783.0,,20518.0,24563.0,21296.6666666666,2020,하순,2020-05-21,사과-후지,5,21,False,False,False,False,True,False,False,False,False,False,False,False,False,False,True,사과(후지),121.29932885906027,0.4805904991670974,,,,,,,,
202005하순,411.0,사과,5.0,후지,상품,개,10.0,21783.0,,20518.0,24563.0,21296.6666666666,2020,하순,2020-05-21,사과-후지,5,21,False,False,False,False,True,False,False,False,False,False,False,False,False,False,True,사과(후지),121.29932885906027,0.4805904991670974,,,,,,,,
202005하순,411.0,사과,5.0,후지,상품,개,10.0,21783.0,,20518.0,24563.0,21296.6666666666,2020,하순,2020-05-21,사과-후지,5,21,False,False,False,False,True,False,False,False,False,False,False,False,False,False,True,사과(후지),121.29932885906027,0.4805904991670974,,,,,,,,
202005하순,411.0,사과,5.0,후지,상품,개,10.0,21783.0,,20518.0,24563.0,21296.6666666666,2020,하순,2020-05-21,사과-후지,5,21,False,False,False,False,True,False,False,False,False,False,False,False,False,False,True,사과(후지),121.29932885906027,0.4805904991670974,,,,,,,,
202006상순,411.0,사과,5.0,후지,상품,개,10.0,22451.0,,20940.0,25007.0,21332.0,2020,상순,2020-06-01,사과-후지,6,1,False,False,False,False,False,True,False,False,False,False,False,False,True,False,False,사과(후지),111.66577181208041,0.5079403860249205,,,,,,,,
202006상순,411.0,사과,5.0,후지,상품,개,10.0,22451.0,,20940.0,25007.0,21332.0,2020,상순,2020-06-01,사과-후지,6,1,False,False,False,False,False,True,False,False,False,False,False,False,True,False,False,사과(후지),111.66577181208041,0.5079403860249205,,,,,,,,
202006상순,411.0,사과,5.0,후지,상품,개,10.0,22451.0,,20940.0,25007.0,21332.0,2020,상순,2020-06-01,사과-후지,6,1,False,False,False,False,False,True,False,False,False,False,False,False,True,False,False,사과(후지),111.66577181208041,0.5079403860249205,,,,,,,,
202006상순,411.0,사과,5.0,후지,상품,개,10.0,22451.0,,20940.0,25007.0,21332.0,2020,상순,2020-06-01,사과-후지,6,1,False,False,False,False,False,True,False,False,False,False,False,False,True,False,False,사과(후지),111.66577181208041,0.5079403860249205,,,,,,,,
202006상순,411.0,사과,5.0,후지,상품,개,10.0,22451.0,,20940.0,25007.0,21332.0,2020,상순,2020-06-01,사과-후지,6,1,False,False,False,False,False,True,False,False,False,False,False,False,True,False,False,사과(후지),111.66577181208041,0.5079403860249205,,,,,,,,
202006상순,411.0,사과,5.0,후지,상품,개,10.0,22451.0,,20940.0,25007.0,21332.0,2020,상순,2020-06-01,사과-후지,6,1,False,False,False,False,False,True,False,False,False,False,False,False,True,False,False,사과(후지),111.66577181208041,0.5079403860249205,,,,,,,,
202006상순,411.0,사과,5.0,후지,상품,개,10.0,22451.0,,20940.0,25007.0,21332.0,2020,상순,2020-06-01,사과-후지,6,1,False,False,False,False,False,True,False,False,False,False,False,False,True,False,False,사과(후지),111.66577181208041,0.5079403860249205,,,,,,,,
202006상순,411.0,사과,5.0,후지,상품,개,10.0,22451.0,,20940.0,25007.0,21332.0,2020,상순,2020-06-01,사과-후지,6,1,False,False,False,False,False,True,False,False,False,False,False,False,True,False,False,사과(후지),111.66577181208041,0.5079403860249205,,,,,,,,
202006상순,411.0,사과,5.0,후지,상품,개,10.0,22451.0,,20940.0,25007.0,21332.0,2020,상순,2020-06-01,사과-후지,6,1,False,False,False,False,False,True,False,False,False,False,False,False,True,False,False,사과(후지),111.66577181208041,0.5079403860249205,,,,,,,,
202006상순,411.0,사과,5.0,후지,상품,개,10.0,22451.0,,20940.0,25007.0,21332.0,2020,상순,2020-06-01,사과-후지,6,1,False,False,False,False,False,True,False,False,False,False,False,False,True,False,False,사과(후지),111.66577181208041,0.5079403860249205,,,,,,,,
202006상순,411.0,사과,5.0,후지,상품,개,10.0,22451.0,,20940.0,25007.0,21332.0,2020,상순,2020-06-01,사과-후지,6,1,False,False,False,False,False,True,False,False,False,False,False,False,True,False,False,사과(후지),111.66577181208041,0.5079403860249205,,,,,,,,
202006상순,411.0,사과,5.0,후지,상품,개,10.0,22451.0,,20940.0,25007.0,21332.0,2020,상순,2020-06-01,사과-후지,6,1,False,False,False,False,False,True,False,False,False,False,False,False,True,False,False,사과(후지),111.66577181208041,0.5079403860249205,,,,,,,,
202006상순,411.0,사과,5.0,후지,상품,개,10.0,22451.0,,20940.0,25007.0,21332.0,2020,상순,2020-06-01,사과-후지,6,1,False,False,False,False,False,True,False,False,False,False,False,False,True,False,False,사과(후지),111.66577181208041,0.5079403860249205,,,,,,,,
202006상순,411.0,사과,5.0,후지,상품,개,10.0,22451.0,,20940.0,25007.0,21332.0,2020,상순,2020-06-01,사과-후지,6,1,False,False,False,False,False,True,False,False,False,False,False,False,True,False,False,사과(후지),111.66577181208041,0.5079403860249205,,,,,,,,
202006상순,411.0,사과,5.0,후지,상품,개,10.0,22451.0,,20940.0,25007.0,21332.0,2020,상순,2020-06-01,사과-후지,6,1,False,False,False,False,False,True,False,False,False,False,False,False,True,False,False,사과(후지),111.66577181208041,0.5079403860249205,,,,,,,,
202006상순,411.0,사과,5.0,후지,상품,개,10.0,22451.0,,20940.0,25007.0,21332.0,2020,상순,2020-06-01,사과-후지,6,1,False,False,False,False,False,True,False,False,False,False,False,False,True,False,False,사과(후지),111.66577181208041,0.5079403860249205,,,,,,,,
202006상순,411.0,사과,5.0,후지,상품,개,10.0,22451.0,,20940.0,25007.0,21332.0,2020,상순,2020-06-01,사과-후지,6,1,False,False,False,False,False,True,False,False,False,False,False,False,True,False,False,사과(후지),111.66577181208041,0.5079403860249205,,,,,,,,
202006상순,411.0,사과,5.0,후지,상품,개,10.0,22451.0,,20940.0,25007.0,21332.0,2020,상순,2020-06-01,사과-후지,6,1,False,False,False,False,False,True,False,False,False,False,False,False,True,False,False,사과(후지),111.66577181208041,0.5079403860249205,,,,,,,,
202006상순,411.0,사과,5.0,후지,상품,개,10.0,22451.0,,20940.0,25007.0,21332.0,2020,상순,2020-06-01,사과-후지,6,1,False,False,False,False,False,True,False,False,False,False,False,False,True,False,False,사과(후지),111.66577181208041,0.5079403860249205,,,,,,,,
202006상순,411.0,사과,5.0,후지,상품,개,10.0,22451.0,,20940.0,25007.0,21332.0,2020,상순,2020-06-01,사과-후지,6,1,False,False,False,False,False,True,False,False,False,False,False,False,True,False,False,사과(후지),111.66577181208041,0.5079403860249205,,,,,,,,
202006상순,411.0,사과,5.0,후지,상품,개,10.0,22451.0,,20940.0,25007.0,21332.0,2020,상순,2020-06-01,사과-후지,6,1,False,False,False,False,False,True,False,False,False,False,False,False,True,False,False,사과(후지),111.66577181208041,0.5079403860249205,,,,,,,,
202006상순,411.0,사과,5.0,후지,상품,개,10.0,22451.0,,20940.0,25007.0,21332.0,2020,상순,2020-06-01,사과-후지,6,1,False,False,False,False,False,True,False,False,False,False,False,False,True,False,False,사과(후지),111.66577181208041,0.5079403860249205,,,,,,,,
202006상순,411.0,사과,5.0,후지,상품,개,10.0,22451.0,,20940.0,25007.0,21332.0,2020,상순,2020-06-01,사과-후지,6,1,False,False,False,False,False,True,False,False,False,False,False,False,True,False,False,사과(후지),111.66577181208041,0.5079403860249205,,,,,,,,
202006상순,411.0,사과,5.0,후지,상품,개,10.0,22451.0,,20940.0,25007.0,21332.0,2020,상순,2020-06-01,사과-후지,6,1,False,False,False,False,False,True,False,False,False,False,False,False,True,False,False,사과(후지),111.66577181208041,0.5079403860249205,,,,,,,,
202006상순,411.0,사과,5.0,후지,상품,개,10.0,22451.0,,20940.0,25007.0,21332.0,2020,상순,2020-06-01,사과-후지,6,1,False,False,False,False,False,True,False,False,False,False,False,False,True,False,False,사과(후지),111.66577181208041,0.5079403860249205,,,,,,,,
202006중순,411.0,사과,5.0,후지,상품,개,10.0,22908.0,,21526.0,25248.0,21944.3333333333,2020,중순,2020-06-11,사과-후지,6,11,False,False,False,False,False,True,False,False,False,False,False,False,False,True,False,사과(후지),141.1892617449663,0.5428571428571427,,,,,,,,
202006중순,411.0,사과,5.0,후지,상품,개,10.0,22908.0,,21526.0,25248.0,21944.3333333333,2020,중순,2020-06-11,사과-후지,6,11,False,False,False,False,False,True,False,False,False,False,False,False,False,True,False,사과(후지),141.1892617449663,0.5428571428571427,,,,,,,,
202006중순,411.0,사과,5.0,후지,상품,개,10.0,22908.0,,21526.0,25248.0,21944.3333333333,2020,중순,2020-06-11,사과-후지,6,11,False,False,False,False,False,True,False,False,False,False,False,False,False,True,False,사과(후지),141.1892617449663,0.5428571428571427,,,,,,,,
202006중순,411.0,사과,5.0,후지,상품,개,10.0,22908.0,,21526.0,25248.0,21944.3333333333,2020,중순,2020-06-11,사과-후지,6,11,False,False,False,False,False,True,False,False,False,False,False,False,False,True,False,사과(후지),141.1892617449663,0.5428571428571427,,,,,,,,
202006중순,411.0,사과,5.0,후지,상품,개,10.0,22908.0,,21526.0,25248.0,21944.3333333333,2020,중순,2020-06-11,사과-후지,6,11,False,False,False,False,False,True,False,False,False,False,False,False,False,True,False,사과(후지),141.1892617449663,0.5428571428571427,,,,,,,,
202006중순,411.0,사과,5.0,후지,상품,개,10.0,22908.0,,21526.0,25248.0,21944.3333333333,2020,중순,2020-06-11,사과-후지,6,11,False,False,False,False,False,True,False,False,False,False,False,False,False,True,False,사과(후지),141.1892617449663,0.5428571428571427,,,,,,,,
202006중순,411.0,사과,5.0,후지,상품,개,10.0,22908.0,,21526.0,25248.0,21944.3333333333,2020,중순,2020-06-11,사과-후지,6,11,False,False,False,False,False,True,False,False,False,False,False,False,False,True,False,사과(후지),141.1892617449663,0.5428571428571427,,,,,,,,
202006중순,411.0,사과,5.0,후지,상품,개,10.0,22908.0,,21526.0,25248.0,21944.3333333333,2020,중순,2020-06-11,사과-후지,6,11,False,False,False,False,False,True,False,False,False,False,False,False,False,True,False,사과(후지),141.1892617449663,0.5428571428571427,,,,,,,,
202006중순,411.0,사과,5.0,후지,상품,개,10.0,22908.0,,21526.0,25248.0,21944.3333333333,2020,중순,2020-06-11,사과-후지,6,11,False,False,False,False,False,True,False,False,False,False,False,False,False,True,False,사과(후지),141.1892617449663,0.5428571428571427,,,,,,,,
202006중순,411.0,사과,5.0,후지,상품,개,10.0,22908.0,,21526.0,25248.0,21944.3333333333,2020,중순,2020-06-11,사과-후지,6,11,False,False,False,False,False,True,False,False,False,False,False,False,False,True,False,사과(후지),141.1892617449663,0.5428571428571427,,,,,,,,
202006중순,411.0,사과,5.0,후지,상품,개,10.0,22908.0,,21526.0,25248.0,21944.3333333333,2020,중순,2020-06-11,사과-후지,6,11,False,False,False,False,False,True,False,False,False,False,False,False,False,True,False,사과(후지),141.1892617449663,0.5428571428571427,,,,,,,,
202006중순,411.0,사과,5.0,후지,상품,개,10.0,22908.0,,21526.0,25248.0,21944.3333333333,2020,중순,2020-06-11,사과-후지,6,11,False,False,False,False,False,True,False,False,False,False,False,False,False,True,False,사과(후지),141.1892617449663,0.5428571428571427,,,,,,,,
202006중순,411.0,사과,5.0,후지,상품,개,10.0,22908.0,,21526.0,25248.0,21944.3333333333,2020,중순,2020-06-11,사과-후지,6,11,False,False,False,False,False,True,False,False,False,False,False,False,False,True,False,사과(후지),141.1892617449663,0.5428571428571427,,,,,,,,
202006중순,411.0,사과,5.0,후지,상품,개,10.0,22908.0,,21526.0,25248.0,21944.3333333333,2020,중순,2020-06-11,사과-후지,6,11,False,False,False,False,False,True,False,False,False,False,False,False,False,True,False,사과(후지),141.1892617449663,0.5428571428571427,,,,,,,,
202006중순,411.0,사과,5.0,후지,상품,개,10.0,22908.0,,21526.0,25248.0,21944.3333333333,2020,중순,2020-06-11,사과-후지,6,11,False,False,False,False,False,True,False,False,False,False,False,False,False,True,False,사과(후지),141.1892617449663,0.5428571428571427,,,,,,,,
202006중순,411.0,사과,5.0,후지,상품,개,10.0,22908.0,,21526.0,25248.0,21944.3333333333,2020,중순,2020-06-11,사과-후지,6,11,False,False,False,False,False,True,False,False,False,False,False,False,False,True,False,사과(후지),141.1892617449663,0.5428571428571427,,,,,,,,
202006중순,411.0,사과,5.0,후지,상품,개,10.0,22908.0,,21526.0,25248.0,21944.3333333333,2020,중순,2020-06-11,사과-후지,6,11,False,False,False,False,False,True,False,False,False,False,False,False,False,True,False,사과(후지),141.1892617449663,0.5428571428571427,,,,,,,,
202006중순,411.0,사과,5.0,후지,상품,개,10.0,22908.0,,21526.0,25248.0,21944.3333333333,2020,중순,2020-06-11,사과-후지,6,11,False,False,False,False,False,True,False,False,False,False,False,False,False,True,False,사과(후지),141.1892617449663,0.5428571428571427,,,,,,,,
202006중순,411.0,사과,5.0,후지,상품,개,10.0,22908.0,,21526.0,25248.0,21944.3333333333,2020,중순,2020-06-11,사과-후지,6,11,False,False,False,False,False,True,False,False,False,False,False,False,False,True,False,사과(후지),141.1892617449663,0.5428571428571427,,,,,,,,
202006중순,411.0,사과,5.0,후지,상품,개,10.0,22908.0,,21526.0,25248.0,21944.3333333333,2020,중순,2020-06-11,사과-후지,6,11,False,False,False,False,False,True,False,False,False,False,False,False,False,True,False,사과(후지),141.1892617449663,0.5428571428571427,,,,,,,,
202006중순,411.0,사과,5.0,후지,상품,개,10.0,22908.0,,21526.0,25248.0,21944.3333333333,2020,중순,2020-06-11,사과-후지,6,11,False,False,False,False,False,True,False,False,False,False,False,False,False,True,False,사과(후지),141.1892617449663,0.5428571428571427,,,,,,,,
202006중순,411.0,사과,5.0,후지,상품,개,10.0,22908.0,,21526.0,25248.0,21944.3333333333,2020,중순,2020-06-11,사과-후지,6,11,False,False,False,False,False,True,False,False,False,False,False,False,False,True,False,사과(후지),141.1892617449663,0.5428571428571427,,,,,,,,
202006중순,411.0,사과,5.0,후지,상품,개,10.0,22908.0,,21526.0,25248.0,21944.3333333333,2020,중순,2020-06-11,사과-후지,6,11,False,False,False,False,False,True,False,False,False,False,False,False,False,True,False,사과(후지),141.1892617449663,0.5428571428571427,,,,,,,,
202006중순,411.0,사과,5.0,후지,상품,개,10.0,22908.0,,21526.0,25248.0,21944.3333333333,2020,중순,2020-06-11,사과-후지,6,11,False,False,False,False,False,True,False,False,False,False,False,False,False,True,False,사과(후지),141.1892617449663,0.5428571428571427,,,,,,,,
202006중순,411.0,사과,5.0,후지,상품,개,10.0,22908.0,,21526.0,25248.0,21944.3333333333,2020,중순,2020-06-11,사과-후지,6,11,False,False,False,False,False,True,False,False,False,False,False,False,False,True,False,사과(후지),141.1892617449663,0.5428571428571427,,,,,,,,
202006하순,411.0,사과,5.0,후지,상품,개,10.0,23682.0,,21783.0,25287.0,22429.0,2020,하순,2020-06-21,사과-후지,6,21,False,False,False,False,False,True,False,False,False,False,False,False,False,False,True,사과(후지),174.6308724832213,0.5814595173379458,,,,,,,,
202006하순,411.0,사과,5.0,후지,상품,개,10.0,23682.0,,21783.0,25287.0,22429.0,2020,하순,2020-06-21,사과-후지,6,21,False,False,False,False,False,True,False,False,False,False,False,False,False,False,True,사과(후지),174.6308724832213,0.5814595173379458,,,,,,,,
202006하순,411.0,사과,5.0,후지,상품,개,10.0,23682.0,,21783.0,25287.0,22429.0,2020,하순,2020-06-21,사과-후지,6,21,False,False,False,False,False,True,False,False,False,False,False,False,False,False,True,사과(후지),174.6308724832213,0.5814595173379458,,,,,,,,
202006하순,411.0,사과,5.0,후지,상품,개,10.0,23682.0,,21783.0,25287.0,22429.0,2020,하순,2020-06-21,사과-후지,6,21,False,False,False,False,False,True,False,False,False,False,False,False,False,False,True,사과(후지),174.6308724832213,0.5814595173379458,,,,,,,,
202006하순,411.0,사과,5.0,후지,상품,개,10.0,23682.0,,21783.0,25287.0,22429.0,2020,하순,2020-06-21,사과-후지,6,21,False,False,False,False,False,True,False,False,False,False,False,False,False,False,True,사과(후지),174.6308724832213,0.5814595173379458,,,,,,,,
202006하순,411.0,사과,5.0,후지,상품,개,10.0,23682.0,,21783.0,25287.0,22429.0,2020,하순,2020-06-21,사과-후지,6,21,False,False,False,False,False,True,False,False,False,False,False,False,False,False,True,사과(후지),174.6308724832213,0.5814595173379458,,,,,,,,
202006하순,411.0,사과,5.0,후지,상품,개,10.0,23682.0,,21783.0,25287.0,22429.0,2020,하순,2020-06-21,사과-후지,6,21,False,False,False,False,False,True,False,False,False,False,False,False,False,False,True,사과(후지),174.6308724832213,0.5814595173379458,,,,,,,,
202006하순,411.0,사과,5.0,후지,상품,개,10.0,23682.0,,21783.0,25287.0,22429.0,2020,하순,2020-06-21,사과-후지,6,21,False,False,False,False,False,True,False,False,False,False,False,False,False,False,True,사과(후지),174.6308724832213,0.5814595173379458,,,,,,,,
202006하순,411.0,사과,5.0,후지,상품,개,10.0,23682.0,,21783.0,25287.0,22429.0,2020,하순,2020-06-21,사과-후지,6,21,False,False,False,False,False,True,False,False,False,False,False,False,False,False,True,사과(후지),174.6308724832213,0.5814595173379458,,,,,,,,
202006하순,411.0,사과,5.0,후지,상품,개,10.0,23682.0,,21783.0,25287.0,22429.0,2020,하순,2020-06-21,사과-후지,6,21,False,False,False,False,False,True,False,False,False,False,False,False,False,False,True,사과(후지),174.6308724832213,0.5814595173379458,,,,,,,,
202006하순,411.0,사과,5.0,후지,상품,개,10.0,23682.0,,21783.0,25287.0,22429.0,2020,하순,2020-06-21,사과-후지,6,21,False,False,False,False,False,True,False,False,False,False,False,False,False,False,True,사과(후지),174.6308724832213,0.5814595173379458,,,,,,,,
202006하순,411.0,사과,5.0,후지,상품,개,10.0,23682.0,,21783.0,25287.0,22429.0,2020,하순,2020-06-21,사과-후지,6,21,False,False,False,False,False,True,False,False,False,False,False,False,False,False,True,사과(후지),174.6308724832213,0.5814595173379458,,,,,,,,
202006하순,411.0,사과,5.0,후지,상품,개,10.0,23682.0,,21783.0,25287.0,22429.0,2020,하순,2020-06-21,사과-후지,6,21,False,False,False,False,False,True,False,False,False,False,False,False,False,False,True,사과(후지),174.6308724832213,0.5814595173379458,,,,,,,,
202006하순,411.0,사과,5.0,후지,상품,개,10.0,23682.0,,21783.0,25287.0,22429.0,2020,하순,2020-06-21,사과-후지,6,21,False,False,False,False,False,True,False,False,False,False,False,False,False,False,True,사과(후지),174.6308724832213,0.5814595173379458,,,,,,,,
202006하순,411.0,사과,5.0,후지,상품,개,10.0,23682.0,,21783.0,25287.0,22429.0,2020,하순,2020-06-21,사과-후지,6,21,False,False,False,False,False,True,False,False,False,False,False,False,False,False,True,사과(후지),174.6308724832213,0.5814595173379458,,,,,,,,
202006하순,411.0,사과,5.0,후지,상품,개,10.0,23682.0,,21783.0,25287.0,22429.0,2020,하순,2020-06-21,사과-후지,6,21,False,False,False,False,False,True,False,False,False,False,False,False,False,False,True,사과(후지),174.6308724832213,0.5814595173379458,,,,,,,,
202006하순,411.0,사과,5.0,후지,상품,개,10.0,23682.0,,21783.0,25287.0,22429.0,2020,하순,2020-06-21,사과-후지,6,21,False,False,False,False,False,True,False,False,False,False,False,False,False,False,True,사과(후지),174.6308724832213,0.5814595173379458,,,,,,,,
202006하순,411.0,사과,5.0,후지,상품,개,10.0,23682.0,,21783.0,25287.0,22429.0,2020,하순,2020-06-21,사과-후지,6,21,False,False,False,False,False,True,False,False,False,False,False,False,False,False,True,사과(후지),174.6308724832213,0.5814595173379458,,,,,,,,
202006하순,411.0,사과,5.0,후지,상품,개,10.0,23682.0,,21783.0,25287.0,22429.0,2020,하순,2020-06-21,사과-후지,6,21,False,False,False,False,False,True,False,False,False,False,False,False,False,False,True,사과(후지),174.6308724832213,0.5814595173379458,,,,,,,,
202006하순,411.0,사과,5.0,후지,상품,개,10.0,23682.0,,21783.0,25287.0,22429.0,2020,하순,2020-06-21,사과-후지,6,21,False,False,False,False,False,True,False,False,False,False,False,False,False,False,True,사과(후지),174.6308724832213,0.5814595173379458,,,,,,,,
202006하순,411.0,사과,5.0,후지,상품,개,10.0,23682.0,,21783.0,25287.0,22429.0,2020,하순,2020-06-21,사과-후지,6,21,False,False,False,False,False,True,False,False,False,False,False,False,False,False,True,사과(후지),174.6308724832213,0.5814595173379458,,,,,,,,
202006하순,411.0,사과,5.0,후지,상품,개,10.0,23682.0,,21783.0,25287.0,22429.0,2020,하순,2020-06-21,사과-후지,6,21,False,False,False,False,False,True,False,False,False,False,False,False,False,False,True,사과(후지),174.6308724832213,0.5814595173379458,,,,,,,,
202006하순,411.0,사과,5.0,후지,상품,개,10.0,23682.0,,21783.0,25287.0,22429.0,2020,하순,2020-06-21,사과-후지,6,21,False,False,False,False,False,True,False,False,False,False,False,False,False,False,True,사과(후지),174.6308724832213,0.5814595173379458,,,,,,,,
202007상순,411.0,사과,5.0,후지,상품,개,10.0,24879.0,,22451.0,25319.0,22825.6666666666,2020,상순,2020-07-01,사과-후지,7,1,False,False,False,False,False,False,True,False,False,False,False,False,True,False,False,사과(후지),176.69798657718104,0.6084649452661485,,,,,,,,
202007상순,411.0,사과,5.0,후지,상품,개,10.0,24879.0,,22451.0,25319.0,22825.6666666666,2020,상순,2020-07-01,사과-후지,7,1,False,False,False,False,False,False,True,False,False,False,False,False,True,False,False,사과(후지),176.69798657718104,0.6084649452661485,,,,,,,,
202007상순,411.0,사과,5.0,후지,상품,개,10.0,24879.0,,22451.0,25319.0,22825.6666666666,2020,상순,2020-07-01,사과-후지,7,1,False,False,False,False,False,False,True,False,False,False,False,False,True,False,False,사과(후지),176.69798657718104,0.6084649452661485,,,,,,,,
202007상순,411.0,사과,5.0,후지,상품,개,10.0,24879.0,,22451.0,25319.0,22825.6666666666,2020,상순,2020-07-01,사과-후지,7,1,False,False,False,False,False,False,True,False,False,False,False,False,True,False,False,사과(후지),176.69798657718104,0.6084649452661485,,,,,,,,
202007상순,411.0,사과,5.0,후지,상품,개,10.0,24879.0,,22451.0,25319.0,22825.6666666666,2020,상순,2020-07-01,사과-후지,7,1,False,False,False,False,False,False,True,False,False,False,False,False,True,False,False,사과(후지),176.69798657718104,0.6084649452661485,,,,,,,,
202007상순,411.0,사과,5.0,후지,상품,개,10.0,24879.0,,22451.0,25319.0,22825.6666666666,2020,상순,2020-07-01,사과-후지,7,1,False,False,False,False,False,False,True,False,False,False,False,False,True,False,False,사과(후지),176.69798657718104,0.6084649452661485,,,,,,,,
202007상순,411.0,사과,5.0,후지,상품,개,10.0,24879.0,,22451.0,25319.0,22825.6666666666,2020,상순,2020-07-01,사과-후지,7,1,False,False,False,False,False,False,True,False,False,False,False,False,True,False,False,사과(후지),176.69798657718104,0.6084649452661485,,,,,,,,
202007상순,411.0,사과,5.0,후지,상품,개,10.0,24879.0,,22451.0,25319.0,22825.6666666666,2020,상순,2020-07-01,사과-후지,7,1,False,False,False,False,False,False,True,False,False,False,False,False,True,False,False,사과(후지),176.69798657718104,0.6084649452661485,,,,,,,,
202007상순,411.0,사과,5.0,후지,상품,개,10.0,24879.0,,22451.0,25319.0,22825.6666666666,2020,상순,2020-07-01,사과-후지,7,1,False,False,False,False,False,False,True,False,False,False,False,False,True,False,False,사과(후지),176.69798657718104,0.6084649452661485,,,,,,,,
202007상순,411.0,사과,5.0,후지,상품,개,10.0,24879.0,,22451.0,25319.0,22825.6666666666,2020,상순,2020-07-01,사과-후지,7,1,False,False,False,False,False,False,True,False,False,False,False,False,True,False,False,사과(후지),176.69798657718104,0.6084649452661485,,,,,,,,
202007상순,411.0,사과,5.0,후지,상품,개,10.0,24879.0,,22451.0,25319.0,22825.6666666666,2020,상순,2020-07-01,사과-후지,7,1,False,False,False,False,False,False,True,False,False,False,False,False,True,False,False,사과(후지),176.69798657718104,0.6084649452661485,,,,,,,,
202007상순,411.0,사과,5.0,후지,상품,개,10.0,24879.0,,22451.0,25319.0,22825.6666666666,2020,상순,2020-07-01,사과-후지,7,1,False,False,False,False,False,False,True,False,False,False,False,False,True,False,False,사과(후지),176.69798657718104,0.6084649452661485,,,,,,,,
202007상순,411.0,사과,5.0,후지,상품,개,10.0,24879.0,,22451.0,25319.0,22825.6666666666,2020,상순,2020-07-01,사과-후지,7,1,False,False,False,False,False,False,True,False,False,False,False,False,True,False,False,사과(후지),176.69798657718104,0.6084649452661485,,,,,,,,
202007상순,411.0,사과,5.0,후지,상품,개,10.0,24879.0,,22451.0,25319.0,22825.6666666666,2020,상순,2020-07-01,사과-후지,7,1,False,False,False,False,False,False,True,False,False,False,False,False,True,False,False,사과(후지),176.69798657718104,0.6084649452661485,,,,,,,,
202007상순,411.0,사과,5.0,후지,상품,개,10.0,24879.0,,22451.0,25319.0,22825.6666666666,2020,상순,2020-07-01,사과-후지,7,1,False,False,False,False,False,False,True,False,False,False,False,False,True,False,False,사과(후지),176.69798657718104,0.6084649452661485,,,,,,,,
202007상순,411.0,사과,5.0,후지,상품,개,10.0,24879.0,,22451.0,25319.0,22825.6666666666,2020,상순,2020-07-01,사과-후지,7,1,False,False,False,False,False,False,True,False,False,False,False,False,True,False,False,사과(후지),176.69798657718104,0.6084649452661485,,,,,,,,
202007상순,411.0,사과,5.0,후지,상품,개,10.0,24879.0,,22451.0,25319.0,22825.6666666666,2020,상순,2020-07-01,사과-후지,7,1,False,False,False,False,False,False,True,False,False,False,False,False,True,False,False,사과(후지),176.69798657718104,0.6084649452661485,,,,,,,,
202007상순,411.0,사과,5.0,후지,상품,개,10.0,24879.0,,22451.0,25319.0,22825.6666666666,2020,상순,2020-07-01,사과-후지,7,1,False,False,False,False,False,False,True,False,False,False,False,False,True,False,False,사과(후지),176.69798657718104,0.6084649452661485,,,,,,,,
202007상순,411.0,사과,5.0,후지,상품,개,10.0,24879.0,,22451.0,25319.0,22825.6666666666,2020,상순,2020-07-01,사과-후지,7,1,False,False,False,False,False,False,True,False,False,False,False,False,True,False,False,사과(후지),176.69798657718104,0.6084649452661485,,,,,,,,
202007상순,411.0,사과,5.0,후지,상품,개,10.0,24879.0,,22451.0,25319.0,22825.6666666666,2020,상순,2020-07-01,사과-후지,7,1,False,False,False,False,False,False,True,False,False,False,False,False,True,False,False,사과(후지),176.69798657718104,0.6084649452661485,,,,,,,,
202007상순,411.0,사과,5.0,후지,상품,개,10.0,24879.0,,22451.0,25319.0,22825.6666666666,2020,상순,2020-07-01,사과-후지,7,1,False,False,False,False,False,False,True,False,False,False,False,False,True,False,False,사과(후지),176.69798657718104,0.6084649452661485,,,,,,,,
202007상순,411.0,사과,5.0,후지,상품,개,10.0,24879.0,,22451.0,25319.0,22825.6666666666,2020,상순,2020-07-01,사과-후지,7,1,False,False,False,False,False,False,True,False,False,False,False,False,True,False,False,사과(후지),176.69798657718104,0.6084649452661485,,,,,,,,
202007상순,411.0,사과,5.0,후지,상품,개,10.0,24879.0,,22451.0,25319.0,22825.6666666666,2020,상순,2020-07-01,사과-후지,7,1,False,False,False,False,False,False,True,False,False,False,False,False,True,False,False,사과(후지),176.69798657718104,0.6084649452661485,,,,,,,,
202007중순,411.0,사과,5.0,후지,상품,개,10.0,26075.0,,22908.0,25760.0,22995.0,2020,중순,2020-07-11,사과-후지,7,11,False,False,False,False,False,False,True,False,False,False,False,False,False,True,False,사과(후지),225.1892617449663,0.6361297817608497,,,,,,,,
202007중순,411.0,사과,5.0,후지,상품,개,10.0,26075.0,,22908.0,25760.0,22995.0,2020,중순,2020-07-11,사과-후지,7,11,False,False,False,False,False,False,True,False,False,False,False,False,False,True,False,사과(후지),225.1892617449663,0.6361297817608497,,,,,,,,
202007중순,411.0,사과,5.0,후지,상품,개,10.0,26075.0,,22908.0,25760.0,22995.0,2020,중순,2020-07-11,사과-후지,7,11,False,False,False,False,False,False,True,False,False,False,False,False,False,True,False,사과(후지),225.1892617449663,0.6361297817608497,,,,,,,,
202007중순,411.0,사과,5.0,후지,상품,개,10.0,26075.0,,22908.0,25760.0,22995.0,2020,중순,2020-07-11,사과-후지,7,11,False,False,False,False,False,False,True,False,False,False,False,False,False,True,False,사과(후지),225.1892617449663,0.6361297817608497,,,,,,,,
202007중순,411.0,사과,5.0,후지,상품,개,10.0,26075.0,,22908.0,25760.0,22995.0,2020,중순,2020-07-11,사과-후지,7,11,False,False,False,False,False,False,True,False,False,False,False,False,False,True,False,사과(후지),225.1892617449663,0.6361297817608497,,,,,,,,
202007중순,411.0,사과,5.0,후지,상품,개,10.0,26075.0,,22908.0,25760.0,22995.0,2020,중순,2020-07-11,사과-후지,7,11,False,False,False,False,False,False,True,False,False,False,False,False,False,True,False,사과(후지),225.1892617449663,0.6361297817608497,,,,,,,,
202007중순,411.0,사과,5.0,후지,상품,개,10.0,26075.0,,22908.0,25760.0,22995.0,2020,중순,2020-07-11,사과-후지,7,11,False,False,False,False,False,False,True,False,False,False,False,False,False,True,False,사과(후지),225.1892617449663,0.6361297817608497,,,,,,,,
202007중순,411.0,사과,5.0,후지,상품,개,10.0,26075.0,,22908.0,25760.0,22995.0,2020,중순,2020-07-11,사과-후지,7,11,False,False,False,False,False,False,True,False,False,False,False,False,False,True,False,사과(후지),225.1892617449663,0.6361297817608497,,,,,,,,
202007중순,411.0,사과,5.0,후지,상품,개,10.0,26075.0,,22908.0,25760.0,22995.0,2020,중순,2020-07-11,사과-후지,7,11,False,False,False,False,False,False,True,False,False,False,False,False,False,True,False,사과(후지),225.1892617449663,0.6361297817608497,,,,,,,,
202007중순,411.0,사과,5.0,후지,상품,개,10.0,26075.0,,22908.0,25760.0,22995.0,2020,중순,2020-07-11,사과-후지,7,11,False,False,False,False,False,False,True,False,False,False,False,False,False,True,False,사과(후지),225.1892617449663,0.6361297817608497,,,,,,,,
202007중순,411.0,사과,5.0,후지,상품,개,10.0,26075.0,,22908.0,25760.0,22995.0,2020,중순,2020-07-11,사과-후지,7,11,False,False,False,False,False,False,True,False,False,False,False,False,False,True,False,사과(후지),225.1892617449663,0.6361297817608497,,,,,,,,
202007중순,411.0,사과,5.0,후지,상품,개,10.0,26075.0,,22908.0,25760.0,22995.0,2020,중순,2020-07-11,사과-후지,7,11,False,False,False,False,False,False,True,False,False,False,False,False,False,True,False,사과(후지),225.1892617449663,0.6361297817608497,,,,,,,,
202007중순,411.0,사과,5.0,후지,상품,개,10.0,26075.0,,22908.0,25760.0,22995.0,2020,중순,2020-07-11,사과-후지,7,11,False,False,False,False,False,False,True,False,False,False,False,False,False,True,False,사과(후지),225.1892617449663,0.6361297817608497,,,,,,,,
202007중순,411.0,사과,5.0,후지,상품,개,10.0,26075.0,,22908.0,25760.0,22995.0,2020,중순,2020-07-11,사과-후지,7,11,False,False,False,False,False,False,True,False,False,False,False,False,False,True,False,사과(후지),225.1892617449663,0.6361297817608497,,,,,,,,
202007중순,411.0,사과,5.0,후지,상품,개,10.0,26075.0,,22908.0,25760.0,22995.0,2020,중순,2020-07-11,사과-후지,7,11,False,False,False,False,False,False,True,False,False,False,False,False,False,True,False,사과(후지),225.1892617449663,0.6361297817608497,,,,,,,,
202007중순,411.0,사과,5.0,후지,상품,개,10.0,26075.0,,22908.0,25760.0,22995.0,2020,중순,2020-07-11,사과-후지,7,11,False,False,False,False,False,False,True,False,False,False,False,False,False,True,False,사과(후지),225.1892617449663,0.6361297817608497,,,,,,,,
202007중순,411.0,사과,5.0,후지,상품,개,10.0,26075.0,,22908.0,25760.0,22995.0,2020,중순,2020-07-11,사과-후지,7,11,False,False,False,False,False,False,True,False,False,False,False,False,False,True,False,사과(후지),225.1892617449663,0.6361297817608497,,,,,,,,
202007중순,411.0,사과,5.0,후지,상품,개,10.0,26075.0,,22908.0,25760.0,22995.0,2020,중순,2020-07-11,사과-후지,7,11,False,False,False,False,False,False,True,False,False,False,False,False,False,True,False,사과(후지),225.1892617449663,0.6361297817608497,,,,,,,,
202007중순,411.0,사과,5.0,후지,상품,개,10.0,26075.0,,22908.0,25760.0,22995.0,2020,중순,2020-07-11,사과-후지,7,11,False,False,False,False,False,False,True,False,False,False,False,False,False,True,False,사과(후지),225.1892617449663,0.6361297817608497,,,,,,,,
202007중순,411.0,사과,5.0,후지,상품,개,10.0,26075.0,,22908.0,25760.0,22995.0,2020,중순,2020-07-11,사과-후지,7,11,False,False,False,False,False,False,True,False,False,False,False,False,False,True,False,사과(후지),225.1892617449663,0.6361297817608497,,,,,,,,
202007중순,411.0,사과,5.0,후지,상품,개,10.0,26075.0,,22908.0,25760.0,22995.0,2020,중순,2020-07-11,사과-후지,7,11,False,False,False,False,False,False,True,False,False,False,False,False,False,True,False,사과(후지),225.1892617449663,0.6361297817608497,,,,,,,,
202007중순,411.0,사과,5.0,후지,상품,개,10.0,26075.0,,22908.0,25760.0,22995.0,2020,중순,2020-07-11,사과-후지,7,11,False,False,False,False,False,False,True,False,False,False,False,False,False,True,False,사과(후지),225.1892617449663,0.6361297817608497,,,,,,,,
202007중순,411.0,사과,5.0,후지,상품,개,10.0,26075.0,,22908.0,25760.0,22995.0,2020,중순,2020-07-11,사과-후지,7,11,False,False,False,False,False,False,True,False,False,False,False,False,False,True,False,사과(후지),225.1892617449663,0.6361297817608497,,,,,,,,
202007하순,411.0,사과,5.0,후지,상품,개,10.0,26973.0,,23682.0,25340.0,22970.6666666666,2020,하순,2020-07-21,사과-후지,7,21,False,False,False,False,False,False,True,False,False,False,False,False,False,False,True,사과(후지),345.4053691275166,0.6715157728520756,,,,,,,,
202007하순,411.0,사과,5.0,후지,상품,개,10.0,26973.0,,23682.0,25340.0,22970.6666666666,2020,하순,2020-07-21,사과-후지,7,21,False,False,False,False,False,False,True,False,False,False,False,False,False,False,True,사과(후지),345.4053691275166,0.6715157728520756,,,,,,,,
202007하순,411.0,사과,5.0,후지,상품,개,10.0,26973.0,,23682.0,25340.0,22970.6666666666,2020,하순,2020-07-21,사과-후지,7,21,False,False,False,False,False,False,True,False,False,False,False,False,False,False,True,사과(후지),345.4053691275166,0.6715157728520756,,,,,,,,
202007하순,411.0,사과,5.0,후지,상품,개,10.0,26973.0,,23682.0,25340.0,22970.6666666666,2020,하순,2020-07-21,사과-후지,7,21,False,False,False,False,False,False,True,False,False,False,False,False,False,False,True,사과(후지),345.4053691275166,0.6715157728520756,,,,,,,,
202007하순,411.0,사과,5.0,후지,상품,개,10.0,26973.0,,23682.0,25340.0,22970.6666666666,2020,하순,2020-07-21,사과-후지,7,21,False,False,False,False,False,False,True,False,False,False,False,False,False,False,True,사과(후지),345.4053691275166,0.6715157728520756,,,,,,,,
202007하순,411.0,사과,5.0,후지,상품,개,10.0,26973.0,,23682.0,25340.0,22970.6666666666,2020,하순,2020-07-21,사과-후지,7,21,False,False,False,False,False,False,True,False,False,False,False,False,False,False,True,사과(후지),345.4053691275166,0.6715157728520756,,,,,,,,
202007하순,411.0,사과,5.0,후지,상품,개,10.0,26973.0,,23682.0,25340.0,22970.6666666666,2020,하순,2020-07-21,사과-후지,7,21,False,False,False,False,False,False,True,False,False,False,False,False,False,False,True,사과(후지),345.4053691275166,0.6715157728520756,,,,,,,,
202007하순,411.0,사과,5.0,후지,상품,개,10.0,26973.0,,23682.0,25340.0,22970.6666666666,2020,하순,2020-07-21,사과-후지,7,21,False,False,False,False,False,False,True,False,False,False,False,False,False,False,True,사과(후지),345.4053691275166,0.6715157728520756,,,,,,,,
202007하순,411.0,사과,5.0,후지,상품,개,10.0,26973.0,,23682.0,25340.0,22970.6666666666,2020,하순,2020-07-21,사과-후지,7,21,False,False,False,False,False,False,True,False,False,False,False,False,False,False,True,사과(후지),345.4053691275166,0.6715157728520756,,,,,,,,
202007하순,411.0,사과,5.0,후지,상품,개,10.0,26973.0,,23682.0,25340.0,22970.6666666666,2020,하순,2020-07-21,사과-후지,7,21,False,False,False,False,False,False,True,False,False,False,False,False,False,False,True,사과(후지),345.4053691275166,0.6715157728520756,,,,,,,,
202007하순,411.0,사과,5.0,후지,상품,개,10.0,26973.0,,23682.0,25340.0,22970.6666666666,2020,하순,2020-07-21,사과-후지,7,21,False,False,False,False,False,False,True,False,False,False,False,False,False,False,True,사과(후지),345.4053691275166,0.6715157728520756,,,,,,,,
202007하순,411.0,사과,5.0,후지,상품,개,10.0,26973.0,,23682.0,25340.0,22970.6666666666,2020,하순,2020-07-21,사과-후지,7,21,False,False,False,False,False,False,True,False,False,False,False,False,False,False,True,사과(후지),345.4053691275166,0.6715157728520756,,,,,,,,
202007하순,411.0,사과,5.0,후지,상품,개,10.0,26973.0,,23682.0,25340.0,22970.6666666666,2020,하순,2020-07-21,사과-후지,7,21,False,False,False,False,False,False,True,False,False,False,False,False,False,False,True,사과(후지),345.4053691275166,0.6715157728520756,,,,,,,,
202007하순,411.0,사과,5.0,후지,상품,개,10.0,26973.0,,23682.0,25340.0,22970.6666666666,2020,하순,2020-07-21,사과-후지,7,21,False,False,False,False,False,False,True,False,False,False,False,False,False,False,True,사과(후지),345.4053691275166,0.6715157728520756,,,,,,,,
202007하순,411.0,사과,5.0,후지,상품,개,10.0,26973.0,,23682.0,25340.0,22970.6666666666,2020,하순,2020-07-21,사과-후지,7,21,False,False,False,False,False,False,True,False,False,False,False,False,False,False,True,사과(후지),345.4053691275166,0.6715157728520756,,,,,,,,
202007하순,411.0,사과,5.0,후지,상품,개,10.0,26973.0,,23682.0,25340.0,22970.6666666666,2020,하순,2020-07-21,사과-후지,7,21,False,False,False,False,False,False,True,False,False,False,False,False,False,False,True,사과(후지),345.4053691275166,0.6715157728520756,,,,,,,,
202007하순,411.0,사과,5.0,후지,상품,개,10.0,26973.0,,23682.0,25340.0,22970.6666666666,2020,하순,2020-07-21,사과-후지,7,21,False,False,False,False,False,False,True,False,False,False,False,False,False,False,True,사과(후지),345.4053691275166,0.6715157728520756,,,,,,,,
202007하순,411.0,사과,5.0,후지,상품,개,10.0,26973.0,,23682.0,25340.0,22970.6666666666,2020,하순,2020-07-21,사과-후지,7,21,False,False,False,False,False,False,True,False,False,False,False,False,False,False,True,사과(후지),345.4053691275166,0.6715157728520756,,,,,,,,
202007하순,411.0,사과,5.0,후지,상품,개,10.0,26973.0,,23682.0,25340.0,22970.6666666666,2020,하순,2020-07-21,사과-후지,7,21,False,False,False,False,False,False,True,False,False,False,False,False,False,False,True,사과(후지),345.4053691275166,0.6715157728520756,,,,,,,,
202007하순,411.0,사과,5.0,후지,상품,개,10.0,26973.0,,23682.0,25340.0,22970.6666666666,2020,하순,2020-07-21,사과-후지,7,21,False,False,False,False,False,False,True,False,False,False,False,False,False,False,True,사과(후지),345.4053691275166,0.6715157728520756,,,,,,,,
202007하순,411.0,사과,5.0,후지,상품,개,10.0,26973.0,,23682.0,25340.0,22970.6666666666,2020,하순,2020-07-21,사과-후지,7,21,False,False,False,False,False,False,True,False,False,False,False,False,False,False,True,사과(후지),345.4053691275166,0.6715157728520756,,,,,,,,
202007하순,411.0,사과,5.0,후지,상품,개,10.0,26973.0,,23682.0,25340.0,22970.6666666666,2020,하순,2020-07-21,사과-후지,7,21,False,False,False,False,False,False,True,False,False,False,False,False,False,False,True,사과(후지),345.4053691275166,0.6715157728520756,,,,,,,,
202007하순,411.0,사과,5.0,후지,상품,개,10.0,26973.0,,23682.0,25340.0,22970.6666666666,2020,하순,2020-07-21,사과-후지,7,21,False,False,False,False,False,False,True,False,False,False,False,False,False,False,True,사과(후지),345.4053691275166,0.6715157728520756,,,,,,,,
202007하순,411.0,사과,5.0,후지,상품,개,10.0,26973.0,,23682.0,25340.0,22970.6666666666,2020,하순,2020-07-21,사과-후지,7,21,False,False,False,False,False,False,True,False,False,False,False,False,False,False,True,사과(후지),345.4053691275166,0.6715157728520756,,,,,,,,
202007하순,411.0,사과,5.0,후지,상품,개,10.0,26973.0,,23682.0,25340.0,22970.6666666666,2020,하순,2020-07-21,사과-후지,7,21,False,False,False,False,False,False,True,False,False,False,False,False,False,False,True,사과(후지),345.4053691275166,0.6715157728520756,,,,,,,,
202008상순,411.0,사과,5.0,후지,상품,개,10.0,27768.0,,24879.0,25279.0,23419.3333333333,2020,상순,2020-08-01,사과-후지,8,1,False,False,False,False,False,False,False,True,False,False,False,False,True,False,False,사과(후지),564.3785234899326,0.7089251386829242,,,,,,,,
202008상순,411.0,사과,5.0,후지,상품,개,10.0,27768.0,,24879.0,25279.0,23419.3333333333,2020,상순,2020-08-01,사과-후지,8,1,False,False,False,False,False,False,False,True,False,False,False,False,True,False,False,사과(후지),564.3785234899326,0.7089251386829242,,,,,,,,
202008상순,411.0,사과,5.0,후지,상품,개,10.0,27768.0,,24879.0,25279.0,23419.3333333333,2020,상순,2020-08-01,사과-후지,8,1,False,False,False,False,False,False,False,True,False,False,False,False,True,False,False,사과(후지),564.3785234899326,0.7089251386829242,,,,,,,,
202008상순,411.0,사과,5.0,후지,상품,개,10.0,27768.0,,24879.0,25279.0,23419.3333333333,2020,상순,2020-08-01,사과-후지,8,1,False,False,False,False,False,False,False,True,False,False,False,False,True,False,False,사과(후지),564.3785234899326,0.7089251386829242,,,,,,,,
202008상순,411.0,사과,5.0,후지,상품,개,10.0,27768.0,,24879.0,25279.0,23419.3333333333,2020,상순,2020-08-01,사과-후지,8,1,False,False,False,False,False,False,False,True,False,False,False,False,True,False,False,사과(후지),564.3785234899326,0.7089251386829242,,,,,,,,
202008상순,411.0,사과,5.0,후지,상품,개,10.0,27768.0,,24879.0,25279.0,23419.3333333333,2020,상순,2020-08-01,사과-후지,8,1,False,False,False,False,False,False,False,True,False,False,False,False,True,False,False,사과(후지),564.3785234899326,0.7089251386829242,,,,,,,,
202008상순,411.0,사과,5.0,후지,상품,개,10.0,27768.0,,24879.0,25279.0,23419.3333333333,2020,상순,2020-08-01,사과-후지,8,1,False,False,False,False,False,False,False,True,False,False,False,False,True,False,False,사과(후지),564.3785234899326,0.7089251386829242,,,,,,,,
202008상순,411.0,사과,5.0,후지,상품,개,10.0,27768.0,,24879.0,25279.0,23419.3333333333,2020,상순,2020-08-01,사과-후지,8,1,False,False,False,False,False,False,False,True,False,False,False,False,True,False,False,사과(후지),564.3785234899326,0.7089251386829242,,,,,,,,
202008상순,411.0,사과,5.0,후지,상품,개,10.0,27768.0,,24879.0,25279.0,23419.3333333333,2020,상순,2020-08-01,사과-후지,8,1,False,False,False,False,False,False,False,True,False,False,False,False,True,False,False,사과(후지),564.3785234899326,0.7089251386829242,,,,,,,,
202008상순,411.0,사과,5.0,후지,상품,개,10.0,27768.0,,24879.0,25279.0,23419.3333333333,2020,상순,2020-08-01,사과-후지,8,1,False,False,False,False,False,False,False,True,False,False,False,False,True,False,False,사과(후지),564.3785234899326,0.7089251386829242,,,,,,,,
202008상순,411.0,사과,5.0,후지,상품,개,10.0,27768.0,,24879.0,25279.0,23419.3333333333,2020,상순,2020-08-01,사과-후지,8,1,False,False,False,False,False,False,False,True,False,False,False,False,True,False,False,사과(후지),564.3785234899326,0.7089251386829242,,,,,,,,
202008상순,411.0,사과,5.0,후지,상품,개,10.0,27768.0,,24879.0,25279.0,23419.3333333333,2020,상순,2020-08-01,사과-후지,8,1,False,False,False,False,False,False,False,True,False,False,False,False,True,False,False,사과(후지),564.3785234899326,0.7089251386829242,,,,,,,,
202008상순,411.0,사과,5.0,후지,상품,개,10.0,27768.0,,24879.0,25279.0,23419.3333333333,2020,상순,2020-08-01,사과-후지,8,1,False,False,False,False,False,False,False,True,False,False,False,False,True,False,False,사과(후지),564.3785234899326,0.7089251386829242,,,,,,,,
202008상순,411.0,사과,5.0,후지,상품,개,10.0,27768.0,,24879.0,25279.0,23419.3333333333,2020,상순,2020-08-01,사과-후지,8,1,False,False,False,False,False,False,False,True,False,False,False,False,True,False,False,사과(후지),564.3785234899326,0.7089251386829242,,,,,,,,
202008상순,411.0,사과,5.0,후지,상품,개,10.0,27768.0,,24879.0,25279.0,23419.3333333333,2020,상순,2020-08-01,사과-후지,8,1,False,False,False,False,False,False,False,True,False,False,False,False,True,False,False,사과(후지),564.3785234899326,0.7089251386829242,,,,,,,,
202008상순,411.0,사과,5.0,후지,상품,개,10.0,27768.0,,24879.0,25279.0,23419.3333333333,2020,상순,2020-08-01,사과-후지,8,1,False,False,False,False,False,False,False,True,False,False,False,False,True,False,False,사과(후지),564.3785234899326,0.7089251386829242,,,,,,,,
202008상순,411.0,사과,5.0,후지,상품,개,10.0,27768.0,,24879.0,25279.0,23419.3333333333,2020,상순,2020-08-01,사과-후지,8,1,False,False,False,False,False,False,False,True,False,False,False,False,True,False,False,사과(후지),564.3785234899326,0.7089251386829242,,,,,,,,
202008상순,411.0,사과,5.0,후지,상품,개,10.0,27768.0,,24879.0,25279.0,23419.3333333333,2020,상순,2020-08-01,사과-후지,8,1,False,False,False,False,False,False,False,True,False,False,False,False,True,False,False,사과(후지),564.3785234899326,0.7089251386829242,,,,,,,,
202008상순,411.0,사과,5.0,후지,상품,개,10.0,27768.0,,24879.0,25279.0,23419.3333333333,2020,상순,2020-08-01,사과-후지,8,1,False,False,False,False,False,False,False,True,False,False,False,False,True,False,False,사과(후지),564.3785234899326,0.7089251386829242,,,,,,,,
202008상순,411.0,사과,5.0,후지,상품,개,10.0,27768.0,,24879.0,25279.0,23419.3333333333,2020,상순,2020-08-01,사과-후지,8,1,False,False,False,False,False,False,False,True,False,False,False,False,True,False,False,사과(후지),564.3785234899326,0.7089251386829242,,,,,,,,
202008상순,411.0,사과,5.0,후지,상품,개,10.0,27768.0,,24879.0,25279.0,23419.3333333333,2020,상순,2020-08-01,사과-후지,8,1,False,False,False,False,False,False,False,True,False,False,False,False,True,False,False,사과(후지),564.3785234899326,0.7089251386829242,,,,,,,,
202008상순,411.0,사과,5.0,후지,상품,개,10.0,27768.0,,24879.0,25279.0,23419.3333333333,2020,상순,2020-08-01,사과-후지,8,1,False,False,False,False,False,False,False,True,False,False,False,False,True,False,False,사과(후지),564.3785234899326,0.7089251386829242,,,,,,,,
202008상순,411.0,사과,5.0,후지,상품,개,10.0,27768.0,,24879.0,25279.0,23419.3333333333,2020,상순,2020-08-01,사과-후지,8,1,False,False,False,False,False,False,False,True,False,False,False,False,True,False,False,사과(후지),564.3785234899326,0.7089251386829242,,,,,,,,
202008상순,411.0,사과,5.0,후지,상품,개,10.0,27768.0,,24879.0,25279.0,23419.3333333333,2020,상순,2020-08-01,사과-후지,8,1,False,False,False,False,False,False,False,True,False,False,False,False,True,False,False,사과(후지),564.3785234899326,0.7089251386829242,,,,,,,,
202008상순,411.0,사과,5.0,후지,상품,개,10.0,27768.0,,24879.0,25279.0,23419.3333333333,2020,상순,2020-08-01,사과-후지,8,1,False,False,False,False,False,False,False,True,False,False,False,False,True,False,False,사과(후지),564.3785234899326,0.7089251386829242,,,,,,,,
202008상순,411.0,사과,5.0,후지,상품,개,10.0,27768.0,,24879.0,25279.0,23419.3333333333,2020,상순,2020-08-01,사과-후지,8,1,False,False,False,False,False,False,False,True,False,False,False,False,True,False,False,사과(후지),564.3785234899326,0.7089251386829242,,,,,,,,
202008상순,411.0,사과,5.0,후지,상품,개,10.0,27768.0,,24879.0,25279.0,23419.3333333333,2020,상순,2020-08-01,사과-후지,8,1,False,False,False,False,False,False,False,True,False,False,False,False,True,False,False,사과(후지),564.3785234899326,0.7089251386829242,,,,,,,,
202008중순,411.0,사과,5.0,후지,상품,개,10.0,27649.0,,26075.0,25974.0,23929.6666666666,2020,중순,2020-08-11,사과-후지,8,11,False,False,False,False,False,False,False,True,False,False,False,False,False,True,False,사과(후지),585.9302013422816,0.7420705687535825,,,,,,,,
202008중순,411.0,사과,5.0,후지,상품,개,10.0,27649.0,,26075.0,25974.0,23929.6666666666,2020,중순,2020-08-11,사과-후지,8,11,False,False,False,False,False,False,False,True,False,False,False,False,False,True,False,사과(후지),585.9302013422816,0.7420705687535825,,,,,,,,
202008중순,411.0,사과,5.0,후지,상품,개,10.0,27649.0,,26075.0,25974.0,23929.6666666666,2020,중순,2020-08-11,사과-후지,8,11,False,False,False,False,False,False,False,True,False,False,False,False,False,True,False,사과(후지),585.9302013422816,0.7420705687535825,,,,,,,,
202008중순,411.0,사과,5.0,후지,상품,개,10.0,27649.0,,26075.0,25974.0,23929.6666666666,2020,중순,2020-08-11,사과-후지,8,11,False,False,False,False,False,False,False,True,False,False,False,False,False,True,False,사과(후지),585.9302013422816,0.7420705687535825,,,,,,,,
202008중순,411.0,사과,5.0,후지,상품,개,10.0,27649.0,,26075.0,25974.0,23929.6666666666,2020,중순,2020-08-11,사과-후지,8,11,False,False,False,False,False,False,False,True,False,False,False,False,False,True,False,사과(후지),585.9302013422816,0.7420705687535825,,,,,,,,
202008중순,411.0,사과,5.0,후지,상품,개,10.0,27649.0,,26075.0,25974.0,23929.6666666666,2020,중순,2020-08-11,사과-후지,8,11,False,False,False,False,False,False,False,True,False,False,False,False,False,True,False,사과(후지),585.9302013422816,0.7420705687535825,,,,,,,,
202008중순,411.0,사과,5.0,후지,상품,개,10.0,27649.0,,26075.0,25974.0,23929.6666666666,2020,중순,2020-08-11,사과-후지,8,11,False,False,False,False,False,False,False,True,False,False,False,False,False,True,False,사과(후지),585.9302013422816,0.7420705687535825,,,,,,,,
202008중순,411.0,사과,5.0,후지,상품,개,10.0,27649.0,,26075.0,25974.0,23929.6666666666,2020,중순,2020-08-11,사과-후지,8,11,False,False,False,False,False,False,False,True,False,False,False,False,False,True,False,사과(후지),585.9302013422816,0.7420705687535825,,,,,,,,
202008중순,411.0,사과,5.0,후지,상품,개,10.0,27649.0,,26075.0,25974.0,23929.6666666666,2020,중순,2020-08-11,사과-후지,8,11,False,False,False,False,False,False,False,True,False,False,False,False,False,True,False,사과(후지),585.9302013422816,0.7420705687535825,,,,,,,,
202008중순,411.0,사과,5.0,후지,상품,개,10.0,27649.0,,26075.0,25974.0,23929.6666666666,2020,중순,2020-08-11,사과-후지,8,11,False,False,False,False,False,False,False,True,False,False,False,False,False,True,False,사과(후지),585.9302013422816,0.7420705687535825,,,,,,,,
202008중순,411.0,사과,5.0,후지,상품,개,10.0,27649.0,,26075.0,25974.0,23929.6666666666,2020,중순,2020-08-11,사과-후지,8,11,False,False,False,False,False,False,False,True,False,False,False,False,False,True,False,사과(후지),585.9302013422816,0.7420705687535825,,,,,,,,
202008중순,411.0,사과,5.0,후지,상품,개,10.0,27649.0,,26075.0,25974.0,23929.6666666666,2020,중순,2020-08-11,사과-후지,8,11,False,False,False,False,False,False,False,True,False,False,False,False,False,True,False,사과(후지),585.9302013422816,0.7420705687535825,,,,,,,,
202008중순,411.0,사과,5.0,후지,상품,개,10.0,27649.0,,26075.0,25974.0,23929.6666666666,2020,중순,2020-08-11,사과-후지,8,11,False,False,False,False,False,False,False,True,False,False,False,False,False,True,False,사과(후지),585.9302013422816,0.7420705687535825,,,,,,,,
202008중순,411.0,사과,5.0,후지,상품,개,10.0,27649.0,,26075.0,25974.0,23929.6666666666,2020,중순,2020-08-11,사과-후지,8,11,False,False,False,False,False,False,False,True,False,False,False,False,False,True,False,사과(후지),585.9302013422816,0.7420705687535825,,,,,,,,
202008중순,411.0,사과,5.0,후지,상품,개,10.0,27649.0,,26075.0,25974.0,23929.6666666666,2020,중순,2020-08-11,사과-후지,8,11,False,False,False,False,False,False,False,True,False,False,False,False,False,True,False,사과(후지),585.9302013422816,0.7420705687535825,,,,,,,,
202008중순,411.0,사과,5.0,후지,상품,개,10.0,27649.0,,26075.0,25974.0,23929.6666666666,2020,중순,2020-08-11,사과-후지,8,11,False,False,False,False,False,False,False,True,False,False,False,False,False,True,False,사과(후지),585.9302013422816,0.7420705687535825,,,,,,,,
202008중순,411.0,사과,5.0,후지,상품,개,10.0,27649.0,,26075.0,25974.0,23929.6666666666,2020,중순,2020-08-11,사과-후지,8,11,False,False,False,False,False,False,False,True,False,False,False,False,False,True,False,사과(후지),585.9302013422816,0.7420705687535825,,,,,,,,
202008중순,411.0,사과,5.0,후지,상품,개,10.0,27649.0,,26075.0,25974.0,23929.6666666666,2020,중순,2020-08-11,사과-후지,8,11,False,False,False,False,False,False,False,True,False,False,False,False,False,True,False,사과(후지),585.9302013422816,0.7420705687535825,,,,,,,,
202008중순,411.0,사과,5.0,후지,상품,개,10.0,27649.0,,26075.0,25974.0,23929.6666666666,2020,중순,2020-08-11,사과-후지,8,11,False,False,False,False,False,False,False,True,False,False,False,False,False,True,False,사과(후지),585.9302013422816,0.7420705687535825,,,,,,,,
202008중순,411.0,사과,5.0,후지,상품,개,10.0,27649.0,,26075.0,25974.0,23929.6666666666,2020,중순,2020-08-11,사과-후지,8,11,False,False,False,False,False,False,False,True,False,False,False,False,False,True,False,사과(후지),585.9302013422816,0.7420705687535825,,,,,,,,
202008중순,411.0,사과,5.0,후지,상품,개,10.0,27649.0,,26075.0,25974.0,23929.6666666666,2020,중순,2020-08-11,사과-후지,8,11,False,False,False,False,False,False,False,True,False,False,False,False,False,True,False,사과(후지),585.9302013422816,0.7420705687535825,,,,,,,,
202008중순,411.0,사과,5.0,후지,상품,개,10.0,27649.0,,26075.0,25974.0,23929.6666666666,2020,중순,2020-08-11,사과-후지,8,11,False,False,False,False,False,False,False,True,False,False,False,False,False,True,False,사과(후지),585.9302013422816,0.7420705687535825,,,,,,,,
202008중순,411.0,사과,5.0,후지,상품,개,10.0,27649.0,,26075.0,25974.0,23929.6666666666,2020,중순,2020-08-11,사과-후지,8,11,False,False,False,False,False,False,False,True,False,False,False,False,False,True,False,사과(후지),585.9302013422816,0.7420705687535825,,,,,,,,
202008중순,411.0,사과,5.0,후지,상품,개,10.0,27649.0,,26075.0,25974.0,23929.6666666666,2020,중순,2020-08-11,사과-후지,8,11,False,False,False,False,False,False,False,True,False,False,False,False,False,True,False,사과(후지),585.9302013422816,0.7420705687535825,,,,,,,,
202008중순,411.0,사과,5.0,후지,상품,개,10.0,27649.0,,26075.0,25974.0,23929.6666666666,2020,중순,2020-08-11,사과-후지,8,11,False,False,False,False,False,False,False,True,False,False,False,False,False,True,False,사과(후지),585.9302013422816,0.7420705687535825,,,,,,,,
202008하순,411.0,사과,5.0,후지,상품,개,10.0,26514.0,,26973.0,26672.0,23489.6666666666,2020,하순,2020-08-21,사과-후지,8,21,False,False,False,False,False,False,False,True,False,False,False,False,False,False,True,사과(후지),623.3516778523489,0.7745907423087779,,,,,,,,
202008하순,411.0,사과,5.0,후지,상품,개,10.0,26514.0,,26973.0,26672.0,23489.6666666666,2020,하순,2020-08-21,사과-후지,8,21,False,False,False,False,False,False,False,True,False,False,False,False,False,False,True,사과(후지),623.3516778523489,0.7745907423087779,,,,,,,,
202008하순,411.0,사과,5.0,후지,상품,개,10.0,26514.0,,26973.0,26672.0,23489.6666666666,2020,하순,2020-08-21,사과-후지,8,21,False,False,False,False,False,False,False,True,False,False,False,False,False,False,True,사과(후지),623.3516778523489,0.7745907423087779,,,,,,,,
202008하순,411.0,사과,5.0,후지,상품,개,10.0,26514.0,,26973.0,26672.0,23489.6666666666,2020,하순,2020-08-21,사과-후지,8,21,False,False,False,False,False,False,False,True,False,False,False,False,False,False,True,사과(후지),623.3516778523489,0.7745907423087779,,,,,,,,
202008하순,411.0,사과,5.0,후지,상품,개,10.0,26514.0,,26973.0,26672.0,23489.6666666666,2020,하순,2020-08-21,사과-후지,8,21,False,False,False,False,False,False,False,True,False,False,False,False,False,False,True,사과(후지),623.3516778523489,0.7745907423087779,,,,,,,,
202008하순,411.0,사과,5.0,후지,상품,개,10.0,26514.0,,26973.0,26672.0,23489.6666666666,2020,하순,2020-08-21,사과-후지,8,21,False,False,False,False,False,False,False,True,False,False,False,False,False,False,True,사과(후지),623.3516778523489,0.7745907423087779,,,,,,,,
202008하순,411.0,사과,5.0,후지,상품,개,10.0,26514.0,,26973.0,26672.0,23489.6666666666,2020,하순,2020-08-21,사과-후지,8,21,False,False,False,False,False,False,False,True,False,False,False,False,False,False,True,사과(후지),623.3516778523489,0.7745907423087779,,,,,,,,
202008하순,411.0,사과,5.0,후지,상품,개,10.0,26514.0,,26973.0,26672.0,23489.6666666666,2020,하순,2020-08-21,사과-후지,8,21,False,False,False,False,False,False,False,True,False,False,False,False,False,False,True,사과(후지),623.3516778523489,0.7745907423087779,,,,,,,,
202008하순,411.0,사과,5.0,후지,상품,개,10.0,26514.0,,26973.0,26672.0,23489.6666666666,2020,하순,2020-08-21,사과-후지,8,21,False,False,False,False,False,False,False,True,False,False,False,False,False,False,True,사과(후지),623.3516778523489,0.7745907423087779,,,,,,,,
202008하순,411.0,사과,5.0,후지,상품,개,10.0,26514.0,,26973.0,26672.0,23489.6666666666,2020,하순,2020-08-21,사과-후지,8,21,False,False,False,False,False,False,False,True,False,False,False,False,False,False,True,사과(후지),623.3516778523489,0.7745907423087779,,,,,,,,
202008하순,411.0,사과,5.0,후지,상품,개,10.0,26514.0,,26973.0,26672.0,23489.6666666666,2020,하순,2020-08-21,사과-후지,8,21,False,False,False,False,False,False,False,True,False,False,False,False,False,False,True,사과(후지),623.3516778523489,0.7745907423087779,,,,,,,,
202008하순,411.0,사과,5.0,후지,상품,개,10.0,26514.0,,26973.0,26672.0,23489.6666666666,2020,하순,2020-08-21,사과-후지,8,21,False,False,False,False,False,False,False,True,False,False,False,False,False,False,True,사과(후지),623.3516778523489,0.7745907423087779,,,,,,,,
202008하순,411.0,사과,5.0,후지,상품,개,10.0,26514.0,,26973.0,26672.0,23489.6666666666,2020,하순,2020-08-21,사과-후지,8,21,False,False,False,False,False,False,False,True,False,False,False,False,False,False,True,사과(후지),623.3516778523489,0.7745907423087779,,,,,,,,
202008하순,411.0,사과,5.0,후지,상품,개,10.0,26514.0,,26973.0,26672.0,23489.6666666666,2020,하순,2020-08-21,사과-후지,8,21,False,False,False,False,False,False,False,True,False,False,False,False,False,False,True,사과(후지),623.3516778523489,0.7745907423087779,,,,,,,,
202008하순,411.0,사과,5.0,후지,상품,개,10.0,26514.0,,26973.0,26672.0,23489.6666666666,2020,하순,2020-08-21,사과-후지,8,21,False,False,False,False,False,False,False,True,False,False,False,False,False,False,True,사과(후지),623.3516778523489,0.7745907423087779,,,,,,,,
202008하순,411.0,사과,5.0,후지,상품,개,10.0,26514.0,,26973.0,26672.0,23489.6666666666,2020,하순,2020-08-21,사과-후지,8,21,False,False,False,False,False,False,False,True,False,False,False,False,False,False,True,사과(후지),623.3516778523489,0.7745907423087779,,,,,,,,
202008하순,411.0,사과,5.0,후지,상품,개,10.0,26514.0,,26973.0,26672.0,23489.6666666666,2020,하순,2020-08-21,사과-후지,8,21,False,False,False,False,False,False,False,True,False,False,False,False,False,False,True,사과(후지),623.3516778523489,0.7745907423087779,,,,,,,,
202008하순,411.0,사과,5.0,후지,상품,개,10.0,26514.0,,26973.0,26672.0,23489.6666666666,2020,하순,2020-08-21,사과-후지,8,21,False,False,False,False,False,False,False,True,False,False,False,False,False,False,True,사과(후지),623.3516778523489,0.7745907423087779,,,,,,,,
202008하순,411.0,사과,5.0,후지,상품,개,10.0,26514.0,,26973.0,26672.0,23489.6666666666,2020,하순,2020-08-21,사과-후지,8,21,False,False,False,False,False,False,False,True,False,False,False,False,False,False,True,사과(후지),623.3516778523489,0.7745907423087779,,,,,,,,
202008하순,411.0,사과,5.0,후지,상품,개,10.0,26514.0,,26973.0,26672.0,23489.6666666666,2020,하순,2020-08-21,사과-후지,8,21,False,False,False,False,False,False,False,True,False,False,False,False,False,False,True,사과(후지),623.3516778523489,0.7745907423087779,,,,,,,,
202008하순,411.0,사과,5.0,후지,상품,개,10.0,26514.0,,26973.0,26672.0,23489.6666666666,2020,하순,2020-08-21,사과-후지,8,21,False,False,False,False,False,False,False,True,False,False,False,False,False,False,True,사과(후지),623.3516778523489,0.7745907423087779,,,,,,,,
202008하순,411.0,사과,5.0,후지,상품,개,10.0,26514.0,,26973.0,26672.0,23489.6666666666,2020,하순,2020-08-21,사과-후지,8,21,False,False,False,False,False,False,False,True,False,False,False,False,False,False,True,사과(후지),623.3516778523489,0.7745907423087779,,,,,,,,
202008하순,411.0,사과,5.0,후지,상품,개,10.0,26514.0,,26973.0,26672.0,23489.6666666666,2020,하순,2020-08-21,사과-후지,8,21,False,False,False,False,False,False,False,True,False,False,False,False,False,False,True,사과(후지),623.3516778523489,0.7745907423087779,,,,,,,,
202008하순,411.0,사과,5.0,후지,상품,개,10.0,26514.0,,26973.0,26672.0,23489.6666666666,2020,하순,2020-08-21,사과-후지,8,21,False,False,False,False,False,False,False,True,False,False,False,False,False,False,True,사과(후지),623.3516778523489,0.7745907423087779,,,,,,,,
202008하순,411.0,사과,5.0,후지,상품,개,10.0,26514.0,,26973.0,26672.0,23489.6666666666,2020,하순,2020-08-21,사과-후지,8,21,False,False,False,False,False,False,False,True,False,False,False,False,False,False,True,사과(후지),623.3516778523489,0.7745907423087779,,,,,,,,
202008하순,411.0,사과,5.0,후지,상품,개,10.0,26514.0,,26973.0,26672.0,23489.6666666666,2020,하순,2020-08-21,사과-후지,8,21,False,False,False,False,False,False,False,True,False,False,False,False,False,False,True,사과(후지),623.3516778523489,0.7745907423087779,,,,,,,,
202008하순,411.0,사과,5.0,후지,상품,개,10.0,26514.0,,26973.0,26672.0,23489.6666666666,2020,하순,2020-08-21,사과-후지,8,21,False,False,False,False,False,False,False,True,False,False,False,False,False,False,True,사과(후지),623.3516778523489,0.7745907423087779,,,,,,,,
202008하순,411.0,사과,5.0,후지,상품,개,10.0,26514.0,,26973.0,26672.0,23489.6666666666,2020,하순,2020-08-21,사과-후지,8,21,False,False,False,False,False,False,False,True,False,False,False,False,False,False,True,사과(후지),623.3516778523489,0.7745907423087779,,,,,,,,
202008하순,411.0,사과,5.0,후지,상품,개,10.0,26514.0,,26973.0,26672.0,23489.6666666666,2020,하순,2020-08-21,사과-후지,8,21,False,False,False,False,False,False,False,True,False,False,False,False,False,False,True,사과(후지),623.3516778523489,0.7745907423087779,,,,,,,,
202010하순,411.0,사과,5.0,후지,상품,개,10.0,29715.0,,,18986.0,21809.6666666666,2020,하순,2020-10-21,사과-후지,10,21,False,False,False,False,False,False,False,False,False,True,False,False,False,False,True,사과(후지),705.1892617449662,0.7773952954675845,,,,,,,,
202010하순,411.0,사과,5.0,후지,상품,개,10.0,29715.0,,,18986.0,21809.6666666666,2020,하순,2020-10-21,사과-후지,10,21,False,False,False,False,False,False,False,False,False,True,False,False,False,False,True,사과(후지),705.1892617449662,0.7773952954675845,,,,,,,,
202010하순,411.0,사과,5.0,후지,상품,개,10.0,29715.0,,,18986.0,21809.6666666666,2020,하순,2020-10-21,사과-후지,10,21,False,False,False,False,False,False,False,False,False,True,False,False,False,False,True,사과(후지),705.1892617449662,0.7773952954675845,,,,,,,,
202010하순,411.0,사과,5.0,후지,상품,개,10.0,29715.0,,,18986.0,21809.6666666666,2020,하순,2020-10-21,사과-후지,10,21,False,False,False,False,False,False,False,False,False,True,False,False,False,False,True,사과(후지),705.1892617449662,0.7773952954675845,,,,,,,,
202010하순,411.0,사과,5.0,후지,상품,개,10.0,29715.0,,,18986.0,21809.6666666666,2020,하순,2020-10-21,사과-후지,10,21,False,False,False,False,False,False,False,False,False,True,False,False,False,False,True,사과(후지),705.1892617449662,0.7773952954675845,,,,,,,,
202010하순,411.0,사과,5.0,후지,상품,개,10.0,29715.0,,,18986.0,21809.6666666666,2020,하순,2020-10-21,사과-후지,10,21,False,False,False,False,False,False,False,False,False,True,False,False,False,False,True,사과(후지),705.1892617449662,0.7773952954675845,,,,,,,,
202010하순,411.0,사과,5.0,후지,상품,개,10.0,29715.0,,,18986.0,21809.6666666666,2020,하순,2020-10-21,사과-후지,10,21,False,False,False,False,False,False,False,False,False,True,False,False,False,False,True,사과(후지),705.1892617449662,0.7773952954675845,,,,,,,,
202010하순,411.0,사과,5.0,후지,상품,개,10.0,29715.0,,,18986.0,21809.6666666666,2020,하순,2020-10-21,사과-후지,10,21,False,False,False,False,False,False,False,False,False,True,False,False,False,False,True,사과(후지),705.1892617449662,0.7773952954675845,,,,,,,,
202010하순,411.0,사과,5.0,후지,상품,개,10.0,29715.0,,,18986.0,21809.6666666666,2020,하순,2020-10-21,사과-후지,10,21,False,False,False,False,False,False,False,False,False,True,False,False,False,False,True,사과(후지),705.1892617449662,0.7773952954675845,,,,,,,,
202010하순,411.0,사과,5.0,후지,상품,개,10.0,29715.0,,,18986.0,21809.6666666666,2020,하순,2020-10-21,사과-후지,10,21,False,False,False,False,False,False,False,False,False,True,False,False,False,False,True,사과(후지),705.1892617449662,0.7773952954675845,,,,,,,,
202010하순,411.0,사과,5.0,후지,상품,개,10.0,29715.0,,,18986.0,21809.6666666666,2020,하순,2020-10-21,사과-후지,10,21,False,False,False,False,False,False,False,False,False,True,False,False,False,False,True,사과(후지),705.1892617449662,0.7773952954675845,,,,,,,,
202010하순,411.0,사과,5.0,후지,상품,개,10.0,29715.0,,,18986.0,21809.6666666666,2020,하순,2020-10-21,사과-후지,10,21,False,False,False,False,False,False,False,False,False,True,False,False,False,False,True,사과(후지),705.1892617449662,0.7773952954675845,,,,,,,,
202010하순,411.0,사과,5.0,후지,상품,개,10.0,29715.0,,,18986.0,21809.6666666666,2020,하순,2020-10-21,사과-후지,10,21,False,False,False,False,False,False,False,False,False,True,False,False,False,False,True,사과(후지),705.1892617449662,0.7773952954675845,,,,,,,,
202010하순,411.0,사과,5.0,후지,상품,개,10.0,29715.0,,,18986.0,21809.6666666666,2020,하순,2020-10-21,사과-후지,10,21,False,False,False,False,False,False,False,False,False,True,False,False,False,False,True,사과(후지),705.1892617449662,0.7773952954675845,,,,,,,,
202010하순,411.0,사과,5.0,후지,상품,개,10.0,29715.0,,,18986.0,21809.6666666666,2020,하순,2020-10-21,사과-후지,10,21,False,False,False,False,False,False,False,False,False,True,False,False,False,False,True,사과(후지),705.1892617449662,0.7773952954675845,,,,,,,,
202010하순,411.0,사과,5.0,후지,상품,개,10.0,29715.0,,,18986.0,21809.6666666666,2020,하순,2020-10-21,사과-후지,10,21,False,False,False,False,False,False,False,False,False,True,False,False,False,False,True,사과(후지),705.1892617449662,0.7773952954675845,,,,,,,,
202010하순,411.0,사과,5.0,후지,상품,개,10.0,29715.0,,,18986.0,21809.6666666666,2020,하순,2020-10-21,사과-후지,10,21,False,False,False,False,False,False,False,False,False,True,False,False,False,False,True,사과(후지),705.1892617449662,0.7773952954675845,,,,,,,,
202010하순,411.0,사과,5.0,후지,상품,개,10.0,29715.0,,,18986.0,21809.6666666666,2020,하순,2020-10-21,사과-후지,10,21,False,False,False,False,False,False,False,False,False,True,False,False,False,False,True,사과(후지),705.1892617449662,0.7773952954675845,,,,,,,,
202010하순,411.0,사과,5.0,후지,상품,개,10.0,29715.0,,,18986.0,21809.6666666666,2020,하순,2020-10-21,사과-후지,10,21,False,False,False,False,False,False,False,False,False,True,False,False,False,False,True,사과(후지),705.1892617449662,0.7773952954675845,,,,,,,,
202010하순,411.0,사과,5.0,후지,상품,개,10.0,29715.0,,,18986.0,21809.6666666666,2020,하순,2020-10-21,사과-후지,10,21,False,False,False,False,False,False,False,False,False,True,False,False,False,False,True,사과(후지),705.1892617449662,0.7773952954675845,,,,,,,,
202010하순,411.0,사과,5.0,후지,상품,개,10.0,29715.0,,,18986.0,21809.6666666666,2020,하순,2020-10-21,사과-후지,10,21,False,False,False,False,False,False,False,False,False,True,False,False,False,False,True,사과(후지),705.1892617449662,0.7773952954675845,,,,,,,,
202010하순,411.0,사과,5.0,후지,상품,개,10.0,29715.0,,,18986.0,21809.6666666666,2020,하순,2020-10-21,사과-후지,10,21,False,False,False,False,False,False,False,False,False,True,False,False,False,False,True,사과(후지),705.1892617449662,0.7773952954675845,,,,,,,,
202010하순,411.0,사과,5.0,후지,상품,개,10.0,29715.0,,,18986.0,21809.6666666666,2020,하순,2020-10-21,사과-후지,10,21,False,False,False,False,False,False,False,False,False,True,False,False,False,False,True,사과(후지),705.1892617449662,0.7773952954675845,,,,,,,,
202010하순,411.0,사과,5.0,후지,상품,개,10.0,29715.0,,,18986.0,21809.6666666666,2020,하순,2020-10-21,사과-후지,10,21,False,False,False,False,False,False,False,False,False,True,False,False,False,False,True,사과(후지),705.1892617449662,0.7773952954675845,,,,,,,,
202010하순,411.0,사과,5.0,후지,상품,개,10.0,29715.0,,,18986.0,21809.6666666666,2020,하순,2020-10-21,사과-후지,10,21,False,False,False,False,False,False,False,False,False,True,False,False,False,False,True,사과(후지),705.1892617449662,0.7773952954675845,,,,,,,,
202010하순,411.0,사과,5.0,후지,상품,개,10.0,29715.0,,,18986.0,21809.6666666666,2020,하순,2020-10-21,사과-후지,10,21,False,False,False,False,False,False,False,False,False,True,False,False,False,False,True,사과(후지),705.1892617449662,0.7773952954675845,,,,,,,,
202010하순,411.0,사과,5.0,후지,상품,개,10.0,29715.0,,,18986.0,21809.6666666666,2020,하순,2020-10-21,사과-후지,10,21,False,False,False,False,False,False,False,False,False,True,False,False,False,False,True,사과(후지),705.1892617449662,0.7773952954675845,,,,,,,,
202010하순,411.0,사과,5.0,후지,상품,개,10.0,29715.0,,,18986.0,21809.6666666666,2020,하순,2020-10-21,사과-후지,10,21,False,False,False,False,False,False,False,False,False,True,False,False,False,False,True,사과(후지),705.1892617449662,0.7773952954675845,,,,,,,,
202011상순,411.0,사과,5.0,후지,상품,개,10.0,29099.0,,,19086.0,20129.6666666666,2020,상순,2020-11-01,사과-후지,11,1,False,False,False,False,False,False,False,False,False,False,True,False,True,False,False,사과(후지),662.3006711409394,0.7592318978873601,,,,,,,,
202011상순,411.0,사과,5.0,후지,상품,개,10.0,29099.0,,,19086.0,20129.6666666666,2020,상순,2020-11-01,사과-후지,11,1,False,False,False,False,False,False,False,False,False,False,True,False,True,False,False,사과(후지),662.3006711409394,0.7592318978873601,,,,,,,,
202011상순,411.0,사과,5.0,후지,상품,개,10.0,29099.0,,,19086.0,20129.6666666666,2020,상순,2020-11-01,사과-후지,11,1,False,False,False,False,False,False,False,False,False,False,True,False,True,False,False,사과(후지),662.3006711409394,0.7592318978873601,,,,,,,,
202011상순,411.0,사과,5.0,후지,상품,개,10.0,29099.0,,,19086.0,20129.6666666666,2020,상순,2020-11-01,사과-후지,11,1,False,False,False,False,False,False,False,False,False,False,True,False,True,False,False,사과(후지),662.3006711409394,0.7592318978873601,,,,,,,,
202011상순,411.0,사과,5.0,후지,상품,개,10.0,29099.0,,,19086.0,20129.6666666666,2020,상순,2020-11-01,사과-후지,11,1,False,False,False,False,False,False,False,False,False,False,True,False,True,False,False,사과(후지),662.3006711409394,0.7592318978873601,,,,,,,,
202011상순,411.0,사과,5.0,후지,상품,개,10.0,29099.0,,,19086.0,20129.6666666666,2020,상순,2020-11-01,사과-후지,11,1,False,False,False,False,False,False,False,False,False,False,True,False,True,False,False,사과(후지),662.3006711409394,0.7592318978873601,,,,,,,,
202011상순,411.0,사과,5.0,후지,상품,개,10.0,29099.0,,,19086.0,20129.6666666666,2020,상순,2020-11-01,사과-후지,11,1,False,False,False,False,False,False,False,False,False,False,True,False,True,False,False,사과(후지),662.3006711409394,0.7592318978873601,,,,,,,,
202011상순,411.0,사과,5.0,후지,상품,개,10.0,29099.0,,,19086.0,20129.6666666666,2020,상순,2020-11-01,사과-후지,11,1,False,False,False,False,False,False,False,False,False,False,True,False,True,False,False,사과(후지),662.3006711409394,0.7592318978873601,,,,,,,,
202011상순,411.0,사과,5.0,후지,상품,개,10.0,29099.0,,,19086.0,20129.6666666666,2020,상순,2020-11-01,사과-후지,11,1,False,False,False,False,False,False,False,False,False,False,True,False,True,False,False,사과(후지),662.3006711409394,0.7592318978873601,,,,,,,,
202011상순,411.0,사과,5.0,후지,상품,개,10.0,29099.0,,,19086.0,20129.6666666666,2020,상순,2020-11-01,사과-후지,11,1,False,False,False,False,False,False,False,False,False,False,True,False,True,False,False,사과(후지),662.3006711409394,0.7592318978873601,,,,,,,,
202011상순,411.0,사과,5.0,후지,상품,개,10.0,29099.0,,,19086.0,20129.6666666666,2020,상순,2020-11-01,사과-후지,11,1,False,False,False,False,False,False,False,False,False,False,True,False,True,False,False,사과(후지),662.3006711409394,0.7592318978873601,,,,,,,,
202011상순,411.0,사과,5.0,후지,상품,개,10.0,29099.0,,,19086.0,20129.6666666666,2020,상순,2020-11-01,사과-후지,11,1,False,False,False,False,False,False,False,False,False,False,True,False,True,False,False,사과(후지),662.3006711409394,0.7592318978873601,,,,,,,,
202011상순,411.0,사과,5.0,후지,상품,개,10.0,29099.0,,,19086.0,20129.6666666666,2020,상순,2020-11-01,사과-후지,11,1,False,False,False,False,False,False,False,False,False,False,True,False,True,False,False,사과(후지),662.3006711409394,0.7592318978873601,,,,,,,,
202011상순,411.0,사과,5.0,후지,상품,개,10.0,29099.0,,,19086.0,20129.6666666666,2020,상순,2020-11-01,사과-후지,11,1,False,False,False,False,False,False,False,False,False,False,True,False,True,False,False,사과(후지),662.3006711409394,0.7592318978873601,,,,,,,,
202011상순,411.0,사과,5.0,후지,상품,개,10.0,29099.0,,,19086.0,20129.6666666666,2020,상순,2020-11-01,사과-후지,11,1,False,False,False,False,False,False,False,False,False,False,True,False,True,False,False,사과(후지),662.3006711409394,0.7592318978873601,,,,,,,,
202011상순,411.0,사과,5.0,후지,상품,개,10.0,29099.0,,,19086.0,20129.6666666666,2020,상순,2020-11-01,사과-후지,11,1,False,False,False,False,False,False,False,False,False,False,True,False,True,False,False,사과(후지),662.3006711409394,0.7592318978873601,,,,,,,,
202011상순,411.0,사과,5.0,후지,상품,개,10.0,29099.0,,,19086.0,20129.6666666666,2020,상순,2020-11-01,사과-후지,11,1,False,False,False,False,False,False,False,False,False,False,True,False,True,False,False,사과(후지),662.3006711409394,0.7592318978873601,,,,,,,,
202011상순,411.0,사과,5.0,후지,상품,개,10.0,29099.0,,,19086.0,20129.6666666666,2020,상순,2020-11-01,사과-후지,11,1,False,False,False,False,False,False,False,False,False,False,True,False,True,False,False,사과(후지),662.3006711409394,0.7592318978873601,,,,,,,,
202011상순,411.0,사과,5.0,후지,상품,개,10.0,29099.0,,,19086.0,20129.6666666666,2020,상순,2020-11-01,사과-후지,11,1,False,False,False,False,False,False,False,False,False,False,True,False,True,False,False,사과(후지),662.3006711409394,0.7592318978873601,,,,,,,,
202011상순,411.0,사과,5.0,후지,상품,개,10.0,29099.0,,,19086.0,20129.6666666666,2020,상순,2020-11-01,사과-후지,11,1,False,False,False,False,False,False,False,False,False,False,True,False,True,False,False,사과(후지),662.3006711409394,0.7592318978873601,,,,,,,,
202011상순,411.0,사과,5.0,후지,상품,개,10.0,29099.0,,,19086.0,20129.6666666666,2020,상순,2020-11-01,사과-후지,11,1,False,False,False,False,False,False,False,False,False,False,True,False,True,False,False,사과(후지),662.3006711409394,0.7592318978873601,,,,,,,,
202011상순,411.0,사과,5.0,후지,상품,개,10.0,29099.0,,,19086.0,20129.6666666666,2020,상순,2020-11-01,사과-후지,11,1,False,False,False,False,False,False,False,False,False,False,True,False,True,False,False,사과(후지),662.3006711409394,0.7592318978873601,,,,,,,,
202011상순,411.0,사과,5.0,후지,상품,개,10.0,29099.0,,,19086.0,20129.6666666666,2020,상순,2020-11-01,사과-후지,11,1,False,False,False,False,False,False,False,False,False,False,True,False,True,False,False,사과(후지),662.3006711409394,0.7592318978873601,,,,,,,,
202011상순,411.0,사과,5.0,후지,상품,개,10.0,29099.0,,,19086.0,20129.6666666666,2020,상순,2020-11-01,사과-후지,11,1,False,False,False,False,False,False,False,False,False,False,True,False,True,False,False,사과(후지),662.3006711409394,0.7592318978873601,,,,,,,,
202011상순,411.0,사과,5.0,후지,상품,개,10.0,29099.0,,,19086.0,20129.6666666666,2020,상순,2020-11-01,사과-후지,11,1,False,False,False,False,False,False,False,False,False,False,True,False,True,False,False,사과(후지),662.3006711409394,0.7592318978873601,,,,,,,,
202011상순,411.0,사과,5.0,후지,상품,개,10.0,29099.0,,,19086.0,20129.6666666666,2020,상순,2020-11-01,사과-후지,11,1,False,False,False,False,False,False,False,False,False,False,True,False,True,False,False,사과(후지),662.3006711409394,0.7592318978873601,,,,,,,,
202011상순,411.0,사과,5.0,후지,상품,개,10.0,29099.0,,,19086.0,20129.6666666666,2020,상순,2020-11-01,사과-후지,11,1,False,False,False,False,False,False,False,False,False,False,True,False,True,False,False,사과(후지),662.3006711409394,0.7592318978873601,,,,,,,,
202011중순,411.0,사과,5.0,후지,상품,개,10.0,27159.0,,,18829.0,20126.3333333333,2020,중순,2020-11-11,사과-후지,11,11,False,False,False,False,False,False,False,False,False,False,True,False,False,True,False,사과(후지),656.3892617449662,0.7437240511211946,,,,,,,,
202011중순,411.0,사과,5.0,후지,상품,개,10.0,27159.0,,,18829.0,20126.3333333333,2020,중순,2020-11-11,사과-후지,11,11,False,False,False,False,False,False,False,False,False,False,True,False,False,True,False,사과(후지),656.3892617449662,0.7437240511211946,,,,,,,,
202011중순,411.0,사과,5.0,후지,상품,개,10.0,27159.0,,,18829.0,20126.3333333333,2020,중순,2020-11-11,사과-후지,11,11,False,False,False,False,False,False,False,False,False,False,True,False,False,True,False,사과(후지),656.3892617449662,0.7437240511211946,,,,,,,,
202011중순,411.0,사과,5.0,후지,상품,개,10.0,27159.0,,,18829.0,20126.3333333333,2020,중순,2020-11-11,사과-후지,11,11,False,False,False,False,False,False,False,False,False,False,True,False,False,True,False,사과(후지),656.3892617449662,0.7437240511211946,,,,,,,,
202011중순,411.0,사과,5.0,후지,상품,개,10.0,27159.0,,,18829.0,20126.3333333333,2020,중순,2020-11-11,사과-후지,11,11,False,False,False,False,False,False,False,False,False,False,True,False,False,True,False,사과(후지),656.3892617449662,0.7437240511211946,,,,,,,,
202011중순,411.0,사과,5.0,후지,상품,개,10.0,27159.0,,,18829.0,20126.3333333333,2020,중순,2020-11-11,사과-후지,11,11,False,False,False,False,False,False,False,False,False,False,True,False,False,True,False,사과(후지),656.3892617449662,0.7437240511211946,,,,,,,,
202011중순,411.0,사과,5.0,후지,상품,개,10.0,27159.0,,,18829.0,20126.3333333333,2020,중순,2020-11-11,사과-후지,11,11,False,False,False,False,False,False,False,False,False,False,True,False,False,True,False,사과(후지),656.3892617449662,0.7437240511211946,,,,,,,,
202011중순,411.0,사과,5.0,후지,상품,개,10.0,27159.0,,,18829.0,20126.3333333333,2020,중순,2020-11-11,사과-후지,11,11,False,False,False,False,False,False,False,False,False,False,True,False,False,True,False,사과(후지),656.3892617449662,0.7437240511211946,,,,,,,,
202011중순,411.0,사과,5.0,후지,상품,개,10.0,27159.0,,,18829.0,20126.3333333333,2020,중순,2020-11-11,사과-후지,11,11,False,False,False,False,False,False,False,False,False,False,True,False,False,True,False,사과(후지),656.3892617449662,0.7437240511211946,,,,,,,,
202011중순,411.0,사과,5.0,후지,상품,개,10.0,27159.0,,,18829.0,20126.3333333333,2020,중순,2020-11-11,사과-후지,11,11,False,False,False,False,False,False,False,False,False,False,True,False,False,True,False,사과(후지),656.3892617449662,0.7437240511211946,,,,,,,,
202011중순,411.0,사과,5.0,후지,상품,개,10.0,27159.0,,,18829.0,20126.3333333333,2020,중순,2020-11-11,사과-후지,11,11,False,False,False,False,False,False,False,False,False,False,True,False,False,True,False,사과(후지),656.3892617449662,0.7437240511211946,,,,,,,,
202011중순,411.0,사과,5.0,후지,상품,개,10.0,27159.0,,,18829.0,20126.3333333333,2020,중순,2020-11-11,사과-후지,11,11,False,False,False,False,False,False,False,False,False,False,True,False,False,True,False,사과(후지),656.3892617449662,0.7437240511211946,,,,,,,,
202011중순,411.0,사과,5.0,후지,상품,개,10.0,27159.0,,,18829.0,20126.3333333333,2020,중순,2020-11-11,사과-후지,11,11,False,False,False,False,False,False,False,False,False,False,True,False,False,True,False,사과(후지),656.3892617449662,0.7437240511211946,,,,,,,,
202011중순,411.0,사과,5.0,후지,상품,개,10.0,27159.0,,,18829.0,20126.3333333333,2020,중순,2020-11-11,사과-후지,11,11,False,False,False,False,False,False,False,False,False,False,True,False,False,True,False,사과(후지),656.3892617449662,0.7437240511211946,,,,,,,,
202011중순,411.0,사과,5.0,후지,상품,개,10.0,27159.0,,,18829.0,20126.3333333333,2020,중순,2020-11-11,사과-후지,11,11,False,False,False,False,False,False,False,False,False,False,True,False,False,True,False,사과(후지),656.3892617449662,0.7437240511211946,,,,,,,,
202011중순,411.0,사과,5.0,후지,상품,개,10.0,27159.0,,,18829.0,20126.3333333333,2020,중순,2020-11-11,사과-후지,11,11,False,False,False,False,False,False,False,False,False,False,True,False,False,True,False,사과(후지),656.3892617449662,0.7437240511211946,,,,,,,,
202011중순,411.0,사과,5.0,후지,상품,개,10.0,27159.0,,,18829.0,20126.3333333333,2020,중순,2020-11-11,사과-후지,11,11,False,False,False,False,False,False,False,False,False,False,True,False,False,True,False,사과(후지),656.3892617449662,0.7437240511211946,,,,,,,,
202011중순,411.0,사과,5.0,후지,상품,개,10.0,27159.0,,,18829.0,20126.3333333333,2020,중순,2020-11-11,사과-후지,11,11,False,False,False,False,False,False,False,False,False,False,True,False,False,True,False,사과(후지),656.3892617449662,0.7437240511211946,,,,,,,,
202011중순,411.0,사과,5.0,후지,상품,개,10.0,27159.0,,,18829.0,20126.3333333333,2020,중순,2020-11-11,사과-후지,11,11,False,False,False,False,False,False,False,False,False,False,True,False,False,True,False,사과(후지),656.3892617449662,0.7437240511211946,,,,,,,,
202011중순,411.0,사과,5.0,후지,상품,개,10.0,27159.0,,,18829.0,20126.3333333333,2020,중순,2020-11-11,사과-후지,11,11,False,False,False,False,False,False,False,False,False,False,True,False,False,True,False,사과(후지),656.3892617449662,0.7437240511211946,,,,,,,,
202011중순,411.0,사과,5.0,후지,상품,개,10.0,27159.0,,,18829.0,20126.3333333333,2020,중순,2020-11-11,사과-후지,11,11,False,False,False,False,False,False,False,False,False,False,True,False,False,True,False,사과(후지),656.3892617449662,0.7437240511211946,,,,,,,,
202011중순,411.0,사과,5.0,후지,상품,개,10.0,27159.0,,,18829.0,20126.3333333333,2020,중순,2020-11-11,사과-후지,11,11,False,False,False,False,False,False,False,False,False,False,True,False,False,True,False,사과(후지),656.3892617449662,0.7437240511211946,,,,,,,,
202011중순,411.0,사과,5.0,후지,상품,개,10.0,27159.0,,,18829.0,20126.3333333333,2020,중순,2020-11-11,사과-후지,11,11,False,False,False,False,False,False,False,False,False,False,True,False,False,True,False,사과(후지),656.3892617449662,0.7437240511211946,,,,,,,,
202011하순,411.0,사과,5.0,후지,상품,개,10.0,26942.0,,29715.0,18390.0,19863.6666666666,2020,하순,2020-11-21,사과-후지,11,21,False,False,False,False,False,False,False,False,False,False,True,False,False,False,True,사과(후지),602.6738255033555,0.7213762766088347,,,,,,,,
202011하순,411.0,사과,5.0,후지,상품,개,10.0,26942.0,,29715.0,18390.0,19863.6666666666,2020,하순,2020-11-21,사과-후지,11,21,False,False,False,False,False,False,False,False,False,False,True,False,False,False,True,사과(후지),602.6738255033555,0.7213762766088347,,,,,,,,
202011하순,411.0,사과,5.0,후지,상품,개,10.0,26942.0,,29715.0,18390.0,19863.6666666666,2020,하순,2020-11-21,사과-후지,11,21,False,False,False,False,False,False,False,False,False,False,True,False,False,False,True,사과(후지),602.6738255033555,0.7213762766088347,,,,,,,,
202011하순,411.0,사과,5.0,후지,상품,개,10.0,26942.0,,29715.0,18390.0,19863.6666666666,2020,하순,2020-11-21,사과-후지,11,21,False,False,False,False,False,False,False,False,False,False,True,False,False,False,True,사과(후지),602.6738255033555,0.7213762766088347,,,,,,,,
202011하순,411.0,사과,5.0,후지,상품,개,10.0,26942.0,,29715.0,18390.0,19863.6666666666,2020,하순,2020-11-21,사과-후지,11,21,False,False,False,False,False,False,False,False,False,False,True,False,False,False,True,사과(후지),602.6738255033555,0.7213762766088347,,,,,,,,
202011하순,411.0,사과,5.0,후지,상품,개,10.0,26942.0,,29715.0,18390.0,19863.6666666666,2020,하순,2020-11-21,사과-후지,11,21,False,False,False,False,False,False,False,False,False,False,True,False,False,False,True,사과(후지),602.6738255033555,0.7213762766088347,,,,,,,,
202011하순,411.0,사과,5.0,후지,상품,개,10.0,26942.0,,29715.0,18390.0,19863.6666666666,2020,하순,2020-11-21,사과-후지,11,21,False,False,False,False,False,False,False,False,False,False,True,False,False,False,True,사과(후지),602.6738255033555,0.7213762766088347,,,,,,,,
202011하순,411.0,사과,5.0,후지,상품,개,10.0,26942.0,,29715.0,18390.0,19863.6666666666,2020,하순,2020-11-21,사과-후지,11,21,False,False,False,False,False,False,False,False,False,False,True,False,False,False,True,사과(후지),602.6738255033555,0.7213762766088347,,,,,,,,
202011하순,411.0,사과,5.0,후지,상품,개,10.0,26942.0,,29715.0,18390.0,19863.6666666666,2020,하순,2020-11-21,사과-후지,11,21,False,False,False,False,False,False,False,False,False,False,True,False,False,False,True,사과(후지),602.6738255033555,0.7213762766088347,,,,,,,,
202011하순,411.0,사과,5.0,후지,상품,개,10.0,26942.0,,29715.0,18390.0,19863.6666666666,2020,하순,2020-11-21,사과-후지,11,21,False,False,False,False,False,False,False,False,False,False,True,False,False,False,True,사과(후지),602.6738255033555,0.7213762766088347,,,,,,,,
202011하순,411.0,사과,5.0,후지,상품,개,10.0,26942.0,,29715.0,18390.0,19863.6666666666,2020,하순,2020-11-21,사과-후지,11,21,False,False,False,False,False,False,False,False,False,False,True,False,False,False,True,사과(후지),602.6738255033555,0.7213762766088347,,,,,,,,
202011하순,411.0,사과,5.0,후지,상품,개,10.0,26942.0,,29715.0,18390.0,19863.6666666666,2020,하순,2020-11-21,사과-후지,11,21,False,False,False,False,False,False,False,False,False,False,True,False,False,False,True,사과(후지),602.6738255033555,0.7213762766088347,,,,,,,,
202011하순,411.0,사과,5.0,후지,상품,개,10.0,26942.0,,29715.0,18390.0,19863.6666666666,2020,하순,2020-11-21,사과-후지,11,21,False,False,False,False,False,False,False,False,False,False,True,False,False,False,True,사과(후지),602.6738255033555,0.7213762766088347,,,,,,,,
202011하순,411.0,사과,5.0,후지,상품,개,10.0,26942.0,,29715.0,18390.0,19863.6666666666,2020,하순,2020-11-21,사과-후지,11,21,False,False,False,False,False,False,False,False,False,False,True,False,False,False,True,사과(후지),602.6738255033555,0.7213762766088347,,,,,,,,
202011하순,411.0,사과,5.0,후지,상품,개,10.0,26942.0,,29715.0,18390.0,19863.6666666666,2020,하순,2020-11-21,사과-후지,11,21,False,False,False,False,False,False,False,False,False,False,True,False,False,False,True,사과(후지),602.6738255033555,0.7213762766088347,,,,,,,,
202011하순,411.0,사과,5.0,후지,상품,개,10.0,26942.0,,29715.0,18390.0,19863.6666666666,2020,하순,2020-11-21,사과-후지,11,21,False,False,False,False,False,False,False,False,False,False,True,False,False,False,True,사과(후지),602.6738255033555,0.7213762766088347,,,,,,,,
202011하순,411.0,사과,5.0,후지,상품,개,10.0,26942.0,,29715.0,18390.0,19863.6666666666,2020,하순,2020-11-21,사과-후지,11,21,False,False,False,False,False,False,False,False,False,False,True,False,False,False,True,사과(후지),602.6738255033555,0.7213762766088347,,,,,,,,
202011하순,411.0,사과,5.0,후지,상품,개,10.0,26942.0,,29715.0,18390.0,19863.6666666666,2020,하순,2020-11-21,사과-후지,11,21,False,False,False,False,False,False,False,False,False,False,True,False,False,False,True,사과(후지),602.6738255033555,0.7213762766088347,,,,,,,,
202011하순,411.0,사과,5.0,후지,상품,개,10.0,26942.0,,29715.0,18390.0,19863.6666666666,2020,하순,2020-11-21,사과-후지,11,21,False,False,False,False,False,False,False,False,False,False,True,False,False,False,True,사과(후지),602.6738255033555,0.7213762766088347,,,,,,,,
202011하순,411.0,사과,5.0,후지,상품,개,10.0,26942.0,,29715.0,18390.0,19863.6666666666,2020,하순,2020-11-21,사과-후지,11,21,False,False,False,False,False,False,False,False,False,False,True,False,False,False,True,사과(후지),602.6738255033555,0.7213762766088347,,,,,,,,
202011하순,411.0,사과,5.0,후지,상품,개,10.0,26942.0,,29715.0,18390.0,19863.6666666666,2020,하순,2020-11-21,사과-후지,11,21,False,False,False,False,False,False,False,False,False,False,True,False,False,False,True,사과(후지),602.6738255033555,0.7213762766088347,,,,,,,,
202011하순,411.0,사과,5.0,후지,상품,개,10.0,26942.0,,29715.0,18390.0,19863.6666666666,2020,하순,2020-11-21,사과-후지,11,21,False,False,False,False,False,False,False,False,False,False,True,False,False,False,True,사과(후지),602.6738255033555,0.7213762766088347,,,,,,,,
202011하순,411.0,사과,5.0,후지,상품,개,10.0,26942.0,,29715.0,18390.0,19863.6666666666,2020,하순,2020-11-21,사과-후지,11,21,False,False,False,False,False,False,False,False,False,False,True,False,False,False,True,사과(후지),602.6738255033555,0.7213762766088347,,,,,,,,
202012상순,411.0,사과,5.0,후지,상품,개,10.0,26543.0,,29099.0,17583.0,19611.6666666666,2020,상순,2020-12-01,사과-후지,12,1,False,False,False,False,False,False,False,False,False,False,False,True,True,False,False,사과(후지),481.6120805369127,0.692037037037037,,,,,,,,
202012상순,411.0,사과,5.0,후지,상품,개,10.0,26543.0,,29099.0,17583.0,19611.6666666666,2020,상순,2020-12-01,사과-후지,12,1,False,False,False,False,False,False,False,False,False,False,False,True,True,False,False,사과(후지),481.6120805369127,0.692037037037037,,,,,,,,
202012상순,411.0,사과,5.0,후지,상품,개,10.0,26543.0,,29099.0,17583.0,19611.6666666666,2020,상순,2020-12-01,사과-후지,12,1,False,False,False,False,False,False,False,False,False,False,False,True,True,False,False,사과(후지),481.6120805369127,0.692037037037037,,,,,,,,
202012상순,411.0,사과,5.0,후지,상품,개,10.0,26543.0,,29099.0,17583.0,19611.6666666666,2020,상순,2020-12-01,사과-후지,12,1,False,False,False,False,False,False,False,False,False,False,False,True,True,False,False,사과(후지),481.6120805369127,0.692037037037037,,,,,,,,
202012상순,411.0,사과,5.0,후지,상품,개,10.0,26543.0,,29099.0,17583.0,19611.6666666666,2020,상순,2020-12-01,사과-후지,12,1,False,False,False,False,False,False,False,False,False,False,False,True,True,False,False,사과(후지),481.6120805369127,0.692037037037037,,,,,,,,
202012상순,411.0,사과,5.0,후지,상품,개,10.0,26543.0,,29099.0,17583.0,19611.6666666666,2020,상순,2020-12-01,사과-후지,12,1,False,False,False,False,False,False,False,False,False,False,False,True,True,False,False,사과(후지),481.6120805369127,0.692037037037037,,,,,,,,
202012상순,411.0,사과,5.0,후지,상품,개,10.0,26543.0,,29099.0,17583.0,19611.6666666666,2020,상순,2020-12-01,사과-후지,12,1,False,False,False,False,False,False,False,False,False,False,False,True,True,False,False,사과(후지),481.6120805369127,0.692037037037037,,,,,,,,
202012상순,411.0,사과,5.0,후지,상품,개,10.0,26543.0,,29099.0,17583.0,19611.6666666666,2020,상순,2020-12-01,사과-후지,12,1,False,False,False,False,False,False,False,False,False,False,False,True,True,False,False,사과(후지),481.6120805369127,0.692037037037037,,,,,,,,
202012상순,411.0,사과,5.0,후지,상품,개,10.0,26543.0,,29099.0,17583.0,19611.6666666666,2020,상순,2020-12-01,사과-후지,12,1,False,False,False,False,False,False,False,False,False,False,False,True,True,False,False,사과(후지),481.6120805369127,0.692037037037037,,,,,,,,
202012상순,411.0,사과,5.0,후지,상품,개,10.0,26543.0,,29099.0,17583.0,19611.6666666666,2020,상순,2020-12-01,사과-후지,12,1,False,False,False,False,False,False,False,False,False,False,False,True,True,False,False,사과(후지),481.6120805369127,0.692037037037037,,,,,,,,
202012상순,411.0,사과,5.0,후지,상품,개,10.0,26543.0,,29099.0,17583.0,19611.6666666666,2020,상순,2020-12-01,사과-후지,12,1,False,False,False,False,False,False,False,False,False,False,False,True,True,False,False,사과(후지),481.6120805369127,0.692037037037037,,,,,,,,
202012상순,411.0,사과,5.0,후지,상품,개,10.0,26543.0,,29099.0,17583.0,19611.6666666666,2020,상순,2020-12-01,사과-후지,12,1,False,False,False,False,False,False,False,False,False,False,False,True,True,False,False,사과(후지),481.6120805369127,0.692037037037037,,,,,,,,
202012상순,411.0,사과,5.0,후지,상품,개,10.0,26543.0,,29099.0,17583.0,19611.6666666666,2020,상순,2020-12-01,사과-후지,12,1,False,False,False,False,False,False,False,False,False,False,False,True,True,False,False,사과(후지),481.6120805369127,0.692037037037037,,,,,,,,
202012상순,411.0,사과,5.0,후지,상품,개,10.0,26543.0,,29099.0,17583.0,19611.6666666666,2020,상순,2020-12-01,사과-후지,12,1,False,False,False,False,False,False,False,False,False,False,False,True,True,False,False,사과(후지),481.6120805369127,0.692037037037037,,,,,,,,
202012상순,411.0,사과,5.0,후지,상품,개,10.0,26543.0,,29099.0,17583.0,19611.6666666666,2020,상순,2020-12-01,사과-후지,12,1,False,False,False,False,False,False,False,False,False,False,False,True,True,False,False,사과(후지),481.6120805369127,0.692037037037037,,,,,,,,
202012상순,411.0,사과,5.0,후지,상품,개,10.0,26543.0,,29099.0,17583.0,19611.6666666666,2020,상순,2020-12-01,사과-후지,12,1,False,False,False,False,False,False,False,False,False,False,False,True,True,False,False,사과(후지),481.6120805369127,0.692037037037037,,,,,,,,
202012상순,411.0,사과,5.0,후지,상품,개,10.0,26543.0,,29099.0,17583.0,19611.6666666666,2020,상순,2020-12-01,사과-후지,12,1,False,False,False,False,False,False,False,False,False,False,False,True,True,False,False,사과(후지),481.6120805369127,0.692037037037037,,,,,,,,
202012상순,411.0,사과,5.0,후지,상품,개,10.0,26543.0,,29099.0,17583.0,19611.6666666666,2020,상순,2020-12-01,사과-후지,12,1,False,False,False,False,False,False,False,False,False,False,False,True,True,False,False,사과(후지),481.6120805369127,0.692037037037037,,,,,,,,
202012상순,411.0,사과,5.0,후지,상품,개,10.0,26543.0,,29099.0,17583.0,19611.6666666666,2020,상순,2020-12-01,사과-후지,12,1,False,False,False,False,False,False,False,False,False,False,False,True,True,False,False,사과(후지),481.6120805369127,0.692037037037037,,,,,,,,
202012상순,411.0,사과,5.0,후지,상품,개,10.0,26543.0,,29099.0,17583.0,19611.6666666666,2020,상순,2020-12-01,사과-후지,12,1,False,False,False,False,False,False,False,False,False,False,False,True,True,False,False,사과(후지),481.6120805369127,0.692037037037037,,,,,,,,
202012상순,411.0,사과,5.0,후지,상품,개,10.0,26543.0,,29099.0,17583.0,19611.6666666666,2020,상순,2020-12-01,사과-후지,12,1,False,False,False,False,False,False,False,False,False,False,False,True,True,False,False,사과(후지),481.6120805369127,0.692037037037037,,,,,,,,
202012상순,411.0,사과,5.0,후지,상품,개,10.0,26543.0,,29099.0,17583.0,19611.6666666666,2020,상순,2020-12-01,사과-후지,12,1,False,False,False,False,False,False,False,False,False,False,False,True,True,False,False,사과(후지),481.6120805369127,0.692037037037037,,,,,,,,
202012상순,411.0,사과,5.0,후지,상품,개,10.0,26543.0,,29099.0,17583.0,19611.6666666666,2020,상순,2020-12-01,사과-후지,12,1,False,False,False,False,False,False,False,False,False,False,False,True,True,False,False,사과(후지),481.6120805369127,0.692037037037037,,,,,,,,
202012중순,411.0,사과,5.0,후지,상품,개,10.0,27134.0,,27159.0,17745.0,19575.3333333333,2020,중순,2020-12-11,사과-후지,12,11,False,False,False,False,False,False,False,False,False,False,False,True,False,True,False,사과(후지),256.97583892617433,0.6293172960623573,,,,,,,,
202012중순,411.0,사과,5.0,후지,상품,개,10.0,27134.0,,27159.0,17745.0,19575.3333333333,2020,중순,2020-12-11,사과-후지,12,11,False,False,False,False,False,False,False,False,False,False,False,True,False,True,False,사과(후지),256.97583892617433,0.6293172960623573,,,,,,,,
202012중순,411.0,사과,5.0,후지,상품,개,10.0,27134.0,,27159.0,17745.0,19575.3333333333,2020,중순,2020-12-11,사과-후지,12,11,False,False,False,False,False,False,False,False,False,False,False,True,False,True,False,사과(후지),256.97583892617433,0.6293172960623573,,,,,,,,
202012중순,411.0,사과,5.0,후지,상품,개,10.0,27134.0,,27159.0,17745.0,19575.3333333333,2020,중순,2020-12-11,사과-후지,12,11,False,False,False,False,False,False,False,False,False,False,False,True,False,True,False,사과(후지),256.97583892617433,0.6293172960623573,,,,,,,,
202012중순,411.0,사과,5.0,후지,상품,개,10.0,27134.0,,27159.0,17745.0,19575.3333333333,2020,중순,2020-12-11,사과-후지,12,11,False,False,False,False,False,False,False,False,False,False,False,True,False,True,False,사과(후지),256.97583892617433,0.6293172960623573,,,,,,,,
202012중순,411.0,사과,5.0,후지,상품,개,10.0,27134.0,,27159.0,17745.0,19575.3333333333,2020,중순,2020-12-11,사과-후지,12,11,False,False,False,False,False,False,False,False,False,False,False,True,False,True,False,사과(후지),256.97583892617433,0.6293172960623573,,,,,,,,
202012중순,411.0,사과,5.0,후지,상품,개,10.0,27134.0,,27159.0,17745.0,19575.3333333333,2020,중순,2020-12-11,사과-후지,12,11,False,False,False,False,False,False,False,False,False,False,False,True,False,True,False,사과(후지),256.97583892617433,0.6293172960623573,,,,,,,,
202012중순,411.0,사과,5.0,후지,상품,개,10.0,27134.0,,27159.0,17745.0,19575.3333333333,2020,중순,2020-12-11,사과-후지,12,11,False,False,False,False,False,False,False,False,False,False,False,True,False,True,False,사과(후지),256.97583892617433,0.6293172960623573,,,,,,,,
202012중순,411.0,사과,5.0,후지,상품,개,10.0,27134.0,,27159.0,17745.0,19575.3333333333,2020,중순,2020-12-11,사과-후지,12,11,False,False,False,False,False,False,False,False,False,False,False,True,False,True,False,사과(후지),256.97583892617433,0.6293172960623573,,,,,,,,
202012중순,411.0,사과,5.0,후지,상품,개,10.0,27134.0,,27159.0,17745.0,19575.3333333333,2020,중순,2020-12-11,사과-후지,12,11,False,False,False,False,False,False,False,False,False,False,False,True,False,True,False,사과(후지),256.97583892617433,0.6293172960623573,,,,,,,,
202012중순,411.0,사과,5.0,후지,상품,개,10.0,27134.0,,27159.0,17745.0,19575.3333333333,2020,중순,2020-12-11,사과-후지,12,11,False,False,False,False,False,False,False,False,False,False,False,True,False,True,False,사과(후지),256.97583892617433,0.6293172960623573,,,,,,,,
202012중순,411.0,사과,5.0,후지,상품,개,10.0,27134.0,,27159.0,17745.0,19575.3333333333,2020,중순,2020-12-11,사과-후지,12,11,False,False,False,False,False,False,False,False,False,False,False,True,False,True,False,사과(후지),256.97583892617433,0.6293172960623573,,,,,,,,
202012중순,411.0,사과,5.0,후지,상품,개,10.0,27134.0,,27159.0,17745.0,19575.3333333333,2020,중순,2020-12-11,사과-후지,12,11,False,False,False,False,False,False,False,False,False,False,False,True,False,True,False,사과(후지),256.97583892617433,0.6293172960623573,,,,,,,,
202012중순,411.0,사과,5.0,후지,상품,개,10.0,27134.0,,27159.0,17745.0,19575.3333333333,2020,중순,2020-12-11,사과-후지,12,11,False,False,False,False,False,False,False,False,False,False,False,True,False,True,False,사과(후지),256.97583892617433,0.6293172960623573,,,,,,,,
202012중순,411.0,사과,5.0,후지,상품,개,10.0,27134.0,,27159.0,17745.0,19575.3333333333,2020,중순,2020-12-11,사과-후지,12,11,False,False,False,False,False,False,False,False,False,False,False,True,False,True,False,사과(후지),256.97583892617433,0.6293172960623573,,,,,,,,
202012중순,411.0,사과,5.0,후지,상품,개,10.0,27134.0,,27159.0,17745.0,19575.3333333333,2020,중순,2020-12-11,사과-후지,12,11,False,False,False,False,False,False,False,False,False,False,False,True,False,True,False,사과(후지),256.97583892617433,0.6293172960623573,,,,,,,,
202012중순,411.0,사과,5.0,후지,상품,개,10.0,27134.0,,27159.0,17745.0,19575.3333333333,2020,중순,2020-12-11,사과-후지,12,11,False,False,False,False,False,False,False,False,False,False,False,True,False,True,False,사과(후지),256.97583892617433,0.6293172960623573,,,,,,,,
202012중순,411.0,사과,5.0,후지,상품,개,10.0,27134.0,,27159.0,17745.0,19575.3333333333,2020,중순,2020-12-11,사과-후지,12,11,False,False,False,False,False,False,False,False,False,False,False,True,False,True,False,사과(후지),256.97583892617433,0.6293172960623573,,,,,,,,
202012중순,411.0,사과,5.0,후지,상품,개,10.0,27134.0,,27159.0,17745.0,19575.3333333333,2020,중순,2020-12-11,사과-후지,12,11,False,False,False,False,False,False,False,False,False,False,False,True,False,True,False,사과(후지),256.97583892617433,0.6293172960623573,,,,,,,,
202012중순,411.0,사과,5.0,후지,상품,개,10.0,27134.0,,27159.0,17745.0,19575.3333333333,2020,중순,2020-12-11,사과-후지,12,11,False,False,False,False,False,False,False,False,False,False,False,True,False,True,False,사과(후지),256.97583892617433,0.6293172960623573,,,,,,,,
202012중순,411.0,사과,5.0,후지,상품,개,10.0,27134.0,,27159.0,17745.0,19575.3333333333,2020,중순,2020-12-11,사과-후지,12,11,False,False,False,False,False,False,False,False,False,False,False,True,False,True,False,사과(후지),256.97583892617433,0.6293172960623573,,,,,,,,
202012중순,411.0,사과,5.0,후지,상품,개,10.0,27134.0,,27159.0,17745.0,19575.3333333333,2020,중순,2020-12-11,사과-후지,12,11,False,False,False,False,False,False,False,False,False,False,False,True,False,True,False,사과(후지),256.97583892617433,0.6293172960623573,,,,,,,,
202012중순,411.0,사과,5.0,후지,상품,개,10.0,27134.0,,27159.0,17745.0,19575.3333333333,2020,중순,2020-12-11,사과-후지,12,11,False,False,False,False,False,False,False,False,False,False,False,True,False,True,False,사과(후지),256.97583892617433,0.6293172960623573,,,,,,,,
202012하순,411.0,사과,5.0,후지,상품,개,10.0,27935.0,,26942.0,18227.0,19822.6666666666,2020,하순,2020-12-21,사과-후지,12,21,False,False,False,False,False,False,False,False,False,False,False,True,False,False,True,사과(후지),238.66845637583882,0.5681069680359117,,,,,,,,
202012하순,411.0,사과,5.0,후지,상품,개,10.0,27935.0,,26942.0,18227.0,19822.6666666666,2020,하순,2020-12-21,사과-후지,12,21,False,False,False,False,False,False,False,False,False,False,False,True,False,False,True,사과(후지),238.66845637583882,0.5681069680359117,,,,,,,,
202012하순,411.0,사과,5.0,후지,상품,개,10.0,27935.0,,26942.0,18227.0,19822.6666666666,2020,하순,2020-12-21,사과-후지,12,21,False,False,False,False,False,False,False,False,False,False,False,True,False,False,True,사과(후지),238.66845637583882,0.5681069680359117,,,,,,,,
202012하순,411.0,사과,5.0,후지,상품,개,10.0,27935.0,,26942.0,18227.0,19822.6666666666,2020,하순,2020-12-21,사과-후지,12,21,False,False,False,False,False,False,False,False,False,False,False,True,False,False,True,사과(후지),238.66845637583882,0.5681069680359117,,,,,,,,
202012하순,411.0,사과,5.0,후지,상품,개,10.0,27935.0,,26942.0,18227.0,19822.6666666666,2020,하순,2020-12-21,사과-후지,12,21,False,False,False,False,False,False,False,False,False,False,False,True,False,False,True,사과(후지),238.66845637583882,0.5681069680359117,,,,,,,,
202012하순,411.0,사과,5.0,후지,상품,개,10.0,27935.0,,26942.0,18227.0,19822.6666666666,2020,하순,2020-12-21,사과-후지,12,21,False,False,False,False,False,False,False,False,False,False,False,True,False,False,True,사과(후지),238.66845637583882,0.5681069680359117,,,,,,,,
202012하순,411.0,사과,5.0,후지,상품,개,10.0,27935.0,,26942.0,18227.0,19822.6666666666,2020,하순,2020-12-21,사과-후지,12,21,False,False,False,False,False,False,False,False,False,False,False,True,False,False,True,사과(후지),238.66845637583882,0.5681069680359117,,,,,,,,
202012하순,411.0,사과,5.0,후지,상품,개,10.0,27935.0,,26942.0,18227.0,19822.6666666666,2020,하순,2020-12-21,사과-후지,12,21,False,False,False,False,False,False,False,False,False,False,False,True,False,False,True,사과(후지),238.66845637583882,0.5681069680359117,,,,,,,,
202012하순,411.0,사과,5.0,후지,상품,개,10.0,27935.0,,26942.0,18227.0,19822.6666666666,2020,하순,2020-12-21,사과-후지,12,21,False,False,False,False,False,False,False,False,False,False,False,True,False,False,True,사과(후지),238.66845637583882,0.5681069680359117,,,,,,,,
202012하순,411.0,사과,5.0,후지,상품,개,10.0,27935.0,,26942.0,18227.0,19822.6666666666,2020,하순,2020-12-21,사과-후지,12,21,False,False,False,False,False,False,False,False,False,False,False,True,False,False,True,사과(후지),238.66845637583882,0.5681069680359117,,,,,,,,
202012하순,411.0,사과,5.0,후지,상품,개,10.0,27935.0,,26942.0,18227.0,19822.6666666666,2020,하순,2020-12-21,사과-후지,12,21,False,False,False,False,False,False,False,False,False,False,False,True,False,False,True,사과(후지),238.66845637583882,0.5681069680359117,,,,,,,,
202012하순,411.0,사과,5.0,후지,상품,개,10.0,27935.0,,26942.0,18227.0,19822.6666666666,2020,하순,2020-12-21,사과-후지,12,21,False,False,False,False,False,False,False,False,False,False,False,True,False,False,True,사과(후지),238.66845637583882,0.5681069680359117,,,,,,,,
202012하순,411.0,사과,5.0,후지,상품,개,10.0,27935.0,,26942.0,18227.0,19822.6666666666,2020,하순,2020-12-21,사과-후지,12,21,False,False,False,False,False,False,False,False,False,False,False,True,False,False,True,사과(후지),238.66845637583882,0.5681069680359117,,,,,,,,
202012하순,411.0,사과,5.0,후지,상품,개,10.0,27935.0,,26942.0,18227.0,19822.6666666666,2020,하순,2020-12-21,사과-후지,12,21,False,False,False,False,False,False,False,False,False,False,False,True,False,False,True,사과(후지),238.66845637583882,0.5681069680359117,,,,,,,,
202012하순,411.0,사과,5.0,후지,상품,개,10.0,27935.0,,26942.0,18227.0,19822.6666666666,2020,하순,2020-12-21,사과-후지,12,21,False,False,False,False,False,False,False,False,False,False,False,True,False,False,True,사과(후지),238.66845637583882,0.5681069680359117,,,,,,,,
202012하순,411.0,사과,5.0,후지,상품,개,10.0,27935.0,,26942.0,18227.0,19822.6666666666,2020,하순,2020-12-21,사과-후지,12,21,False,False,False,False,False,False,False,False,False,False,False,True,False,False,True,사과(후지),238.66845637583882,0.5681069680359117,,,,,,,,
202012하순,411.0,사과,5.0,후지,상품,개,10.0,27935.0,,26942.0,18227.0,19822.6666666666,2020,하순,2020-12-21,사과-후지,12,21,False,False,False,False,False,False,False,False,False,False,False,True,False,False,True,사과(후지),238.66845637583882,0.5681069680359117,,,,,,,,
202012하순,411.0,사과,5.0,후지,상품,개,10.0,27935.0,,26942.0,18227.0,19822.6666666666,2020,하순,2020-12-21,사과-후지,12,21,False,False,False,False,False,False,False,False,False,False,False,True,False,False,True,사과(후지),238.66845637583882,0.5681069680359117,,,,,,,,
202012하순,411.0,사과,5.0,후지,상품,개,10.0,27935.0,,26942.0,18227.0,19822.6666666666,2020,하순,2020-12-21,사과-후지,12,21,False,False,False,False,False,False,False,False,False,False,False,True,False,False,True,사과(후지),238.66845637583882,0.5681069680359117,,,,,,,,
202012하순,411.0,사과,5.0,후지,상품,개,10.0,27935.0,,26942.0,18227.0,19822.6666666666,2020,하순,2020-12-21,사과-후지,12,21,False,False,False,False,False,False,False,False,False,False,False,True,False,False,True,사과(후지),238.66845637583882,0.5681069680359117,,,,,,,,
202012하순,411.0,사과,5.0,후지,상품,개,10.0,27935.0,,26942.0,18227.0,19822.6666666666,2020,하순,2020-12-21,사과-후지,12,21,False,False,False,False,False,False,False,False,False,False,False,True,False,False,True,사과(후지),238.66845637583882,0.5681069680359117,,,,,,,,
202012하순,411.0,사과,5.0,후지,상품,개,10.0,27935.0,,26942.0,18227.0,19822.6666666666,2020,하순,2020-12-21,사과-후지,12,21,False,False,False,False,False,False,False,False,False,False,False,True,False,False,True,사과(후지),238.66845637583882,0.5681069680359117,,,,,,,,
202012하순,411.0,사과,5.0,후지,상품,개,10.0,27935.0,,26942.0,18227.0,19822.6666666666,2020,하순,2020-12-21,사과-후지,12,21,False,False,False,False,False,False,False,False,False,False,False,True,False,False,True,사과(후지),238.66845637583882,0.5681069680359117,,,,,,,,
202012하순,411.0,사과,5.0,후지,상품,개,10.0,27935.0,,26942.0,18227.0,19822.6666666666,2020,하순,2020-12-21,사과-후지,12,21,False,False,False,False,False,False,False,False,False,False,False,True,False,False,True,사과(후지),238.66845637583882,0.5681069680359117,,,,,,,,
202012하순,411.0,사과,5.0,후지,상품,개,10.0,27935.0,,26942.0,18227.0,19822.6666666666,2020,하순,2020-12-21,사과-후지,12,21,False,False,False,False,False,False,False,False,False,False,False,True,False,False,True,사과(후지),238.66845637583882,0.5681069680359117,,,,,,,,
202012하순,411.0,사과,5.0,후지,상품,개,10.0,27935.0,,26942.0,18227.0,19822.6666666666,2020,하순,2020-12-21,사과-후지,12,21,False,False,False,False,False,False,False,False,False,False,False,True,False,False,True,사과(후지),238.66845637583882,0.5681069680359117,,,,,,,,
202012하순,411.0,사과,5.0,후지,상품,개,10.0,27935.0,,26942.0,18227.0,19822.6666666666,2020,하순,2020-12-21,사과-후지,12,21,False,False,False,False,False,False,False,False,False,False,False,True,False,False,True,사과(후지),238.66845637583882,0.5681069680359117,,,,,,,,
202101상순,411.0,사과,5.0,후지,상품,개,10.0,28046.0,,26543.0,18290.0,19678.0,2021,상순,2021-01-01,사과-후지,1,1,True,False,False,False,False,False,False,False,False,False,False,False,True,False,False,사과(후지),184.59328859060392,0.46390383210466885,,,,,,,,
202101상순,411.0,사과,5.0,후지,상품,개,10.0,28046.0,,26543.0,18290.0,19678.0,2021,상순,2021-01-01,사과-후지,1,1,True,False,False,False,False,False,False,False,False,False,False,False,True,False,False,사과(후지),184.59328859060392,0.46390383210466885,,,,,,,,
202101상순,411.0,사과,5.0,후지,상품,개,10.0,28046.0,,26543.0,18290.0,19678.0,2021,상순,2021-01-01,사과-후지,1,1,True,False,False,False,False,False,False,False,False,False,False,False,True,False,False,사과(후지),184.59328859060392,0.46390383210466885,,,,,,,,
202101상순,411.0,사과,5.0,후지,상품,개,10.0,28046.0,,26543.0,18290.0,19678.0,2021,상순,2021-01-01,사과-후지,1,1,True,False,False,False,False,False,False,False,False,False,False,False,True,False,False,사과(후지),184.59328859060392,0.46390383210466885,,,,,,,,
202101상순,411.0,사과,5.0,후지,상품,개,10.0,28046.0,,26543.0,18290.0,19678.0,2021,상순,2021-01-01,사과-후지,1,1,True,False,False,False,False,False,False,False,False,False,False,False,True,False,False,사과(후지),184.59328859060392,0.46390383210466885,,,,,,,,
202101상순,411.0,사과,5.0,후지,상품,개,10.0,28046.0,,26543.0,18290.0,19678.0,2021,상순,2021-01-01,사과-후지,1,1,True,False,False,False,False,False,False,False,False,False,False,False,True,False,False,사과(후지),184.59328859060392,0.46390383210466885,,,,,,,,
202101상순,411.0,사과,5.0,후지,상품,개,10.0,28046.0,,26543.0,18290.0,19678.0,2021,상순,2021-01-01,사과-후지,1,1,True,False,False,False,False,False,False,False,False,False,False,False,True,False,False,사과(후지),184.59328859060392,0.46390383210466885,,,,,,,,
202101상순,411.0,사과,5.0,후지,상품,개,10.0,28046.0,,26543.0,18290.0,19678.0,2021,상순,2021-01-01,사과-후지,1,1,True,False,False,False,False,False,False,False,False,False,False,False,True,False,False,사과(후지),184.59328859060392,0.46390383210466885,,,,,,,,
202101상순,411.0,사과,5.0,후지,상품,개,10.0,28046.0,,26543.0,18290.0,19678.0,2021,상순,2021-01-01,사과-후지,1,1,True,False,False,False,False,False,False,False,False,False,False,False,True,False,False,사과(후지),184.59328859060392,0.46390383210466885,,,,,,,,
202101상순,411.0,사과,5.0,후지,상품,개,10.0,28046.0,,26543.0,18290.0,19678.0,2021,상순,2021-01-01,사과-후지,1,1,True,False,False,False,False,False,False,False,False,False,False,False,True,False,False,사과(후지),184.59328859060392,0.46390383210466885,,,,,,,,
202101상순,411.0,사과,5.0,후지,상품,개,10.0,28046.0,,26543.0,18290.0,19678.0,2021,상순,2021-01-01,사과-후지,1,1,True,False,False,False,False,False,False,False,False,False,False,False,True,False,False,사과(후지),184.59328859060392,0.46390383210466885,,,,,,,,
202101상순,411.0,사과,5.0,후지,상품,개,10.0,28046.0,,26543.0,18290.0,19678.0,2021,상순,2021-01-01,사과-후지,1,1,True,False,False,False,False,False,False,False,False,False,False,False,True,False,False,사과(후지),184.59328859060392,0.46390383210466885,,,,,,,,
202101상순,411.0,사과,5.0,후지,상품,개,10.0,28046.0,,26543.0,18290.0,19678.0,2021,상순,2021-01-01,사과-후지,1,1,True,False,False,False,False,False,False,False,False,False,False,False,True,False,False,사과(후지),184.59328859060392,0.46390383210466885,,,,,,,,
202101상순,411.0,사과,5.0,후지,상품,개,10.0,28046.0,,26543.0,18290.0,19678.0,2021,상순,2021-01-01,사과-후지,1,1,True,False,False,False,False,False,False,False,False,False,False,False,True,False,False,사과(후지),184.59328859060392,0.46390383210466885,,,,,,,,
202101상순,411.0,사과,5.0,후지,상품,개,10.0,28046.0,,26543.0,18290.0,19678.0,2021,상순,2021-01-01,사과-후지,1,1,True,False,False,False,False,False,False,False,False,False,False,False,True,False,False,사과(후지),184.59328859060392,0.46390383210466885,,,,,,,,
202101상순,411.0,사과,5.0,후지,상품,개,10.0,28046.0,,26543.0,18290.0,19678.0,2021,상순,2021-01-01,사과-후지,1,1,True,False,False,False,False,False,False,False,False,False,False,False,True,False,False,사과(후지),184.59328859060392,0.46390383210466885,,,,,,,,
202101상순,411.0,사과,5.0,후지,상품,개,10.0,28046.0,,26543.0,18290.0,19678.0,2021,상순,2021-01-01,사과-후지,1,1,True,False,False,False,False,False,False,False,False,False,False,False,True,False,False,사과(후지),184.59328859060392,0.46390383210466885,,,,,,,,
202101상순,411.0,사과,5.0,후지,상품,개,10.0,28046.0,,26543.0,18290.0,19678.0,2021,상순,2021-01-01,사과-후지,1,1,True,False,False,False,False,False,False,False,False,False,False,False,True,False,False,사과(후지),184.59328859060392,0.46390383210466885,,,,,,,,
202101상순,411.0,사과,5.0,후지,상품,개,10.0,28046.0,,26543.0,18290.0,19678.0,2021,상순,2021-01-01,사과-후지,1,1,True,False,False,False,False,False,False,False,False,False,False,False,True,False,False,사과(후지),184.59328859060392,0.46390383210466885,,,,,,,,
202101상순,411.0,사과,5.0,후지,상품,개,10.0,28046.0,,26543.0,18290.0,19678.0,2021,상순,2021-01-01,사과-후지,1,1,True,False,False,False,False,False,False,False,False,False,False,False,True,False,False,사과(후지),184.59328859060392,0.46390383210466885,,,,,,,,
202101상순,411.0,사과,5.0,후지,상품,개,10.0,28046.0,,26543.0,18290.0,19678.0,2021,상순,2021-01-01,사과-후지,1,1,True,False,False,False,False,False,False,False,False,False,False,False,True,False,False,사과(후지),184.59328859060392,0.46390383210466885,,,,,,,,
202101상순,411.0,사과,5.0,후지,상품,개,10.0,28046.0,,26543.0,18290.0,19678.0,2021,상순,2021-01-01,사과-후지,1,1,True,False,False,False,False,False,False,False,False,False,False,False,True,False,False,사과(후지),184.59328859060392,0.46390383210466885,,,,,,,,
202101상순,411.0,사과,5.0,후지,상품,개,10.0,28046.0,,26543.0,18290.0,19678.0,2021,상순,2021-01-01,사과-후지,1,1,True,False,False,False,False,False,False,False,False,False,False,False,True,False,False,사과(후지),184.59328859060392,0.46390383210466885,,,,,,,,
202101상순,411.0,사과,5.0,후지,상품,개,10.0,28046.0,,26543.0,18290.0,19678.0,2021,상순,2021-01-01,사과-후지,1,1,True,False,False,False,False,False,False,False,False,False,False,False,True,False,False,사과(후지),184.59328859060392,0.46390383210466885,,,,,,,,
202101상순,411.0,사과,5.0,후지,상품,개,10.0,28046.0,,26543.0,18290.0,19678.0,2021,상순,2021-01-01,사과-후지,1,1,True,False,False,False,False,False,False,False,False,False,False,False,True,False,False,사과(후지),184.59328859060392,0.46390383210466885,,,,,,,,
202101중순,411.0,사과,5.0,후지,상품,개,10.0,29954.0,,27134.0,18508.0,20233.6666666666,2021,중순,2021-01-11,사과-후지,1,11,True,False,False,False,False,False,False,False,False,False,False,False,False,True,False,사과(후지),36.846979865771694,0.39450395901257557,,,,,,,,
202101중순,411.0,사과,5.0,후지,상품,개,10.0,29954.0,,27134.0,18508.0,20233.6666666666,2021,중순,2021-01-11,사과-후지,1,11,True,False,False,False,False,False,False,False,False,False,False,False,False,True,False,사과(후지),36.846979865771694,0.39450395901257557,,,,,,,,
202101중순,411.0,사과,5.0,후지,상품,개,10.0,29954.0,,27134.0,18508.0,20233.6666666666,2021,중순,2021-01-11,사과-후지,1,11,True,False,False,False,False,False,False,False,False,False,False,False,False,True,False,사과(후지),36.846979865771694,0.39450395901257557,,,,,,,,
202101중순,411.0,사과,5.0,후지,상품,개,10.0,29954.0,,27134.0,18508.0,20233.6666666666,2021,중순,2021-01-11,사과-후지,1,11,True,False,False,False,False,False,False,False,False,False,False,False,False,True,False,사과(후지),36.846979865771694,0.39450395901257557,,,,,,,,
202101중순,411.0,사과,5.0,후지,상품,개,10.0,29954.0,,27134.0,18508.0,20233.6666666666,2021,중순,2021-01-11,사과-후지,1,11,True,False,False,False,False,False,False,False,False,False,False,False,False,True,False,사과(후지),36.846979865771694,0.39450395901257557,,,,,,,,
202101중순,411.0,사과,5.0,후지,상품,개,10.0,29954.0,,27134.0,18508.0,20233.6666666666,2021,중순,2021-01-11,사과-후지,1,11,True,False,False,False,False,False,False,False,False,False,False,False,False,True,False,사과(후지),36.846979865771694,0.39450395901257557,,,,,,,,
202101중순,411.0,사과,5.0,후지,상품,개,10.0,29954.0,,27134.0,18508.0,20233.6666666666,2021,중순,2021-01-11,사과-후지,1,11,True,False,False,False,False,False,False,False,False,False,False,False,False,True,False,사과(후지),36.846979865771694,0.39450395901257557,,,,,,,,
202101중순,411.0,사과,5.0,후지,상품,개,10.0,29954.0,,27134.0,18508.0,20233.6666666666,2021,중순,2021-01-11,사과-후지,1,11,True,False,False,False,False,False,False,False,False,False,False,False,False,True,False,사과(후지),36.846979865771694,0.39450395901257557,,,,,,,,
202101중순,411.0,사과,5.0,후지,상품,개,10.0,29954.0,,27134.0,18508.0,20233.6666666666,2021,중순,2021-01-11,사과-후지,1,11,True,False,False,False,False,False,False,False,False,False,False,False,False,True,False,사과(후지),36.846979865771694,0.39450395901257557,,,,,,,,
202101중순,411.0,사과,5.0,후지,상품,개,10.0,29954.0,,27134.0,18508.0,20233.6666666666,2021,중순,2021-01-11,사과-후지,1,11,True,False,False,False,False,False,False,False,False,False,False,False,False,True,False,사과(후지),36.846979865771694,0.39450395901257557,,,,,,,,
202101중순,411.0,사과,5.0,후지,상품,개,10.0,29954.0,,27134.0,18508.0,20233.6666666666,2021,중순,2021-01-11,사과-후지,1,11,True,False,False,False,False,False,False,False,False,False,False,False,False,True,False,사과(후지),36.846979865771694,0.39450395901257557,,,,,,,,
202101중순,411.0,사과,5.0,후지,상품,개,10.0,29954.0,,27134.0,18508.0,20233.6666666666,2021,중순,2021-01-11,사과-후지,1,11,True,False,False,False,False,False,False,False,False,False,False,False,False,True,False,사과(후지),36.846979865771694,0.39450395901257557,,,,,,,,
202101중순,411.0,사과,5.0,후지,상품,개,10.0,29954.0,,27134.0,18508.0,20233.6666666666,2021,중순,2021-01-11,사과-후지,1,11,True,False,False,False,False,False,False,False,False,False,False,False,False,True,False,사과(후지),36.846979865771694,0.39450395901257557,,,,,,,,
202101중순,411.0,사과,5.0,후지,상품,개,10.0,29954.0,,27134.0,18508.0,20233.6666666666,2021,중순,2021-01-11,사과-후지,1,11,True,False,False,False,False,False,False,False,False,False,False,False,False,True,False,사과(후지),36.846979865771694,0.39450395901257557,,,,,,,,
202101중순,411.0,사과,5.0,후지,상품,개,10.0,29954.0,,27134.0,18508.0,20233.6666666666,2021,중순,2021-01-11,사과-후지,1,11,True,False,False,False,False,False,False,False,False,False,False,False,False,True,False,사과(후지),36.846979865771694,0.39450395901257557,,,,,,,,
202101중순,411.0,사과,5.0,후지,상품,개,10.0,29954.0,,27134.0,18508.0,20233.6666666666,2021,중순,2021-01-11,사과-후지,1,11,True,False,False,False,False,False,False,False,False,False,False,False,False,True,False,사과(후지),36.846979865771694,0.39450395901257557,,,,,,,,
202101중순,411.0,사과,5.0,후지,상품,개,10.0,29954.0,,27134.0,18508.0,20233.6666666666,2021,중순,2021-01-11,사과-후지,1,11,True,False,False,False,False,False,False,False,False,False,False,False,False,True,False,사과(후지),36.846979865771694,0.39450395901257557,,,,,,,,
202101중순,411.0,사과,5.0,후지,상품,개,10.0,29954.0,,27134.0,18508.0,20233.6666666666,2021,중순,2021-01-11,사과-후지,1,11,True,False,False,False,False,False,False,False,False,False,False,False,False,True,False,사과(후지),36.846979865771694,0.39450395901257557,,,,,,,,
202101중순,411.0,사과,5.0,후지,상품,개,10.0,29954.0,,27134.0,18508.0,20233.6666666666,2021,중순,2021-01-11,사과-후지,1,11,True,False,False,False,False,False,False,False,False,False,False,False,False,True,False,사과(후지),36.846979865771694,0.39450395901257557,,,,,,,,
202101중순,411.0,사과,5.0,후지,상품,개,10.0,29954.0,,27134.0,18508.0,20233.6666666666,2021,중순,2021-01-11,사과-후지,1,11,True,False,False,False,False,False,False,False,False,False,False,False,False,True,False,사과(후지),36.846979865771694,0.39450395901257557,,,,,,,,
202101중순,411.0,사과,5.0,후지,상품,개,10.0,29954.0,,27134.0,18508.0,20233.6666666666,2021,중순,2021-01-11,사과-후지,1,11,True,False,False,False,False,False,False,False,False,False,False,False,False,True,False,사과(후지),36.846979865771694,0.39450395901257557,,,,,,,,
202101중순,411.0,사과,5.0,후지,상품,개,10.0,29954.0,,27134.0,18508.0,20233.6666666666,2021,중순,2021-01-11,사과-후지,1,11,True,False,False,False,False,False,False,False,False,False,False,False,False,True,False,사과(후지),36.846979865771694,0.39450395901257557,,,,,,,,
202101중순,411.0,사과,5.0,후지,상품,개,10.0,29954.0,,27134.0,18508.0,20233.6666666666,2021,중순,2021-01-11,사과-후지,1,11,True,False,False,False,False,False,False,False,False,False,False,False,False,True,False,사과(후지),36.846979865771694,0.39450395901257557,,,,,,,,
202101하순,411.0,사과,5.0,후지,상품,개,10.0,32624.0,,27935.0,20625.0,21138.3333333333,2021,하순,2021-01-21,사과-후지,1,21,True,False,False,False,False,False,False,False,False,False,False,False,False,False,True,사과(후지),38.264429530201205,0.3689954051796156,,,,,,,,
202101하순,411.0,사과,5.0,후지,상품,개,10.0,32624.0,,27935.0,20625.0,21138.3333333333,2021,하순,2021-01-21,사과-후지,1,21,True,False,False,False,False,False,False,False,False,False,False,False,False,False,True,사과(후지),38.264429530201205,0.3689954051796156,,,,,,,,
202101하순,411.0,사과,5.0,후지,상품,개,10.0,32624.0,,27935.0,20625.0,21138.3333333333,2021,하순,2021-01-21,사과-후지,1,21,True,False,False,False,False,False,False,False,False,False,False,False,False,False,True,사과(후지),38.264429530201205,0.3689954051796156,,,,,,,,
202101하순,411.0,사과,5.0,후지,상품,개,10.0,32624.0,,27935.0,20625.0,21138.3333333333,2021,하순,2021-01-21,사과-후지,1,21,True,False,False,False,False,False,False,False,False,False,False,False,False,False,True,사과(후지),38.264429530201205,0.3689954051796156,,,,,,,,
202101하순,411.0,사과,5.0,후지,상품,개,10.0,32624.0,,27935.0,20625.0,21138.3333333333,2021,하순,2021-01-21,사과-후지,1,21,True,False,False,False,False,False,False,False,False,False,False,False,False,False,True,사과(후지),38.264429530201205,0.3689954051796156,,,,,,,,
202101하순,411.0,사과,5.0,후지,상품,개,10.0,32624.0,,27935.0,20625.0,21138.3333333333,2021,하순,2021-01-21,사과-후지,1,21,True,False,False,False,False,False,False,False,False,False,False,False,False,False,True,사과(후지),38.264429530201205,0.3689954051796156,,,,,,,,
202101하순,411.0,사과,5.0,후지,상품,개,10.0,32624.0,,27935.0,20625.0,21138.3333333333,2021,하순,2021-01-21,사과-후지,1,21,True,False,False,False,False,False,False,False,False,False,False,False,False,False,True,사과(후지),38.264429530201205,0.3689954051796156,,,,,,,,
202101하순,411.0,사과,5.0,후지,상품,개,10.0,32624.0,,27935.0,20625.0,21138.3333333333,2021,하순,2021-01-21,사과-후지,1,21,True,False,False,False,False,False,False,False,False,False,False,False,False,False,True,사과(후지),38.264429530201205,0.3689954051796156,,,,,,,,
202101하순,411.0,사과,5.0,후지,상품,개,10.0,32624.0,,27935.0,20625.0,21138.3333333333,2021,하순,2021-01-21,사과-후지,1,21,True,False,False,False,False,False,False,False,False,False,False,False,False,False,True,사과(후지),38.264429530201205,0.3689954051796156,,,,,,,,
202101하순,411.0,사과,5.0,후지,상품,개,10.0,32624.0,,27935.0,20625.0,21138.3333333333,2021,하순,2021-01-21,사과-후지,1,21,True,False,False,False,False,False,False,False,False,False,False,False,False,False,True,사과(후지),38.264429530201205,0.3689954051796156,,,,,,,,
202101하순,411.0,사과,5.0,후지,상품,개,10.0,32624.0,,27935.0,20625.0,21138.3333333333,2021,하순,2021-01-21,사과-후지,1,21,True,False,False,False,False,False,False,False,False,False,False,False,False,False,True,사과(후지),38.264429530201205,0.3689954051796156,,,,,,,,
202101하순,411.0,사과,5.0,후지,상품,개,10.0,32624.0,,27935.0,20625.0,21138.3333333333,2021,하순,2021-01-21,사과-후지,1,21,True,False,False,False,False,False,False,False,False,False,False,False,False,False,True,사과(후지),38.264429530201205,0.3689954051796156,,,,,,,,
202101하순,411.0,사과,5.0,후지,상품,개,10.0,32624.0,,27935.0,20625.0,21138.3333333333,2021,하순,2021-01-21,사과-후지,1,21,True,False,False,False,False,False,False,False,False,False,False,False,False,False,True,사과(후지),38.264429530201205,0.3689954051796156,,,,,,,,
202101하순,411.0,사과,5.0,후지,상품,개,10.0,32624.0,,27935.0,20625.0,21138.3333333333,2021,하순,2021-01-21,사과-후지,1,21,True,False,False,False,False,False,False,False,False,False,False,False,False,False,True,사과(후지),38.264429530201205,0.3689954051796156,,,,,,,,
202101하순,411.0,사과,5.0,후지,상품,개,10.0,32624.0,,27935.0,20625.0,21138.3333333333,2021,하순,2021-01-21,사과-후지,1,21,True,False,False,False,False,False,False,False,False,False,False,False,False,False,True,사과(후지),38.264429530201205,0.3689954051796156,,,,,,,,
202101하순,411.0,사과,5.0,후지,상품,개,10.0,32624.0,,27935.0,20625.0,21138.3333333333,2021,하순,2021-01-21,사과-후지,1,21,True,False,False,False,False,False,False,False,False,False,False,False,False,False,True,사과(후지),38.264429530201205,0.3689954051796156,,,,,,,,
202101하순,411.0,사과,5.0,후지,상품,개,10.0,32624.0,,27935.0,20625.0,21138.3333333333,2021,하순,2021-01-21,사과-후지,1,21,True,False,False,False,False,False,False,False,False,False,False,False,False,False,True,사과(후지),38.264429530201205,0.3689954051796156,,,,,,,,
202101하순,411.0,사과,5.0,후지,상품,개,10.0,32624.0,,27935.0,20625.0,21138.3333333333,2021,하순,2021-01-21,사과-후지,1,21,True,False,False,False,False,False,False,False,False,False,False,False,False,False,True,사과(후지),38.264429530201205,0.3689954051796156,,,,,,,,
202101하순,411.0,사과,5.0,후지,상품,개,10.0,32624.0,,27935.0,20625.0,21138.3333333333,2021,하순,2021-01-21,사과-후지,1,21,True,False,False,False,False,False,False,False,False,False,False,False,False,False,True,사과(후지),38.264429530201205,0.3689954051796156,,,,,,,,
202101하순,411.0,사과,5.0,후지,상품,개,10.0,32624.0,,27935.0,20625.0,21138.3333333333,2021,하순,2021-01-21,사과-후지,1,21,True,False,False,False,False,False,False,False,False,False,False,False,False,False,True,사과(후지),38.264429530201205,0.3689954051796156,,,,,,,,
202101하순,411.0,사과,5.0,후지,상품,개,10.0,32624.0,,27935.0,20625.0,21138.3333333333,2021,하순,2021-01-21,사과-후지,1,21,True,False,False,False,False,False,False,False,False,False,False,False,False,False,True,사과(후지),38.264429530201205,0.3689954051796156,,,,,,,,
202101하순,411.0,사과,5.0,후지,상품,개,10.0,32624.0,,27935.0,20625.0,21138.3333333333,2021,하순,2021-01-21,사과-후지,1,21,True,False,False,False,False,False,False,False,False,False,False,False,False,False,True,사과(후지),38.264429530201205,0.3689954051796156,,,,,,,,
202101하순,411.0,사과,5.0,후지,상품,개,10.0,32624.0,,27935.0,20625.0,21138.3333333333,2021,하순,2021-01-21,사과-후지,1,21,True,False,False,False,False,False,False,False,False,False,False,False,False,False,True,사과(후지),38.264429530201205,0.3689954051796156,,,,,,,,
202101하순,411.0,사과,5.0,후지,상품,개,10.0,32624.0,,27935.0,20625.0,21138.3333333333,2021,하순,2021-01-21,사과-후지,1,21,True,False,False,False,False,False,False,False,False,False,False,False,False,False,True,사과(후지),38.264429530201205,0.3689954051796156,,,,,,,,
202102상순,411.0,사과,5.0,후지,상품,개,10.0,35339.0,,28046.0,20006.0,20934.3333333333,2021,상순,2021-02-01,사과-후지,2,1,False,True,False,False,False,False,False,False,False,False,False,False,True,False,False,사과(후지),41.00939597315421,0.34613133739912516,,,,,,,,
202102상순,411.0,사과,5.0,후지,상품,개,10.0,35339.0,,28046.0,20006.0,20934.3333333333,2021,상순,2021-02-01,사과-후지,2,1,False,True,False,False,False,False,False,False,False,False,False,False,True,False,False,사과(후지),41.00939597315421,0.34613133739912516,,,,,,,,
202102상순,411.0,사과,5.0,후지,상품,개,10.0,35339.0,,28046.0,20006.0,20934.3333333333,2021,상순,2021-02-01,사과-후지,2,1,False,True,False,False,False,False,False,False,False,False,False,False,True,False,False,사과(후지),41.00939597315421,0.34613133739912516,,,,,,,,
202102상순,411.0,사과,5.0,후지,상품,개,10.0,35339.0,,28046.0,20006.0,20934.3333333333,2021,상순,2021-02-01,사과-후지,2,1,False,True,False,False,False,False,False,False,False,False,False,False,True,False,False,사과(후지),41.00939597315421,0.34613133739912516,,,,,,,,
202102상순,411.0,사과,5.0,후지,상품,개,10.0,35339.0,,28046.0,20006.0,20934.3333333333,2021,상순,2021-02-01,사과-후지,2,1,False,True,False,False,False,False,False,False,False,False,False,False,True,False,False,사과(후지),41.00939597315421,0.34613133739912516,,,,,,,,
202102상순,411.0,사과,5.0,후지,상품,개,10.0,35339.0,,28046.0,20006.0,20934.3333333333,2021,상순,2021-02-01,사과-후지,2,1,False,True,False,False,False,False,False,False,False,False,False,False,True,False,False,사과(후지),41.00939597315421,0.34613133739912516,,,,,,,,
202102상순,411.0,사과,5.0,후지,상품,개,10.0,35339.0,,28046.0,20006.0,20934.3333333333,2021,상순,2021-02-01,사과-후지,2,1,False,True,False,False,False,False,False,False,False,False,False,False,True,False,False,사과(후지),41.00939597315421,0.34613133739912516,,,,,,,,
202102상순,411.0,사과,5.0,후지,상품,개,10.0,35339.0,,28046.0,20006.0,20934.3333333333,2021,상순,2021-02-01,사과-후지,2,1,False,True,False,False,False,False,False,False,False,False,False,False,True,False,False,사과(후지),41.00939597315421,0.34613133739912516,,,,,,,,
202102상순,411.0,사과,5.0,후지,상품,개,10.0,35339.0,,28046.0,20006.0,20934.3333333333,2021,상순,2021-02-01,사과-후지,2,1,False,True,False,False,False,False,False,False,False,False,False,False,True,False,False,사과(후지),41.00939597315421,0.34613133739912516,,,,,,,,
202102상순,411.0,사과,5.0,후지,상품,개,10.0,35339.0,,28046.0,20006.0,20934.3333333333,2021,상순,2021-02-01,사과-후지,2,1,False,True,False,False,False,False,False,False,False,False,False,False,True,False,False,사과(후지),41.00939597315421,0.34613133739912516,,,,,,,,
202102상순,411.0,사과,5.0,후지,상품,개,10.0,35339.0,,28046.0,20006.0,20934.3333333333,2021,상순,2021-02-01,사과-후지,2,1,False,True,False,False,False,False,False,False,False,False,False,False,True,False,False,사과(후지),41.00939597315421,0.34613133739912516,,,,,,,,
202102상순,411.0,사과,5.0,후지,상품,개,10.0,35339.0,,28046.0,20006.0,20934.3333333333,2021,상순,2021-02-01,사과-후지,2,1,False,True,False,False,False,False,False,False,False,False,False,False,True,False,False,사과(후지),41.00939597315421,0.34613133739912516,,,,,,,,
202102상순,411.0,사과,5.0,후지,상품,개,10.0,35339.0,,28046.0,20006.0,20934.3333333333,2021,상순,2021-02-01,사과-후지,2,1,False,True,False,False,False,False,False,False,False,False,False,False,True,False,False,사과(후지),41.00939597315421,0.34613133739912516,,,,,,,,
202102상순,411.0,사과,5.0,후지,상품,개,10.0,35339.0,,28046.0,20006.0,20934.3333333333,2021,상순,2021-02-01,사과-후지,2,1,False,True,False,False,False,False,False,False,False,False,False,False,True,False,False,사과(후지),41.00939597315421,0.34613133739912516,,,,,,,,
202102상순,411.0,사과,5.0,후지,상품,개,10.0,35339.0,,28046.0,20006.0,20934.3333333333,2021,상순,2021-02-01,사과-후지,2,1,False,True,False,False,False,False,False,False,False,False,False,False,True,False,False,사과(후지),41.00939597315421,0.34613133739912516,,,,,,,,
202102상순,411.0,사과,5.0,후지,상품,개,10.0,35339.0,,28046.0,20006.0,20934.3333333333,2021,상순,2021-02-01,사과-후지,2,1,False,True,False,False,False,False,False,False,False,False,False,False,True,False,False,사과(후지),41.00939597315421,0.34613133739912516,,,,,,,,
202102상순,411.0,사과,5.0,후지,상품,개,10.0,35339.0,,28046.0,20006.0,20934.3333333333,2021,상순,2021-02-01,사과-후지,2,1,False,True,False,False,False,False,False,False,False,False,False,False,True,False,False,사과(후지),41.00939597315421,0.34613133739912516,,,,,,,,
202102상순,411.0,사과,5.0,후지,상품,개,10.0,35339.0,,28046.0,20006.0,20934.3333333333,2021,상순,2021-02-01,사과-후지,2,1,False,True,False,False,False,False,False,False,False,False,False,False,True,False,False,사과(후지),41.00939597315421,0.34613133739912516,,,,,,,,
202102상순,411.0,사과,5.0,후지,상품,개,10.0,35339.0,,28046.0,20006.0,20934.3333333333,2021,상순,2021-02-01,사과-후지,2,1,False,True,False,False,False,False,False,False,False,False,False,False,True,False,False,사과(후지),41.00939597315421,0.34613133739912516,,,,,,,,
202102상순,411.0,사과,5.0,후지,상품,개,10.0,35339.0,,28046.0,20006.0,20934.3333333333,2021,상순,2021-02-01,사과-후지,2,1,False,True,False,False,False,False,False,False,False,False,False,False,True,False,False,사과(후지),41.00939597315421,0.34613133739912516,,,,,,,,
202102상순,411.0,사과,5.0,후지,상품,개,10.0,35339.0,,28046.0,20006.0,20934.3333333333,2021,상순,2021-02-01,사과-후지,2,1,False,True,False,False,False,False,False,False,False,False,False,False,True,False,False,사과(후지),41.00939597315421,0.34613133739912516,,,,,,,,
202102상순,411.0,사과,5.0,후지,상품,개,10.0,35339.0,,28046.0,20006.0,20934.3333333333,2021,상순,2021-02-01,사과-후지,2,1,False,True,False,False,False,False,False,False,False,False,False,False,True,False,False,사과(후지),41.00939597315421,0.34613133739912516,,,,,,,,
202102상순,411.0,사과,5.0,후지,상품,개,10.0,35339.0,,28046.0,20006.0,20934.3333333333,2021,상순,2021-02-01,사과-후지,2,1,False,True,False,False,False,False,False,False,False,False,False,False,True,False,False,사과(후지),41.00939597315421,0.34613133739912516,,,,,,,,
202102상순,411.0,사과,5.0,후지,상품,개,10.0,35339.0,,28046.0,20006.0,20934.3333333333,2021,상순,2021-02-01,사과-후지,2,1,False,True,False,False,False,False,False,False,False,False,False,False,True,False,False,사과(후지),41.00939597315421,0.34613133739912516,,,,,,,,
202102중순,411.0,사과,5.0,후지,상품,개,10.0,34097.0,,29954.0,20348.0,21259.0,2021,중순,2021-02-11,사과-후지,2,11,False,True,False,False,False,False,False,False,False,False,False,False,False,True,False,사과(후지),43.026845637583726,0.32902503561978413,,,,,,,,
202102중순,411.0,사과,5.0,후지,상품,개,10.0,34097.0,,29954.0,20348.0,21259.0,2021,중순,2021-02-11,사과-후지,2,11,False,True,False,False,False,False,False,False,False,False,False,False,False,True,False,사과(후지),43.026845637583726,0.32902503561978413,,,,,,,,
202102중순,411.0,사과,5.0,후지,상품,개,10.0,34097.0,,29954.0,20348.0,21259.0,2021,중순,2021-02-11,사과-후지,2,11,False,True,False,False,False,False,False,False,False,False,False,False,False,True,False,사과(후지),43.026845637583726,0.32902503561978413,,,,,,,,
202102중순,411.0,사과,5.0,후지,상품,개,10.0,34097.0,,29954.0,20348.0,21259.0,2021,중순,2021-02-11,사과-후지,2,11,False,True,False,False,False,False,False,False,False,False,False,False,False,True,False,사과(후지),43.026845637583726,0.32902503561978413,,,,,,,,
202102중순,411.0,사과,5.0,후지,상품,개,10.0,34097.0,,29954.0,20348.0,21259.0,2021,중순,2021-02-11,사과-후지,2,11,False,True,False,False,False,False,False,False,False,False,False,False,False,True,False,사과(후지),43.026845637583726,0.32902503561978413,,,,,,,,
202102중순,411.0,사과,5.0,후지,상품,개,10.0,34097.0,,29954.0,20348.0,21259.0,2021,중순,2021-02-11,사과-후지,2,11,False,True,False,False,False,False,False,False,False,False,False,False,False,True,False,사과(후지),43.026845637583726,0.32902503561978413,,,,,,,,
202102중순,411.0,사과,5.0,후지,상품,개,10.0,34097.0,,29954.0,20348.0,21259.0,2021,중순,2021-02-11,사과-후지,2,11,False,True,False,False,False,False,False,False,False,False,False,False,False,True,False,사과(후지),43.026845637583726,0.32902503561978413,,,,,,,,
202102중순,411.0,사과,5.0,후지,상품,개,10.0,34097.0,,29954.0,20348.0,21259.0,2021,중순,2021-02-11,사과-후지,2,11,False,True,False,False,False,False,False,False,False,False,False,False,False,True,False,사과(후지),43.026845637583726,0.32902503561978413,,,,,,,,
202102중순,411.0,사과,5.0,후지,상품,개,10.0,34097.0,,29954.0,20348.0,21259.0,2021,중순,2021-02-11,사과-후지,2,11,False,True,False,False,False,False,False,False,False,False,False,False,False,True,False,사과(후지),43.026845637583726,0.32902503561978413,,,,,,,,
202102중순,411.0,사과,5.0,후지,상품,개,10.0,34097.0,,29954.0,20348.0,21259.0,2021,중순,2021-02-11,사과-후지,2,11,False,True,False,False,False,False,False,False,False,False,False,False,False,True,False,사과(후지),43.026845637583726,0.32902503561978413,,,,,,,,
202102중순,411.0,사과,5.0,후지,상품,개,10.0,34097.0,,29954.0,20348.0,21259.0,2021,중순,2021-02-11,사과-후지,2,11,False,True,False,False,False,False,False,False,False,False,False,False,False,True,False,사과(후지),43.026845637583726,0.32902503561978413,,,,,,,,
202102중순,411.0,사과,5.0,후지,상품,개,10.0,34097.0,,29954.0,20348.0,21259.0,2021,중순,2021-02-11,사과-후지,2,11,False,True,False,False,False,False,False,False,False,False,False,False,False,True,False,사과(후지),43.026845637583726,0.32902503561978413,,,,,,,,
202102중순,411.0,사과,5.0,후지,상품,개,10.0,34097.0,,29954.0,20348.0,21259.0,2021,중순,2021-02-11,사과-후지,2,11,False,True,False,False,False,False,False,False,False,False,False,False,False,True,False,사과(후지),43.026845637583726,0.32902503561978413,,,,,,,,
202102중순,411.0,사과,5.0,후지,상품,개,10.0,34097.0,,29954.0,20348.0,21259.0,2021,중순,2021-02-11,사과-후지,2,11,False,True,False,False,False,False,False,False,False,False,False,False,False,True,False,사과(후지),43.026845637583726,0.32902503561978413,,,,,,,,
202102중순,411.0,사과,5.0,후지,상품,개,10.0,34097.0,,29954.0,20348.0,21259.0,2021,중순,2021-02-11,사과-후지,2,11,False,True,False,False,False,False,False,False,False,False,False,False,False,True,False,사과(후지),43.026845637583726,0.32902503561978413,,,,,,,,
202102중순,411.0,사과,5.0,후지,상품,개,10.0,34097.0,,29954.0,20348.0,21259.0,2021,중순,2021-02-11,사과-후지,2,11,False,True,False,False,False,False,False,False,False,False,False,False,False,True,False,사과(후지),43.026845637583726,0.32902503561978413,,,,,,,,
202102중순,411.0,사과,5.0,후지,상품,개,10.0,34097.0,,29954.0,20348.0,21259.0,2021,중순,2021-02-11,사과-후지,2,11,False,True,False,False,False,False,False,False,False,False,False,False,False,True,False,사과(후지),43.026845637583726,0.32902503561978413,,,,,,,,
202102중순,411.0,사과,5.0,후지,상품,개,10.0,34097.0,,29954.0,20348.0,21259.0,2021,중순,2021-02-11,사과-후지,2,11,False,True,False,False,False,False,False,False,False,False,False,False,False,True,False,사과(후지),43.026845637583726,0.32902503561978413,,,,,,,,
202102중순,411.0,사과,5.0,후지,상품,개,10.0,34097.0,,29954.0,20348.0,21259.0,2021,중순,2021-02-11,사과-후지,2,11,False,True,False,False,False,False,False,False,False,False,False,False,False,True,False,사과(후지),43.026845637583726,0.32902503561978413,,,,,,,,
202102중순,411.0,사과,5.0,후지,상품,개,10.0,34097.0,,29954.0,20348.0,21259.0,2021,중순,2021-02-11,사과-후지,2,11,False,True,False,False,False,False,False,False,False,False,False,False,False,True,False,사과(후지),43.026845637583726,0.32902503561978413,,,,,,,,
202102중순,411.0,사과,5.0,후지,상품,개,10.0,34097.0,,29954.0,20348.0,21259.0,2021,중순,2021-02-11,사과-후지,2,11,False,True,False,False,False,False,False,False,False,False,False,False,False,True,False,사과(후지),43.026845637583726,0.32902503561978413,,,,,,,,
202102중순,411.0,사과,5.0,후지,상품,개,10.0,34097.0,,29954.0,20348.0,21259.0,2021,중순,2021-02-11,사과-후지,2,11,False,True,False,False,False,False,False,False,False,False,False,False,False,True,False,사과(후지),43.026845637583726,0.32902503561978413,,,,,,,,
202102중순,411.0,사과,5.0,후지,상품,개,10.0,34097.0,,29954.0,20348.0,21259.0,2021,중순,2021-02-11,사과-후지,2,11,False,True,False,False,False,False,False,False,False,False,False,False,False,True,False,사과(후지),43.026845637583726,0.32902503561978413,,,,,,,,
202102중순,411.0,사과,5.0,후지,상품,개,10.0,34097.0,,29954.0,20348.0,21259.0,2021,중순,2021-02-11,사과-후지,2,11,False,True,False,False,False,False,False,False,False,False,False,False,False,True,False,사과(후지),43.026845637583726,0.32902503561978413,,,,,,,,
202102하순,411.0,사과,5.0,후지,상품,개,10.0,33901.0,,32624.0,20120.0,20904.6666666666,2021,하순,2021-02-21,사과-후지,2,21,False,True,False,False,False,False,False,False,False,False,False,False,False,False,True,사과(후지),45.194630872483046,0.3228359494006225,,,,,,,,
202102하순,411.0,사과,5.0,후지,상품,개,10.0,33901.0,,32624.0,20120.0,20904.6666666666,2021,하순,2021-02-21,사과-후지,2,21,False,True,False,False,False,False,False,False,False,False,False,False,False,False,True,사과(후지),45.194630872483046,0.3228359494006225,,,,,,,,
202102하순,411.0,사과,5.0,후지,상품,개,10.0,33901.0,,32624.0,20120.0,20904.6666666666,2021,하순,2021-02-21,사과-후지,2,21,False,True,False,False,False,False,False,False,False,False,False,False,False,False,True,사과(후지),45.194630872483046,0.3228359494006225,,,,,,,,
202102하순,411.0,사과,5.0,후지,상품,개,10.0,33901.0,,32624.0,20120.0,20904.6666666666,2021,하순,2021-02-21,사과-후지,2,21,False,True,False,False,False,False,False,False,False,False,False,False,False,False,True,사과(후지),45.194630872483046,0.3228359494006225,,,,,,,,
202102하순,411.0,사과,5.0,후지,상품,개,10.0,33901.0,,32624.0,20120.0,20904.6666666666,2021,하순,2021-02-21,사과-후지,2,21,False,True,False,False,False,False,False,False,False,False,False,False,False,False,True,사과(후지),45.194630872483046,0.3228359494006225,,,,,,,,
202102하순,411.0,사과,5.0,후지,상품,개,10.0,33901.0,,32624.0,20120.0,20904.6666666666,2021,하순,2021-02-21,사과-후지,2,21,False,True,False,False,False,False,False,False,False,False,False,False,False,False,True,사과(후지),45.194630872483046,0.3228359494006225,,,,,,,,
202102하순,411.0,사과,5.0,후지,상품,개,10.0,33901.0,,32624.0,20120.0,20904.6666666666,2021,하순,2021-02-21,사과-후지,2,21,False,True,False,False,False,False,False,False,False,False,False,False,False,False,True,사과(후지),45.194630872483046,0.3228359494006225,,,,,,,,
202102하순,411.0,사과,5.0,후지,상품,개,10.0,33901.0,,32624.0,20120.0,20904.6666666666,2021,하순,2021-02-21,사과-후지,2,21,False,True,False,False,False,False,False,False,False,False,False,False,False,False,True,사과(후지),45.194630872483046,0.3228359494006225,,,,,,,,
202102하순,411.0,사과,5.0,후지,상품,개,10.0,33901.0,,32624.0,20120.0,20904.6666666666,2021,하순,2021-02-21,사과-후지,2,21,False,True,False,False,False,False,False,False,False,False,False,False,False,False,True,사과(후지),45.194630872483046,0.3228359494006225,,,,,,,,
202102하순,411.0,사과,5.0,후지,상품,개,10.0,33901.0,,32624.0,20120.0,20904.6666666666,2021,하순,2021-02-21,사과-후지,2,21,False,True,False,False,False,False,False,False,False,False,False,False,False,False,True,사과(후지),45.194630872483046,0.3228359494006225,,,,,,,,
202102하순,411.0,사과,5.0,후지,상품,개,10.0,33901.0,,32624.0,20120.0,20904.6666666666,2021,하순,2021-02-21,사과-후지,2,21,False,True,False,False,False,False,False,False,False,False,False,False,False,False,True,사과(후지),45.194630872483046,0.3228359494006225,,,,,,,,
202102하순,411.0,사과,5.0,후지,상품,개,10.0,33901.0,,32624.0,20120.0,20904.6666666666,2021,하순,2021-02-21,사과-후지,2,21,False,True,False,False,False,False,False,False,False,False,False,False,False,False,True,사과(후지),45.194630872483046,0.3228359494006225,,,,,,,,
202102하순,411.0,사과,5.0,후지,상품,개,10.0,33901.0,,32624.0,20120.0,20904.6666666666,2021,하순,2021-02-21,사과-후지,2,21,False,True,False,False,False,False,False,False,False,False,False,False,False,False,True,사과(후지),45.194630872483046,0.3228359494006225,,,,,,,,
202102하순,411.0,사과,5.0,후지,상품,개,10.0,33901.0,,32624.0,20120.0,20904.6666666666,2021,하순,2021-02-21,사과-후지,2,21,False,True,False,False,False,False,False,False,False,False,False,False,False,False,True,사과(후지),45.194630872483046,0.3228359494006225,,,,,,,,
202102하순,411.0,사과,5.0,후지,상품,개,10.0,33901.0,,32624.0,20120.0,20904.6666666666,2021,하순,2021-02-21,사과-후지,2,21,False,True,False,False,False,False,False,False,False,False,False,False,False,False,True,사과(후지),45.194630872483046,0.3228359494006225,,,,,,,,
202102하순,411.0,사과,5.0,후지,상품,개,10.0,33901.0,,32624.0,20120.0,20904.6666666666,2021,하순,2021-02-21,사과-후지,2,21,False,True,False,False,False,False,False,False,False,False,False,False,False,False,True,사과(후지),45.194630872483046,0.3228359494006225,,,,,,,,
202102하순,411.0,사과,5.0,후지,상품,개,10.0,33901.0,,32624.0,20120.0,20904.6666666666,2021,하순,2021-02-21,사과-후지,2,21,False,True,False,False,False,False,False,False,False,False,False,False,False,False,True,사과(후지),45.194630872483046,0.3228359494006225,,,,,,,,
202102하순,411.0,사과,5.0,후지,상품,개,10.0,33901.0,,32624.0,20120.0,20904.6666666666,2021,하순,2021-02-21,사과-후지,2,21,False,True,False,False,False,False,False,False,False,False,False,False,False,False,True,사과(후지),45.194630872483046,0.3228359494006225,,,,,,,,
202102하순,411.0,사과,5.0,후지,상품,개,10.0,33901.0,,32624.0,20120.0,20904.6666666666,2021,하순,2021-02-21,사과-후지,2,21,False,True,False,False,False,False,False,False,False,False,False,False,False,False,True,사과(후지),45.194630872483046,0.3228359494006225,,,,,,,,
202102하순,411.0,사과,5.0,후지,상품,개,10.0,33901.0,,32624.0,20120.0,20904.6666666666,2021,하순,2021-02-21,사과-후지,2,21,False,True,False,False,False,False,False,False,False,False,False,False,False,False,True,사과(후지),45.194630872483046,0.3228359494006225,,,,,,,,
202102하순,411.0,사과,5.0,후지,상품,개,10.0,33901.0,,32624.0,20120.0,20904.6666666666,2021,하순,2021-02-21,사과-후지,2,21,False,True,False,False,False,False,False,False,False,False,False,False,False,False,True,사과(후지),45.194630872483046,0.3228359494006225,,,,,,,,
202102하순,411.0,사과,5.0,후지,상품,개,10.0,33901.0,,32624.0,20120.0,20904.6666666666,2021,하순,2021-02-21,사과-후지,2,21,False,True,False,False,False,False,False,False,False,False,False,False,False,False,True,사과(후지),45.194630872483046,0.3228359494006225,,,,,,,,
202102하순,411.0,사과,5.0,후지,상품,개,10.0,33901.0,,32624.0,20120.0,20904.6666666666,2021,하순,2021-02-21,사과-후지,2,21,False,True,False,False,False,False,False,False,False,False,False,False,False,False,True,사과(후지),45.194630872483046,0.3228359494006225,,,,,,,,
202102하순,411.0,사과,5.0,후지,상품,개,10.0,33901.0,,32624.0,20120.0,20904.6666666666,2021,하순,2021-02-21,사과-후지,2,21,False,True,False,False,False,False,False,False,False,False,False,False,False,False,True,사과(후지),45.194630872483046,0.3228359494006225,,,,,,,,
202103상순,411.0,사과,5.0,후지,상품,개,10.0,33066.0,,35339.0,19667.0,20707.0,2021,상순,2021-03-01,사과-후지,3,1,False,False,True,False,False,False,False,False,False,False,False,False,True,False,False,사과(후지),65.01476510067096,0.3163278713140754,,,,,,,,
202103상순,411.0,사과,5.0,후지,상품,개,10.0,33066.0,,35339.0,19667.0,20707.0,2021,상순,2021-03-01,사과-후지,3,1,False,False,True,False,False,False,False,False,False,False,False,False,True,False,False,사과(후지),65.01476510067096,0.3163278713140754,,,,,,,,
202103상순,411.0,사과,5.0,후지,상품,개,10.0,33066.0,,35339.0,19667.0,20707.0,2021,상순,2021-03-01,사과-후지,3,1,False,False,True,False,False,False,False,False,False,False,False,False,True,False,False,사과(후지),65.01476510067096,0.3163278713140754,,,,,,,,
202103상순,411.0,사과,5.0,후지,상품,개,10.0,33066.0,,35339.0,19667.0,20707.0,2021,상순,2021-03-01,사과-후지,3,1,False,False,True,False,False,False,False,False,False,False,False,False,True,False,False,사과(후지),65.01476510067096,0.3163278713140754,,,,,,,,
202103상순,411.0,사과,5.0,후지,상품,개,10.0,33066.0,,35339.0,19667.0,20707.0,2021,상순,2021-03-01,사과-후지,3,1,False,False,True,False,False,False,False,False,False,False,False,False,True,False,False,사과(후지),65.01476510067096,0.3163278713140754,,,,,,,,
202103상순,411.0,사과,5.0,후지,상품,개,10.0,33066.0,,35339.0,19667.0,20707.0,2021,상순,2021-03-01,사과-후지,3,1,False,False,True,False,False,False,False,False,False,False,False,False,True,False,False,사과(후지),65.01476510067096,0.3163278713140754,,,,,,,,
202103상순,411.0,사과,5.0,후지,상품,개,10.0,33066.0,,35339.0,19667.0,20707.0,2021,상순,2021-03-01,사과-후지,3,1,False,False,True,False,False,False,False,False,False,False,False,False,True,False,False,사과(후지),65.01476510067096,0.3163278713140754,,,,,,,,
202103상순,411.0,사과,5.0,후지,상품,개,10.0,33066.0,,35339.0,19667.0,20707.0,2021,상순,2021-03-01,사과-후지,3,1,False,False,True,False,False,False,False,False,False,False,False,False,True,False,False,사과(후지),65.01476510067096,0.3163278713140754,,,,,,,,
202103상순,411.0,사과,5.0,후지,상품,개,10.0,33066.0,,35339.0,19667.0,20707.0,2021,상순,2021-03-01,사과-후지,3,1,False,False,True,False,False,False,False,False,False,False,False,False,True,False,False,사과(후지),65.01476510067096,0.3163278713140754,,,,,,,,
202103상순,411.0,사과,5.0,후지,상품,개,10.0,33066.0,,35339.0,19667.0,20707.0,2021,상순,2021-03-01,사과-후지,3,1,False,False,True,False,False,False,False,False,False,False,False,False,True,False,False,사과(후지),65.01476510067096,0.3163278713140754,,,,,,,,
202103상순,411.0,사과,5.0,후지,상품,개,10.0,33066.0,,35339.0,19667.0,20707.0,2021,상순,2021-03-01,사과-후지,3,1,False,False,True,False,False,False,False,False,False,False,False,False,True,False,False,사과(후지),65.01476510067096,0.3163278713140754,,,,,,,,
202103상순,411.0,사과,5.0,후지,상품,개,10.0,33066.0,,35339.0,19667.0,20707.0,2021,상순,2021-03-01,사과-후지,3,1,False,False,True,False,False,False,False,False,False,False,False,False,True,False,False,사과(후지),65.01476510067096,0.3163278713140754,,,,,,,,
202103상순,411.0,사과,5.0,후지,상품,개,10.0,33066.0,,35339.0,19667.0,20707.0,2021,상순,2021-03-01,사과-후지,3,1,False,False,True,False,False,False,False,False,False,False,False,False,True,False,False,사과(후지),65.01476510067096,0.3163278713140754,,,,,,,,
202103상순,411.0,사과,5.0,후지,상품,개,10.0,33066.0,,35339.0,19667.0,20707.0,2021,상순,2021-03-01,사과-후지,3,1,False,False,True,False,False,False,False,False,False,False,False,False,True,False,False,사과(후지),65.01476510067096,0.3163278713140754,,,,,,,,
202103상순,411.0,사과,5.0,후지,상품,개,10.0,33066.0,,35339.0,19667.0,20707.0,2021,상순,2021-03-01,사과-후지,3,1,False,False,True,False,False,False,False,False,False,False,False,False,True,False,False,사과(후지),65.01476510067096,0.3163278713140754,,,,,,,,
202103상순,411.0,사과,5.0,후지,상품,개,10.0,33066.0,,35339.0,19667.0,20707.0,2021,상순,2021-03-01,사과-후지,3,1,False,False,True,False,False,False,False,False,False,False,False,False,True,False,False,사과(후지),65.01476510067096,0.3163278713140754,,,,,,,,
202103상순,411.0,사과,5.0,후지,상품,개,10.0,33066.0,,35339.0,19667.0,20707.0,2021,상순,2021-03-01,사과-후지,3,1,False,False,True,False,False,False,False,False,False,False,False,False,True,False,False,사과(후지),65.01476510067096,0.3163278713140754,,,,,,,,
202103상순,411.0,사과,5.0,후지,상품,개,10.0,33066.0,,35339.0,19667.0,20707.0,2021,상순,2021-03-01,사과-후지,3,1,False,False,True,False,False,False,False,False,False,False,False,False,True,False,False,사과(후지),65.01476510067096,0.3163278713140754,,,,,,,,
202103상순,411.0,사과,5.0,후지,상품,개,10.0,33066.0,,35339.0,19667.0,20707.0,2021,상순,2021-03-01,사과-후지,3,1,False,False,True,False,False,False,False,False,False,False,False,False,True,False,False,사과(후지),65.01476510067096,0.3163278713140754,,,,,,,,
202103상순,411.0,사과,5.0,후지,상품,개,10.0,33066.0,,35339.0,19667.0,20707.0,2021,상순,2021-03-01,사과-후지,3,1,False,False,True,False,False,False,False,False,False,False,False,False,True,False,False,사과(후지),65.01476510067096,0.3163278713140754,,,,,,,,
202103상순,411.0,사과,5.0,후지,상품,개,10.0,33066.0,,35339.0,19667.0,20707.0,2021,상순,2021-03-01,사과-후지,3,1,False,False,True,False,False,False,False,False,False,False,False,False,True,False,False,사과(후지),65.01476510067096,0.3163278713140754,,,,,,,,
202103상순,411.0,사과,5.0,후지,상품,개,10.0,33066.0,,35339.0,19667.0,20707.0,2021,상순,2021-03-01,사과-후지,3,1,False,False,True,False,False,False,False,False,False,False,False,False,True,False,False,사과(후지),65.01476510067096,0.3163278713140754,,,,,,,,
202103상순,411.0,사과,5.0,후지,상품,개,10.0,33066.0,,35339.0,19667.0,20707.0,2021,상순,2021-03-01,사과-후지,3,1,False,False,True,False,False,False,False,False,False,False,False,False,True,False,False,사과(후지),65.01476510067096,0.3163278713140754,,,,,,,,
202103상순,411.0,사과,5.0,후지,상품,개,10.0,33066.0,,35339.0,19667.0,20707.0,2021,상순,2021-03-01,사과-후지,3,1,False,False,True,False,False,False,False,False,False,False,False,False,True,False,False,사과(후지),65.01476510067096,0.3163278713140754,,,,,,,,
202103중순,411.0,사과,5.0,후지,상품,개,10.0,32917.0,,34097.0,19802.0,20447.6666666666,2021,중순,2021-03-11,사과-후지,3,11,False,False,True,False,False,False,False,False,False,False,False,False,False,True,False,사과(후지),70.76375838926157,0.31567836455277204,,,,,,,,
202103중순,411.0,사과,5.0,후지,상품,개,10.0,32917.0,,34097.0,19802.0,20447.6666666666,2021,중순,2021-03-11,사과-후지,3,11,False,False,True,False,False,False,False,False,False,False,False,False,False,True,False,사과(후지),70.76375838926157,0.31567836455277204,,,,,,,,
202103중순,411.0,사과,5.0,후지,상품,개,10.0,32917.0,,34097.0,19802.0,20447.6666666666,2021,중순,2021-03-11,사과-후지,3,11,False,False,True,False,False,False,False,False,False,False,False,False,False,True,False,사과(후지),70.76375838926157,0.31567836455277204,,,,,,,,
202103중순,411.0,사과,5.0,후지,상품,개,10.0,32917.0,,34097.0,19802.0,20447.6666666666,2021,중순,2021-03-11,사과-후지,3,11,False,False,True,False,False,False,False,False,False,False,False,False,False,True,False,사과(후지),70.76375838926157,0.31567836455277204,,,,,,,,
202103중순,411.0,사과,5.0,후지,상품,개,10.0,32917.0,,34097.0,19802.0,20447.6666666666,2021,중순,2021-03-11,사과-후지,3,11,False,False,True,False,False,False,False,False,False,False,False,False,False,True,False,사과(후지),70.76375838926157,0.31567836455277204,,,,,,,,
202103중순,411.0,사과,5.0,후지,상품,개,10.0,32917.0,,34097.0,19802.0,20447.6666666666,2021,중순,2021-03-11,사과-후지,3,11,False,False,True,False,False,False,False,False,False,False,False,False,False,True,False,사과(후지),70.76375838926157,0.31567836455277204,,,,,,,,
202103중순,411.0,사과,5.0,후지,상품,개,10.0,32917.0,,34097.0,19802.0,20447.6666666666,2021,중순,2021-03-11,사과-후지,3,11,False,False,True,False,False,False,False,False,False,False,False,False,False,True,False,사과(후지),70.76375838926157,0.31567836455277204,,,,,,,,
202103중순,411.0,사과,5.0,후지,상품,개,10.0,32917.0,,34097.0,19802.0,20447.6666666666,2021,중순,2021-03-11,사과-후지,3,11,False,False,True,False,False,False,False,False,False,False,False,False,False,True,False,사과(후지),70.76375838926157,0.31567836455277204,,,,,,,,
202103중순,411.0,사과,5.0,후지,상품,개,10.0,32917.0,,34097.0,19802.0,20447.6666666666,2021,중순,2021-03-11,사과-후지,3,11,False,False,True,False,False,False,False,False,False,False,False,False,False,True,False,사과(후지),70.76375838926157,0.31567836455277204,,,,,,,,
202103중순,411.0,사과,5.0,후지,상품,개,10.0,32917.0,,34097.0,19802.0,20447.6666666666,2021,중순,2021-03-11,사과-후지,3,11,False,False,True,False,False,False,False,False,False,False,False,False,False,True,False,사과(후지),70.76375838926157,0.31567836455277204,,,,,,,,
202103중순,411.0,사과,5.0,후지,상품,개,10.0,32917.0,,34097.0,19802.0,20447.6666666666,2021,중순,2021-03-11,사과-후지,3,11,False,False,True,False,False,False,False,False,False,False,False,False,False,True,False,사과(후지),70.76375838926157,0.31567836455277204,,,,,,,,
202103중순,411.0,사과,5.0,후지,상품,개,10.0,32917.0,,34097.0,19802.0,20447.6666666666,2021,중순,2021-03-11,사과-후지,3,11,False,False,True,False,False,False,False,False,False,False,False,False,False,True,False,사과(후지),70.76375838926157,0.31567836455277204,,,,,,,,
202103중순,411.0,사과,5.0,후지,상품,개,10.0,32917.0,,34097.0,19802.0,20447.6666666666,2021,중순,2021-03-11,사과-후지,3,11,False,False,True,False,False,False,False,False,False,False,False,False,False,True,False,사과(후지),70.76375838926157,0.31567836455277204,,,,,,,,
202103중순,411.0,사과,5.0,후지,상품,개,10.0,32917.0,,34097.0,19802.0,20447.6666666666,2021,중순,2021-03-11,사과-후지,3,11,False,False,True,False,False,False,False,False,False,False,False,False,False,True,False,사과(후지),70.76375838926157,0.31567836455277204,,,,,,,,
202103중순,411.0,사과,5.0,후지,상품,개,10.0,32917.0,,34097.0,19802.0,20447.6666666666,2021,중순,2021-03-11,사과-후지,3,11,False,False,True,False,False,False,False,False,False,False,False,False,False,True,False,사과(후지),70.76375838926157,0.31567836455277204,,,,,,,,
202103중순,411.0,사과,5.0,후지,상품,개,10.0,32917.0,,34097.0,19802.0,20447.6666666666,2021,중순,2021-03-11,사과-후지,3,11,False,False,True,False,False,False,False,False,False,False,False,False,False,True,False,사과(후지),70.76375838926157,0.31567836455277204,,,,,,,,
202103중순,411.0,사과,5.0,후지,상품,개,10.0,32917.0,,34097.0,19802.0,20447.6666666666,2021,중순,2021-03-11,사과-후지,3,11,False,False,True,False,False,False,False,False,False,False,False,False,False,True,False,사과(후지),70.76375838926157,0.31567836455277204,,,,,,,,
202103중순,411.0,사과,5.0,후지,상품,개,10.0,32917.0,,34097.0,19802.0,20447.6666666666,2021,중순,2021-03-11,사과-후지,3,11,False,False,True,False,False,False,False,False,False,False,False,False,False,True,False,사과(후지),70.76375838926157,0.31567836455277204,,,,,,,,
202103중순,411.0,사과,5.0,후지,상품,개,10.0,32917.0,,34097.0,19802.0,20447.6666666666,2021,중순,2021-03-11,사과-후지,3,11,False,False,True,False,False,False,False,False,False,False,False,False,False,True,False,사과(후지),70.76375838926157,0.31567836455277204,,,,,,,,
202103중순,411.0,사과,5.0,후지,상품,개,10.0,32917.0,,34097.0,19802.0,20447.6666666666,2021,중순,2021-03-11,사과-후지,3,11,False,False,True,False,False,False,False,False,False,False,False,False,False,True,False,사과(후지),70.76375838926157,0.31567836455277204,,,,,,,,
202103중순,411.0,사과,5.0,후지,상품,개,10.0,32917.0,,34097.0,19802.0,20447.6666666666,2021,중순,2021-03-11,사과-후지,3,11,False,False,True,False,False,False,False,False,False,False,False,False,False,True,False,사과(후지),70.76375838926157,0.31567836455277204,,,,,,,,
202103중순,411.0,사과,5.0,후지,상품,개,10.0,32917.0,,34097.0,19802.0,20447.6666666666,2021,중순,2021-03-11,사과-후지,3,11,False,False,True,False,False,False,False,False,False,False,False,False,False,True,False,사과(후지),70.76375838926157,0.31567836455277204,,,,,,,,
202103중순,411.0,사과,5.0,후지,상품,개,10.0,32917.0,,34097.0,19802.0,20447.6666666666,2021,중순,2021-03-11,사과-후지,3,11,False,False,True,False,False,False,False,False,False,False,False,False,False,True,False,사과(후지),70.76375838926157,0.31567836455277204,,,,,,,,
202103하순,411.0,사과,5.0,후지,상품,개,10.0,33668.0,,33901.0,19988.0,20367.3333333333,2021,하순,2021-03-21,사과-후지,3,21,False,False,True,False,False,False,False,False,False,False,False,False,False,False,True,사과(후지),69.83221476510049,0.31350385271953896,,,,,,,,
202103하순,411.0,사과,5.0,후지,상품,개,10.0,33668.0,,33901.0,19988.0,20367.3333333333,2021,하순,2021-03-21,사과-후지,3,21,False,False,True,False,False,False,False,False,False,False,False,False,False,False,True,사과(후지),69.83221476510049,0.31350385271953896,,,,,,,,
202103하순,411.0,사과,5.0,후지,상품,개,10.0,33668.0,,33901.0,19988.0,20367.3333333333,2021,하순,2021-03-21,사과-후지,3,21,False,False,True,False,False,False,False,False,False,False,False,False,False,False,True,사과(후지),69.83221476510049,0.31350385271953896,,,,,,,,
202103하순,411.0,사과,5.0,후지,상품,개,10.0,33668.0,,33901.0,19988.0,20367.3333333333,2021,하순,2021-03-21,사과-후지,3,21,False,False,True,False,False,False,False,False,False,False,False,False,False,False,True,사과(후지),69.83221476510049,0.31350385271953896,,,,,,,,
202103하순,411.0,사과,5.0,후지,상품,개,10.0,33668.0,,33901.0,19988.0,20367.3333333333,2021,하순,2021-03-21,사과-후지,3,21,False,False,True,False,False,False,False,False,False,False,False,False,False,False,True,사과(후지),69.83221476510049,0.31350385271953896,,,,,,,,
202103하순,411.0,사과,5.0,후지,상품,개,10.0,33668.0,,33901.0,19988.0,20367.3333333333,2021,하순,2021-03-21,사과-후지,3,21,False,False,True,False,False,False,False,False,False,False,False,False,False,False,True,사과(후지),69.83221476510049,0.31350385271953896,,,,,,,,
202103하순,411.0,사과,5.0,후지,상품,개,10.0,33668.0,,33901.0,19988.0,20367.3333333333,2021,하순,2021-03-21,사과-후지,3,21,False,False,True,False,False,False,False,False,False,False,False,False,False,False,True,사과(후지),69.83221476510049,0.31350385271953896,,,,,,,,
202103하순,411.0,사과,5.0,후지,상품,개,10.0,33668.0,,33901.0,19988.0,20367.3333333333,2021,하순,2021-03-21,사과-후지,3,21,False,False,True,False,False,False,False,False,False,False,False,False,False,False,True,사과(후지),69.83221476510049,0.31350385271953896,,,,,,,,
202103하순,411.0,사과,5.0,후지,상품,개,10.0,33668.0,,33901.0,19988.0,20367.3333333333,2021,하순,2021-03-21,사과-후지,3,21,False,False,True,False,False,False,False,False,False,False,False,False,False,False,True,사과(후지),69.83221476510049,0.31350385271953896,,,,,,,,
202103하순,411.0,사과,5.0,후지,상품,개,10.0,33668.0,,33901.0,19988.0,20367.3333333333,2021,하순,2021-03-21,사과-후지,3,21,False,False,True,False,False,False,False,False,False,False,False,False,False,False,True,사과(후지),69.83221476510049,0.31350385271953896,,,,,,,,
202103하순,411.0,사과,5.0,후지,상품,개,10.0,33668.0,,33901.0,19988.0,20367.3333333333,2021,하순,2021-03-21,사과-후지,3,21,False,False,True,False,False,False,False,False,False,False,False,False,False,False,True,사과(후지),69.83221476510049,0.31350385271953896,,,,,,,,
202103하순,411.0,사과,5.0,후지,상품,개,10.0,33668.0,,33901.0,19988.0,20367.3333333333,2021,하순,2021-03-21,사과-후지,3,21,False,False,True,False,False,False,False,False,False,False,False,False,False,False,True,사과(후지),69.83221476510049,0.31350385271953896,,,,,,,,
202103하순,411.0,사과,5.0,후지,상품,개,10.0,33668.0,,33901.0,19988.0,20367.3333333333,2021,하순,2021-03-21,사과-후지,3,21,False,False,True,False,False,False,False,False,False,False,False,False,False,False,True,사과(후지),69.83221476510049,0.31350385271953896,,,,,,,,
202103하순,411.0,사과,5.0,후지,상품,개,10.0,33668.0,,33901.0,19988.0,20367.3333333333,2021,하순,2021-03-21,사과-후지,3,21,False,False,True,False,False,False,False,False,False,False,False,False,False,False,True,사과(후지),69.83221476510049,0.31350385271953896,,,,,,,,
202103하순,411.0,사과,5.0,후지,상품,개,10.0,33668.0,,33901.0,19988.0,20367.3333333333,2021,하순,2021-03-21,사과-후지,3,21,False,False,True,False,False,False,False,False,False,False,False,False,False,False,True,사과(후지),69.83221476510049,0.31350385271953896,,,,,,,,
202103하순,411.0,사과,5.0,후지,상품,개,10.0,33668.0,,33901.0,19988.0,20367.3333333333,2021,하순,2021-03-21,사과-후지,3,21,False,False,True,False,False,False,False,False,False,False,False,False,False,False,True,사과(후지),69.83221476510049,0.31350385271953896,,,,,,,,
202103하순,411.0,사과,5.0,후지,상품,개,10.0,33668.0,,33901.0,19988.0,20367.3333333333,2021,하순,2021-03-21,사과-후지,3,21,False,False,True,False,False,False,False,False,False,False,False,False,False,False,True,사과(후지),69.83221476510049,0.31350385271953896,,,,,,,,
202103하순,411.0,사과,5.0,후지,상품,개,10.0,33668.0,,33901.0,19988.0,20367.3333333333,2021,하순,2021-03-21,사과-후지,3,21,False,False,True,False,False,False,False,False,False,False,False,False,False,False,True,사과(후지),69.83221476510049,0.31350385271953896,,,,,,,,
202103하순,411.0,사과,5.0,후지,상품,개,10.0,33668.0,,33901.0,19988.0,20367.3333333333,2021,하순,2021-03-21,사과-후지,3,21,False,False,True,False,False,False,False,False,False,False,False,False,False,False,True,사과(후지),69.83221476510049,0.31350385271953896,,,,,,,,
202103하순,411.0,사과,5.0,후지,상품,개,10.0,33668.0,,33901.0,19988.0,20367.3333333333,2021,하순,2021-03-21,사과-후지,3,21,False,False,True,False,False,False,False,False,False,False,False,False,False,False,True,사과(후지),69.83221476510049,0.31350385271953896,,,,,,,,
202103하순,411.0,사과,5.0,후지,상품,개,10.0,33668.0,,33901.0,19988.0,20367.3333333333,2021,하순,2021-03-21,사과-후지,3,21,False,False,True,False,False,False,False,False,False,False,False,False,False,False,True,사과(후지),69.83221476510049,0.31350385271953896,,,,,,,,
202103하순,411.0,사과,5.0,후지,상품,개,10.0,33668.0,,33901.0,19988.0,20367.3333333333,2021,하순,2021-03-21,사과-후지,3,21,False,False,True,False,False,False,False,False,False,False,False,False,False,False,True,사과(후지),69.83221476510049,0.31350385271953896,,,,,,,,
202103하순,411.0,사과,5.0,후지,상품,개,10.0,33668.0,,33901.0,19988.0,20367.3333333333,2021,하순,2021-03-21,사과-후지,3,21,False,False,True,False,False,False,False,False,False,False,False,False,False,False,True,사과(후지),69.83221476510049,0.31350385271953896,,,,,,,,
202104상순,411.0,사과,5.0,후지,상품,개,10.0,34642.0,,33066.0,20251.0,19819.0,2021,상순,2021-04-01,사과-후지,4,1,False,False,False,True,False,False,False,False,False,False,False,False,True,False,False,사과(후지),83.64161073825484,0.3222495083787318,,,,,,,,
202104상순,411.0,사과,5.0,후지,상품,개,10.0,34642.0,,33066.0,20251.0,19819.0,2021,상순,2021-04-01,사과-후지,4,1,False,False,False,True,False,False,False,False,False,False,False,False,True,False,False,사과(후지),83.64161073825484,0.3222495083787318,,,,,,,,
202104상순,411.0,사과,5.0,후지,상품,개,10.0,34642.0,,33066.0,20251.0,19819.0,2021,상순,2021-04-01,사과-후지,4,1,False,False,False,True,False,False,False,False,False,False,False,False,True,False,False,사과(후지),83.64161073825484,0.3222495083787318,,,,,,,,
202104상순,411.0,사과,5.0,후지,상품,개,10.0,34642.0,,33066.0,20251.0,19819.0,2021,상순,2021-04-01,사과-후지,4,1,False,False,False,True,False,False,False,False,False,False,False,False,True,False,False,사과(후지),83.64161073825484,0.3222495083787318,,,,,,,,
202104상순,411.0,사과,5.0,후지,상품,개,10.0,34642.0,,33066.0,20251.0,19819.0,2021,상순,2021-04-01,사과-후지,4,1,False,False,False,True,False,False,False,False,False,False,False,False,True,False,False,사과(후지),83.64161073825484,0.3222495083787318,,,,,,,,
202104상순,411.0,사과,5.0,후지,상품,개,10.0,34642.0,,33066.0,20251.0,19819.0,2021,상순,2021-04-01,사과-후지,4,1,False,False,False,True,False,False,False,False,False,False,False,False,True,False,False,사과(후지),83.64161073825484,0.3222495083787318,,,,,,,,
202104상순,411.0,사과,5.0,후지,상품,개,10.0,34642.0,,33066.0,20251.0,19819.0,2021,상순,2021-04-01,사과-후지,4,1,False,False,False,True,False,False,False,False,False,False,False,False,True,False,False,사과(후지),83.64161073825484,0.3222495083787318,,,,,,,,
202104상순,411.0,사과,5.0,후지,상품,개,10.0,34642.0,,33066.0,20251.0,19819.0,2021,상순,2021-04-01,사과-후지,4,1,False,False,False,True,False,False,False,False,False,False,False,False,True,False,False,사과(후지),83.64161073825484,0.3222495083787318,,,,,,,,
202104상순,411.0,사과,5.0,후지,상품,개,10.0,34642.0,,33066.0,20251.0,19819.0,2021,상순,2021-04-01,사과-후지,4,1,False,False,False,True,False,False,False,False,False,False,False,False,True,False,False,사과(후지),83.64161073825484,0.3222495083787318,,,,,,,,
202104상순,411.0,사과,5.0,후지,상품,개,10.0,34642.0,,33066.0,20251.0,19819.0,2021,상순,2021-04-01,사과-후지,4,1,False,False,False,True,False,False,False,False,False,False,False,False,True,False,False,사과(후지),83.64161073825484,0.3222495083787318,,,,,,,,
202104상순,411.0,사과,5.0,후지,상품,개,10.0,34642.0,,33066.0,20251.0,19819.0,2021,상순,2021-04-01,사과-후지,4,1,False,False,False,True,False,False,False,False,False,False,False,False,True,False,False,사과(후지),83.64161073825484,0.3222495083787318,,,,,,,,
202104상순,411.0,사과,5.0,후지,상품,개,10.0,34642.0,,33066.0,20251.0,19819.0,2021,상순,2021-04-01,사과-후지,4,1,False,False,False,True,False,False,False,False,False,False,False,False,True,False,False,사과(후지),83.64161073825484,0.3222495083787318,,,,,,,,
202104상순,411.0,사과,5.0,후지,상품,개,10.0,34642.0,,33066.0,20251.0,19819.0,2021,상순,2021-04-01,사과-후지,4,1,False,False,False,True,False,False,False,False,False,False,False,False,True,False,False,사과(후지),83.64161073825484,0.3222495083787318,,,,,,,,
202104상순,411.0,사과,5.0,후지,상품,개,10.0,34642.0,,33066.0,20251.0,19819.0,2021,상순,2021-04-01,사과-후지,4,1,False,False,False,True,False,False,False,False,False,False,False,False,True,False,False,사과(후지),83.64161073825484,0.3222495083787318,,,,,,,,
202104상순,411.0,사과,5.0,후지,상품,개,10.0,34642.0,,33066.0,20251.0,19819.0,2021,상순,2021-04-01,사과-후지,4,1,False,False,False,True,False,False,False,False,False,False,False,False,True,False,False,사과(후지),83.64161073825484,0.3222495083787318,,,,,,,,
202104상순,411.0,사과,5.0,후지,상품,개,10.0,34642.0,,33066.0,20251.0,19819.0,2021,상순,2021-04-01,사과-후지,4,1,False,False,False,True,False,False,False,False,False,False,False,False,True,False,False,사과(후지),83.64161073825484,0.3222495083787318,,,,,,,,
202104상순,411.0,사과,5.0,후지,상품,개,10.0,34642.0,,33066.0,20251.0,19819.0,2021,상순,2021-04-01,사과-후지,4,1,False,False,False,True,False,False,False,False,False,False,False,False,True,False,False,사과(후지),83.64161073825484,0.3222495083787318,,,,,,,,
202104상순,411.0,사과,5.0,후지,상품,개,10.0,34642.0,,33066.0,20251.0,19819.0,2021,상순,2021-04-01,사과-후지,4,1,False,False,False,True,False,False,False,False,False,False,False,False,True,False,False,사과(후지),83.64161073825484,0.3222495083787318,,,,,,,,
202104상순,411.0,사과,5.0,후지,상품,개,10.0,34642.0,,33066.0,20251.0,19819.0,2021,상순,2021-04-01,사과-후지,4,1,False,False,False,True,False,False,False,False,False,False,False,False,True,False,False,사과(후지),83.64161073825484,0.3222495083787318,,,,,,,,
202104상순,411.0,사과,5.0,후지,상품,개,10.0,34642.0,,33066.0,20251.0,19819.0,2021,상순,2021-04-01,사과-후지,4,1,False,False,False,True,False,False,False,False,False,False,False,False,True,False,False,사과(후지),83.64161073825484,0.3222495083787318,,,,,,,,
202104상순,411.0,사과,5.0,후지,상품,개,10.0,34642.0,,33066.0,20251.0,19819.0,2021,상순,2021-04-01,사과-후지,4,1,False,False,False,True,False,False,False,False,False,False,False,False,True,False,False,사과(후지),83.64161073825484,0.3222495083787318,,,,,,,,
202104상순,411.0,사과,5.0,후지,상품,개,10.0,34642.0,,33066.0,20251.0,19819.0,2021,상순,2021-04-01,사과-후지,4,1,False,False,False,True,False,False,False,False,False,False,False,False,True,False,False,사과(후지),83.64161073825484,0.3222495083787318,,,,,,,,
202104상순,411.0,사과,5.0,후지,상품,개,10.0,34642.0,,33066.0,20251.0,19819.0,2021,상순,2021-04-01,사과-후지,4,1,False,False,False,True,False,False,False,False,False,False,False,False,True,False,False,사과(후지),83.64161073825484,0.3222495083787318,,,,,,,,
202104중순,411.0,사과,5.0,후지,상품,개,10.0,34038.0,,32917.0,20484.0,19900.3333333333,2021,중순,2021-04-11,사과-후지,4,11,False,False,False,True,False,False,False,False,False,False,False,False,False,True,False,사과(후지),93.98523489932865,0.3361039297992012,,,,,,,,
202104중순,411.0,사과,5.0,후지,상품,개,10.0,34038.0,,32917.0,20484.0,19900.3333333333,2021,중순,2021-04-11,사과-후지,4,11,False,False,False,True,False,False,False,False,False,False,False,False,False,True,False,사과(후지),93.98523489932865,0.3361039297992012,,,,,,,,
202104중순,411.0,사과,5.0,후지,상품,개,10.0,34038.0,,32917.0,20484.0,19900.3333333333,2021,중순,2021-04-11,사과-후지,4,11,False,False,False,True,False,False,False,False,False,False,False,False,False,True,False,사과(후지),93.98523489932865,0.3361039297992012,,,,,,,,
202104중순,411.0,사과,5.0,후지,상품,개,10.0,34038.0,,32917.0,20484.0,19900.3333333333,2021,중순,2021-04-11,사과-후지,4,11,False,False,False,True,False,False,False,False,False,False,False,False,False,True,False,사과(후지),93.98523489932865,0.3361039297992012,,,,,,,,
202104중순,411.0,사과,5.0,후지,상품,개,10.0,34038.0,,32917.0,20484.0,19900.3333333333,2021,중순,2021-04-11,사과-후지,4,11,False,False,False,True,False,False,False,False,False,False,False,False,False,True,False,사과(후지),93.98523489932865,0.3361039297992012,,,,,,,,
202104중순,411.0,사과,5.0,후지,상품,개,10.0,34038.0,,32917.0,20484.0,19900.3333333333,2021,중순,2021-04-11,사과-후지,4,11,False,False,False,True,False,False,False,False,False,False,False,False,False,True,False,사과(후지),93.98523489932865,0.3361039297992012,,,,,,,,
202104중순,411.0,사과,5.0,후지,상품,개,10.0,34038.0,,32917.0,20484.0,19900.3333333333,2021,중순,2021-04-11,사과-후지,4,11,False,False,False,True,False,False,False,False,False,False,False,False,False,True,False,사과(후지),93.98523489932865,0.3361039297992012,,,,,,,,
202104중순,411.0,사과,5.0,후지,상품,개,10.0,34038.0,,32917.0,20484.0,19900.3333333333,2021,중순,2021-04-11,사과-후지,4,11,False,False,False,True,False,False,False,False,False,False,False,False,False,True,False,사과(후지),93.98523489932865,0.3361039297992012,,,,,,,,
202104중순,411.0,사과,5.0,후지,상품,개,10.0,34038.0,,32917.0,20484.0,19900.3333333333,2021,중순,2021-04-11,사과-후지,4,11,False,False,False,True,False,False,False,False,False,False,False,False,False,True,False,사과(후지),93.98523489932865,0.3361039297992012,,,,,,,,
202104중순,411.0,사과,5.0,후지,상품,개,10.0,34038.0,,32917.0,20484.0,19900.3333333333,2021,중순,2021-04-11,사과-후지,4,11,False,False,False,True,False,False,False,False,False,False,False,False,False,True,False,사과(후지),93.98523489932865,0.3361039297992012,,,,,,,,
202104중순,411.0,사과,5.0,후지,상품,개,10.0,34038.0,,32917.0,20484.0,19900.3333333333,2021,중순,2021-04-11,사과-후지,4,11,False,False,False,True,False,False,False,False,False,False,False,False,False,True,False,사과(후지),93.98523489932865,0.3361039297992012,,,,,,,,
202104중순,411.0,사과,5.0,후지,상품,개,10.0,34038.0,,32917.0,20484.0,19900.3333333333,2021,중순,2021-04-11,사과-후지,4,11,False,False,False,True,False,False,False,False,False,False,False,False,False,True,False,사과(후지),93.98523489932865,0.3361039297992012,,,,,,,,
202104중순,411.0,사과,5.0,후지,상품,개,10.0,34038.0,,32917.0,20484.0,19900.3333333333,2021,중순,2021-04-11,사과-후지,4,11,False,False,False,True,False,False,False,False,False,False,False,False,False,True,False,사과(후지),93.98523489932865,0.3361039297992012,,,,,,,,
202104중순,411.0,사과,5.0,후지,상품,개,10.0,34038.0,,32917.0,20484.0,19900.3333333333,2021,중순,2021-04-11,사과-후지,4,11,False,False,False,True,False,False,False,False,False,False,False,False,False,True,False,사과(후지),93.98523489932865,0.3361039297992012,,,,,,,,
202104중순,411.0,사과,5.0,후지,상품,개,10.0,34038.0,,32917.0,20484.0,19900.3333333333,2021,중순,2021-04-11,사과-후지,4,11,False,False,False,True,False,False,False,False,False,False,False,False,False,True,False,사과(후지),93.98523489932865,0.3361039297992012,,,,,,,,
202104중순,411.0,사과,5.0,후지,상품,개,10.0,34038.0,,32917.0,20484.0,19900.3333333333,2021,중순,2021-04-11,사과-후지,4,11,False,False,False,True,False,False,False,False,False,False,False,False,False,True,False,사과(후지),93.98523489932865,0.3361039297992012,,,,,,,,
202104중순,411.0,사과,5.0,후지,상품,개,10.0,34038.0,,32917.0,20484.0,19900.3333333333,2021,중순,2021-04-11,사과-후지,4,11,False,False,False,True,False,False,False,False,False,False,False,False,False,True,False,사과(후지),93.98523489932865,0.3361039297992012,,,,,,,,
202104중순,411.0,사과,5.0,후지,상품,개,10.0,34038.0,,32917.0,20484.0,19900.3333333333,2021,중순,2021-04-11,사과-후지,4,11,False,False,False,True,False,False,False,False,False,False,False,False,False,True,False,사과(후지),93.98523489932865,0.3361039297992012,,,,,,,,
202104중순,411.0,사과,5.0,후지,상품,개,10.0,34038.0,,32917.0,20484.0,19900.3333333333,2021,중순,2021-04-11,사과-후지,4,11,False,False,False,True,False,False,False,False,False,False,False,False,False,True,False,사과(후지),93.98523489932865,0.3361039297992012,,,,,,,,
202104중순,411.0,사과,5.0,후지,상품,개,10.0,34038.0,,32917.0,20484.0,19900.3333333333,2021,중순,2021-04-11,사과-후지,4,11,False,False,False,True,False,False,False,False,False,False,False,False,False,True,False,사과(후지),93.98523489932865,0.3361039297992012,,,,,,,,
202104중순,411.0,사과,5.0,후지,상품,개,10.0,34038.0,,32917.0,20484.0,19900.3333333333,2021,중순,2021-04-11,사과-후지,4,11,False,False,False,True,False,False,False,False,False,False,False,False,False,True,False,사과(후지),93.98523489932865,0.3361039297992012,,,,,,,,
202104중순,411.0,사과,5.0,후지,상품,개,10.0,34038.0,,32917.0,20484.0,19900.3333333333,2021,중순,2021-04-11,사과-후지,4,11,False,False,False,True,False,False,False,False,False,False,False,False,False,True,False,사과(후지),93.98523489932865,0.3361039297992012,,,,,,,,
202104중순,411.0,사과,5.0,후지,상품,개,10.0,34038.0,,32917.0,20484.0,19900.3333333333,2021,중순,2021-04-11,사과-후지,4,11,False,False,False,True,False,False,False,False,False,False,False,False,False,True,False,사과(후지),93.98523489932865,0.3361039297992012,,,,,,,,
202104중순,411.0,사과,5.0,후지,상품,개,10.0,34038.0,,32917.0,20484.0,19900.3333333333,2021,중순,2021-04-11,사과-후지,4,11,False,False,False,True,False,False,False,False,False,False,False,False,False,True,False,사과(후지),93.98523489932865,0.3361039297992012,,,,,,,,
202104중순,411.0,사과,5.0,후지,상품,개,10.0,34038.0,,32917.0,20484.0,19900.3333333333,2021,중순,2021-04-11,사과-후지,4,11,False,False,False,True,False,False,False,False,False,False,False,False,False,True,False,사과(후지),93.98523489932865,0.3361039297992012,,,,,,,,
202104하순,411.0,사과,5.0,후지,상품,개,10.0,34235.0,,33668.0,20518.0,20096.0,2021,하순,2021-04-21,사과-후지,4,21,False,False,False,True,False,False,False,False,False,False,False,False,False,False,True,사과(후지),97.5973154362414,0.3616800112375333,,,,,,,,
202104하순,411.0,사과,5.0,후지,상품,개,10.0,34235.0,,33668.0,20518.0,20096.0,2021,하순,2021-04-21,사과-후지,4,21,False,False,False,True,False,False,False,False,False,False,False,False,False,False,True,사과(후지),97.5973154362414,0.3616800112375333,,,,,,,,
202104하순,411.0,사과,5.0,후지,상품,개,10.0,34235.0,,33668.0,20518.0,20096.0,2021,하순,2021-04-21,사과-후지,4,21,False,False,False,True,False,False,False,False,False,False,False,False,False,False,True,사과(후지),97.5973154362414,0.3616800112375333,,,,,,,,
202104하순,411.0,사과,5.0,후지,상품,개,10.0,34235.0,,33668.0,20518.0,20096.0,2021,하순,2021-04-21,사과-후지,4,21,False,False,False,True,False,False,False,False,False,False,False,False,False,False,True,사과(후지),97.5973154362414,0.3616800112375333,,,,,,,,
202104하순,411.0,사과,5.0,후지,상품,개,10.0,34235.0,,33668.0,20518.0,20096.0,2021,하순,2021-04-21,사과-후지,4,21,False,False,False,True,False,False,False,False,False,False,False,False,False,False,True,사과(후지),97.5973154362414,0.3616800112375333,,,,,,,,
202104하순,411.0,사과,5.0,후지,상품,개,10.0,34235.0,,33668.0,20518.0,20096.0,2021,하순,2021-04-21,사과-후지,4,21,False,False,False,True,False,False,False,False,False,False,False,False,False,False,True,사과(후지),97.5973154362414,0.3616800112375333,,,,,,,,
202104하순,411.0,사과,5.0,후지,상품,개,10.0,34235.0,,33668.0,20518.0,20096.0,2021,하순,2021-04-21,사과-후지,4,21,False,False,False,True,False,False,False,False,False,False,False,False,False,False,True,사과(후지),97.5973154362414,0.3616800112375333,,,,,,,,
202104하순,411.0,사과,5.0,후지,상품,개,10.0,34235.0,,33668.0,20518.0,20096.0,2021,하순,2021-04-21,사과-후지,4,21,False,False,False,True,False,False,False,False,False,False,False,False,False,False,True,사과(후지),97.5973154362414,0.3616800112375333,,,,,,,,
202104하순,411.0,사과,5.0,후지,상품,개,10.0,34235.0,,33668.0,20518.0,20096.0,2021,하순,2021-04-21,사과-후지,4,21,False,False,False,True,False,False,False,False,False,False,False,False,False,False,True,사과(후지),97.5973154362414,0.3616800112375333,,,,,,,,
202104하순,411.0,사과,5.0,후지,상품,개,10.0,34235.0,,33668.0,20518.0,20096.0,2021,하순,2021-04-21,사과-후지,4,21,False,False,False,True,False,False,False,False,False,False,False,False,False,False,True,사과(후지),97.5973154362414,0.3616800112375333,,,,,,,,
202104하순,411.0,사과,5.0,후지,상품,개,10.0,34235.0,,33668.0,20518.0,20096.0,2021,하순,2021-04-21,사과-후지,4,21,False,False,False,True,False,False,False,False,False,False,False,False,False,False,True,사과(후지),97.5973154362414,0.3616800112375333,,,,,,,,
202104하순,411.0,사과,5.0,후지,상품,개,10.0,34235.0,,33668.0,20518.0,20096.0,2021,하순,2021-04-21,사과-후지,4,21,False,False,False,True,False,False,False,False,False,False,False,False,False,False,True,사과(후지),97.5973154362414,0.3616800112375333,,,,,,,,
202104하순,411.0,사과,5.0,후지,상품,개,10.0,34235.0,,33668.0,20518.0,20096.0,2021,하순,2021-04-21,사과-후지,4,21,False,False,False,True,False,False,False,False,False,False,False,False,False,False,True,사과(후지),97.5973154362414,0.3616800112375333,,,,,,,,
202104하순,411.0,사과,5.0,후지,상품,개,10.0,34235.0,,33668.0,20518.0,20096.0,2021,하순,2021-04-21,사과-후지,4,21,False,False,False,True,False,False,False,False,False,False,False,False,False,False,True,사과(후지),97.5973154362414,0.3616800112375333,,,,,,,,
202104하순,411.0,사과,5.0,후지,상품,개,10.0,34235.0,,33668.0,20518.0,20096.0,2021,하순,2021-04-21,사과-후지,4,21,False,False,False,True,False,False,False,False,False,False,False,False,False,False,True,사과(후지),97.5973154362414,0.3616800112375333,,,,,,,,
202104하순,411.0,사과,5.0,후지,상품,개,10.0,34235.0,,33668.0,20518.0,20096.0,2021,하순,2021-04-21,사과-후지,4,21,False,False,False,True,False,False,False,False,False,False,False,False,False,False,True,사과(후지),97.5973154362414,0.3616800112375333,,,,,,,,
202104하순,411.0,사과,5.0,후지,상품,개,10.0,34235.0,,33668.0,20518.0,20096.0,2021,하순,2021-04-21,사과-후지,4,21,False,False,False,True,False,False,False,False,False,False,False,False,False,False,True,사과(후지),97.5973154362414,0.3616800112375333,,,,,,,,
202104하순,411.0,사과,5.0,후지,상품,개,10.0,34235.0,,33668.0,20518.0,20096.0,2021,하순,2021-04-21,사과-후지,4,21,False,False,False,True,False,False,False,False,False,False,False,False,False,False,True,사과(후지),97.5973154362414,0.3616800112375333,,,,,,,,
202104하순,411.0,사과,5.0,후지,상품,개,10.0,34235.0,,33668.0,20518.0,20096.0,2021,하순,2021-04-21,사과-후지,4,21,False,False,False,True,False,False,False,False,False,False,False,False,False,False,True,사과(후지),97.5973154362414,0.3616800112375333,,,,,,,,
202104하순,411.0,사과,5.0,후지,상품,개,10.0,34235.0,,33668.0,20518.0,20096.0,2021,하순,2021-04-21,사과-후지,4,21,False,False,False,True,False,False,False,False,False,False,False,False,False,False,True,사과(후지),97.5973154362414,0.3616800112375333,,,,,,,,
202104하순,411.0,사과,5.0,후지,상품,개,10.0,34235.0,,33668.0,20518.0,20096.0,2021,하순,2021-04-21,사과-후지,4,21,False,False,False,True,False,False,False,False,False,False,False,False,False,False,True,사과(후지),97.5973154362414,0.3616800112375333,,,,,,,,
202104하순,411.0,사과,5.0,후지,상품,개,10.0,34235.0,,33668.0,20518.0,20096.0,2021,하순,2021-04-21,사과-후지,4,21,False,False,False,True,False,False,False,False,False,False,False,False,False,False,True,사과(후지),97.5973154362414,0.3616800112375333,,,,,,,,
202104하순,411.0,사과,5.0,후지,상품,개,10.0,34235.0,,33668.0,20518.0,20096.0,2021,하순,2021-04-21,사과-후지,4,21,False,False,False,True,False,False,False,False,False,False,False,False,False,False,True,사과(후지),97.5973154362414,0.3616800112375333,,,,,,,,
202105상순,411.0,사과,5.0,후지,상품,개,10.0,34263.0,,34642.0,20940.0,20389.0,2021,상순,2021-05-01,사과-후지,5,1,False,False,False,False,True,False,False,False,False,False,False,False,True,False,False,사과(후지),108.66040268456355,0.38397377336226246,,,,,,,,
202105상순,411.0,사과,5.0,후지,상품,개,10.0,34263.0,,34642.0,20940.0,20389.0,2021,상순,2021-05-01,사과-후지,5,1,False,False,False,False,True,False,False,False,False,False,False,False,True,False,False,사과(후지),108.66040268456355,0.38397377336226246,,,,,,,,
202105상순,411.0,사과,5.0,후지,상품,개,10.0,34263.0,,34642.0,20940.0,20389.0,2021,상순,2021-05-01,사과-후지,5,1,False,False,False,False,True,False,False,False,False,False,False,False,True,False,False,사과(후지),108.66040268456355,0.38397377336226246,,,,,,,,
202105상순,411.0,사과,5.0,후지,상품,개,10.0,34263.0,,34642.0,20940.0,20389.0,2021,상순,2021-05-01,사과-후지,5,1,False,False,False,False,True,False,False,False,False,False,False,False,True,False,False,사과(후지),108.66040268456355,0.38397377336226246,,,,,,,,
202105상순,411.0,사과,5.0,후지,상품,개,10.0,34263.0,,34642.0,20940.0,20389.0,2021,상순,2021-05-01,사과-후지,5,1,False,False,False,False,True,False,False,False,False,False,False,False,True,False,False,사과(후지),108.66040268456355,0.38397377336226246,,,,,,,,
202105상순,411.0,사과,5.0,후지,상품,개,10.0,34263.0,,34642.0,20940.0,20389.0,2021,상순,2021-05-01,사과-후지,5,1,False,False,False,False,True,False,False,False,False,False,False,False,True,False,False,사과(후지),108.66040268456355,0.38397377336226246,,,,,,,,
202105상순,411.0,사과,5.0,후지,상품,개,10.0,34263.0,,34642.0,20940.0,20389.0,2021,상순,2021-05-01,사과-후지,5,1,False,False,False,False,True,False,False,False,False,False,False,False,True,False,False,사과(후지),108.66040268456355,0.38397377336226246,,,,,,,,
202105상순,411.0,사과,5.0,후지,상품,개,10.0,34263.0,,34642.0,20940.0,20389.0,2021,상순,2021-05-01,사과-후지,5,1,False,False,False,False,True,False,False,False,False,False,False,False,True,False,False,사과(후지),108.66040268456355,0.38397377336226246,,,,,,,,
202105상순,411.0,사과,5.0,후지,상품,개,10.0,34263.0,,34642.0,20940.0,20389.0,2021,상순,2021-05-01,사과-후지,5,1,False,False,False,False,True,False,False,False,False,False,False,False,True,False,False,사과(후지),108.66040268456355,0.38397377336226246,,,,,,,,
202105상순,411.0,사과,5.0,후지,상품,개,10.0,34263.0,,34642.0,20940.0,20389.0,2021,상순,2021-05-01,사과-후지,5,1,False,False,False,False,True,False,False,False,False,False,False,False,True,False,False,사과(후지),108.66040268456355,0.38397377336226246,,,,,,,,
202105상순,411.0,사과,5.0,후지,상품,개,10.0,34263.0,,34642.0,20940.0,20389.0,2021,상순,2021-05-01,사과-후지,5,1,False,False,False,False,True,False,False,False,False,False,False,False,True,False,False,사과(후지),108.66040268456355,0.38397377336226246,,,,,,,,
202105상순,411.0,사과,5.0,후지,상품,개,10.0,34263.0,,34642.0,20940.0,20389.0,2021,상순,2021-05-01,사과-후지,5,1,False,False,False,False,True,False,False,False,False,False,False,False,True,False,False,사과(후지),108.66040268456355,0.38397377336226246,,,,,,,,
202105상순,411.0,사과,5.0,후지,상품,개,10.0,34263.0,,34642.0,20940.0,20389.0,2021,상순,2021-05-01,사과-후지,5,1,False,False,False,False,True,False,False,False,False,False,False,False,True,False,False,사과(후지),108.66040268456355,0.38397377336226246,,,,,,,,
202105상순,411.0,사과,5.0,후지,상품,개,10.0,34263.0,,34642.0,20940.0,20389.0,2021,상순,2021-05-01,사과-후지,5,1,False,False,False,False,True,False,False,False,False,False,False,False,True,False,False,사과(후지),108.66040268456355,0.38397377336226246,,,,,,,,
202105상순,411.0,사과,5.0,후지,상품,개,10.0,34263.0,,34642.0,20940.0,20389.0,2021,상순,2021-05-01,사과-후지,5,1,False,False,False,False,True,False,False,False,False,False,False,False,True,False,False,사과(후지),108.66040268456355,0.38397377336226246,,,,,,,,
202105상순,411.0,사과,5.0,후지,상품,개,10.0,34263.0,,34642.0,20940.0,20389.0,2021,상순,2021-05-01,사과-후지,5,1,False,False,False,False,True,False,False,False,False,False,False,False,True,False,False,사과(후지),108.66040268456355,0.38397377336226246,,,,,,,,
202105상순,411.0,사과,5.0,후지,상품,개,10.0,34263.0,,34642.0,20940.0,20389.0,2021,상순,2021-05-01,사과-후지,5,1,False,False,False,False,True,False,False,False,False,False,False,False,True,False,False,사과(후지),108.66040268456355,0.38397377336226246,,,,,,,,
202105상순,411.0,사과,5.0,후지,상품,개,10.0,34263.0,,34642.0,20940.0,20389.0,2021,상순,2021-05-01,사과-후지,5,1,False,False,False,False,True,False,False,False,False,False,False,False,True,False,False,사과(후지),108.66040268456355,0.38397377336226246,,,,,,,,
202105상순,411.0,사과,5.0,후지,상품,개,10.0,34263.0,,34642.0,20940.0,20389.0,2021,상순,2021-05-01,사과-후지,5,1,False,False,False,False,True,False,False,False,False,False,False,False,True,False,False,사과(후지),108.66040268456355,0.38397377336226246,,,,,,,,
202105상순,411.0,사과,5.0,후지,상품,개,10.0,34263.0,,34642.0,20940.0,20389.0,2021,상순,2021-05-01,사과-후지,5,1,False,False,False,False,True,False,False,False,False,False,False,False,True,False,False,사과(후지),108.66040268456355,0.38397377336226246,,,,,,,,
202105상순,411.0,사과,5.0,후지,상품,개,10.0,34263.0,,34642.0,20940.0,20389.0,2021,상순,2021-05-01,사과-후지,5,1,False,False,False,False,True,False,False,False,False,False,False,False,True,False,False,사과(후지),108.66040268456355,0.38397377336226246,,,,,,,,
202105상순,411.0,사과,5.0,후지,상품,개,10.0,34263.0,,34642.0,20940.0,20389.0,2021,상순,2021-05-01,사과-후지,5,1,False,False,False,False,True,False,False,False,False,False,False,False,True,False,False,사과(후지),108.66040268456355,0.38397377336226246,,,,,,,,
202105상순,411.0,사과,5.0,후지,상품,개,10.0,34263.0,,34642.0,20940.0,20389.0,2021,상순,2021-05-01,사과-후지,5,1,False,False,False,False,True,False,False,False,False,False,False,False,True,False,False,사과(후지),108.66040268456355,0.38397377336226246,,,,,,,,
202105상순,411.0,사과,5.0,후지,상품,개,10.0,34263.0,,34642.0,20940.0,20389.0,2021,상순,2021-05-01,사과-후지,5,1,False,False,False,False,True,False,False,False,False,False,False,False,True,False,False,사과(후지),108.66040268456355,0.38397377336226246,,,,,,,,
202105상순,411.0,사과,5.0,후지,상품,개,10.0,34263.0,,34642.0,20940.0,20389.0,2021,상순,2021-05-01,사과-후지,5,1,False,False,False,False,True,False,False,False,False,False,False,False,True,False,False,사과(후지),108.66040268456355,0.38397377336226246,,,,,,,,
202105중순,411.0,사과,5.0,후지,상품,개,10.0,34386.0,,34038.0,21526.0,20511.6666666666,2021,중순,2021-05-11,사과-후지,5,11,False,False,False,False,True,False,False,False,False,False,False,False,False,True,False,사과(후지),130.23221476510048,0.4337778326542371,,,,,,,,
202105중순,411.0,사과,5.0,후지,상품,개,10.0,34386.0,,34038.0,21526.0,20511.6666666666,2021,중순,2021-05-11,사과-후지,5,11,False,False,False,False,True,False,False,False,False,False,False,False,False,True,False,사과(후지),130.23221476510048,0.4337778326542371,,,,,,,,
202105중순,411.0,사과,5.0,후지,상품,개,10.0,34386.0,,34038.0,21526.0,20511.6666666666,2021,중순,2021-05-11,사과-후지,5,11,False,False,False,False,True,False,False,False,False,False,False,False,False,True,False,사과(후지),130.23221476510048,0.4337778326542371,,,,,,,,
202105중순,411.0,사과,5.0,후지,상품,개,10.0,34386.0,,34038.0,21526.0,20511.6666666666,2021,중순,2021-05-11,사과-후지,5,11,False,False,False,False,True,False,False,False,False,False,False,False,False,True,False,사과(후지),130.23221476510048,0.4337778326542371,,,,,,,,
202105중순,411.0,사과,5.0,후지,상품,개,10.0,34386.0,,34038.0,21526.0,20511.6666666666,2021,중순,2021-05-11,사과-후지,5,11,False,False,False,False,True,False,False,False,False,False,False,False,False,True,False,사과(후지),130.23221476510048,0.4337778326542371,,,,,,,,
202105중순,411.0,사과,5.0,후지,상품,개,10.0,34386.0,,34038.0,21526.0,20511.6666666666,2021,중순,2021-05-11,사과-후지,5,11,False,False,False,False,True,False,False,False,False,False,False,False,False,True,False,사과(후지),130.23221476510048,0.4337778326542371,,,,,,,,
202105중순,411.0,사과,5.0,후지,상품,개,10.0,34386.0,,34038.0,21526.0,20511.6666666666,2021,중순,2021-05-11,사과-후지,5,11,False,False,False,False,True,False,False,False,False,False,False,False,False,True,False,사과(후지),130.23221476510048,0.4337778326542371,,,,,,,,
202105중순,411.0,사과,5.0,후지,상품,개,10.0,34386.0,,34038.0,21526.0,20511.6666666666,2021,중순,2021-05-11,사과-후지,5,11,False,False,False,False,True,False,False,False,False,False,False,False,False,True,False,사과(후지),130.23221476510048,0.4337778326542371,,,,,,,,
202105중순,411.0,사과,5.0,후지,상품,개,10.0,34386.0,,34038.0,21526.0,20511.6666666666,2021,중순,2021-05-11,사과-후지,5,11,False,False,False,False,True,False,False,False,False,False,False,False,False,True,False,사과(후지),130.23221476510048,0.4337778326542371,,,,,,,,
202105중순,411.0,사과,5.0,후지,상품,개,10.0,34386.0,,34038.0,21526.0,20511.6666666666,2021,중순,2021-05-11,사과-후지,5,11,False,False,False,False,True,False,False,False,False,False,False,False,False,True,False,사과(후지),130.23221476510048,0.4337778326542371,,,,,,,,
202105중순,411.0,사과,5.0,후지,상품,개,10.0,34386.0,,34038.0,21526.0,20511.6666666666,2021,중순,2021-05-11,사과-후지,5,11,False,False,False,False,True,False,False,False,False,False,False,False,False,True,False,사과(후지),130.23221476510048,0.4337778326542371,,,,,,,,
202105중순,411.0,사과,5.0,후지,상품,개,10.0,34386.0,,34038.0,21526.0,20511.6666666666,2021,중순,2021-05-11,사과-후지,5,11,False,False,False,False,True,False,False,False,False,False,False,False,False,True,False,사과(후지),130.23221476510048,0.4337778326542371,,,,,,,,
202105중순,411.0,사과,5.0,후지,상품,개,10.0,34386.0,,34038.0,21526.0,20511.6666666666,2021,중순,2021-05-11,사과-후지,5,11,False,False,False,False,True,False,False,False,False,False,False,False,False,True,False,사과(후지),130.23221476510048,0.4337778326542371,,,,,,,,
202105중순,411.0,사과,5.0,후지,상품,개,10.0,34386.0,,34038.0,21526.0,20511.6666666666,2021,중순,2021-05-11,사과-후지,5,11,False,False,False,False,True,False,False,False,False,False,False,False,False,True,False,사과(후지),130.23221476510048,0.4337778326542371,,,,,,,,
202105중순,411.0,사과,5.0,후지,상품,개,10.0,34386.0,,34038.0,21526.0,20511.6666666666,2021,중순,2021-05-11,사과-후지,5,11,False,False,False,False,True,False,False,False,False,False,False,False,False,True,False,사과(후지),130.23221476510048,0.4337778326542371,,,,,,,,
202105중순,411.0,사과,5.0,후지,상품,개,10.0,34386.0,,34038.0,21526.0,20511.6666666666,2021,중순,2021-05-11,사과-후지,5,11,False,False,False,False,True,False,False,False,False,False,False,False,False,True,False,사과(후지),130.23221476510048,0.4337778326542371,,,,,,,,
202105중순,411.0,사과,5.0,후지,상품,개,10.0,34386.0,,34038.0,21526.0,20511.6666666666,2021,중순,2021-05-11,사과-후지,5,11,False,False,False,False,True,False,False,False,False,False,False,False,False,True,False,사과(후지),130.23221476510048,0.4337778326542371,,,,,,,,
202105중순,411.0,사과,5.0,후지,상품,개,10.0,34386.0,,34038.0,21526.0,20511.6666666666,2021,중순,2021-05-11,사과-후지,5,11,False,False,False,False,True,False,False,False,False,False,False,False,False,True,False,사과(후지),130.23221476510048,0.4337778326542371,,,,,,,,
202105중순,411.0,사과,5.0,후지,상품,개,10.0,34386.0,,34038.0,21526.0,20511.6666666666,2021,중순,2021-05-11,사과-후지,5,11,False,False,False,False,True,False,False,False,False,False,False,False,False,True,False,사과(후지),130.23221476510048,0.4337778326542371,,,,,,,,
202105중순,411.0,사과,5.0,후지,상품,개,10.0,34386.0,,34038.0,21526.0,20511.6666666666,2021,중순,2021-05-11,사과-후지,5,11,False,False,False,False,True,False,False,False,False,False,False,False,False,True,False,사과(후지),130.23221476510048,0.4337778326542371,,,,,,,,
202105중순,411.0,사과,5.0,후지,상품,개,10.0,34386.0,,34038.0,21526.0,20511.6666666666,2021,중순,2021-05-11,사과-후지,5,11,False,False,False,False,True,False,False,False,False,False,False,False,False,True,False,사과(후지),130.23221476510048,0.4337778326542371,,,,,,,,
202105중순,411.0,사과,5.0,후지,상품,개,10.0,34386.0,,34038.0,21526.0,20511.6666666666,2021,중순,2021-05-11,사과-후지,5,11,False,False,False,False,True,False,False,False,False,False,False,False,False,True,False,사과(후지),130.23221476510048,0.4337778326542371,,,,,,,,
202105중순,411.0,사과,5.0,후지,상품,개,10.0,34386.0,,34038.0,21526.0,20511.6666666666,2021,중순,2021-05-11,사과-후지,5,11,False,False,False,False,True,False,False,False,False,False,False,False,False,True,False,사과(후지),130.23221476510048,0.4337778326542371,,,,,,,,
202105중순,411.0,사과,5.0,후지,상품,개,10.0,34386.0,,34038.0,21526.0,20511.6666666666,2021,중순,2021-05-11,사과-후지,5,11,False,False,False,False,True,False,False,False,False,False,False,False,False,True,False,사과(후지),130.23221476510048,0.4337778326542371,,,,,,,,
202105중순,411.0,사과,5.0,후지,상품,개,10.0,34386.0,,34038.0,21526.0,20511.6666666666,2021,중순,2021-05-11,사과-후지,5,11,False,False,False,False,True,False,False,False,False,False,False,False,False,True,False,사과(후지),130.23221476510048,0.4337778326542371,,,,,,,,
202105하순,411.0,사과,5.0,후지,상품,개,10.0,32823.0,,34235.0,21783.0,20442.3333333333,2021,하순,2021-05-21,사과-후지,5,21,False,False,False,False,True,False,False,False,False,False,False,False,False,False,True,사과(후지),138.96375838926156,0.471813725490196,,,,,,,,
202105하순,411.0,사과,5.0,후지,상품,개,10.0,32823.0,,34235.0,21783.0,20442.3333333333,2021,하순,2021-05-21,사과-후지,5,21,False,False,False,False,True,False,False,False,False,False,False,False,False,False,True,사과(후지),138.96375838926156,0.471813725490196,,,,,,,,
202105하순,411.0,사과,5.0,후지,상품,개,10.0,32823.0,,34235.0,21783.0,20442.3333333333,2021,하순,2021-05-21,사과-후지,5,21,False,False,False,False,True,False,False,False,False,False,False,False,False,False,True,사과(후지),138.96375838926156,0.471813725490196,,,,,,,,
202105하순,411.0,사과,5.0,후지,상품,개,10.0,32823.0,,34235.0,21783.0,20442.3333333333,2021,하순,2021-05-21,사과-후지,5,21,False,False,False,False,True,False,False,False,False,False,False,False,False,False,True,사과(후지),138.96375838926156,0.471813725490196,,,,,,,,
202105하순,411.0,사과,5.0,후지,상품,개,10.0,32823.0,,34235.0,21783.0,20442.3333333333,2021,하순,2021-05-21,사과-후지,5,21,False,False,False,False,True,False,False,False,False,False,False,False,False,False,True,사과(후지),138.96375838926156,0.471813725490196,,,,,,,,
202105하순,411.0,사과,5.0,후지,상품,개,10.0,32823.0,,34235.0,21783.0,20442.3333333333,2021,하순,2021-05-21,사과-후지,5,21,False,False,False,False,True,False,False,False,False,False,False,False,False,False,True,사과(후지),138.96375838926156,0.471813725490196,,,,,,,,
202105하순,411.0,사과,5.0,후지,상품,개,10.0,32823.0,,34235.0,21783.0,20442.3333333333,2021,하순,2021-05-21,사과-후지,5,21,False,False,False,False,True,False,False,False,False,False,False,False,False,False,True,사과(후지),138.96375838926156,0.471813725490196,,,,,,,,
202105하순,411.0,사과,5.0,후지,상품,개,10.0,32823.0,,34235.0,21783.0,20442.3333333333,2021,하순,2021-05-21,사과-후지,5,21,False,False,False,False,True,False,False,False,False,False,False,False,False,False,True,사과(후지),138.96375838926156,0.471813725490196,,,,,,,,
202105하순,411.0,사과,5.0,후지,상품,개,10.0,32823.0,,34235.0,21783.0,20442.3333333333,2021,하순,2021-05-21,사과-후지,5,21,False,False,False,False,True,False,False,False,False,False,False,False,False,False,True,사과(후지),138.96375838926156,0.471813725490196,,,,,,,,
202105하순,411.0,사과,5.0,후지,상품,개,10.0,32823.0,,34235.0,21783.0,20442.3333333333,2021,하순,2021-05-21,사과-후지,5,21,False,False,False,False,True,False,False,False,False,False,False,False,False,False,True,사과(후지),138.96375838926156,0.471813725490196,,,,,,,,
202105하순,411.0,사과,5.0,후지,상품,개,10.0,32823.0,,34235.0,21783.0,20442.3333333333,2021,하순,2021-05-21,사과-후지,5,21,False,False,False,False,True,False,False,False,False,False,False,False,False,False,True,사과(후지),138.96375838926156,0.471813725490196,,,,,,,,
202105하순,411.0,사과,5.0,후지,상품,개,10.0,32823.0,,34235.0,21783.0,20442.3333333333,2021,하순,2021-05-21,사과-후지,5,21,False,False,False,False,True,False,False,False,False,False,False,False,False,False,True,사과(후지),138.96375838926156,0.471813725490196,,,,,,,,
202105하순,411.0,사과,5.0,후지,상품,개,10.0,32823.0,,34235.0,21783.0,20442.3333333333,2021,하순,2021-05-21,사과-후지,5,21,False,False,False,False,True,False,False,False,False,False,False,False,False,False,True,사과(후지),138.96375838926156,0.471813725490196,,,,,,,,
202105하순,411.0,사과,5.0,후지,상품,개,10.0,32823.0,,34235.0,21783.0,20442.3333333333,2021,하순,2021-05-21,사과-후지,5,21,False,False,False,False,True,False,False,False,False,False,False,False,False,False,True,사과(후지),138.96375838926156,0.471813725490196,,,,,,,,
202105하순,411.0,사과,5.0,후지,상품,개,10.0,32823.0,,34235.0,21783.0,20442.3333333333,2021,하순,2021-05-21,사과-후지,5,21,False,False,False,False,True,False,False,False,False,False,False,False,False,False,True,사과(후지),138.96375838926156,0.471813725490196,,,,,,,,
202105하순,411.0,사과,5.0,후지,상품,개,10.0,32823.0,,34235.0,21783.0,20442.3333333333,2021,하순,2021-05-21,사과-후지,5,21,False,False,False,False,True,False,False,False,False,False,False,False,False,False,True,사과(후지),138.96375838926156,0.471813725490196,,,,,,,,
202105하순,411.0,사과,5.0,후지,상품,개,10.0,32823.0,,34235.0,21783.0,20442.3333333333,2021,하순,2021-05-21,사과-후지,5,21,False,False,False,False,True,False,False,False,False,False,False,False,False,False,True,사과(후지),138.96375838926156,0.471813725490196,,,,,,,,
202105하순,411.0,사과,5.0,후지,상품,개,10.0,32823.0,,34235.0,21783.0,20442.3333333333,2021,하순,2021-05-21,사과-후지,5,21,False,False,False,False,True,False,False,False,False,False,False,False,False,False,True,사과(후지),138.96375838926156,0.471813725490196,,,,,,,,
202105하순,411.0,사과,5.0,후지,상품,개,10.0,32823.0,,34235.0,21783.0,20442.3333333333,2021,하순,2021-05-21,사과-후지,5,21,False,False,False,False,True,False,False,False,False,False,False,False,False,False,True,사과(후지),138.96375838926156,0.471813725490196,,,,,,,,
202105하순,411.0,사과,5.0,후지,상품,개,10.0,32823.0,,34235.0,21783.0,20442.3333333333,2021,하순,2021-05-21,사과-후지,5,21,False,False,False,False,True,False,False,False,False,False,False,False,False,False,True,사과(후지),138.96375838926156,0.471813725490196,,,,,,,,
202105하순,411.0,사과,5.0,후지,상품,개,10.0,32823.0,,34235.0,21783.0,20442.3333333333,2021,하순,2021-05-21,사과-후지,5,21,False,False,False,False,True,False,False,False,False,False,False,False,False,False,True,사과(후지),138.96375838926156,0.471813725490196,,,,,,,,
202105하순,411.0,사과,5.0,후지,상품,개,10.0,32823.0,,34235.0,21783.0,20442.3333333333,2021,하순,2021-05-21,사과-후지,5,21,False,False,False,False,True,False,False,False,False,False,False,False,False,False,True,사과(후지),138.96375838926156,0.471813725490196,,,,,,,,
202105하순,411.0,사과,5.0,후지,상품,개,10.0,32823.0,,34235.0,21783.0,20442.3333333333,2021,하순,2021-05-21,사과-후지,5,21,False,False,False,False,True,False,False,False,False,False,False,False,False,False,True,사과(후지),138.96375838926156,0.471813725490196,,,,,,,,
202105하순,411.0,사과,5.0,후지,상품,개,10.0,32823.0,,34235.0,21783.0,20442.3333333333,2021,하순,2021-05-21,사과-후지,5,21,False,False,False,False,True,False,False,False,False,False,False,False,False,False,True,사과(후지),138.96375838926156,0.471813725490196,,,,,,,,
202105하순,411.0,사과,5.0,후지,상품,개,10.0,32823.0,,34235.0,21783.0,20442.3333333333,2021,하순,2021-05-21,사과-후지,5,21,False,False,False,False,True,False,False,False,False,False,False,False,False,False,True,사과(후지),138.96375838926156,0.471813725490196,,,,,,,,
202106상순,411.0,사과,5.0,후지,상품,개,10.0,33013.0,,34263.0,22451.0,20576.6666666666,2021,상순,2021-06-01,사과-후지,6,1,False,False,False,False,False,True,False,False,False,False,False,False,True,False,False,사과(후지),137.89530201342262,0.507266391627625,,,,,,,,
202106상순,411.0,사과,5.0,후지,상품,개,10.0,33013.0,,34263.0,22451.0,20576.6666666666,2021,상순,2021-06-01,사과-후지,6,1,False,False,False,False,False,True,False,False,False,False,False,False,True,False,False,사과(후지),137.89530201342262,0.507266391627625,,,,,,,,
202106상순,411.0,사과,5.0,후지,상품,개,10.0,33013.0,,34263.0,22451.0,20576.6666666666,2021,상순,2021-06-01,사과-후지,6,1,False,False,False,False,False,True,False,False,False,False,False,False,True,False,False,사과(후지),137.89530201342262,0.507266391627625,,,,,,,,
202106상순,411.0,사과,5.0,후지,상품,개,10.0,33013.0,,34263.0,22451.0,20576.6666666666,2021,상순,2021-06-01,사과-후지,6,1,False,False,False,False,False,True,False,False,False,False,False,False,True,False,False,사과(후지),137.89530201342262,0.507266391627625,,,,,,,,
202106상순,411.0,사과,5.0,후지,상품,개,10.0,33013.0,,34263.0,22451.0,20576.6666666666,2021,상순,2021-06-01,사과-후지,6,1,False,False,False,False,False,True,False,False,False,False,False,False,True,False,False,사과(후지),137.89530201342262,0.507266391627625,,,,,,,,
202106상순,411.0,사과,5.0,후지,상품,개,10.0,33013.0,,34263.0,22451.0,20576.6666666666,2021,상순,2021-06-01,사과-후지,6,1,False,False,False,False,False,True,False,False,False,False,False,False,True,False,False,사과(후지),137.89530201342262,0.507266391627625,,,,,,,,
202106상순,411.0,사과,5.0,후지,상품,개,10.0,33013.0,,34263.0,22451.0,20576.6666666666,2021,상순,2021-06-01,사과-후지,6,1,False,False,False,False,False,True,False,False,False,False,False,False,True,False,False,사과(후지),137.89530201342262,0.507266391627625,,,,,,,,
202106상순,411.0,사과,5.0,후지,상품,개,10.0,33013.0,,34263.0,22451.0,20576.6666666666,2021,상순,2021-06-01,사과-후지,6,1,False,False,False,False,False,True,False,False,False,False,False,False,True,False,False,사과(후지),137.89530201342262,0.507266391627625,,,,,,,,
202106상순,411.0,사과,5.0,후지,상품,개,10.0,33013.0,,34263.0,22451.0,20576.6666666666,2021,상순,2021-06-01,사과-후지,6,1,False,False,False,False,False,True,False,False,False,False,False,False,True,False,False,사과(후지),137.89530201342262,0.507266391627625,,,,,,,,
202106상순,411.0,사과,5.0,후지,상품,개,10.0,33013.0,,34263.0,22451.0,20576.6666666666,2021,상순,2021-06-01,사과-후지,6,1,False,False,False,False,False,True,False,False,False,False,False,False,True,False,False,사과(후지),137.89530201342262,0.507266391627625,,,,,,,,
202106상순,411.0,사과,5.0,후지,상품,개,10.0,33013.0,,34263.0,22451.0,20576.6666666666,2021,상순,2021-06-01,사과-후지,6,1,False,False,False,False,False,True,False,False,False,False,False,False,True,False,False,사과(후지),137.89530201342262,0.507266391627625,,,,,,,,
202106상순,411.0,사과,5.0,후지,상품,개,10.0,33013.0,,34263.0,22451.0,20576.6666666666,2021,상순,2021-06-01,사과-후지,6,1,False,False,False,False,False,True,False,False,False,False,False,False,True,False,False,사과(후지),137.89530201342262,0.507266391627625,,,,,,,,
202106상순,411.0,사과,5.0,후지,상품,개,10.0,33013.0,,34263.0,22451.0,20576.6666666666,2021,상순,2021-06-01,사과-후지,6,1,False,False,False,False,False,True,False,False,False,False,False,False,True,False,False,사과(후지),137.89530201342262,0.507266391627625,,,,,,,,
202106상순,411.0,사과,5.0,후지,상품,개,10.0,33013.0,,34263.0,22451.0,20576.6666666666,2021,상순,2021-06-01,사과-후지,6,1,False,False,False,False,False,True,False,False,False,False,False,False,True,False,False,사과(후지),137.89530201342262,0.507266391627625,,,,,,,,
202106상순,411.0,사과,5.0,후지,상품,개,10.0,33013.0,,34263.0,22451.0,20576.6666666666,2021,상순,2021-06-01,사과-후지,6,1,False,False,False,False,False,True,False,False,False,False,False,False,True,False,False,사과(후지),137.89530201342262,0.507266391627625,,,,,,,,
202106상순,411.0,사과,5.0,후지,상품,개,10.0,33013.0,,34263.0,22451.0,20576.6666666666,2021,상순,2021-06-01,사과-후지,6,1,False,False,False,False,False,True,False,False,False,False,False,False,True,False,False,사과(후지),137.89530201342262,0.507266391627625,,,,,,,,
202106상순,411.0,사과,5.0,후지,상품,개,10.0,33013.0,,34263.0,22451.0,20576.6666666666,2021,상순,2021-06-01,사과-후지,6,1,False,False,False,False,False,True,False,False,False,False,False,False,True,False,False,사과(후지),137.89530201342262,0.507266391627625,,,,,,,,
202106상순,411.0,사과,5.0,후지,상품,개,10.0,33013.0,,34263.0,22451.0,20576.6666666666,2021,상순,2021-06-01,사과-후지,6,1,False,False,False,False,False,True,False,False,False,False,False,False,True,False,False,사과(후지),137.89530201342262,0.507266391627625,,,,,,,,
202106상순,411.0,사과,5.0,후지,상품,개,10.0,33013.0,,34263.0,22451.0,20576.6666666666,2021,상순,2021-06-01,사과-후지,6,1,False,False,False,False,False,True,False,False,False,False,False,False,True,False,False,사과(후지),137.89530201342262,0.507266391627625,,,,,,,,
202106상순,411.0,사과,5.0,후지,상품,개,10.0,33013.0,,34263.0,22451.0,20576.6666666666,2021,상순,2021-06-01,사과-후지,6,1,False,False,False,False,False,True,False,False,False,False,False,False,True,False,False,사과(후지),137.89530201342262,0.507266391627625,,,,,,,,
202106상순,411.0,사과,5.0,후지,상품,개,10.0,33013.0,,34263.0,22451.0,20576.6666666666,2021,상순,2021-06-01,사과-후지,6,1,False,False,False,False,False,True,False,False,False,False,False,False,True,False,False,사과(후지),137.89530201342262,0.507266391627625,,,,,,,,
202106상순,411.0,사과,5.0,후지,상품,개,10.0,33013.0,,34263.0,22451.0,20576.6666666666,2021,상순,2021-06-01,사과-후지,6,1,False,False,False,False,False,True,False,False,False,False,False,False,True,False,False,사과(후지),137.89530201342262,0.507266391627625,,,,,,,,
202106상순,411.0,사과,5.0,후지,상품,개,10.0,33013.0,,34263.0,22451.0,20576.6666666666,2021,상순,2021-06-01,사과-후지,6,1,False,False,False,False,False,True,False,False,False,False,False,False,True,False,False,사과(후지),137.89530201342262,0.507266391627625,,,,,,,,
202106상순,411.0,사과,5.0,후지,상품,개,10.0,33013.0,,34263.0,22451.0,20576.6666666666,2021,상순,2021-06-01,사과-후지,6,1,False,False,False,False,False,True,False,False,False,False,False,False,True,False,False,사과(후지),137.89530201342262,0.507266391627625,,,,,,,,
202106상순,411.0,사과,5.0,후지,상품,개,10.0,33013.0,,34263.0,22451.0,20576.6666666666,2021,상순,2021-06-01,사과-후지,6,1,False,False,False,False,False,True,False,False,False,False,False,False,True,False,False,사과(후지),137.89530201342262,0.507266391627625,,,,,,,,
202106중순,411.0,사과,5.0,후지,상품,개,10.0,34023.0,,34386.0,22908.0,21233.0,2021,중순,2021-06-11,사과-후지,6,11,False,False,False,False,False,True,False,False,False,False,False,False,False,True,False,사과(후지),150.46711409395954,0.5428287206451841,,,,,,,,
202106중순,411.0,사과,5.0,후지,상품,개,10.0,34023.0,,34386.0,22908.0,21233.0,2021,중순,2021-06-11,사과-후지,6,11,False,False,False,False,False,True,False,False,False,False,False,False,False,True,False,사과(후지),150.46711409395954,0.5428287206451841,,,,,,,,
202106중순,411.0,사과,5.0,후지,상품,개,10.0,34023.0,,34386.0,22908.0,21233.0,2021,중순,2021-06-11,사과-후지,6,11,False,False,False,False,False,True,False,False,False,False,False,False,False,True,False,사과(후지),150.46711409395954,0.5428287206451841,,,,,,,,
202106중순,411.0,사과,5.0,후지,상품,개,10.0,34023.0,,34386.0,22908.0,21233.0,2021,중순,2021-06-11,사과-후지,6,11,False,False,False,False,False,True,False,False,False,False,False,False,False,True,False,사과(후지),150.46711409395954,0.5428287206451841,,,,,,,,
202106중순,411.0,사과,5.0,후지,상품,개,10.0,34023.0,,34386.0,22908.0,21233.0,2021,중순,2021-06-11,사과-후지,6,11,False,False,False,False,False,True,False,False,False,False,False,False,False,True,False,사과(후지),150.46711409395954,0.5428287206451841,,,,,,,,
202106중순,411.0,사과,5.0,후지,상품,개,10.0,34023.0,,34386.0,22908.0,21233.0,2021,중순,2021-06-11,사과-후지,6,11,False,False,False,False,False,True,False,False,False,False,False,False,False,True,False,사과(후지),150.46711409395954,0.5428287206451841,,,,,,,,
202106중순,411.0,사과,5.0,후지,상품,개,10.0,34023.0,,34386.0,22908.0,21233.0,2021,중순,2021-06-11,사과-후지,6,11,False,False,False,False,False,True,False,False,False,False,False,False,False,True,False,사과(후지),150.46711409395954,0.5428287206451841,,,,,,,,
202106중순,411.0,사과,5.0,후지,상품,개,10.0,34023.0,,34386.0,22908.0,21233.0,2021,중순,2021-06-11,사과-후지,6,11,False,False,False,False,False,True,False,False,False,False,False,False,False,True,False,사과(후지),150.46711409395954,0.5428287206451841,,,,,,,,
202106중순,411.0,사과,5.0,후지,상품,개,10.0,34023.0,,34386.0,22908.0,21233.0,2021,중순,2021-06-11,사과-후지,6,11,False,False,False,False,False,True,False,False,False,False,False,False,False,True,False,사과(후지),150.46711409395954,0.5428287206451841,,,,,,,,
202106중순,411.0,사과,5.0,후지,상품,개,10.0,34023.0,,34386.0,22908.0,21233.0,2021,중순,2021-06-11,사과-후지,6,11,False,False,False,False,False,True,False,False,False,False,False,False,False,True,False,사과(후지),150.46711409395954,0.5428287206451841,,,,,,,,
202106중순,411.0,사과,5.0,후지,상품,개,10.0,34023.0,,34386.0,22908.0,21233.0,2021,중순,2021-06-11,사과-후지,6,11,False,False,False,False,False,True,False,False,False,False,False,False,False,True,False,사과(후지),150.46711409395954,0.5428287206451841,,,,,,,,
202106중순,411.0,사과,5.0,후지,상품,개,10.0,34023.0,,34386.0,22908.0,21233.0,2021,중순,2021-06-11,사과-후지,6,11,False,False,False,False,False,True,False,False,False,False,False,False,False,True,False,사과(후지),150.46711409395954,0.5428287206451841,,,,,,,,
202106중순,411.0,사과,5.0,후지,상품,개,10.0,34023.0,,34386.0,22908.0,21233.0,2021,중순,2021-06-11,사과-후지,6,11,False,False,False,False,False,True,False,False,False,False,False,False,False,True,False,사과(후지),150.46711409395954,0.5428287206451841,,,,,,,,
202106중순,411.0,사과,5.0,후지,상품,개,10.0,34023.0,,34386.0,22908.0,21233.0,2021,중순,2021-06-11,사과-후지,6,11,False,False,False,False,False,True,False,False,False,False,False,False,False,True,False,사과(후지),150.46711409395954,0.5428287206451841,,,,,,,,
202106중순,411.0,사과,5.0,후지,상품,개,10.0,34023.0,,34386.0,22908.0,21233.0,2021,중순,2021-06-11,사과-후지,6,11,False,False,False,False,False,True,False,False,False,False,False,False,False,True,False,사과(후지),150.46711409395954,0.5428287206451841,,,,,,,,
202106중순,411.0,사과,5.0,후지,상품,개,10.0,34023.0,,34386.0,22908.0,21233.0,2021,중순,2021-06-11,사과-후지,6,11,False,False,False,False,False,True,False,False,False,False,False,False,False,True,False,사과(후지),150.46711409395954,0.5428287206451841,,,,,,,,
202106중순,411.0,사과,5.0,후지,상품,개,10.0,34023.0,,34386.0,22908.0,21233.0,2021,중순,2021-06-11,사과-후지,6,11,False,False,False,False,False,True,False,False,False,False,False,False,False,True,False,사과(후지),150.46711409395954,0.5428287206451841,,,,,,,,
202106중순,411.0,사과,5.0,후지,상품,개,10.0,34023.0,,34386.0,22908.0,21233.0,2021,중순,2021-06-11,사과-후지,6,11,False,False,False,False,False,True,False,False,False,False,False,False,False,True,False,사과(후지),150.46711409395954,0.5428287206451841,,,,,,,,
202106중순,411.0,사과,5.0,후지,상품,개,10.0,34023.0,,34386.0,22908.0,21233.0,2021,중순,2021-06-11,사과-후지,6,11,False,False,False,False,False,True,False,False,False,False,False,False,False,True,False,사과(후지),150.46711409395954,0.5428287206451841,,,,,,,,
202106중순,411.0,사과,5.0,후지,상품,개,10.0,34023.0,,34386.0,22908.0,21233.0,2021,중순,2021-06-11,사과-후지,6,11,False,False,False,False,False,True,False,False,False,False,False,False,False,True,False,사과(후지),150.46711409395954,0.5428287206451841,,,,,,,,
202106중순,411.0,사과,5.0,후지,상품,개,10.0,34023.0,,34386.0,22908.0,21233.0,2021,중순,2021-06-11,사과-후지,6,11,False,False,False,False,False,True,False,False,False,False,False,False,False,True,False,사과(후지),150.46711409395954,0.5428287206451841,,,,,,,,
202106중순,411.0,사과,5.0,후지,상품,개,10.0,34023.0,,34386.0,22908.0,21233.0,2021,중순,2021-06-11,사과-후지,6,11,False,False,False,False,False,True,False,False,False,False,False,False,False,True,False,사과(후지),150.46711409395954,0.5428287206451841,,,,,,,,
202106중순,411.0,사과,5.0,후지,상품,개,10.0,34023.0,,34386.0,22908.0,21233.0,2021,중순,2021-06-11,사과-후지,6,11,False,False,False,False,False,True,False,False,False,False,False,False,False,True,False,사과(후지),150.46711409395954,0.5428287206451841,,,,,,,,
202106중순,411.0,사과,5.0,후지,상품,개,10.0,34023.0,,34386.0,22908.0,21233.0,2021,중순,2021-06-11,사과-후지,6,11,False,False,False,False,False,True,False,False,False,False,False,False,False,True,False,사과(후지),150.46711409395954,0.5428287206451841,,,,,,,,
202106중순,411.0,사과,5.0,후지,상품,개,10.0,34023.0,,34386.0,22908.0,21233.0,2021,중순,2021-06-11,사과-후지,6,11,False,False,False,False,False,True,False,False,False,False,False,False,False,True,False,사과(후지),150.46711409395954,0.5428287206451841,,,,,,,,
202106하순,411.0,사과,5.0,후지,상품,개,10.0,33554.0,,32823.0,23682.0,21974.6666666666,2021,하순,2021-06-21,사과-후지,6,21,False,False,False,False,False,True,False,False,False,False,False,False,False,False,True,사과(후지),154.5771812080535,0.5883736302850023,,,,,,,,
202106하순,411.0,사과,5.0,후지,상품,개,10.0,33554.0,,32823.0,23682.0,21974.6666666666,2021,하순,2021-06-21,사과-후지,6,21,False,False,False,False,False,True,False,False,False,False,False,False,False,False,True,사과(후지),154.5771812080535,0.5883736302850023,,,,,,,,
202106하순,411.0,사과,5.0,후지,상품,개,10.0,33554.0,,32823.0,23682.0,21974.6666666666,2021,하순,2021-06-21,사과-후지,6,21,False,False,False,False,False,True,False,False,False,False,False,False,False,False,True,사과(후지),154.5771812080535,0.5883736302850023,,,,,,,,
202106하순,411.0,사과,5.0,후지,상품,개,10.0,33554.0,,32823.0,23682.0,21974.6666666666,2021,하순,2021-06-21,사과-후지,6,21,False,False,False,False,False,True,False,False,False,False,False,False,False,False,True,사과(후지),154.5771812080535,0.5883736302850023,,,,,,,,
202106하순,411.0,사과,5.0,후지,상품,개,10.0,33554.0,,32823.0,23682.0,21974.6666666666,2021,하순,2021-06-21,사과-후지,6,21,False,False,False,False,False,True,False,False,False,False,False,False,False,False,True,사과(후지),154.5771812080535,0.5883736302850023,,,,,,,,
202106하순,411.0,사과,5.0,후지,상품,개,10.0,33554.0,,32823.0,23682.0,21974.6666666666,2021,하순,2021-06-21,사과-후지,6,21,False,False,False,False,False,True,False,False,False,False,False,False,False,False,True,사과(후지),154.5771812080535,0.5883736302850023,,,,,,,,
202106하순,411.0,사과,5.0,후지,상품,개,10.0,33554.0,,32823.0,23682.0,21974.6666666666,2021,하순,2021-06-21,사과-후지,6,21,False,False,False,False,False,True,False,False,False,False,False,False,False,False,True,사과(후지),154.5771812080535,0.5883736302850023,,,,,,,,
202106하순,411.0,사과,5.0,후지,상품,개,10.0,33554.0,,32823.0,23682.0,21974.6666666666,2021,하순,2021-06-21,사과-후지,6,21,False,False,False,False,False,True,False,False,False,False,False,False,False,False,True,사과(후지),154.5771812080535,0.5883736302850023,,,,,,,,
202106하순,411.0,사과,5.0,후지,상품,개,10.0,33554.0,,32823.0,23682.0,21974.6666666666,2021,하순,2021-06-21,사과-후지,6,21,False,False,False,False,False,True,False,False,False,False,False,False,False,False,True,사과(후지),154.5771812080535,0.5883736302850023,,,,,,,,
202106하순,411.0,사과,5.0,후지,상품,개,10.0,33554.0,,32823.0,23682.0,21974.6666666666,2021,하순,2021-06-21,사과-후지,6,21,False,False,False,False,False,True,False,False,False,False,False,False,False,False,True,사과(후지),154.5771812080535,0.5883736302850023,,,,,,,,
202106하순,411.0,사과,5.0,후지,상품,개,10.0,33554.0,,32823.0,23682.0,21974.6666666666,2021,하순,2021-06-21,사과-후지,6,21,False,False,False,False,False,True,False,False,False,False,False,False,False,False,True,사과(후지),154.5771812080535,0.5883736302850023,,,,,,,,
202106하순,411.0,사과,5.0,후지,상품,개,10.0,33554.0,,32823.0,23682.0,21974.6666666666,2021,하순,2021-06-21,사과-후지,6,21,False,False,False,False,False,True,False,False,False,False,False,False,False,False,True,사과(후지),154.5771812080535,0.5883736302850023,,,,,,,,
202106하순,411.0,사과,5.0,후지,상품,개,10.0,33554.0,,32823.0,23682.0,21974.6666666666,2021,하순,2021-06-21,사과-후지,6,21,False,False,False,False,False,True,False,False,False,False,False,False,False,False,True,사과(후지),154.5771812080535,0.5883736302850023,,,,,,,,
202106하순,411.0,사과,5.0,후지,상품,개,10.0,33554.0,,32823.0,23682.0,21974.6666666666,2021,하순,2021-06-21,사과-후지,6,21,False,False,False,False,False,True,False,False,False,False,False,False,False,False,True,사과(후지),154.5771812080535,0.5883736302850023,,,,,,,,
202106하순,411.0,사과,5.0,후지,상품,개,10.0,33554.0,,32823.0,23682.0,21974.6666666666,2021,하순,2021-06-21,사과-후지,6,21,False,False,False,False,False,True,False,False,False,False,False,False,False,False,True,사과(후지),154.5771812080535,0.5883736302850023,,,,,,,,
202106하순,411.0,사과,5.0,후지,상품,개,10.0,33554.0,,32823.0,23682.0,21974.6666666666,2021,하순,2021-06-21,사과-후지,6,21,False,False,False,False,False,True,False,False,False,False,False,False,False,False,True,사과(후지),154.5771812080535,0.5883736302850023,,,,,,,,
202106하순,411.0,사과,5.0,후지,상품,개,10.0,33554.0,,32823.0,23682.0,21974.6666666666,2021,하순,2021-06-21,사과-후지,6,21,False,False,False,False,False,True,False,False,False,False,False,False,False,False,True,사과(후지),154.5771812080535,0.5883736302850023,,,,,,,,
202106하순,411.0,사과,5.0,후지,상품,개,10.0,33554.0,,32823.0,23682.0,21974.6666666666,2021,하순,2021-06-21,사과-후지,6,21,False,False,False,False,False,True,False,False,False,False,False,False,False,False,True,사과(후지),154.5771812080535,0.5883736302850023,,,,,,,,
202106하순,411.0,사과,5.0,후지,상품,개,10.0,33554.0,,32823.0,23682.0,21974.6666666666,2021,하순,2021-06-21,사과-후지,6,21,False,False,False,False,False,True,False,False,False,False,False,False,False,False,True,사과(후지),154.5771812080535,0.5883736302850023,,,,,,,,
202106하순,411.0,사과,5.0,후지,상품,개,10.0,33554.0,,32823.0,23682.0,21974.6666666666,2021,하순,2021-06-21,사과-후지,6,21,False,False,False,False,False,True,False,False,False,False,False,False,False,False,True,사과(후지),154.5771812080535,0.5883736302850023,,,,,,,,
202106하순,411.0,사과,5.0,후지,상품,개,10.0,33554.0,,32823.0,23682.0,21974.6666666666,2021,하순,2021-06-21,사과-후지,6,21,False,False,False,False,False,True,False,False,False,False,False,False,False,False,True,사과(후지),154.5771812080535,0.5883736302850023,,,,,,,,
202106하순,411.0,사과,5.0,후지,상품,개,10.0,33554.0,,32823.0,23682.0,21974.6666666666,2021,하순,2021-06-21,사과-후지,6,21,False,False,False,False,False,True,False,False,False,False,False,False,False,False,True,사과(후지),154.5771812080535,0.5883736302850023,,,,,,,,
202106하순,411.0,사과,5.0,후지,상품,개,10.0,33554.0,,32823.0,23682.0,21974.6666666666,2021,하순,2021-06-21,사과-후지,6,21,False,False,False,False,False,True,False,False,False,False,False,False,False,False,True,사과(후지),154.5771812080535,0.5883736302850023,,,,,,,,
202106하순,411.0,사과,5.0,후지,상품,개,10.0,33554.0,,32823.0,23682.0,21974.6666666666,2021,하순,2021-06-21,사과-후지,6,21,False,False,False,False,False,True,False,False,False,False,False,False,False,False,True,사과(후지),154.5771812080535,0.5883736302850023,,,,,,,,
202106하순,411.0,사과,5.0,후지,상품,개,10.0,33554.0,,32823.0,23682.0,21974.6666666666,2021,하순,2021-06-21,사과-후지,6,21,False,False,False,False,False,True,False,False,False,False,False,False,False,False,True,사과(후지),154.5771812080535,0.5883736302850023,,,,,,,,
202107상순,411.0,사과,5.0,후지,상품,개,10.0,33200.0,,33013.0,24879.0,22679.0,2021,상순,2021-07-01,사과-후지,7,1,False,False,False,False,False,False,True,False,False,False,False,False,True,False,False,사과(후지),277.7275167785233,0.6350754030161205,,,,,,,,
202107상순,411.0,사과,5.0,후지,상품,개,10.0,33200.0,,33013.0,24879.0,22679.0,2021,상순,2021-07-01,사과-후지,7,1,False,False,False,False,False,False,True,False,False,False,False,False,True,False,False,사과(후지),277.7275167785233,0.6350754030161205,,,,,,,,
202107상순,411.0,사과,5.0,후지,상품,개,10.0,33200.0,,33013.0,24879.0,22679.0,2021,상순,2021-07-01,사과-후지,7,1,False,False,False,False,False,False,True,False,False,False,False,False,True,False,False,사과(후지),277.7275167785233,0.6350754030161205,,,,,,,,
202107상순,411.0,사과,5.0,후지,상품,개,10.0,33200.0,,33013.0,24879.0,22679.0,2021,상순,2021-07-01,사과-후지,7,1,False,False,False,False,False,False,True,False,False,False,False,False,True,False,False,사과(후지),277.7275167785233,0.6350754030161205,,,,,,,,
202107상순,411.0,사과,5.0,후지,상품,개,10.0,33200.0,,33013.0,24879.0,22679.0,2021,상순,2021-07-01,사과-후지,7,1,False,False,False,False,False,False,True,False,False,False,False,False,True,False,False,사과(후지),277.7275167785233,0.6350754030161205,,,,,,,,
202107상순,411.0,사과,5.0,후지,상품,개,10.0,33200.0,,33013.0,24879.0,22679.0,2021,상순,2021-07-01,사과-후지,7,1,False,False,False,False,False,False,True,False,False,False,False,False,True,False,False,사과(후지),277.7275167785233,0.6350754030161205,,,,,,,,
202107상순,411.0,사과,5.0,후지,상품,개,10.0,33200.0,,33013.0,24879.0,22679.0,2021,상순,2021-07-01,사과-후지,7,1,False,False,False,False,False,False,True,False,False,False,False,False,True,False,False,사과(후지),277.7275167785233,0.6350754030161205,,,,,,,,
202107상순,411.0,사과,5.0,후지,상품,개,10.0,33200.0,,33013.0,24879.0,22679.0,2021,상순,2021-07-01,사과-후지,7,1,False,False,False,False,False,False,True,False,False,False,False,False,True,False,False,사과(후지),277.7275167785233,0.6350754030161205,,,,,,,,
202107상순,411.0,사과,5.0,후지,상품,개,10.0,33200.0,,33013.0,24879.0,22679.0,2021,상순,2021-07-01,사과-후지,7,1,False,False,False,False,False,False,True,False,False,False,False,False,True,False,False,사과(후지),277.7275167785233,0.6350754030161205,,,,,,,,
202107상순,411.0,사과,5.0,후지,상품,개,10.0,33200.0,,33013.0,24879.0,22679.0,2021,상순,2021-07-01,사과-후지,7,1,False,False,False,False,False,False,True,False,False,False,False,False,True,False,False,사과(후지),277.7275167785233,0.6350754030161205,,,,,,,,
202107상순,411.0,사과,5.0,후지,상품,개,10.0,33200.0,,33013.0,24879.0,22679.0,2021,상순,2021-07-01,사과-후지,7,1,False,False,False,False,False,False,True,False,False,False,False,False,True,False,False,사과(후지),277.7275167785233,0.6350754030161205,,,,,,,,
202107상순,411.0,사과,5.0,후지,상품,개,10.0,33200.0,,33013.0,24879.0,22679.0,2021,상순,2021-07-01,사과-후지,7,1,False,False,False,False,False,False,True,False,False,False,False,False,True,False,False,사과(후지),277.7275167785233,0.6350754030161205,,,,,,,,
202107상순,411.0,사과,5.0,후지,상품,개,10.0,33200.0,,33013.0,24879.0,22679.0,2021,상순,2021-07-01,사과-후지,7,1,False,False,False,False,False,False,True,False,False,False,False,False,True,False,False,사과(후지),277.7275167785233,0.6350754030161205,,,,,,,,
202107상순,411.0,사과,5.0,후지,상품,개,10.0,33200.0,,33013.0,24879.0,22679.0,2021,상순,2021-07-01,사과-후지,7,1,False,False,False,False,False,False,True,False,False,False,False,False,True,False,False,사과(후지),277.7275167785233,0.6350754030161205,,,,,,,,
202107상순,411.0,사과,5.0,후지,상품,개,10.0,33200.0,,33013.0,24879.0,22679.0,2021,상순,2021-07-01,사과-후지,7,1,False,False,False,False,False,False,True,False,False,False,False,False,True,False,False,사과(후지),277.7275167785233,0.6350754030161205,,,,,,,,
202107상순,411.0,사과,5.0,후지,상품,개,10.0,33200.0,,33013.0,24879.0,22679.0,2021,상순,2021-07-01,사과-후지,7,1,False,False,False,False,False,False,True,False,False,False,False,False,True,False,False,사과(후지),277.7275167785233,0.6350754030161205,,,,,,,,
202107상순,411.0,사과,5.0,후지,상품,개,10.0,33200.0,,33013.0,24879.0,22679.0,2021,상순,2021-07-01,사과-후지,7,1,False,False,False,False,False,False,True,False,False,False,False,False,True,False,False,사과(후지),277.7275167785233,0.6350754030161205,,,,,,,,
202107상순,411.0,사과,5.0,후지,상품,개,10.0,33200.0,,33013.0,24879.0,22679.0,2021,상순,2021-07-01,사과-후지,7,1,False,False,False,False,False,False,True,False,False,False,False,False,True,False,False,사과(후지),277.7275167785233,0.6350754030161205,,,,,,,,
202107상순,411.0,사과,5.0,후지,상품,개,10.0,33200.0,,33013.0,24879.0,22679.0,2021,상순,2021-07-01,사과-후지,7,1,False,False,False,False,False,False,True,False,False,False,False,False,True,False,False,사과(후지),277.7275167785233,0.6350754030161205,,,,,,,,
202107상순,411.0,사과,5.0,후지,상품,개,10.0,33200.0,,33013.0,24879.0,22679.0,2021,상순,2021-07-01,사과-후지,7,1,False,False,False,False,False,False,True,False,False,False,False,False,True,False,False,사과(후지),277.7275167785233,0.6350754030161205,,,,,,,,
202107상순,411.0,사과,5.0,후지,상품,개,10.0,33200.0,,33013.0,24879.0,22679.0,2021,상순,2021-07-01,사과-후지,7,1,False,False,False,False,False,False,True,False,False,False,False,False,True,False,False,사과(후지),277.7275167785233,0.6350754030161205,,,,,,,,
202107상순,411.0,사과,5.0,후지,상품,개,10.0,33200.0,,33013.0,24879.0,22679.0,2021,상순,2021-07-01,사과-후지,7,1,False,False,False,False,False,False,True,False,False,False,False,False,True,False,False,사과(후지),277.7275167785233,0.6350754030161205,,,,,,,,
202107상순,411.0,사과,5.0,후지,상품,개,10.0,33200.0,,33013.0,24879.0,22679.0,2021,상순,2021-07-01,사과-후지,7,1,False,False,False,False,False,False,True,False,False,False,False,False,True,False,False,사과(후지),277.7275167785233,0.6350754030161205,,,,,,,,
202107중순,411.0,사과,5.0,후지,상품,개,10.0,33300.0,,34023.0,26075.0,22995.0,2021,중순,2021-07-11,사과-후지,7,11,False,False,False,False,False,False,True,False,False,False,False,False,False,True,False,사과(후지),268.3731543624159,0.679864903707962,,,,,,,,
202107중순,411.0,사과,5.0,후지,상품,개,10.0,33300.0,,34023.0,26075.0,22995.0,2021,중순,2021-07-11,사과-후지,7,11,False,False,False,False,False,False,True,False,False,False,False,False,False,True,False,사과(후지),268.3731543624159,0.679864903707962,,,,,,,,
202107중순,411.0,사과,5.0,후지,상품,개,10.0,33300.0,,34023.0,26075.0,22995.0,2021,중순,2021-07-11,사과-후지,7,11,False,False,False,False,False,False,True,False,False,False,False,False,False,True,False,사과(후지),268.3731543624159,0.679864903707962,,,,,,,,
202107중순,411.0,사과,5.0,후지,상품,개,10.0,33300.0,,34023.0,26075.0,22995.0,2021,중순,2021-07-11,사과-후지,7,11,False,False,False,False,False,False,True,False,False,False,False,False,False,True,False,사과(후지),268.3731543624159,0.679864903707962,,,,,,,,
202107중순,411.0,사과,5.0,후지,상품,개,10.0,33300.0,,34023.0,26075.0,22995.0,2021,중순,2021-07-11,사과-후지,7,11,False,False,False,False,False,False,True,False,False,False,False,False,False,True,False,사과(후지),268.3731543624159,0.679864903707962,,,,,,,,
202107중순,411.0,사과,5.0,후지,상품,개,10.0,33300.0,,34023.0,26075.0,22995.0,2021,중순,2021-07-11,사과-후지,7,11,False,False,False,False,False,False,True,False,False,False,False,False,False,True,False,사과(후지),268.3731543624159,0.679864903707962,,,,,,,,
202107중순,411.0,사과,5.0,후지,상품,개,10.0,33300.0,,34023.0,26075.0,22995.0,2021,중순,2021-07-11,사과-후지,7,11,False,False,False,False,False,False,True,False,False,False,False,False,False,True,False,사과(후지),268.3731543624159,0.679864903707962,,,,,,,,
202107중순,411.0,사과,5.0,후지,상품,개,10.0,33300.0,,34023.0,26075.0,22995.0,2021,중순,2021-07-11,사과-후지,7,11,False,False,False,False,False,False,True,False,False,False,False,False,False,True,False,사과(후지),268.3731543624159,0.679864903707962,,,,,,,,
202107중순,411.0,사과,5.0,후지,상품,개,10.0,33300.0,,34023.0,26075.0,22995.0,2021,중순,2021-07-11,사과-후지,7,11,False,False,False,False,False,False,True,False,False,False,False,False,False,True,False,사과(후지),268.3731543624159,0.679864903707962,,,,,,,,
202107중순,411.0,사과,5.0,후지,상품,개,10.0,33300.0,,34023.0,26075.0,22995.0,2021,중순,2021-07-11,사과-후지,7,11,False,False,False,False,False,False,True,False,False,False,False,False,False,True,False,사과(후지),268.3731543624159,0.679864903707962,,,,,,,,
202107중순,411.0,사과,5.0,후지,상품,개,10.0,33300.0,,34023.0,26075.0,22995.0,2021,중순,2021-07-11,사과-후지,7,11,False,False,False,False,False,False,True,False,False,False,False,False,False,True,False,사과(후지),268.3731543624159,0.679864903707962,,,,,,,,
202107중순,411.0,사과,5.0,후지,상품,개,10.0,33300.0,,34023.0,26075.0,22995.0,2021,중순,2021-07-11,사과-후지,7,11,False,False,False,False,False,False,True,False,False,False,False,False,False,True,False,사과(후지),268.3731543624159,0.679864903707962,,,,,,,,
202107중순,411.0,사과,5.0,후지,상품,개,10.0,33300.0,,34023.0,26075.0,22995.0,2021,중순,2021-07-11,사과-후지,7,11,False,False,False,False,False,False,True,False,False,False,False,False,False,True,False,사과(후지),268.3731543624159,0.679864903707962,,,,,,,,
202107중순,411.0,사과,5.0,후지,상품,개,10.0,33300.0,,34023.0,26075.0,22995.0,2021,중순,2021-07-11,사과-후지,7,11,False,False,False,False,False,False,True,False,False,False,False,False,False,True,False,사과(후지),268.3731543624159,0.679864903707962,,,,,,,,
202107중순,411.0,사과,5.0,후지,상품,개,10.0,33300.0,,34023.0,26075.0,22995.0,2021,중순,2021-07-11,사과-후지,7,11,False,False,False,False,False,False,True,False,False,False,False,False,False,True,False,사과(후지),268.3731543624159,0.679864903707962,,,,,,,,
202107중순,411.0,사과,5.0,후지,상품,개,10.0,33300.0,,34023.0,26075.0,22995.0,2021,중순,2021-07-11,사과-후지,7,11,False,False,False,False,False,False,True,False,False,False,False,False,False,True,False,사과(후지),268.3731543624159,0.679864903707962,,,,,,,,
202107중순,411.0,사과,5.0,후지,상품,개,10.0,33300.0,,34023.0,26075.0,22995.0,2021,중순,2021-07-11,사과-후지,7,11,False,False,False,False,False,False,True,False,False,False,False,False,False,True,False,사과(후지),268.3731543624159,0.679864903707962,,,,,,,,
202107중순,411.0,사과,5.0,후지,상품,개,10.0,33300.0,,34023.0,26075.0,22995.0,2021,중순,2021-07-11,사과-후지,7,11,False,False,False,False,False,False,True,False,False,False,False,False,False,True,False,사과(후지),268.3731543624159,0.679864903707962,,,,,,,,
202107중순,411.0,사과,5.0,후지,상품,개,10.0,33300.0,,34023.0,26075.0,22995.0,2021,중순,2021-07-11,사과-후지,7,11,False,False,False,False,False,False,True,False,False,False,False,False,False,True,False,사과(후지),268.3731543624159,0.679864903707962,,,,,,,,
202107중순,411.0,사과,5.0,후지,상품,개,10.0,33300.0,,34023.0,26075.0,22995.0,2021,중순,2021-07-11,사과-후지,7,11,False,False,False,False,False,False,True,False,False,False,False,False,False,True,False,사과(후지),268.3731543624159,0.679864903707962,,,,,,,,
202107중순,411.0,사과,5.0,후지,상품,개,10.0,33300.0,,34023.0,26075.0,22995.0,2021,중순,2021-07-11,사과-후지,7,11,False,False,False,False,False,False,True,False,False,False,False,False,False,True,False,사과(후지),268.3731543624159,0.679864903707962,,,,,,,,
202107중순,411.0,사과,5.0,후지,상품,개,10.0,33300.0,,34023.0,26075.0,22995.0,2021,중순,2021-07-11,사과-후지,7,11,False,False,False,False,False,False,True,False,False,False,False,False,False,True,False,사과(후지),268.3731543624159,0.679864903707962,,,,,,,,
202107중순,411.0,사과,5.0,후지,상품,개,10.0,33300.0,,34023.0,26075.0,22995.0,2021,중순,2021-07-11,사과-후지,7,11,False,False,False,False,False,False,True,False,False,False,False,False,False,True,False,사과(후지),268.3731543624159,0.679864903707962,,,,,,,,
202107하순,411.0,사과,5.0,후지,상품,개,10.0,33472.0,,33554.0,26973.0,22970.6666666666,2021,하순,2021-07-21,사과-후지,7,21,False,False,False,False,False,False,True,False,False,False,False,False,False,False,True,사과(후지),265.60671140939576,0.711092617513044,,,,,,,,
202107하순,411.0,사과,5.0,후지,상품,개,10.0,33472.0,,33554.0,26973.0,22970.6666666666,2021,하순,2021-07-21,사과-후지,7,21,False,False,False,False,False,False,True,False,False,False,False,False,False,False,True,사과(후지),265.60671140939576,0.711092617513044,,,,,,,,
202107하순,411.0,사과,5.0,후지,상품,개,10.0,33472.0,,33554.0,26973.0,22970.6666666666,2021,하순,2021-07-21,사과-후지,7,21,False,False,False,False,False,False,True,False,False,False,False,False,False,False,True,사과(후지),265.60671140939576,0.711092617513044,,,,,,,,
202107하순,411.0,사과,5.0,후지,상품,개,10.0,33472.0,,33554.0,26973.0,22970.6666666666,2021,하순,2021-07-21,사과-후지,7,21,False,False,False,False,False,False,True,False,False,False,False,False,False,False,True,사과(후지),265.60671140939576,0.711092617513044,,,,,,,,
202107하순,411.0,사과,5.0,후지,상품,개,10.0,33472.0,,33554.0,26973.0,22970.6666666666,2021,하순,2021-07-21,사과-후지,7,21,False,False,False,False,False,False,True,False,False,False,False,False,False,False,True,사과(후지),265.60671140939576,0.711092617513044,,,,,,,,
202107하순,411.0,사과,5.0,후지,상품,개,10.0,33472.0,,33554.0,26973.0,22970.6666666666,2021,하순,2021-07-21,사과-후지,7,21,False,False,False,False,False,False,True,False,False,False,False,False,False,False,True,사과(후지),265.60671140939576,0.711092617513044,,,,,,,,
202107하순,411.0,사과,5.0,후지,상품,개,10.0,33472.0,,33554.0,26973.0,22970.6666666666,2021,하순,2021-07-21,사과-후지,7,21,False,False,False,False,False,False,True,False,False,False,False,False,False,False,True,사과(후지),265.60671140939576,0.711092617513044,,,,,,,,
202107하순,411.0,사과,5.0,후지,상품,개,10.0,33472.0,,33554.0,26973.0,22970.6666666666,2021,하순,2021-07-21,사과-후지,7,21,False,False,False,False,False,False,True,False,False,False,False,False,False,False,True,사과(후지),265.60671140939576,0.711092617513044,,,,,,,,
202107하순,411.0,사과,5.0,후지,상품,개,10.0,33472.0,,33554.0,26973.0,22970.6666666666,2021,하순,2021-07-21,사과-후지,7,21,False,False,False,False,False,False,True,False,False,False,False,False,False,False,True,사과(후지),265.60671140939576,0.711092617513044,,,,,,,,
202107하순,411.0,사과,5.0,후지,상품,개,10.0,33472.0,,33554.0,26973.0,22970.6666666666,2021,하순,2021-07-21,사과-후지,7,21,False,False,False,False,False,False,True,False,False,False,False,False,False,False,True,사과(후지),265.60671140939576,0.711092617513044,,,,,,,,
202107하순,411.0,사과,5.0,후지,상품,개,10.0,33472.0,,33554.0,26973.0,22970.6666666666,2021,하순,2021-07-21,사과-후지,7,21,False,False,False,False,False,False,True,False,False,False,False,False,False,False,True,사과(후지),265.60671140939576,0.711092617513044,,,,,,,,
202107하순,411.0,사과,5.0,후지,상품,개,10.0,33472.0,,33554.0,26973.0,22970.6666666666,2021,하순,2021-07-21,사과-후지,7,21,False,False,False,False,False,False,True,False,False,False,False,False,False,False,True,사과(후지),265.60671140939576,0.711092617513044,,,,,,,,
202107하순,411.0,사과,5.0,후지,상품,개,10.0,33472.0,,33554.0,26973.0,22970.6666666666,2021,하순,2021-07-21,사과-후지,7,21,False,False,False,False,False,False,True,False,False,False,False,False,False,False,True,사과(후지),265.60671140939576,0.711092617513044,,,,,,,,
202107하순,411.0,사과,5.0,후지,상품,개,10.0,33472.0,,33554.0,26973.0,22970.6666666666,2021,하순,2021-07-21,사과-후지,7,21,False,False,False,False,False,False,True,False,False,False,False,False,False,False,True,사과(후지),265.60671140939576,0.711092617513044,,,,,,,,
202107하순,411.0,사과,5.0,후지,상품,개,10.0,33472.0,,33554.0,26973.0,22970.6666666666,2021,하순,2021-07-21,사과-후지,7,21,False,False,False,False,False,False,True,False,False,False,False,False,False,False,True,사과(후지),265.60671140939576,0.711092617513044,,,,,,,,
202107하순,411.0,사과,5.0,후지,상품,개,10.0,33472.0,,33554.0,26973.0,22970.6666666666,2021,하순,2021-07-21,사과-후지,7,21,False,False,False,False,False,False,True,False,False,False,False,False,False,False,True,사과(후지),265.60671140939576,0.711092617513044,,,,,,,,
202107하순,411.0,사과,5.0,후지,상품,개,10.0,33472.0,,33554.0,26973.0,22970.6666666666,2021,하순,2021-07-21,사과-후지,7,21,False,False,False,False,False,False,True,False,False,False,False,False,False,False,True,사과(후지),265.60671140939576,0.711092617513044,,,,,,,,
202107하순,411.0,사과,5.0,후지,상품,개,10.0,33472.0,,33554.0,26973.0,22970.6666666666,2021,하순,2021-07-21,사과-후지,7,21,False,False,False,False,False,False,True,False,False,False,False,False,False,False,True,사과(후지),265.60671140939576,0.711092617513044,,,,,,,,
202107하순,411.0,사과,5.0,후지,상품,개,10.0,33472.0,,33554.0,26973.0,22970.6666666666,2021,하순,2021-07-21,사과-후지,7,21,False,False,False,False,False,False,True,False,False,False,False,False,False,False,True,사과(후지),265.60671140939576,0.711092617513044,,,,,,,,
202107하순,411.0,사과,5.0,후지,상품,개,10.0,33472.0,,33554.0,26973.0,22970.6666666666,2021,하순,2021-07-21,사과-후지,7,21,False,False,False,False,False,False,True,False,False,False,False,False,False,False,True,사과(후지),265.60671140939576,0.711092617513044,,,,,,,,
202107하순,411.0,사과,5.0,후지,상품,개,10.0,33472.0,,33554.0,26973.0,22970.6666666666,2021,하순,2021-07-21,사과-후지,7,21,False,False,False,False,False,False,True,False,False,False,False,False,False,False,True,사과(후지),265.60671140939576,0.711092617513044,,,,,,,,
202107하순,411.0,사과,5.0,후지,상품,개,10.0,33472.0,,33554.0,26973.0,22970.6666666666,2021,하순,2021-07-21,사과-후지,7,21,False,False,False,False,False,False,True,False,False,False,False,False,False,False,True,사과(후지),265.60671140939576,0.711092617513044,,,,,,,,
202107하순,411.0,사과,5.0,후지,상품,개,10.0,33472.0,,33554.0,26973.0,22970.6666666666,2021,하순,2021-07-21,사과-후지,7,21,False,False,False,False,False,False,True,False,False,False,False,False,False,False,True,사과(후지),265.60671140939576,0.711092617513044,,,,,,,,
202107하순,411.0,사과,5.0,후지,상품,개,10.0,33472.0,,33554.0,26973.0,22970.6666666666,2021,하순,2021-07-21,사과-후지,7,21,False,False,False,False,False,False,True,False,False,False,False,False,False,False,True,사과(후지),265.60671140939576,0.711092617513044,,,,,,,,
202107하순,411.0,사과,5.0,후지,상품,개,10.0,33472.0,,33554.0,26973.0,22970.6666666666,2021,하순,2021-07-21,사과-후지,7,21,False,False,False,False,False,False,True,False,False,False,False,False,False,False,True,사과(후지),265.60671140939576,0.711092617513044,,,,,,,,
202107하순,411.0,사과,5.0,후지,상품,개,10.0,33472.0,,33554.0,26973.0,22970.6666666666,2021,하순,2021-07-21,사과-후지,7,21,False,False,False,False,False,False,True,False,False,False,False,False,False,False,True,사과(후지),265.60671140939576,0.711092617513044,,,,,,,,
202107하순,411.0,사과,5.0,후지,상품,개,10.0,33472.0,,33554.0,26973.0,22970.6666666666,2021,하순,2021-07-21,사과-후지,7,21,False,False,False,False,False,False,True,False,False,False,False,False,False,False,True,사과(후지),265.60671140939576,0.711092617513044,,,,,,,,
202108상순,411.0,사과,5.0,후지,상품,개,10.0,32511.0,,33200.0,27768.0,23419.3333333333,2021,상순,2021-08-01,사과-후지,8,1,False,False,False,False,False,False,False,True,False,False,False,False,True,False,False,사과(후지),304.67248322147634,0.7468157136153382,,,,,,,,
202108상순,411.0,사과,5.0,후지,상품,개,10.0,32511.0,,33200.0,27768.0,23419.3333333333,2021,상순,2021-08-01,사과-후지,8,1,False,False,False,False,False,False,False,True,False,False,False,False,True,False,False,사과(후지),304.67248322147634,0.7468157136153382,,,,,,,,
202108상순,411.0,사과,5.0,후지,상품,개,10.0,32511.0,,33200.0,27768.0,23419.3333333333,2021,상순,2021-08-01,사과-후지,8,1,False,False,False,False,False,False,False,True,False,False,False,False,True,False,False,사과(후지),304.67248322147634,0.7468157136153382,,,,,,,,
202108상순,411.0,사과,5.0,후지,상품,개,10.0,32511.0,,33200.0,27768.0,23419.3333333333,2021,상순,2021-08-01,사과-후지,8,1,False,False,False,False,False,False,False,True,False,False,False,False,True,False,False,사과(후지),304.67248322147634,0.7468157136153382,,,,,,,,
202108상순,411.0,사과,5.0,후지,상품,개,10.0,32511.0,,33200.0,27768.0,23419.3333333333,2021,상순,2021-08-01,사과-후지,8,1,False,False,False,False,False,False,False,True,False,False,False,False,True,False,False,사과(후지),304.67248322147634,0.7468157136153382,,,,,,,,
202108상순,411.0,사과,5.0,후지,상품,개,10.0,32511.0,,33200.0,27768.0,23419.3333333333,2021,상순,2021-08-01,사과-후지,8,1,False,False,False,False,False,False,False,True,False,False,False,False,True,False,False,사과(후지),304.67248322147634,0.7468157136153382,,,,,,,,
202108상순,411.0,사과,5.0,후지,상품,개,10.0,32511.0,,33200.0,27768.0,23419.3333333333,2021,상순,2021-08-01,사과-후지,8,1,False,False,False,False,False,False,False,True,False,False,False,False,True,False,False,사과(후지),304.67248322147634,0.7468157136153382,,,,,,,,
202108상순,411.0,사과,5.0,후지,상품,개,10.0,32511.0,,33200.0,27768.0,23419.3333333333,2021,상순,2021-08-01,사과-후지,8,1,False,False,False,False,False,False,False,True,False,False,False,False,True,False,False,사과(후지),304.67248322147634,0.7468157136153382,,,,,,,,
202108상순,411.0,사과,5.0,후지,상품,개,10.0,32511.0,,33200.0,27768.0,23419.3333333333,2021,상순,2021-08-01,사과-후지,8,1,False,False,False,False,False,False,False,True,False,False,False,False,True,False,False,사과(후지),304.67248322147634,0.7468157136153382,,,,,,,,
202108상순,411.0,사과,5.0,후지,상품,개,10.0,32511.0,,33200.0,27768.0,23419.3333333333,2021,상순,2021-08-01,사과-후지,8,1,False,False,False,False,False,False,False,True,False,False,False,False,True,False,False,사과(후지),304.67248322147634,0.7468157136153382,,,,,,,,
202108상순,411.0,사과,5.0,후지,상품,개,10.0,32511.0,,33200.0,27768.0,23419.3333333333,2021,상순,2021-08-01,사과-후지,8,1,False,False,False,False,False,False,False,True,False,False,False,False,True,False,False,사과(후지),304.67248322147634,0.7468157136153382,,,,,,,,
202108상순,411.0,사과,5.0,후지,상품,개,10.0,32511.0,,33200.0,27768.0,23419.3333333333,2021,상순,2021-08-01,사과-후지,8,1,False,False,False,False,False,False,False,True,False,False,False,False,True,False,False,사과(후지),304.67248322147634,0.7468157136153382,,,,,,,,
202108상순,411.0,사과,5.0,후지,상품,개,10.0,32511.0,,33200.0,27768.0,23419.3333333333,2021,상순,2021-08-01,사과-후지,8,1,False,False,False,False,False,False,False,True,False,False,False,False,True,False,False,사과(후지),304.67248322147634,0.7468157136153382,,,,,,,,
202108상순,411.0,사과,5.0,후지,상품,개,10.0,32511.0,,33200.0,27768.0,23419.3333333333,2021,상순,2021-08-01,사과-후지,8,1,False,False,False,False,False,False,False,True,False,False,False,False,True,False,False,사과(후지),304.67248322147634,0.7468157136153382,,,,,,,,
202108상순,411.0,사과,5.0,후지,상품,개,10.0,32511.0,,33200.0,27768.0,23419.3333333333,2021,상순,2021-08-01,사과-후지,8,1,False,False,False,False,False,False,False,True,False,False,False,False,True,False,False,사과(후지),304.67248322147634,0.7468157136153382,,,,,,,,
202108상순,411.0,사과,5.0,후지,상품,개,10.0,32511.0,,33200.0,27768.0,23419.3333333333,2021,상순,2021-08-01,사과-후지,8,1,False,False,False,False,False,False,False,True,False,False,False,False,True,False,False,사과(후지),304.67248322147634,0.7468157136153382,,,,,,,,
202108상순,411.0,사과,5.0,후지,상품,개,10.0,32511.0,,33200.0,27768.0,23419.3333333333,2021,상순,2021-08-01,사과-후지,8,1,False,False,False,False,False,False,False,True,False,False,False,False,True,False,False,사과(후지),304.67248322147634,0.7468157136153382,,,,,,,,
202108상순,411.0,사과,5.0,후지,상품,개,10.0,32511.0,,33200.0,27768.0,23419.3333333333,2021,상순,2021-08-01,사과-후지,8,1,False,False,False,False,False,False,False,True,False,False,False,False,True,False,False,사과(후지),304.67248322147634,0.7468157136153382,,,,,,,,
202108상순,411.0,사과,5.0,후지,상품,개,10.0,32511.0,,33200.0,27768.0,23419.3333333333,2021,상순,2021-08-01,사과-후지,8,1,False,False,False,False,False,False,False,True,False,False,False,False,True,False,False,사과(후지),304.67248322147634,0.7468157136153382,,,,,,,,
202108상순,411.0,사과,5.0,후지,상품,개,10.0,32511.0,,33200.0,27768.0,23419.3333333333,2021,상순,2021-08-01,사과-후지,8,1,False,False,False,False,False,False,False,True,False,False,False,False,True,False,False,사과(후지),304.67248322147634,0.7468157136153382,,,,,,,,
202108상순,411.0,사과,5.0,후지,상품,개,10.0,32511.0,,33200.0,27768.0,23419.3333333333,2021,상순,2021-08-01,사과-후지,8,1,False,False,False,False,False,False,False,True,False,False,False,False,True,False,False,사과(후지),304.67248322147634,0.7468157136153382,,,,,,,,
202108상순,411.0,사과,5.0,후지,상품,개,10.0,32511.0,,33200.0,27768.0,23419.3333333333,2021,상순,2021-08-01,사과-후지,8,1,False,False,False,False,False,False,False,True,False,False,False,False,True,False,False,사과(후지),304.67248322147634,0.7468157136153382,,,,,,,,
202108상순,411.0,사과,5.0,후지,상품,개,10.0,32511.0,,33200.0,27768.0,23419.3333333333,2021,상순,2021-08-01,사과-후지,8,1,False,False,False,False,False,False,False,True,False,False,False,False,True,False,False,사과(후지),304.67248322147634,0.7468157136153382,,,,,,,,
202108중순,411.0,사과,5.0,후지,상품,개,10.0,31031.0,,33300.0,27649.0,23929.6666666666,2021,중순,2021-08-11,사과-후지,8,11,False,False,False,False,False,False,False,True,False,False,False,False,False,True,False,사과(후지),312.49261744966424,0.7671566236328358,,,,,,,,
202108중순,411.0,사과,5.0,후지,상품,개,10.0,31031.0,,33300.0,27649.0,23929.6666666666,2021,중순,2021-08-11,사과-후지,8,11,False,False,False,False,False,False,False,True,False,False,False,False,False,True,False,사과(후지),312.49261744966424,0.7671566236328358,,,,,,,,
202108중순,411.0,사과,5.0,후지,상품,개,10.0,31031.0,,33300.0,27649.0,23929.6666666666,2021,중순,2021-08-11,사과-후지,8,11,False,False,False,False,False,False,False,True,False,False,False,False,False,True,False,사과(후지),312.49261744966424,0.7671566236328358,,,,,,,,
202108중순,411.0,사과,5.0,후지,상품,개,10.0,31031.0,,33300.0,27649.0,23929.6666666666,2021,중순,2021-08-11,사과-후지,8,11,False,False,False,False,False,False,False,True,False,False,False,False,False,True,False,사과(후지),312.49261744966424,0.7671566236328358,,,,,,,,
202108중순,411.0,사과,5.0,후지,상품,개,10.0,31031.0,,33300.0,27649.0,23929.6666666666,2021,중순,2021-08-11,사과-후지,8,11,False,False,False,False,False,False,False,True,False,False,False,False,False,True,False,사과(후지),312.49261744966424,0.7671566236328358,,,,,,,,
202108중순,411.0,사과,5.0,후지,상품,개,10.0,31031.0,,33300.0,27649.0,23929.6666666666,2021,중순,2021-08-11,사과-후지,8,11,False,False,False,False,False,False,False,True,False,False,False,False,False,True,False,사과(후지),312.49261744966424,0.7671566236328358,,,,,,,,
202108중순,411.0,사과,5.0,후지,상품,개,10.0,31031.0,,33300.0,27649.0,23929.6666666666,2021,중순,2021-08-11,사과-후지,8,11,False,False,False,False,False,False,False,True,False,False,False,False,False,True,False,사과(후지),312.49261744966424,0.7671566236328358,,,,,,,,
202108중순,411.0,사과,5.0,후지,상품,개,10.0,31031.0,,33300.0,27649.0,23929.6666666666,2021,중순,2021-08-11,사과-후지,8,11,False,False,False,False,False,False,False,True,False,False,False,False,False,True,False,사과(후지),312.49261744966424,0.7671566236328358,,,,,,,,
202108중순,411.0,사과,5.0,후지,상품,개,10.0,31031.0,,33300.0,27649.0,23929.6666666666,2021,중순,2021-08-11,사과-후지,8,11,False,False,False,False,False,False,False,True,False,False,False,False,False,True,False,사과(후지),312.49261744966424,0.7671566236328358,,,,,,,,
202108중순,411.0,사과,5.0,후지,상품,개,10.0,31031.0,,33300.0,27649.0,23929.6666666666,2021,중순,2021-08-11,사과-후지,8,11,False,False,False,False,False,False,False,True,False,False,False,False,False,True,False,사과(후지),312.49261744966424,0.7671566236328358,,,,,,,,
202108중순,411.0,사과,5.0,후지,상품,개,10.0,31031.0,,33300.0,27649.0,23929.6666666666,2021,중순,2021-08-11,사과-후지,8,11,False,False,False,False,False,False,False,True,False,False,False,False,False,True,False,사과(후지),312.49261744966424,0.7671566236328358,,,,,,,,
202108중순,411.0,사과,5.0,후지,상품,개,10.0,31031.0,,33300.0,27649.0,23929.6666666666,2021,중순,2021-08-11,사과-후지,8,11,False,False,False,False,False,False,False,True,False,False,False,False,False,True,False,사과(후지),312.49261744966424,0.7671566236328358,,,,,,,,
202108중순,411.0,사과,5.0,후지,상품,개,10.0,31031.0,,33300.0,27649.0,23929.6666666666,2021,중순,2021-08-11,사과-후지,8,11,False,False,False,False,False,False,False,True,False,False,False,False,False,True,False,사과(후지),312.49261744966424,0.7671566236328358,,,,,,,,
202108중순,411.0,사과,5.0,후지,상품,개,10.0,31031.0,,33300.0,27649.0,23929.6666666666,2021,중순,2021-08-11,사과-후지,8,11,False,False,False,False,False,False,False,True,False,False,False,False,False,True,False,사과(후지),312.49261744966424,0.7671566236328358,,,,,,,,
202108중순,411.0,사과,5.0,후지,상품,개,10.0,31031.0,,33300.0,27649.0,23929.6666666666,2021,중순,2021-08-11,사과-후지,8,11,False,False,False,False,False,False,False,True,False,False,False,False,False,True,False,사과(후지),312.49261744966424,0.7671566236328358,,,,,,,,
202108중순,411.0,사과,5.0,후지,상품,개,10.0,31031.0,,33300.0,27649.0,23929.6666666666,2021,중순,2021-08-11,사과-후지,8,11,False,False,False,False,False,False,False,True,False,False,False,False,False,True,False,사과(후지),312.49261744966424,0.7671566236328358,,,,,,,,
202108중순,411.0,사과,5.0,후지,상품,개,10.0,31031.0,,33300.0,27649.0,23929.6666666666,2021,중순,2021-08-11,사과-후지,8,11,False,False,False,False,False,False,False,True,False,False,False,False,False,True,False,사과(후지),312.49261744966424,0.7671566236328358,,,,,,,,
202108중순,411.0,사과,5.0,후지,상품,개,10.0,31031.0,,33300.0,27649.0,23929.6666666666,2021,중순,2021-08-11,사과-후지,8,11,False,False,False,False,False,False,False,True,False,False,False,False,False,True,False,사과(후지),312.49261744966424,0.7671566236328358,,,,,,,,
202108중순,411.0,사과,5.0,후지,상품,개,10.0,31031.0,,33300.0,27649.0,23929.6666666666,2021,중순,2021-08-11,사과-후지,8,11,False,False,False,False,False,False,False,True,False,False,False,False,False,True,False,사과(후지),312.49261744966424,0.7671566236328358,,,,,,,,
202108중순,411.0,사과,5.0,후지,상품,개,10.0,31031.0,,33300.0,27649.0,23929.6666666666,2021,중순,2021-08-11,사과-후지,8,11,False,False,False,False,False,False,False,True,False,False,False,False,False,True,False,사과(후지),312.49261744966424,0.7671566236328358,,,,,,,,
202108중순,411.0,사과,5.0,후지,상품,개,10.0,31031.0,,33300.0,27649.0,23929.6666666666,2021,중순,2021-08-11,사과-후지,8,11,False,False,False,False,False,False,False,True,False,False,False,False,False,True,False,사과(후지),312.49261744966424,0.7671566236328358,,,,,,,,
202108중순,411.0,사과,5.0,후지,상품,개,10.0,31031.0,,33300.0,27649.0,23929.6666666666,2021,중순,2021-08-11,사과-후지,8,11,False,False,False,False,False,False,False,True,False,False,False,False,False,True,False,사과(후지),312.49261744966424,0.7671566236328358,,,,,,,,
202108중순,411.0,사과,5.0,후지,상품,개,10.0,31031.0,,33300.0,27649.0,23929.6666666666,2021,중순,2021-08-11,사과-후지,8,11,False,False,False,False,False,False,False,True,False,False,False,False,False,True,False,사과(후지),312.49261744966424,0.7671566236328358,,,,,,,,
202108중순,411.0,사과,5.0,후지,상품,개,10.0,31031.0,,33300.0,27649.0,23929.6666666666,2021,중순,2021-08-11,사과-후지,8,11,False,False,False,False,False,False,False,True,False,False,False,False,False,True,False,사과(후지),312.49261744966424,0.7671566236328358,,,,,,,,
202108중순,411.0,사과,5.0,후지,상품,개,10.0,31031.0,,33300.0,27649.0,23929.6666666666,2021,중순,2021-08-11,사과-후지,8,11,False,False,False,False,False,False,False,True,False,False,False,False,False,True,False,사과(후지),312.49261744966424,0.7671566236328358,,,,,,,,
202108하순,411.0,사과,5.0,후지,상품,개,10.0,30531.0,,33472.0,26514.0,23650.6666666666,2021,하순,2021-08-21,사과-후지,8,21,False,False,False,False,False,False,False,True,False,False,False,False,False,False,True,사과(후지),409.6416107382548,0.7891359821164957,,,,,,,,
202108하순,411.0,사과,5.0,후지,상품,개,10.0,30531.0,,33472.0,26514.0,23650.6666666666,2021,하순,2021-08-21,사과-후지,8,21,False,False,False,False,False,False,False,True,False,False,False,False,False,False,True,사과(후지),409.6416107382548,0.7891359821164957,,,,,,,,
202108하순,411.0,사과,5.0,후지,상품,개,10.0,30531.0,,33472.0,26514.0,23650.6666666666,2021,하순,2021-08-21,사과-후지,8,21,False,False,False,False,False,False,False,True,False,False,False,False,False,False,True,사과(후지),409.6416107382548,0.7891359821164957,,,,,,,,
202108하순,411.0,사과,5.0,후지,상품,개,10.0,30531.0,,33472.0,26514.0,23650.6666666666,2021,하순,2021-08-21,사과-후지,8,21,False,False,False,False,False,False,False,True,False,False,False,False,False,False,True,사과(후지),409.6416107382548,0.7891359821164957,,,,,,,,
202108하순,411.0,사과,5.0,후지,상품,개,10.0,30531.0,,33472.0,26514.0,23650.6666666666,2021,하순,2021-08-21,사과-후지,8,21,False,False,False,False,False,False,False,True,False,False,False,False,False,False,True,사과(후지),409.6416107382548,0.7891359821164957,,,,,,,,
202108하순,411.0,사과,5.0,후지,상품,개,10.0,30531.0,,33472.0,26514.0,23650.6666666666,2021,하순,2021-08-21,사과-후지,8,21,False,False,False,False,False,False,False,True,False,False,False,False,False,False,True,사과(후지),409.6416107382548,0.7891359821164957,,,,,,,,
202108하순,411.0,사과,5.0,후지,상품,개,10.0,30531.0,,33472.0,26514.0,23650.6666666666,2021,하순,2021-08-21,사과-후지,8,21,False,False,False,False,False,False,False,True,False,False,False,False,False,False,True,사과(후지),409.6416107382548,0.7891359821164957,,,,,,,,
202108하순,411.0,사과,5.0,후지,상품,개,10.0,30531.0,,33472.0,26514.0,23650.6666666666,2021,하순,2021-08-21,사과-후지,8,21,False,False,False,False,False,False,False,True,False,False,False,False,False,False,True,사과(후지),409.6416107382548,0.7891359821164957,,,,,,,,
202108하순,411.0,사과,5.0,후지,상품,개,10.0,30531.0,,33472.0,26514.0,23650.6666666666,2021,하순,2021-08-21,사과-후지,8,21,False,False,False,False,False,False,False,True,False,False,False,False,False,False,True,사과(후지),409.6416107382548,0.7891359821164957,,,,,,,,
202108하순,411.0,사과,5.0,후지,상품,개,10.0,30531.0,,33472.0,26514.0,23650.6666666666,2021,하순,2021-08-21,사과-후지,8,21,False,False,False,False,False,False,False,True,False,False,False,False,False,False,True,사과(후지),409.6416107382548,0.7891359821164957,,,,,,,,
202108하순,411.0,사과,5.0,후지,상품,개,10.0,30531.0,,33472.0,26514.0,23650.6666666666,2021,하순,2021-08-21,사과-후지,8,21,False,False,False,False,False,False,False,True,False,False,False,False,False,False,True,사과(후지),409.6416107382548,0.7891359821164957,,,,,,,,
202108하순,411.0,사과,5.0,후지,상품,개,10.0,30531.0,,33472.0,26514.0,23650.6666666666,2021,하순,2021-08-21,사과-후지,8,21,False,False,False,False,False,False,False,True,False,False,False,False,False,False,True,사과(후지),409.6416107382548,0.7891359821164957,,,,,,,,
202108하순,411.0,사과,5.0,후지,상품,개,10.0,30531.0,,33472.0,26514.0,23650.6666666666,2021,하순,2021-08-21,사과-후지,8,21,False,False,False,False,False,False,False,True,False,False,False,False,False,False,True,사과(후지),409.6416107382548,0.7891359821164957,,,,,,,,
202108하순,411.0,사과,5.0,후지,상품,개,10.0,30531.0,,33472.0,26514.0,23650.6666666666,2021,하순,2021-08-21,사과-후지,8,21,False,False,False,False,False,False,False,True,False,False,False,False,False,False,True,사과(후지),409.6416107382548,0.7891359821164957,,,,,,,,
202108하순,411.0,사과,5.0,후지,상품,개,10.0,30531.0,,33472.0,26514.0,23650.6666666666,2021,하순,2021-08-21,사과-후지,8,21,False,False,False,False,False,False,False,True,False,False,False,False,False,False,True,사과(후지),409.6416107382548,0.7891359821164957,,,,,,,,
202108하순,411.0,사과,5.0,후지,상품,개,10.0,30531.0,,33472.0,26514.0,23650.6666666666,2021,하순,2021-08-21,사과-후지,8,21,False,False,False,False,False,False,False,True,False,False,False,False,False,False,True,사과(후지),409.6416107382548,0.7891359821164957,,,,,,,,
202108하순,411.0,사과,5.0,후지,상품,개,10.0,30531.0,,33472.0,26514.0,23650.6666666666,2021,하순,2021-08-21,사과-후지,8,21,False,False,False,False,False,False,False,True,False,False,False,False,False,False,True,사과(후지),409.6416107382548,0.7891359821164957,,,,,,,,
202108하순,411.0,사과,5.0,후지,상품,개,10.0,30531.0,,33472.0,26514.0,23650.6666666666,2021,하순,2021-08-21,사과-후지,8,21,False,False,False,False,False,False,False,True,False,False,False,False,False,False,True,사과(후지),409.6416107382548,0.7891359821164957,,,,,,,,
202108하순,411.0,사과,5.0,후지,상품,개,10.0,30531.0,,33472.0,26514.0,23650.6666666666,2021,하순,2021-08-21,사과-후지,8,21,False,False,False,False,False,False,False,True,False,False,False,False,False,False,True,사과(후지),409.6416107382548,0.7891359821164957,,,,,,,,
202108하순,411.0,사과,5.0,후지,상품,개,10.0,30531.0,,33472.0,26514.0,23650.6666666666,2021,하순,2021-08-21,사과-후지,8,21,False,False,False,False,False,False,False,True,False,False,False,False,False,False,True,사과(후지),409.6416107382548,0.7891359821164957,,,,,,,,
202108하순,411.0,사과,5.0,후지,상품,개,10.0,30531.0,,33472.0,26514.0,23650.6666666666,2021,하순,2021-08-21,사과-후지,8,21,False,False,False,False,False,False,False,True,False,False,False,False,False,False,True,사과(후지),409.6416107382548,0.7891359821164957,,,,,,,,
202108하순,411.0,사과,5.0,후지,상품,개,10.0,30531.0,,33472.0,26514.0,23650.6666666666,2021,하순,2021-08-21,사과-후지,8,21,False,False,False,False,False,False,False,True,False,False,False,False,False,False,True,사과(후지),409.6416107382548,0.7891359821164957,,,,,,,,
202108하순,411.0,사과,5.0,후지,상품,개,10.0,30531.0,,33472.0,26514.0,23650.6666666666,2021,하순,2021-08-21,사과-후지,8,21,False,False,False,False,False,False,False,True,False,False,False,False,False,False,True,사과(후지),409.6416107382548,0.7891359821164957,,,,,,,,
202108하순,411.0,사과,5.0,후지,상품,개,10.0,30531.0,,33472.0,26514.0,23650.6666666666,2021,하순,2021-08-21,사과-후지,8,21,False,False,False,False,False,False,False,True,False,False,False,False,False,False,True,사과(후지),409.6416107382548,0.7891359821164957,,,,,,,,
202108하순,411.0,사과,5.0,후지,상품,개,10.0,30531.0,,33472.0,26514.0,23650.6666666666,2021,하순,2021-08-21,사과-후지,8,21,False,False,False,False,False,False,False,True,False,False,False,False,False,False,True,사과(후지),409.6416107382548,0.7891359821164957,,,,,,,,
202108하순,411.0,사과,5.0,후지,상품,개,10.0,30531.0,,33472.0,26514.0,23650.6666666666,2021,하순,2021-08-21,사과-후지,8,21,False,False,False,False,False,False,False,True,False,False,False,False,False,False,True,사과(후지),409.6416107382548,0.7891359821164957,,,,,,,,
202108하순,411.0,사과,5.0,후지,상품,개,10.0,30531.0,,33472.0,26514.0,23650.6666666666,2021,하순,2021-08-21,사과-후지,8,21,False,False,False,False,False,False,False,True,False,False,False,False,False,False,True,사과(후지),409.6416107382548,0.7891359821164957,,,,,,,,
202111상순,411.0,사과,5.0,후지,상품,개,10.0,25889.0,,,29099.0,20129.6666666666,2021,상순,2021-11-01,사과-후지,11,1,False,False,False,False,False,False,False,False,False,False,True,False,True,False,False,사과(후지),419.2120805369126,0.7778842027028442,,,,,,,,
202111상순,411.0,사과,5.0,후지,상품,개,10.0,25889.0,,,29099.0,20129.6666666666,2021,상순,2021-11-01,사과-후지,11,1,False,False,False,False,False,False,False,False,False,False,True,False,True,False,False,사과(후지),419.2120805369126,0.7778842027028442,,,,,,,,
202111상순,411.0,사과,5.0,후지,상품,개,10.0,25889.0,,,29099.0,20129.6666666666,2021,상순,2021-11-01,사과-후지,11,1,False,False,False,False,False,False,False,False,False,False,True,False,True,False,False,사과(후지),419.2120805369126,0.7778842027028442,,,,,,,,
202111상순,411.0,사과,5.0,후지,상품,개,10.0,25889.0,,,29099.0,20129.6666666666,2021,상순,2021-11-01,사과-후지,11,1,False,False,False,False,False,False,False,False,False,False,True,False,True,False,False,사과(후지),419.2120805369126,0.7778842027028442,,,,,,,,
202111상순,411.0,사과,5.0,후지,상품,개,10.0,25889.0,,,29099.0,20129.6666666666,2021,상순,2021-11-01,사과-후지,11,1,False,False,False,False,False,False,False,False,False,False,True,False,True,False,False,사과(후지),419.2120805369126,0.7778842027028442,,,,,,,,
202111상순,411.0,사과,5.0,후지,상품,개,10.0,25889.0,,,29099.0,20129.6666666666,2021,상순,2021-11-01,사과-후지,11,1,False,False,False,False,False,False,False,False,False,False,True,False,True,False,False,사과(후지),419.2120805369126,0.7778842027028442,,,,,,,,
202111상순,411.0,사과,5.0,후지,상품,개,10.0,25889.0,,,29099.0,20129.6666666666,2021,상순,2021-11-01,사과-후지,11,1,False,False,False,False,False,False,False,False,False,False,True,False,True,False,False,사과(후지),419.2120805369126,0.7778842027028442,,,,,,,,
202111상순,411.0,사과,5.0,후지,상품,개,10.0,25889.0,,,29099.0,20129.6666666666,2021,상순,2021-11-01,사과-후지,11,1,False,False,False,False,False,False,False,False,False,False,True,False,True,False,False,사과(후지),419.2120805369126,0.7778842027028442,,,,,,,,
202111상순,411.0,사과,5.0,후지,상품,개,10.0,25889.0,,,29099.0,20129.6666666666,2021,상순,2021-11-01,사과-후지,11,1,False,False,False,False,False,False,False,False,False,False,True,False,True,False,False,사과(후지),419.2120805369126,0.7778842027028442,,,,,,,,
202111상순,411.0,사과,5.0,후지,상품,개,10.0,25889.0,,,29099.0,20129.6666666666,2021,상순,2021-11-01,사과-후지,11,1,False,False,False,False,False,False,False,False,False,False,True,False,True,False,False,사과(후지),419.2120805369126,0.7778842027028442,,,,,,,,
202111상순,411.0,사과,5.0,후지,상품,개,10.0,25889.0,,,29099.0,20129.6666666666,2021,상순,2021-11-01,사과-후지,11,1,False,False,False,False,False,False,False,False,False,False,True,False,True,False,False,사과(후지),419.2120805369126,0.7778842027028442,,,,,,,,
202111상순,411.0,사과,5.0,후지,상품,개,10.0,25889.0,,,29099.0,20129.6666666666,2021,상순,2021-11-01,사과-후지,11,1,False,False,False,False,False,False,False,False,False,False,True,False,True,False,False,사과(후지),419.2120805369126,0.7778842027028442,,,,,,,,
202111상순,411.0,사과,5.0,후지,상품,개,10.0,25889.0,,,29099.0,20129.6666666666,2021,상순,2021-11-01,사과-후지,11,1,False,False,False,False,False,False,False,False,False,False,True,False,True,False,False,사과(후지),419.2120805369126,0.7778842027028442,,,,,,,,
202111상순,411.0,사과,5.0,후지,상품,개,10.0,25889.0,,,29099.0,20129.6666666666,2021,상순,2021-11-01,사과-후지,11,1,False,False,False,False,False,False,False,False,False,False,True,False,True,False,False,사과(후지),419.2120805369126,0.7778842027028442,,,,,,,,
202111상순,411.0,사과,5.0,후지,상품,개,10.0,25889.0,,,29099.0,20129.6666666666,2021,상순,2021-11-01,사과-후지,11,1,False,False,False,False,False,False,False,False,False,False,True,False,True,False,False,사과(후지),419.2120805369126,0.7778842027028442,,,,,,,,
202111상순,411.0,사과,5.0,후지,상품,개,10.0,25889.0,,,29099.0,20129.6666666666,2021,상순,2021-11-01,사과-후지,11,1,False,False,False,False,False,False,False,False,False,False,True,False,True,False,False,사과(후지),419.2120805369126,0.7778842027028442,,,,,,,,
202111상순,411.0,사과,5.0,후지,상품,개,10.0,25889.0,,,29099.0,20129.6666666666,2021,상순,2021-11-01,사과-후지,11,1,False,False,False,False,False,False,False,False,False,False,True,False,True,False,False,사과(후지),419.2120805369126,0.7778842027028442,,,,,,,,
202111상순,411.0,사과,5.0,후지,상품,개,10.0,25889.0,,,29099.0,20129.6666666666,2021,상순,2021-11-01,사과-후지,11,1,False,False,False,False,False,False,False,False,False,False,True,False,True,False,False,사과(후지),419.2120805369126,0.7778842027028442,,,,,,,,
202111상순,411.0,사과,5.0,후지,상품,개,10.0,25889.0,,,29099.0,20129.6666666666,2021,상순,2021-11-01,사과-후지,11,1,False,False,False,False,False,False,False,False,False,False,True,False,True,False,False,사과(후지),419.2120805369126,0.7778842027028442,,,,,,,,
202111상순,411.0,사과,5.0,후지,상품,개,10.0,25889.0,,,29099.0,20129.6666666666,2021,상순,2021-11-01,사과-후지,11,1,False,False,False,False,False,False,False,False,False,False,True,False,True,False,False,사과(후지),419.2120805369126,0.7778842027028442,,,,,,,,
202111상순,411.0,사과,5.0,후지,상품,개,10.0,25889.0,,,29099.0,20129.6666666666,2021,상순,2021-11-01,사과-후지,11,1,False,False,False,False,False,False,False,False,False,False,True,False,True,False,False,사과(후지),419.2120805369126,0.7778842027028442,,,,,,,,
202111상순,411.0,사과,5.0,후지,상품,개,10.0,25889.0,,,29099.0,20129.6666666666,2021,상순,2021-11-01,사과-후지,11,1,False,False,False,False,False,False,False,False,False,False,True,False,True,False,False,사과(후지),419.2120805369126,0.7778842027028442,,,,,,,,
202111상순,411.0,사과,5.0,후지,상품,개,10.0,25889.0,,,29099.0,20129.6666666666,2021,상순,2021-11-01,사과-후지,11,1,False,False,False,False,False,False,False,False,False,False,True,False,True,False,False,사과(후지),419.2120805369126,0.7778842027028442,,,,,,,,
202111중순,411.0,사과,5.0,후지,상품,개,10.0,26004.0,,,27159.0,20743.6666666666,2021,중순,2021-11-11,사과-후지,11,11,False,False,False,False,False,False,False,False,False,False,True,False,False,True,False,사과(후지),294.52348993288575,0.7527948406311248,,,,,,,,
202111중순,411.0,사과,5.0,후지,상품,개,10.0,26004.0,,,27159.0,20743.6666666666,2021,중순,2021-11-11,사과-후지,11,11,False,False,False,False,False,False,False,False,False,False,True,False,False,True,False,사과(후지),294.52348993288575,0.7527948406311248,,,,,,,,
202111중순,411.0,사과,5.0,후지,상품,개,10.0,26004.0,,,27159.0,20743.6666666666,2021,중순,2021-11-11,사과-후지,11,11,False,False,False,False,False,False,False,False,False,False,True,False,False,True,False,사과(후지),294.52348993288575,0.7527948406311248,,,,,,,,
202111중순,411.0,사과,5.0,후지,상품,개,10.0,26004.0,,,27159.0,20743.6666666666,2021,중순,2021-11-11,사과-후지,11,11,False,False,False,False,False,False,False,False,False,False,True,False,False,True,False,사과(후지),294.52348993288575,0.7527948406311248,,,,,,,,
202111중순,411.0,사과,5.0,후지,상품,개,10.0,26004.0,,,27159.0,20743.6666666666,2021,중순,2021-11-11,사과-후지,11,11,False,False,False,False,False,False,False,False,False,False,True,False,False,True,False,사과(후지),294.52348993288575,0.7527948406311248,,,,,,,,
202111중순,411.0,사과,5.0,후지,상품,개,10.0,26004.0,,,27159.0,20743.6666666666,2021,중순,2021-11-11,사과-후지,11,11,False,False,False,False,False,False,False,False,False,False,True,False,False,True,False,사과(후지),294.52348993288575,0.7527948406311248,,,,,,,,
202111중순,411.0,사과,5.0,후지,상품,개,10.0,26004.0,,,27159.0,20743.6666666666,2021,중순,2021-11-11,사과-후지,11,11,False,False,False,False,False,False,False,False,False,False,True,False,False,True,False,사과(후지),294.52348993288575,0.7527948406311248,,,,,,,,
202111중순,411.0,사과,5.0,후지,상품,개,10.0,26004.0,,,27159.0,20743.6666666666,2021,중순,2021-11-11,사과-후지,11,11,False,False,False,False,False,False,False,False,False,False,True,False,False,True,False,사과(후지),294.52348993288575,0.7527948406311248,,,,,,,,
202111중순,411.0,사과,5.0,후지,상품,개,10.0,26004.0,,,27159.0,20743.6666666666,2021,중순,2021-11-11,사과-후지,11,11,False,False,False,False,False,False,False,False,False,False,True,False,False,True,False,사과(후지),294.52348993288575,0.7527948406311248,,,,,,,,
202111중순,411.0,사과,5.0,후지,상품,개,10.0,26004.0,,,27159.0,20743.6666666666,2021,중순,2021-11-11,사과-후지,11,11,False,False,False,False,False,False,False,False,False,False,True,False,False,True,False,사과(후지),294.52348993288575,0.7527948406311248,,,,,,,,
202111중순,411.0,사과,5.0,후지,상품,개,10.0,26004.0,,,27159.0,20743.6666666666,2021,중순,2021-11-11,사과-후지,11,11,False,False,False,False,False,False,False,False,False,False,True,False,False,True,False,사과(후지),294.52348993288575,0.7527948406311248,,,,,,,,
202111중순,411.0,사과,5.0,후지,상품,개,10.0,26004.0,,,27159.0,20743.6666666666,2021,중순,2021-11-11,사과-후지,11,11,False,False,False,False,False,False,False,False,False,False,True,False,False,True,False,사과(후지),294.52348993288575,0.7527948406311248,,,,,,,,
202111중순,411.0,사과,5.0,후지,상품,개,10.0,26004.0,,,27159.0,20743.6666666666,2021,중순,2021-11-11,사과-후지,11,11,False,False,False,False,False,False,False,False,False,False,True,False,False,True,False,사과(후지),294.52348993288575,0.7527948406311248,,,,,,,,
202111중순,411.0,사과,5.0,후지,상품,개,10.0,26004.0,,,27159.0,20743.6666666666,2021,중순,2021-11-11,사과-후지,11,11,False,False,False,False,False,False,False,False,False,False,True,False,False,True,False,사과(후지),294.52348993288575,0.7527948406311248,,,,,,,,
202111중순,411.0,사과,5.0,후지,상품,개,10.0,26004.0,,,27159.0,20743.6666666666,2021,중순,2021-11-11,사과-후지,11,11,False,False,False,False,False,False,False,False,False,False,True,False,False,True,False,사과(후지),294.52348993288575,0.7527948406311248,,,,,,,,
202111중순,411.0,사과,5.0,후지,상품,개,10.0,26004.0,,,27159.0,20743.6666666666,2021,중순,2021-11-11,사과-후지,11,11,False,False,False,False,False,False,False,False,False,False,True,False,False,True,False,사과(후지),294.52348993288575,0.7527948406311248,,,,,,,,
202111중순,411.0,사과,5.0,후지,상품,개,10.0,26004.0,,,27159.0,20743.6666666666,2021,중순,2021-11-11,사과-후지,11,11,False,False,False,False,False,False,False,False,False,False,True,False,False,True,False,사과(후지),294.52348993288575,0.7527948406311248,,,,,,,,
202111중순,411.0,사과,5.0,후지,상품,개,10.0,26004.0,,,27159.0,20743.6666666666,2021,중순,2021-11-11,사과-후지,11,11,False,False,False,False,False,False,False,False,False,False,True,False,False,True,False,사과(후지),294.52348993288575,0.7527948406311248,,,,,,,,
202111중순,411.0,사과,5.0,후지,상품,개,10.0,26004.0,,,27159.0,20743.6666666666,2021,중순,2021-11-11,사과-후지,11,11,False,False,False,False,False,False,False,False,False,False,True,False,False,True,False,사과(후지),294.52348993288575,0.7527948406311248,,,,,,,,
202111중순,411.0,사과,5.0,후지,상품,개,10.0,26004.0,,,27159.0,20743.6666666666,2021,중순,2021-11-11,사과-후지,11,11,False,False,False,False,False,False,False,False,False,False,True,False,False,True,False,사과(후지),294.52348993288575,0.7527948406311248,,,,,,,,
202111중순,411.0,사과,5.0,후지,상품,개,10.0,26004.0,,,27159.0,20743.6666666666,2021,중순,2021-11-11,사과-후지,11,11,False,False,False,False,False,False,False,False,False,False,True,False,False,True,False,사과(후지),294.52348993288575,0.7527948406311248,,,,,,,,
202111중순,411.0,사과,5.0,후지,상품,개,10.0,26004.0,,,27159.0,20743.6666666666,2021,중순,2021-11-11,사과-후지,11,11,False,False,False,False,False,False,False,False,False,False,True,False,False,True,False,사과(후지),294.52348993288575,0.7527948406311248,,,,,,,,
202111하순,411.0,사과,5.0,후지,상품,개,10.0,25494.0,,,26942.0,20673.0,2021,하순,2021-11-21,사과-후지,11,21,False,False,False,False,False,False,False,False,False,False,True,False,False,False,True,사과(후지),293.3395973154361,0.7117659519907237,,,,,,,,
202111하순,411.0,사과,5.0,후지,상품,개,10.0,25494.0,,,26942.0,20673.0,2021,하순,2021-11-21,사과-후지,11,21,False,False,False,False,False,False,False,False,False,False,True,False,False,False,True,사과(후지),293.3395973154361,0.7117659519907237,,,,,,,,
202111하순,411.0,사과,5.0,후지,상품,개,10.0,25494.0,,,26942.0,20673.0,2021,하순,2021-11-21,사과-후지,11,21,False,False,False,False,False,False,False,False,False,False,True,False,False,False,True,사과(후지),293.3395973154361,0.7117659519907237,,,,,,,,
202111하순,411.0,사과,5.0,후지,상품,개,10.0,25494.0,,,26942.0,20673.0,2021,하순,2021-11-21,사과-후지,11,21,False,False,False,False,False,False,False,False,False,False,True,False,False,False,True,사과(후지),293.3395973154361,0.7117659519907237,,,,,,,,
202111하순,411.0,사과,5.0,후지,상품,개,10.0,25494.0,,,26942.0,20673.0,2021,하순,2021-11-21,사과-후지,11,21,False,False,False,False,False,False,False,False,False,False,True,False,False,False,True,사과(후지),293.3395973154361,0.7117659519907237,,,,,,,,
202111하순,411.0,사과,5.0,후지,상품,개,10.0,25494.0,,,26942.0,20673.0,2021,하순,2021-11-21,사과-후지,11,21,False,False,False,False,False,False,False,False,False,False,True,False,False,False,True,사과(후지),293.3395973154361,0.7117659519907237,,,,,,,,
202111하순,411.0,사과,5.0,후지,상품,개,10.0,25494.0,,,26942.0,20673.0,2021,하순,2021-11-21,사과-후지,11,21,False,False,False,False,False,False,False,False,False,False,True,False,False,False,True,사과(후지),293.3395973154361,0.7117659519907237,,,,,,,,
202111하순,411.0,사과,5.0,후지,상품,개,10.0,25494.0,,,26942.0,20673.0,2021,하순,2021-11-21,사과-후지,11,21,False,False,False,False,False,False,False,False,False,False,True,False,False,False,True,사과(후지),293.3395973154361,0.7117659519907237,,,,,,,,
202111하순,411.0,사과,5.0,후지,상품,개,10.0,25494.0,,,26942.0,20673.0,2021,하순,2021-11-21,사과-후지,11,21,False,False,False,False,False,False,False,False,False,False,True,False,False,False,True,사과(후지),293.3395973154361,0.7117659519907237,,,,,,,,
202111하순,411.0,사과,5.0,후지,상품,개,10.0,25494.0,,,26942.0,20673.0,2021,하순,2021-11-21,사과-후지,11,21,False,False,False,False,False,False,False,False,False,False,True,False,False,False,True,사과(후지),293.3395973154361,0.7117659519907237,,,,,,,,
202111하순,411.0,사과,5.0,후지,상품,개,10.0,25494.0,,,26942.0,20673.0,2021,하순,2021-11-21,사과-후지,11,21,False,False,False,False,False,False,False,False,False,False,True,False,False,False,True,사과(후지),293.3395973154361,0.7117659519907237,,,,,,,,
202111하순,411.0,사과,5.0,후지,상품,개,10.0,25494.0,,,26942.0,20673.0,2021,하순,2021-11-21,사과-후지,11,21,False,False,False,False,False,False,False,False,False,False,True,False,False,False,True,사과(후지),293.3395973154361,0.7117659519907237,,,,,,,,
202111하순,411.0,사과,5.0,후지,상품,개,10.0,25494.0,,,26942.0,20673.0,2021,하순,2021-11-21,사과-후지,11,21,False,False,False,False,False,False,False,False,False,False,True,False,False,False,True,사과(후지),293.3395973154361,0.7117659519907237,,,,,,,,
202111하순,411.0,사과,5.0,후지,상품,개,10.0,25494.0,,,26942.0,20673.0,2021,하순,2021-11-21,사과-후지,11,21,False,False,False,False,False,False,False,False,False,False,True,False,False,False,True,사과(후지),293.3395973154361,0.7117659519907237,,,,,,,,
202111하순,411.0,사과,5.0,후지,상품,개,10.0,25494.0,,,26942.0,20673.0,2021,하순,2021-11-21,사과-후지,11,21,False,False,False,False,False,False,False,False,False,False,True,False,False,False,True,사과(후지),293.3395973154361,0.7117659519907237,,,,,,,,
202111하순,411.0,사과,5.0,후지,상품,개,10.0,25494.0,,,26942.0,20673.0,2021,하순,2021-11-21,사과-후지,11,21,False,False,False,False,False,False,False,False,False,False,True,False,False,False,True,사과(후지),293.3395973154361,0.7117659519907237,,,,,,,,
202111하순,411.0,사과,5.0,후지,상품,개,10.0,25494.0,,,26942.0,20673.0,2021,하순,2021-11-21,사과-후지,11,21,False,False,False,False,False,False,False,False,False,False,True,False,False,False,True,사과(후지),293.3395973154361,0.7117659519907237,,,,,,,,
202111하순,411.0,사과,5.0,후지,상품,개,10.0,25494.0,,,26942.0,20673.0,2021,하순,2021-11-21,사과-후지,11,21,False,False,False,False,False,False,False,False,False,False,True,False,False,False,True,사과(후지),293.3395973154361,0.7117659519907237,,,,,,,,
202111하순,411.0,사과,5.0,후지,상품,개,10.0,25494.0,,,26942.0,20673.0,2021,하순,2021-11-21,사과-후지,11,21,False,False,False,False,False,False,False,False,False,False,True,False,False,False,True,사과(후지),293.3395973154361,0.7117659519907237,,,,,,,,
202111하순,411.0,사과,5.0,후지,상품,개,10.0,25494.0,,,26942.0,20673.0,2021,하순,2021-11-21,사과-후지,11,21,False,False,False,False,False,False,False,False,False,False,True,False,False,False,True,사과(후지),293.3395973154361,0.7117659519907237,,,,,,,,
202111하순,411.0,사과,5.0,후지,상품,개,10.0,25494.0,,,26942.0,20673.0,2021,하순,2021-11-21,사과-후지,11,21,False,False,False,False,False,False,False,False,False,False,True,False,False,False,True,사과(후지),293.3395973154361,0.7117659519907237,,,,,,,,
202112상순,411.0,사과,5.0,후지,상품,개,10.0,26144.0,,25889.0,26543.0,20539.6666666666,2021,상순,2021-12-01,사과-후지,12,1,False,False,False,False,False,False,False,False,False,False,False,True,True,False,False,사과(후지),290.104697986577,0.6714575394968468,,,,,,,,
202112상순,411.0,사과,5.0,후지,상품,개,10.0,26144.0,,25889.0,26543.0,20539.6666666666,2021,상순,2021-12-01,사과-후지,12,1,False,False,False,False,False,False,False,False,False,False,False,True,True,False,False,사과(후지),290.104697986577,0.6714575394968468,,,,,,,,
202112상순,411.0,사과,5.0,후지,상품,개,10.0,26144.0,,25889.0,26543.0,20539.6666666666,2021,상순,2021-12-01,사과-후지,12,1,False,False,False,False,False,False,False,False,False,False,False,True,True,False,False,사과(후지),290.104697986577,0.6714575394968468,,,,,,,,
202112상순,411.0,사과,5.0,후지,상품,개,10.0,26144.0,,25889.0,26543.0,20539.6666666666,2021,상순,2021-12-01,사과-후지,12,1,False,False,False,False,False,False,False,False,False,False,False,True,True,False,False,사과(후지),290.104697986577,0.6714575394968468,,,,,,,,
202112상순,411.0,사과,5.0,후지,상품,개,10.0,26144.0,,25889.0,26543.0,20539.6666666666,2021,상순,2021-12-01,사과-후지,12,1,False,False,False,False,False,False,False,False,False,False,False,True,True,False,False,사과(후지),290.104697986577,0.6714575394968468,,,,,,,,
202112상순,411.0,사과,5.0,후지,상품,개,10.0,26144.0,,25889.0,26543.0,20539.6666666666,2021,상순,2021-12-01,사과-후지,12,1,False,False,False,False,False,False,False,False,False,False,False,True,True,False,False,사과(후지),290.104697986577,0.6714575394968468,,,,,,,,
202112상순,411.0,사과,5.0,후지,상품,개,10.0,26144.0,,25889.0,26543.0,20539.6666666666,2021,상순,2021-12-01,사과-후지,12,1,False,False,False,False,False,False,False,False,False,False,False,True,True,False,False,사과(후지),290.104697986577,0.6714575394968468,,,,,,,,
202112상순,411.0,사과,5.0,후지,상품,개,10.0,26144.0,,25889.0,26543.0,20539.6666666666,2021,상순,2021-12-01,사과-후지,12,1,False,False,False,False,False,False,False,False,False,False,False,True,True,False,False,사과(후지),290.104697986577,0.6714575394968468,,,,,,,,
202112상순,411.0,사과,5.0,후지,상품,개,10.0,26144.0,,25889.0,26543.0,20539.6666666666,2021,상순,2021-12-01,사과-후지,12,1,False,False,False,False,False,False,False,False,False,False,False,True,True,False,False,사과(후지),290.104697986577,0.6714575394968468,,,,,,,,
202112상순,411.0,사과,5.0,후지,상품,개,10.0,26144.0,,25889.0,26543.0,20539.6666666666,2021,상순,2021-12-01,사과-후지,12,1,False,False,False,False,False,False,False,False,False,False,False,True,True,False,False,사과(후지),290.104697986577,0.6714575394968468,,,,,,,,
202112상순,411.0,사과,5.0,후지,상품,개,10.0,26144.0,,25889.0,26543.0,20539.6666666666,2021,상순,2021-12-01,사과-후지,12,1,False,False,False,False,False,False,False,False,False,False,False,True,True,False,False,사과(후지),290.104697986577,0.6714575394968468,,,,,,,,
202112상순,411.0,사과,5.0,후지,상품,개,10.0,26144.0,,25889.0,26543.0,20539.6666666666,2021,상순,2021-12-01,사과-후지,12,1,False,False,False,False,False,False,False,False,False,False,False,True,True,False,False,사과(후지),290.104697986577,0.6714575394968468,,,,,,,,
202112상순,411.0,사과,5.0,후지,상품,개,10.0,26144.0,,25889.0,26543.0,20539.6666666666,2021,상순,2021-12-01,사과-후지,12,1,False,False,False,False,False,False,False,False,False,False,False,True,True,False,False,사과(후지),290.104697986577,0.6714575394968468,,,,,,,,
202112상순,411.0,사과,5.0,후지,상품,개,10.0,26144.0,,25889.0,26543.0,20539.6666666666,2021,상순,2021-12-01,사과-후지,12,1,False,False,False,False,False,False,False,False,False,False,False,True,True,False,False,사과(후지),290.104697986577,0.6714575394968468,,,,,,,,
202112상순,411.0,사과,5.0,후지,상품,개,10.0,26144.0,,25889.0,26543.0,20539.6666666666,2021,상순,2021-12-01,사과-후지,12,1,False,False,False,False,False,False,False,False,False,False,False,True,True,False,False,사과(후지),290.104697986577,0.6714575394968468,,,,,,,,
202112상순,411.0,사과,5.0,후지,상품,개,10.0,26144.0,,25889.0,26543.0,20539.6666666666,2021,상순,2021-12-01,사과-후지,12,1,False,False,False,False,False,False,False,False,False,False,False,True,True,False,False,사과(후지),290.104697986577,0.6714575394968468,,,,,,,,
202112상순,411.0,사과,5.0,후지,상품,개,10.0,26144.0,,25889.0,26543.0,20539.6666666666,2021,상순,2021-12-01,사과-후지,12,1,False,False,False,False,False,False,False,False,False,False,False,True,True,False,False,사과(후지),290.104697986577,0.6714575394968468,,,,,,,,
202112상순,411.0,사과,5.0,후지,상품,개,10.0,26144.0,,25889.0,26543.0,20539.6666666666,2021,상순,2021-12-01,사과-후지,12,1,False,False,False,False,False,False,False,False,False,False,False,True,True,False,False,사과(후지),290.104697986577,0.6714575394968468,,,,,,,,
202112상순,411.0,사과,5.0,후지,상품,개,10.0,26144.0,,25889.0,26543.0,20539.6666666666,2021,상순,2021-12-01,사과-후지,12,1,False,False,False,False,False,False,False,False,False,False,False,True,True,False,False,사과(후지),290.104697986577,0.6714575394968468,,,,,,,,
202112상순,411.0,사과,5.0,후지,상품,개,10.0,26144.0,,25889.0,26543.0,20539.6666666666,2021,상순,2021-12-01,사과-후지,12,1,False,False,False,False,False,False,False,False,False,False,False,True,True,False,False,사과(후지),290.104697986577,0.6714575394968468,,,,,,,,
202112상순,411.0,사과,5.0,후지,상품,개,10.0,26144.0,,25889.0,26543.0,20539.6666666666,2021,상순,2021-12-01,사과-후지,12,1,False,False,False,False,False,False,False,False,False,False,False,True,True,False,False,사과(후지),290.104697986577,0.6714575394968468,,,,,,,,
202112중순,411.0,사과,5.0,후지,상품,개,10.0,26177.0,,26004.0,27134.0,20197.0,2021,중순,2021-12-11,사과-후지,12,11,False,False,False,False,False,False,False,False,False,False,False,True,False,True,False,사과(후지),241.75302013422805,0.6079838618024775,,,,,,,,
202112중순,411.0,사과,5.0,후지,상품,개,10.0,26177.0,,26004.0,27134.0,20197.0,2021,중순,2021-12-11,사과-후지,12,11,False,False,False,False,False,False,False,False,False,False,False,True,False,True,False,사과(후지),241.75302013422805,0.6079838618024775,,,,,,,,
202112중순,411.0,사과,5.0,후지,상품,개,10.0,26177.0,,26004.0,27134.0,20197.0,2021,중순,2021-12-11,사과-후지,12,11,False,False,False,False,False,False,False,False,False,False,False,True,False,True,False,사과(후지),241.75302013422805,0.6079838618024775,,,,,,,,
202112중순,411.0,사과,5.0,후지,상품,개,10.0,26177.0,,26004.0,27134.0,20197.0,2021,중순,2021-12-11,사과-후지,12,11,False,False,False,False,False,False,False,False,False,False,False,True,False,True,False,사과(후지),241.75302013422805,0.6079838618024775,,,,,,,,
202112중순,411.0,사과,5.0,후지,상품,개,10.0,26177.0,,26004.0,27134.0,20197.0,2021,중순,2021-12-11,사과-후지,12,11,False,False,False,False,False,False,False,False,False,False,False,True,False,True,False,사과(후지),241.75302013422805,0.6079838618024775,,,,,,,,
202112중순,411.0,사과,5.0,후지,상품,개,10.0,26177.0,,26004.0,27134.0,20197.0,2021,중순,2021-12-11,사과-후지,12,11,False,False,False,False,False,False,False,False,False,False,False,True,False,True,False,사과(후지),241.75302013422805,0.6079838618024775,,,,,,,,
202112중순,411.0,사과,5.0,후지,상품,개,10.0,26177.0,,26004.0,27134.0,20197.0,2021,중순,2021-12-11,사과-후지,12,11,False,False,False,False,False,False,False,False,False,False,False,True,False,True,False,사과(후지),241.75302013422805,0.6079838618024775,,,,,,,,
202112중순,411.0,사과,5.0,후지,상품,개,10.0,26177.0,,26004.0,27134.0,20197.0,2021,중순,2021-12-11,사과-후지,12,11,False,False,False,False,False,False,False,False,False,False,False,True,False,True,False,사과(후지),241.75302013422805,0.6079838618024775,,,,,,,,
202112중순,411.0,사과,5.0,후지,상품,개,10.0,26177.0,,26004.0,27134.0,20197.0,2021,중순,2021-12-11,사과-후지,12,11,False,False,False,False,False,False,False,False,False,False,False,True,False,True,False,사과(후지),241.75302013422805,0.6079838618024775,,,,,,,,
202112중순,411.0,사과,5.0,후지,상품,개,10.0,26177.0,,26004.0,27134.0,20197.0,2021,중순,2021-12-11,사과-후지,12,11,False,False,False,False,False,False,False,False,False,False,False,True,False,True,False,사과(후지),241.75302013422805,0.6079838618024775,,,,,,,,
202112중순,411.0,사과,5.0,후지,상품,개,10.0,26177.0,,26004.0,27134.0,20197.0,2021,중순,2021-12-11,사과-후지,12,11,False,False,False,False,False,False,False,False,False,False,False,True,False,True,False,사과(후지),241.75302013422805,0.6079838618024775,,,,,,,,
202112중순,411.0,사과,5.0,후지,상품,개,10.0,26177.0,,26004.0,27134.0,20197.0,2021,중순,2021-12-11,사과-후지,12,11,False,False,False,False,False,False,False,False,False,False,False,True,False,True,False,사과(후지),241.75302013422805,0.6079838618024775,,,,,,,,
202112중순,411.0,사과,5.0,후지,상품,개,10.0,26177.0,,26004.0,27134.0,20197.0,2021,중순,2021-12-11,사과-후지,12,11,False,False,False,False,False,False,False,False,False,False,False,True,False,True,False,사과(후지),241.75302013422805,0.6079838618024775,,,,,,,,
202112중순,411.0,사과,5.0,후지,상품,개,10.0,26177.0,,26004.0,27134.0,20197.0,2021,중순,2021-12-11,사과-후지,12,11,False,False,False,False,False,False,False,False,False,False,False,True,False,True,False,사과(후지),241.75302013422805,0.6079838618024775,,,,,,,,
202112중순,411.0,사과,5.0,후지,상품,개,10.0,26177.0,,26004.0,27134.0,20197.0,2021,중순,2021-12-11,사과-후지,12,11,False,False,False,False,False,False,False,False,False,False,False,True,False,True,False,사과(후지),241.75302013422805,0.6079838618024775,,,,,,,,
202112중순,411.0,사과,5.0,후지,상품,개,10.0,26177.0,,26004.0,27134.0,20197.0,2021,중순,2021-12-11,사과-후지,12,11,False,False,False,False,False,False,False,False,False,False,False,True,False,True,False,사과(후지),241.75302013422805,0.6079838618024775,,,,,,,,
202112중순,411.0,사과,5.0,후지,상품,개,10.0,26177.0,,26004.0,27134.0,20197.0,2021,중순,2021-12-11,사과-후지,12,11,False,False,False,False,False,False,False,False,False,False,False,True,False,True,False,사과(후지),241.75302013422805,0.6079838618024775,,,,,,,,
202112중순,411.0,사과,5.0,후지,상품,개,10.0,26177.0,,26004.0,27134.0,20197.0,2021,중순,2021-12-11,사과-후지,12,11,False,False,False,False,False,False,False,False,False,False,False,True,False,True,False,사과(후지),241.75302013422805,0.6079838618024775,,,,,,,,
202112중순,411.0,사과,5.0,후지,상품,개,10.0,26177.0,,26004.0,27134.0,20197.0,2021,중순,2021-12-11,사과-후지,12,11,False,False,False,False,False,False,False,False,False,False,False,True,False,True,False,사과(후지),241.75302013422805,0.6079838618024775,,,,,,,,
202112중순,411.0,사과,5.0,후지,상품,개,10.0,26177.0,,26004.0,27134.0,20197.0,2021,중순,2021-12-11,사과-후지,12,11,False,False,False,False,False,False,False,False,False,False,False,True,False,True,False,사과(후지),241.75302013422805,0.6079838618024775,,,,,,,,
202112중순,411.0,사과,5.0,후지,상품,개,10.0,26177.0,,26004.0,27134.0,20197.0,2021,중순,2021-12-11,사과-후지,12,11,False,False,False,False,False,False,False,False,False,False,False,True,False,True,False,사과(후지),241.75302013422805,0.6079838618024775,,,,,,,,
202112하순,411.0,사과,5.0,후지,상품,개,10.0,25952.0,,25494.0,27935.0,20237.3333333333,2021,하순,2021-12-21,사과-후지,12,21,False,False,False,False,False,False,False,False,False,False,False,True,False,False,True,사과(후지),222.83624161073809,0.5440957886044591,,,,,,,,
202112하순,411.0,사과,5.0,후지,상품,개,10.0,25952.0,,25494.0,27935.0,20237.3333333333,2021,하순,2021-12-21,사과-후지,12,21,False,False,False,False,False,False,False,False,False,False,False,True,False,False,True,사과(후지),222.83624161073809,0.5440957886044591,,,,,,,,
202112하순,411.0,사과,5.0,후지,상품,개,10.0,25952.0,,25494.0,27935.0,20237.3333333333,2021,하순,2021-12-21,사과-후지,12,21,False,False,False,False,False,False,False,False,False,False,False,True,False,False,True,사과(후지),222.83624161073809,0.5440957886044591,,,,,,,,
202112하순,411.0,사과,5.0,후지,상품,개,10.0,25952.0,,25494.0,27935.0,20237.3333333333,2021,하순,2021-12-21,사과-후지,12,21,False,False,False,False,False,False,False,False,False,False,False,True,False,False,True,사과(후지),222.83624161073809,0.5440957886044591,,,,,,,,
202112하순,411.0,사과,5.0,후지,상품,개,10.0,25952.0,,25494.0,27935.0,20237.3333333333,2021,하순,2021-12-21,사과-후지,12,21,False,False,False,False,False,False,False,False,False,False,False,True,False,False,True,사과(후지),222.83624161073809,0.5440957886044591,,,,,,,,
202112하순,411.0,사과,5.0,후지,상품,개,10.0,25952.0,,25494.0,27935.0,20237.3333333333,2021,하순,2021-12-21,사과-후지,12,21,False,False,False,False,False,False,False,False,False,False,False,True,False,False,True,사과(후지),222.83624161073809,0.5440957886044591,,,,,,,,
202112하순,411.0,사과,5.0,후지,상품,개,10.0,25952.0,,25494.0,27935.0,20237.3333333333,2021,하순,2021-12-21,사과-후지,12,21,False,False,False,False,False,False,False,False,False,False,False,True,False,False,True,사과(후지),222.83624161073809,0.5440957886044591,,,,,,,,
202112하순,411.0,사과,5.0,후지,상품,개,10.0,25952.0,,25494.0,27935.0,20237.3333333333,2021,하순,2021-12-21,사과-후지,12,21,False,False,False,False,False,False,False,False,False,False,False,True,False,False,True,사과(후지),222.83624161073809,0.5440957886044591,,,,,,,,
202112하순,411.0,사과,5.0,후지,상품,개,10.0,25952.0,,25494.0,27935.0,20237.3333333333,2021,하순,2021-12-21,사과-후지,12,21,False,False,False,False,False,False,False,False,False,False,False,True,False,False,True,사과(후지),222.83624161073809,0.5440957886044591,,,,,,,,
202112하순,411.0,사과,5.0,후지,상품,개,10.0,25952.0,,25494.0,27935.0,20237.3333333333,2021,하순,2021-12-21,사과-후지,12,21,False,False,False,False,False,False,False,False,False,False,False,True,False,False,True,사과(후지),222.83624161073809,0.5440957886044591,,,,,,,,
202112하순,411.0,사과,5.0,후지,상품,개,10.0,25952.0,,25494.0,27935.0,20237.3333333333,2021,하순,2021-12-21,사과-후지,12,21,False,False,False,False,False,False,False,False,False,False,False,True,False,False,True,사과(후지),222.83624161073809,0.5440957886044591,,,,,,,,
202112하순,411.0,사과,5.0,후지,상품,개,10.0,25952.0,,25494.0,27935.0,20237.3333333333,2021,하순,2021-12-21,사과-후지,12,21,False,False,False,False,False,False,False,False,False,False,False,True,False,False,True,사과(후지),222.83624161073809,0.5440957886044591,,,,,,,,
202112하순,411.0,사과,5.0,후지,상품,개,10.0,25952.0,,25494.0,27935.0,20237.3333333333,2021,하순,2021-12-21,사과-후지,12,21,False,False,False,False,False,False,False,False,False,False,False,True,False,False,True,사과(후지),222.83624161073809,0.5440957886044591,,,,,,,,
202112하순,411.0,사과,5.0,후지,상품,개,10.0,25952.0,,25494.0,27935.0,20237.3333333333,2021,하순,2021-12-21,사과-후지,12,21,False,False,False,False,False,False,False,False,False,False,False,True,False,False,True,사과(후지),222.83624161073809,0.5440957886044591,,,,,,,,
202112하순,411.0,사과,5.0,후지,상품,개,10.0,25952.0,,25494.0,27935.0,20237.3333333333,2021,하순,2021-12-21,사과-후지,12,21,False,False,False,False,False,False,False,False,False,False,False,True,False,False,True,사과(후지),222.83624161073809,0.5440957886044591,,,,,,,,
202112하순,411.0,사과,5.0,후지,상품,개,10.0,25952.0,,25494.0,27935.0,20237.3333333333,2021,하순,2021-12-21,사과-후지,12,21,False,False,False,False,False,False,False,False,False,False,False,True,False,False,True,사과(후지),222.83624161073809,0.5440957886044591,,,,,,,,
202112하순,411.0,사과,5.0,후지,상품,개,10.0,25952.0,,25494.0,27935.0,20237.3333333333,2021,하순,2021-12-21,사과-후지,12,21,False,False,False,False,False,False,False,False,False,False,False,True,False,False,True,사과(후지),222.83624161073809,0.5440957886044591,,,,,,,,
202112하순,411.0,사과,5.0,후지,상품,개,10.0,25952.0,,25494.0,27935.0,20237.3333333333,2021,하순,2021-12-21,사과-후지,12,21,False,False,False,False,False,False,False,False,False,False,False,True,False,False,True,사과(후지),222.83624161073809,0.5440957886044591,,,,,,,,
202112하순,411.0,사과,5.0,후지,상품,개,10.0,25952.0,,25494.0,27935.0,20237.3333333333,2021,하순,2021-12-21,사과-후지,12,21,False,False,False,False,False,False,False,False,False,False,False,True,False,False,True,사과(후지),222.83624161073809,0.5440957886044591,,,,,,,,
202112하순,411.0,사과,5.0,후지,상품,개,10.0,25952.0,,25494.0,27935.0,20237.3333333333,2021,하순,2021-12-21,사과-후지,12,21,False,False,False,False,False,False,False,False,False,False,False,True,False,False,True,사과(후지),222.83624161073809,0.5440957886044591,,,,,,,,
202112하순,411.0,사과,5.0,후지,상품,개,10.0,25952.0,,25494.0,27935.0,20237.3333333333,2021,하순,2021-12-21,사과-후지,12,21,False,False,False,False,False,False,False,False,False,False,False,True,False,False,True,사과(후지),222.83624161073809,0.5440957886044591,,,,,,,,
202112하순,411.0,사과,5.0,후지,상품,개,10.0,25952.0,,25494.0,27935.0,20237.3333333333,2021,하순,2021-12-21,사과-후지,12,21,False,False,False,False,False,False,False,False,False,False,False,True,False,False,True,사과(후지),222.83624161073809,0.5440957886044591,,,,,,,,
202112하순,411.0,사과,5.0,후지,상품,개,10.0,25952.0,,25494.0,27935.0,20237.3333333333,2021,하순,2021-12-21,사과-후지,12,21,False,False,False,False,False,False,False,False,False,False,False,True,False,False,True,사과(후지),222.83624161073809,0.5440957886044591,,,,,,,,
202201상순,411.0,사과,5.0,후지,상품,개,10.0,26041.0,,26144.0,28046.0,20438.6666666666,2022,상순,2022-01-01,사과-후지,1,1,True,False,False,False,False,False,False,False,False,False,False,False,True,False,False,사과(후지),115.53825503355688,0.4941362046498867,,,,,,,,
202201상순,411.0,사과,5.0,후지,상품,개,10.0,26041.0,,26144.0,28046.0,20438.6666666666,2022,상순,2022-01-01,사과-후지,1,1,True,False,False,False,False,False,False,False,False,False,False,False,True,False,False,사과(후지),115.53825503355688,0.4941362046498867,,,,,,,,
202201상순,411.0,사과,5.0,후지,상품,개,10.0,26041.0,,26144.0,28046.0,20438.6666666666,2022,상순,2022-01-01,사과-후지,1,1,True,False,False,False,False,False,False,False,False,False,False,False,True,False,False,사과(후지),115.53825503355688,0.4941362046498867,,,,,,,,
202201상순,411.0,사과,5.0,후지,상품,개,10.0,26041.0,,26144.0,28046.0,20438.6666666666,2022,상순,2022-01-01,사과-후지,1,1,True,False,False,False,False,False,False,False,False,False,False,False,True,False,False,사과(후지),115.53825503355688,0.4941362046498867,,,,,,,,
202201상순,411.0,사과,5.0,후지,상품,개,10.0,26041.0,,26144.0,28046.0,20438.6666666666,2022,상순,2022-01-01,사과-후지,1,1,True,False,False,False,False,False,False,False,False,False,False,False,True,False,False,사과(후지),115.53825503355688,0.4941362046498867,,,,,,,,
202201상순,411.0,사과,5.0,후지,상품,개,10.0,26041.0,,26144.0,28046.0,20438.6666666666,2022,상순,2022-01-01,사과-후지,1,1,True,False,False,False,False,False,False,False,False,False,False,False,True,False,False,사과(후지),115.53825503355688,0.4941362046498867,,,,,,,,
202201상순,411.0,사과,5.0,후지,상품,개,10.0,26041.0,,26144.0,28046.0,20438.6666666666,2022,상순,2022-01-01,사과-후지,1,1,True,False,False,False,False,False,False,False,False,False,False,False,True,False,False,사과(후지),115.53825503355688,0.4941362046498867,,,,,,,,
202201상순,411.0,사과,5.0,후지,상품,개,10.0,26041.0,,26144.0,28046.0,20438.6666666666,2022,상순,2022-01-01,사과-후지,1,1,True,False,False,False,False,False,False,False,False,False,False,False,True,False,False,사과(후지),115.53825503355688,0.4941362046498867,,,,,,,,
202201상순,411.0,사과,5.0,후지,상품,개,10.0,26041.0,,26144.0,28046.0,20438.6666666666,2022,상순,2022-01-01,사과-후지,1,1,True,False,False,False,False,False,False,False,False,False,False,False,True,False,False,사과(후지),115.53825503355688,0.4941362046498867,,,,,,,,
202201상순,411.0,사과,5.0,후지,상품,개,10.0,26041.0,,26144.0,28046.0,20438.6666666666,2022,상순,2022-01-01,사과-후지,1,1,True,False,False,False,False,False,False,False,False,False,False,False,True,False,False,사과(후지),115.53825503355688,0.4941362046498867,,,,,,,,
202201상순,411.0,사과,5.0,후지,상품,개,10.0,26041.0,,26144.0,28046.0,20438.6666666666,2022,상순,2022-01-01,사과-후지,1,1,True,False,False,False,False,False,False,False,False,False,False,False,True,False,False,사과(후지),115.53825503355688,0.4941362046498867,,,,,,,,
202201상순,411.0,사과,5.0,후지,상품,개,10.0,26041.0,,26144.0,28046.0,20438.6666666666,2022,상순,2022-01-01,사과-후지,1,1,True,False,False,False,False,False,False,False,False,False,False,False,True,False,False,사과(후지),115.53825503355688,0.4941362046498867,,,,,,,,
202201상순,411.0,사과,5.0,후지,상품,개,10.0,26041.0,,26144.0,28046.0,20438.6666666666,2022,상순,2022-01-01,사과-후지,1,1,True,False,False,False,False,False,False,False,False,False,False,False,True,False,False,사과(후지),115.53825503355688,0.4941362046498867,,,,,,,,
202201상순,411.0,사과,5.0,후지,상품,개,10.0,26041.0,,26144.0,28046.0,20438.6666666666,2022,상순,2022-01-01,사과-후지,1,1,True,False,False,False,False,False,False,False,False,False,False,False,True,False,False,사과(후지),115.53825503355688,0.4941362046498867,,,,,,,,
202201상순,411.0,사과,5.0,후지,상품,개,10.0,26041.0,,26144.0,28046.0,20438.6666666666,2022,상순,2022-01-01,사과-후지,1,1,True,False,False,False,False,False,False,False,False,False,False,False,True,False,False,사과(후지),115.53825503355688,0.4941362046498867,,,,,,,,
202201상순,411.0,사과,5.0,후지,상품,개,10.0,26041.0,,26144.0,28046.0,20438.6666666666,2022,상순,2022-01-01,사과-후지,1,1,True,False,False,False,False,False,False,False,False,False,False,False,True,False,False,사과(후지),115.53825503355688,0.4941362046498867,,,,,,,,
202201상순,411.0,사과,5.0,후지,상품,개,10.0,26041.0,,26144.0,28046.0,20438.6666666666,2022,상순,2022-01-01,사과-후지,1,1,True,False,False,False,False,False,False,False,False,False,False,False,True,False,False,사과(후지),115.53825503355688,0.4941362046498867,,,,,,,,
202201상순,411.0,사과,5.0,후지,상품,개,10.0,26041.0,,26144.0,28046.0,20438.6666666666,2022,상순,2022-01-01,사과-후지,1,1,True,False,False,False,False,False,False,False,False,False,False,False,True,False,False,사과(후지),115.53825503355688,0.4941362046498867,,,,,,,,
202201상순,411.0,사과,5.0,후지,상품,개,10.0,26041.0,,26144.0,28046.0,20438.6666666666,2022,상순,2022-01-01,사과-후지,1,1,True,False,False,False,False,False,False,False,False,False,False,False,True,False,False,사과(후지),115.53825503355688,0.4941362046498867,,,,,,,,
202201상순,411.0,사과,5.0,후지,상품,개,10.0,26041.0,,26144.0,28046.0,20438.6666666666,2022,상순,2022-01-01,사과-후지,1,1,True,False,False,False,False,False,False,False,False,False,False,False,True,False,False,사과(후지),115.53825503355688,0.4941362046498867,,,,,,,,
202201상순,411.0,사과,5.0,후지,상품,개,10.0,26041.0,,26144.0,28046.0,20438.6666666666,2022,상순,2022-01-01,사과-후지,1,1,True,False,False,False,False,False,False,False,False,False,False,False,True,False,False,사과(후지),115.53825503355688,0.4941362046498867,,,,,,,,
202201상순,411.0,사과,5.0,후지,상품,개,10.0,26041.0,,26144.0,28046.0,20438.6666666666,2022,상순,2022-01-01,사과-후지,1,1,True,False,False,False,False,False,False,False,False,False,False,False,True,False,False,사과(후지),115.53825503355688,0.4941362046498867,,,,,,,,
202201상순,411.0,사과,5.0,후지,상품,개,10.0,26041.0,,26144.0,28046.0,20438.6666666666,2022,상순,2022-01-01,사과-후지,1,1,True,False,False,False,False,False,False,False,False,False,False,False,True,False,False,사과(후지),115.53825503355688,0.4941362046498867,,,,,,,,
202201중순,411.0,사과,5.0,후지,상품,개,10.0,26579.0,,26177.0,29954.0,21164.0,2022,중순,2022-01-11,사과-후지,1,11,True,False,False,False,False,False,False,False,False,False,False,False,False,True,False,사과(후지),87.75302013422805,0.4432921350776849,,,,,,,,
202201중순,411.0,사과,5.0,후지,상품,개,10.0,26579.0,,26177.0,29954.0,21164.0,2022,중순,2022-01-11,사과-후지,1,11,True,False,False,False,False,False,False,False,False,False,False,False,False,True,False,사과(후지),87.75302013422805,0.4432921350776849,,,,,,,,
202201중순,411.0,사과,5.0,후지,상품,개,10.0,26579.0,,26177.0,29954.0,21164.0,2022,중순,2022-01-11,사과-후지,1,11,True,False,False,False,False,False,False,False,False,False,False,False,False,True,False,사과(후지),87.75302013422805,0.4432921350776849,,,,,,,,
202201중순,411.0,사과,5.0,후지,상품,개,10.0,26579.0,,26177.0,29954.0,21164.0,2022,중순,2022-01-11,사과-후지,1,11,True,False,False,False,False,False,False,False,False,False,False,False,False,True,False,사과(후지),87.75302013422805,0.4432921350776849,,,,,,,,
202201중순,411.0,사과,5.0,후지,상품,개,10.0,26579.0,,26177.0,29954.0,21164.0,2022,중순,2022-01-11,사과-후지,1,11,True,False,False,False,False,False,False,False,False,False,False,False,False,True,False,사과(후지),87.75302013422805,0.4432921350776849,,,,,,,,
202201중순,411.0,사과,5.0,후지,상품,개,10.0,26579.0,,26177.0,29954.0,21164.0,2022,중순,2022-01-11,사과-후지,1,11,True,False,False,False,False,False,False,False,False,False,False,False,False,True,False,사과(후지),87.75302013422805,0.4432921350776849,,,,,,,,
202201중순,411.0,사과,5.0,후지,상품,개,10.0,26579.0,,26177.0,29954.0,21164.0,2022,중순,2022-01-11,사과-후지,1,11,True,False,False,False,False,False,False,False,False,False,False,False,False,True,False,사과(후지),87.75302013422805,0.4432921350776849,,,,,,,,
202201중순,411.0,사과,5.0,후지,상품,개,10.0,26579.0,,26177.0,29954.0,21164.0,2022,중순,2022-01-11,사과-후지,1,11,True,False,False,False,False,False,False,False,False,False,False,False,False,True,False,사과(후지),87.75302013422805,0.4432921350776849,,,,,,,,
202201중순,411.0,사과,5.0,후지,상품,개,10.0,26579.0,,26177.0,29954.0,21164.0,2022,중순,2022-01-11,사과-후지,1,11,True,False,False,False,False,False,False,False,False,False,False,False,False,True,False,사과(후지),87.75302013422805,0.4432921350776849,,,,,,,,
202201중순,411.0,사과,5.0,후지,상품,개,10.0,26579.0,,26177.0,29954.0,21164.0,2022,중순,2022-01-11,사과-후지,1,11,True,False,False,False,False,False,False,False,False,False,False,False,False,True,False,사과(후지),87.75302013422805,0.4432921350776849,,,,,,,,
202201중순,411.0,사과,5.0,후지,상품,개,10.0,26579.0,,26177.0,29954.0,21164.0,2022,중순,2022-01-11,사과-후지,1,11,True,False,False,False,False,False,False,False,False,False,False,False,False,True,False,사과(후지),87.75302013422805,0.4432921350776849,,,,,,,,
202201중순,411.0,사과,5.0,후지,상품,개,10.0,26579.0,,26177.0,29954.0,21164.0,2022,중순,2022-01-11,사과-후지,1,11,True,False,False,False,False,False,False,False,False,False,False,False,False,True,False,사과(후지),87.75302013422805,0.4432921350776849,,,,,,,,
202201중순,411.0,사과,5.0,후지,상품,개,10.0,26579.0,,26177.0,29954.0,21164.0,2022,중순,2022-01-11,사과-후지,1,11,True,False,False,False,False,False,False,False,False,False,False,False,False,True,False,사과(후지),87.75302013422805,0.4432921350776849,,,,,,,,
202201중순,411.0,사과,5.0,후지,상품,개,10.0,26579.0,,26177.0,29954.0,21164.0,2022,중순,2022-01-11,사과-후지,1,11,True,False,False,False,False,False,False,False,False,False,False,False,False,True,False,사과(후지),87.75302013422805,0.4432921350776849,,,,,,,,
202201중순,411.0,사과,5.0,후지,상품,개,10.0,26579.0,,26177.0,29954.0,21164.0,2022,중순,2022-01-11,사과-후지,1,11,True,False,False,False,False,False,False,False,False,False,False,False,False,True,False,사과(후지),87.75302013422805,0.4432921350776849,,,,,,,,
202201중순,411.0,사과,5.0,후지,상품,개,10.0,26579.0,,26177.0,29954.0,21164.0,2022,중순,2022-01-11,사과-후지,1,11,True,False,False,False,False,False,False,False,False,False,False,False,False,True,False,사과(후지),87.75302013422805,0.4432921350776849,,,,,,,,
202201중순,411.0,사과,5.0,후지,상품,개,10.0,26579.0,,26177.0,29954.0,21164.0,2022,중순,2022-01-11,사과-후지,1,11,True,False,False,False,False,False,False,False,False,False,False,False,False,True,False,사과(후지),87.75302013422805,0.4432921350776849,,,,,,,,
202201중순,411.0,사과,5.0,후지,상품,개,10.0,26579.0,,26177.0,29954.0,21164.0,2022,중순,2022-01-11,사과-후지,1,11,True,False,False,False,False,False,False,False,False,False,False,False,False,True,False,사과(후지),87.75302013422805,0.4432921350776849,,,,,,,,
202201중순,411.0,사과,5.0,후지,상품,개,10.0,26579.0,,26177.0,29954.0,21164.0,2022,중순,2022-01-11,사과-후지,1,11,True,False,False,False,False,False,False,False,False,False,False,False,False,True,False,사과(후지),87.75302013422805,0.4432921350776849,,,,,,,,
202201중순,411.0,사과,5.0,후지,상품,개,10.0,26579.0,,26177.0,29954.0,21164.0,2022,중순,2022-01-11,사과-후지,1,11,True,False,False,False,False,False,False,False,False,False,False,False,False,True,False,사과(후지),87.75302013422805,0.4432921350776849,,,,,,,,
202201중순,411.0,사과,5.0,후지,상품,개,10.0,26579.0,,26177.0,29954.0,21164.0,2022,중순,2022-01-11,사과-후지,1,11,True,False,False,False,False,False,False,False,False,False,False,False,False,True,False,사과(후지),87.75302013422805,0.4432921350776849,,,,,,,,
202201하순,411.0,사과,5.0,후지,상품,개,10.0,27189.0,,25952.0,32624.0,22292.0,2022,하순,2022-01-21,사과-후지,1,21,True,False,False,False,False,False,False,False,False,False,False,False,False,False,True,사과(후지),74.3382550335569,0.4122852993524857,,,,,,,,
202201하순,411.0,사과,5.0,후지,상품,개,10.0,27189.0,,25952.0,32624.0,22292.0,2022,하순,2022-01-21,사과-후지,1,21,True,False,False,False,False,False,False,False,False,False,False,False,False,False,True,사과(후지),74.3382550335569,0.4122852993524857,,,,,,,,
202201하순,411.0,사과,5.0,후지,상품,개,10.0,27189.0,,25952.0,32624.0,22292.0,2022,하순,2022-01-21,사과-후지,1,21,True,False,False,False,False,False,False,False,False,False,False,False,False,False,True,사과(후지),74.3382550335569,0.4122852993524857,,,,,,,,
202201하순,411.0,사과,5.0,후지,상품,개,10.0,27189.0,,25952.0,32624.0,22292.0,2022,하순,2022-01-21,사과-후지,1,21,True,False,False,False,False,False,False,False,False,False,False,False,False,False,True,사과(후지),74.3382550335569,0.4122852993524857,,,,,,,,
202201하순,411.0,사과,5.0,후지,상품,개,10.0,27189.0,,25952.0,32624.0,22292.0,2022,하순,2022-01-21,사과-후지,1,21,True,False,False,False,False,False,False,False,False,False,False,False,False,False,True,사과(후지),74.3382550335569,0.4122852993524857,,,,,,,,
202201하순,411.0,사과,5.0,후지,상품,개,10.0,27189.0,,25952.0,32624.0,22292.0,2022,하순,2022-01-21,사과-후지,1,21,True,False,False,False,False,False,False,False,False,False,False,False,False,False,True,사과(후지),74.3382550335569,0.4122852993524857,,,,,,,,
202201하순,411.0,사과,5.0,후지,상품,개,10.0,27189.0,,25952.0,32624.0,22292.0,2022,하순,2022-01-21,사과-후지,1,21,True,False,False,False,False,False,False,False,False,False,False,False,False,False,True,사과(후지),74.3382550335569,0.4122852993524857,,,,,,,,
202201하순,411.0,사과,5.0,후지,상품,개,10.0,27189.0,,25952.0,32624.0,22292.0,2022,하순,2022-01-21,사과-후지,1,21,True,False,False,False,False,False,False,False,False,False,False,False,False,False,True,사과(후지),74.3382550335569,0.4122852993524857,,,,,,,,
202201하순,411.0,사과,5.0,후지,상품,개,10.0,27189.0,,25952.0,32624.0,22292.0,2022,하순,2022-01-21,사과-후지,1,21,True,False,False,False,False,False,False,False,False,False,False,False,False,False,True,사과(후지),74.3382550335569,0.4122852993524857,,,,,,,,
202201하순,411.0,사과,5.0,후지,상품,개,10.0,27189.0,,25952.0,32624.0,22292.0,2022,하순,2022-01-21,사과-후지,1,21,True,False,False,False,False,False,False,False,False,False,False,False,False,False,True,사과(후지),74.3382550335569,0.4122852993524857,,,,,,,,
202201하순,411.0,사과,5.0,후지,상품,개,10.0,27189.0,,25952.0,32624.0,22292.0,2022,하순,2022-01-21,사과-후지,1,21,True,False,False,False,False,False,False,False,False,False,False,False,False,False,True,사과(후지),74.3382550335569,0.4122852993524857,,,,,,,,
202201하순,411.0,사과,5.0,후지,상품,개,10.0,27189.0,,25952.0,32624.0,22292.0,2022,하순,2022-01-21,사과-후지,1,21,True,False,False,False,False,False,False,False,False,False,False,False,False,False,True,사과(후지),74.3382550335569,0.4122852993524857,,,,,,,,
202201하순,411.0,사과,5.0,후지,상품,개,10.0,27189.0,,25952.0,32624.0,22292.0,2022,하순,2022-01-21,사과-후지,1,21,True,False,False,False,False,False,False,False,False,False,False,False,False,False,True,사과(후지),74.3382550335569,0.4122852993524857,,,,,,,,
202201하순,411.0,사과,5.0,후지,상품,개,10.0,27189.0,,25952.0,32624.0,22292.0,2022,하순,2022-01-21,사과-후지,1,21,True,False,False,False,False,False,False,False,False,False,False,False,False,False,True,사과(후지),74.3382550335569,0.4122852993524857,,,,,,,,
202201하순,411.0,사과,5.0,후지,상품,개,10.0,27189.0,,25952.0,32624.0,22292.0,2022,하순,2022-01-21,사과-후지,1,21,True,False,False,False,False,False,False,False,False,False,False,False,False,False,True,사과(후지),74.3382550335569,0.4122852993524857,,,,,,,,
202201하순,411.0,사과,5.0,후지,상품,개,10.0,27189.0,,25952.0,32624.0,22292.0,2022,하순,2022-01-21,사과-후지,1,21,True,False,False,False,False,False,False,False,False,False,False,False,False,False,True,사과(후지),74.3382550335569,0.4122852993524857,,,,,,,,
202201하순,411.0,사과,5.0,후지,상품,개,10.0,27189.0,,25952.0,32624.0,22292.0,2022,하순,2022-01-21,사과-후지,1,21,True,False,False,False,False,False,False,False,False,False,False,False,False,False,True,사과(후지),74.3382550335569,0.4122852993524857,,,,,,,,
202201하순,411.0,사과,5.0,후지,상품,개,10.0,27189.0,,25952.0,32624.0,22292.0,2022,하순,2022-01-21,사과-후지,1,21,True,False,False,False,False,False,False,False,False,False,False,False,False,False,True,사과(후지),74.3382550335569,0.4122852993524857,,,,,,,,
202201하순,411.0,사과,5.0,후지,상품,개,10.0,27189.0,,25952.0,32624.0,22292.0,2022,하순,2022-01-21,사과-후지,1,21,True,False,False,False,False,False,False,False,False,False,False,False,False,False,True,사과(후지),74.3382550335569,0.4122852993524857,,,,,,,,
202201하순,411.0,사과,5.0,후지,상품,개,10.0,27189.0,,25952.0,32624.0,22292.0,2022,하순,2022-01-21,사과-후지,1,21,True,False,False,False,False,False,False,False,False,False,False,False,False,False,True,사과(후지),74.3382550335569,0.4122852993524857,,,,,,,,
202201하순,411.0,사과,5.0,후지,상품,개,10.0,27189.0,,25952.0,32624.0,22292.0,2022,하순,2022-01-21,사과-후지,1,21,True,False,False,False,False,False,False,False,False,False,False,False,False,False,True,사과(후지),74.3382550335569,0.4122852993524857,,,,,,,,
202202상순,411.0,사과,5.0,후지,상품,개,10.0,26907.0,,26041.0,35339.0,22250.6666666666,2022,상순,2022-02-01,사과-후지,2,1,False,True,False,False,False,False,False,False,False,False,False,False,True,False,False,사과(후지),52.315436241610605,0.3762888269243239,,,,,,,,
202202상순,411.0,사과,5.0,후지,상품,개,10.0,26907.0,,26041.0,35339.0,22250.6666666666,2022,상순,2022-02-01,사과-후지,2,1,False,True,False,False,False,False,False,False,False,False,False,False,True,False,False,사과(후지),52.315436241610605,0.3762888269243239,,,,,,,,
202202상순,411.0,사과,5.0,후지,상품,개,10.0,26907.0,,26041.0,35339.0,22250.6666666666,2022,상순,2022-02-01,사과-후지,2,1,False,True,False,False,False,False,False,False,False,False,False,False,True,False,False,사과(후지),52.315436241610605,0.3762888269243239,,,,,,,,
202202상순,411.0,사과,5.0,후지,상품,개,10.0,26907.0,,26041.0,35339.0,22250.6666666666,2022,상순,2022-02-01,사과-후지,2,1,False,True,False,False,False,False,False,False,False,False,False,False,True,False,False,사과(후지),52.315436241610605,0.3762888269243239,,,,,,,,
202202상순,411.0,사과,5.0,후지,상품,개,10.0,26907.0,,26041.0,35339.0,22250.6666666666,2022,상순,2022-02-01,사과-후지,2,1,False,True,False,False,False,False,False,False,False,False,False,False,True,False,False,사과(후지),52.315436241610605,0.3762888269243239,,,,,,,,
202202상순,411.0,사과,5.0,후지,상품,개,10.0,26907.0,,26041.0,35339.0,22250.6666666666,2022,상순,2022-02-01,사과-후지,2,1,False,True,False,False,False,False,False,False,False,False,False,False,True,False,False,사과(후지),52.315436241610605,0.3762888269243239,,,,,,,,
202202상순,411.0,사과,5.0,후지,상품,개,10.0,26907.0,,26041.0,35339.0,22250.6666666666,2022,상순,2022-02-01,사과-후지,2,1,False,True,False,False,False,False,False,False,False,False,False,False,True,False,False,사과(후지),52.315436241610605,0.3762888269243239,,,,,,,,
202202상순,411.0,사과,5.0,후지,상품,개,10.0,26907.0,,26041.0,35339.0,22250.6666666666,2022,상순,2022-02-01,사과-후지,2,1,False,True,False,False,False,False,False,False,False,False,False,False,True,False,False,사과(후지),52.315436241610605,0.3762888269243239,,,,,,,,
202202상순,411.0,사과,5.0,후지,상품,개,10.0,26907.0,,26041.0,35339.0,22250.6666666666,2022,상순,2022-02-01,사과-후지,2,1,False,True,False,False,False,False,False,False,False,False,False,False,True,False,False,사과(후지),52.315436241610605,0.3762888269243239,,,,,,,,
202202상순,411.0,사과,5.0,후지,상품,개,10.0,26907.0,,26041.0,35339.0,22250.6666666666,2022,상순,2022-02-01,사과-후지,2,1,False,True,False,False,False,False,False,False,False,False,False,False,True,False,False,사과(후지),52.315436241610605,0.3762888269243239,,,,,,,,
202202상순,411.0,사과,5.0,후지,상품,개,10.0,26907.0,,26041.0,35339.0,22250.6666666666,2022,상순,2022-02-01,사과-후지,2,1,False,True,False,False,False,False,False,False,False,False,False,False,True,False,False,사과(후지),52.315436241610605,0.3762888269243239,,,,,,,,
202202상순,411.0,사과,5.0,후지,상품,개,10.0,26907.0,,26041.0,35339.0,22250.6666666666,2022,상순,2022-02-01,사과-후지,2,1,False,True,False,False,False,False,False,False,False,False,False,False,True,False,False,사과(후지),52.315436241610605,0.3762888269243239,,,,,,,,
202202상순,411.0,사과,5.0,후지,상품,개,10.0,26907.0,,26041.0,35339.0,22250.6666666666,2022,상순,2022-02-01,사과-후지,2,1,False,True,False,False,False,False,False,False,False,False,False,False,True,False,False,사과(후지),52.315436241610605,0.3762888269243239,,,,,,,,
202202상순,411.0,사과,5.0,후지,상품,개,10.0,26907.0,,26041.0,35339.0,22250.6666666666,2022,상순,2022-02-01,사과-후지,2,1,False,True,False,False,False,False,False,False,False,False,False,False,True,False,False,사과(후지),52.315436241610605,0.3762888269243239,,,,,,,,
202202상순,411.0,사과,5.0,후지,상품,개,10.0,26907.0,,26041.0,35339.0,22250.6666666666,2022,상순,2022-02-01,사과-후지,2,1,False,True,False,False,False,False,False,False,False,False,False,False,True,False,False,사과(후지),52.315436241610605,0.3762888269243239,,,,,,,,
202202상순,411.0,사과,5.0,후지,상품,개,10.0,26907.0,,26041.0,35339.0,22250.6666666666,2022,상순,2022-02-01,사과-후지,2,1,False,True,False,False,False,False,False,False,False,False,False,False,True,False,False,사과(후지),52.315436241610605,0.3762888269243239,,,,,,,,
202202상순,411.0,사과,5.0,후지,상품,개,10.0,26907.0,,26041.0,35339.0,22250.6666666666,2022,상순,2022-02-01,사과-후지,2,1,False,True,False,False,False,False,False,False,False,False,False,False,True,False,False,사과(후지),52.315436241610605,0.3762888269243239,,,,,,,,
202202상순,411.0,사과,5.0,후지,상품,개,10.0,26907.0,,26041.0,35339.0,22250.6666666666,2022,상순,2022-02-01,사과-후지,2,1,False,True,False,False,False,False,False,False,False,False,False,False,True,False,False,사과(후지),52.315436241610605,0.3762888269243239,,,,,,,,
202202상순,411.0,사과,5.0,후지,상품,개,10.0,26907.0,,26041.0,35339.0,22250.6666666666,2022,상순,2022-02-01,사과-후지,2,1,False,True,False,False,False,False,False,False,False,False,False,False,True,False,False,사과(후지),52.315436241610605,0.3762888269243239,,,,,,,,
202202상순,411.0,사과,5.0,후지,상품,개,10.0,26907.0,,26041.0,35339.0,22250.6666666666,2022,상순,2022-02-01,사과-후지,2,1,False,True,False,False,False,False,False,False,False,False,False,False,True,False,False,사과(후지),52.315436241610605,0.3762888269243239,,,,,,,,
202202상순,411.0,사과,5.0,후지,상품,개,10.0,26907.0,,26041.0,35339.0,22250.6666666666,2022,상순,2022-02-01,사과-후지,2,1,False,True,False,False,False,False,False,False,False,False,False,False,True,False,False,사과(후지),52.315436241610605,0.3762888269243239,,,,,,,,
202202중순,411.0,사과,5.0,후지,상품,개,10.0,26163.0,,26579.0,34097.0,22282.6666666666,2022,중순,2022-02-11,사과-후지,2,11,False,True,False,False,False,False,False,False,False,False,False,False,False,True,False,사과(후지),46.158389261744844,0.34494888944977276,,,,,,,,
202202중순,411.0,사과,5.0,후지,상품,개,10.0,26163.0,,26579.0,34097.0,22282.6666666666,2022,중순,2022-02-11,사과-후지,2,11,False,True,False,False,False,False,False,False,False,False,False,False,False,True,False,사과(후지),46.158389261744844,0.34494888944977276,,,,,,,,
202202중순,411.0,사과,5.0,후지,상품,개,10.0,26163.0,,26579.0,34097.0,22282.6666666666,2022,중순,2022-02-11,사과-후지,2,11,False,True,False,False,False,False,False,False,False,False,False,False,False,True,False,사과(후지),46.158389261744844,0.34494888944977276,,,,,,,,
202202중순,411.0,사과,5.0,후지,상품,개,10.0,26163.0,,26579.0,34097.0,22282.6666666666,2022,중순,2022-02-11,사과-후지,2,11,False,True,False,False,False,False,False,False,False,False,False,False,False,True,False,사과(후지),46.158389261744844,0.34494888944977276,,,,,,,,
202202중순,411.0,사과,5.0,후지,상품,개,10.0,26163.0,,26579.0,34097.0,22282.6666666666,2022,중순,2022-02-11,사과-후지,2,11,False,True,False,False,False,False,False,False,False,False,False,False,False,True,False,사과(후지),46.158389261744844,0.34494888944977276,,,,,,,,
202202중순,411.0,사과,5.0,후지,상품,개,10.0,26163.0,,26579.0,34097.0,22282.6666666666,2022,중순,2022-02-11,사과-후지,2,11,False,True,False,False,False,False,False,False,False,False,False,False,False,True,False,사과(후지),46.158389261744844,0.34494888944977276,,,,,,,,
202202중순,411.0,사과,5.0,후지,상품,개,10.0,26163.0,,26579.0,34097.0,22282.6666666666,2022,중순,2022-02-11,사과-후지,2,11,False,True,False,False,False,False,False,False,False,False,False,False,False,True,False,사과(후지),46.158389261744844,0.34494888944977276,,,,,,,,
202202중순,411.0,사과,5.0,후지,상품,개,10.0,26163.0,,26579.0,34097.0,22282.6666666666,2022,중순,2022-02-11,사과-후지,2,11,False,True,False,False,False,False,False,False,False,False,False,False,False,True,False,사과(후지),46.158389261744844,0.34494888944977276,,,,,,,,
202202중순,411.0,사과,5.0,후지,상품,개,10.0,26163.0,,26579.0,34097.0,22282.6666666666,2022,중순,2022-02-11,사과-후지,2,11,False,True,False,False,False,False,False,False,False,False,False,False,False,True,False,사과(후지),46.158389261744844,0.34494888944977276,,,,,,,,
202202중순,411.0,사과,5.0,후지,상품,개,10.0,26163.0,,26579.0,34097.0,22282.6666666666,2022,중순,2022-02-11,사과-후지,2,11,False,True,False,False,False,False,False,False,False,False,False,False,False,True,False,사과(후지),46.158389261744844,0.34494888944977276,,,,,,,,
202202중순,411.0,사과,5.0,후지,상품,개,10.0,26163.0,,26579.0,34097.0,22282.6666666666,2022,중순,2022-02-11,사과-후지,2,11,False,True,False,False,False,False,False,False,False,False,False,False,False,True,False,사과(후지),46.158389261744844,0.34494888944977276,,,,,,,,
202202중순,411.0,사과,5.0,후지,상품,개,10.0,26163.0,,26579.0,34097.0,22282.6666666666,2022,중순,2022-02-11,사과-후지,2,11,False,True,False,False,False,False,False,False,False,False,False,False,False,True,False,사과(후지),46.158389261744844,0.34494888944977276,,,,,,,,
202202중순,411.0,사과,5.0,후지,상품,개,10.0,26163.0,,26579.0,34097.0,22282.6666666666,2022,중순,2022-02-11,사과-후지,2,11,False,True,False,False,False,False,False,False,False,False,False,False,False,True,False,사과(후지),46.158389261744844,0.34494888944977276,,,,,,,,
202202중순,411.0,사과,5.0,후지,상품,개,10.0,26163.0,,26579.0,34097.0,22282.6666666666,2022,중순,2022-02-11,사과-후지,2,11,False,True,False,False,False,False,False,False,False,False,False,False,False,True,False,사과(후지),46.158389261744844,0.34494888944977276,,,,,,,,
202202중순,411.0,사과,5.0,후지,상품,개,10.0,26163.0,,26579.0,34097.0,22282.6666666666,2022,중순,2022-02-11,사과-후지,2,11,False,True,False,False,False,False,False,False,False,False,False,False,False,True,False,사과(후지),46.158389261744844,0.34494888944977276,,,,,,,,
202202중순,411.0,사과,5.0,후지,상품,개,10.0,26163.0,,26579.0,34097.0,22282.6666666666,2022,중순,2022-02-11,사과-후지,2,11,False,True,False,False,False,False,False,False,False,False,False,False,False,True,False,사과(후지),46.158389261744844,0.34494888944977276,,,,,,,,
202202중순,411.0,사과,5.0,후지,상품,개,10.0,26163.0,,26579.0,34097.0,22282.6666666666,2022,중순,2022-02-11,사과-후지,2,11,False,True,False,False,False,False,False,False,False,False,False,False,False,True,False,사과(후지),46.158389261744844,0.34494888944977276,,,,,,,,
202202중순,411.0,사과,5.0,후지,상품,개,10.0,26163.0,,26579.0,34097.0,22282.6666666666,2022,중순,2022-02-11,사과-후지,2,11,False,True,False,False,False,False,False,False,False,False,False,False,False,True,False,사과(후지),46.158389261744844,0.34494888944977276,,,,,,,,
202202중순,411.0,사과,5.0,후지,상품,개,10.0,26163.0,,26579.0,34097.0,22282.6666666666,2022,중순,2022-02-11,사과-후지,2,11,False,True,False,False,False,False,False,False,False,False,False,False,False,True,False,사과(후지),46.158389261744844,0.34494888944977276,,,,,,,,
202202중순,411.0,사과,5.0,후지,상품,개,10.0,26163.0,,26579.0,34097.0,22282.6666666666,2022,중순,2022-02-11,사과-후지,2,11,False,True,False,False,False,False,False,False,False,False,False,False,False,True,False,사과(후지),46.158389261744844,0.34494888944977276,,,,,,,,
202202중순,411.0,사과,5.0,후지,상품,개,10.0,26163.0,,26579.0,34097.0,22282.6666666666,2022,중순,2022-02-11,사과-후지,2,11,False,True,False,False,False,False,False,False,False,False,False,False,False,True,False,사과(후지),46.158389261744844,0.34494888944977276,,,,,,,,
202202하순,411.0,사과,5.0,후지,상품,개,10.0,26867.0,,27189.0,33901.0,21953.0,2022,하순,2022-02-21,사과-후지,2,21,False,True,False,False,False,False,False,False,False,False,False,False,False,False,True,사과(후지),33.85771812080525,0.32354595743350933,,,,,,,,
202202하순,411.0,사과,5.0,후지,상품,개,10.0,26867.0,,27189.0,33901.0,21953.0,2022,하순,2022-02-21,사과-후지,2,21,False,True,False,False,False,False,False,False,False,False,False,False,False,False,True,사과(후지),33.85771812080525,0.32354595743350933,,,,,,,,
202202하순,411.0,사과,5.0,후지,상품,개,10.0,26867.0,,27189.0,33901.0,21953.0,2022,하순,2022-02-21,사과-후지,2,21,False,True,False,False,False,False,False,False,False,False,False,False,False,False,True,사과(후지),33.85771812080525,0.32354595743350933,,,,,,,,
202202하순,411.0,사과,5.0,후지,상품,개,10.0,26867.0,,27189.0,33901.0,21953.0,2022,하순,2022-02-21,사과-후지,2,21,False,True,False,False,False,False,False,False,False,False,False,False,False,False,True,사과(후지),33.85771812080525,0.32354595743350933,,,,,,,,
202202하순,411.0,사과,5.0,후지,상품,개,10.0,26867.0,,27189.0,33901.0,21953.0,2022,하순,2022-02-21,사과-후지,2,21,False,True,False,False,False,False,False,False,False,False,False,False,False,False,True,사과(후지),33.85771812080525,0.32354595743350933,,,,,,,,
202202하순,411.0,사과,5.0,후지,상품,개,10.0,26867.0,,27189.0,33901.0,21953.0,2022,하순,2022-02-21,사과-후지,2,21,False,True,False,False,False,False,False,False,False,False,False,False,False,False,True,사과(후지),33.85771812080525,0.32354595743350933,,,,,,,,
202202하순,411.0,사과,5.0,후지,상품,개,10.0,26867.0,,27189.0,33901.0,21953.0,2022,하순,2022-02-21,사과-후지,2,21,False,True,False,False,False,False,False,False,False,False,False,False,False,False,True,사과(후지),33.85771812080525,0.32354595743350933,,,,,,,,
202202하순,411.0,사과,5.0,후지,상품,개,10.0,26867.0,,27189.0,33901.0,21953.0,2022,하순,2022-02-21,사과-후지,2,21,False,True,False,False,False,False,False,False,False,False,False,False,False,False,True,사과(후지),33.85771812080525,0.32354595743350933,,,,,,,,
202202하순,411.0,사과,5.0,후지,상품,개,10.0,26867.0,,27189.0,33901.0,21953.0,2022,하순,2022-02-21,사과-후지,2,21,False,True,False,False,False,False,False,False,False,False,False,False,False,False,True,사과(후지),33.85771812080525,0.32354595743350933,,,,,,,,
202202하순,411.0,사과,5.0,후지,상품,개,10.0,26867.0,,27189.0,33901.0,21953.0,2022,하순,2022-02-21,사과-후지,2,21,False,True,False,False,False,False,False,False,False,False,False,False,False,False,True,사과(후지),33.85771812080525,0.32354595743350933,,,,,,,,
202202하순,411.0,사과,5.0,후지,상품,개,10.0,26867.0,,27189.0,33901.0,21953.0,2022,하순,2022-02-21,사과-후지,2,21,False,True,False,False,False,False,False,False,False,False,False,False,False,False,True,사과(후지),33.85771812080525,0.32354595743350933,,,,,,,,
202202하순,411.0,사과,5.0,후지,상품,개,10.0,26867.0,,27189.0,33901.0,21953.0,2022,하순,2022-02-21,사과-후지,2,21,False,True,False,False,False,False,False,False,False,False,False,False,False,False,True,사과(후지),33.85771812080525,0.32354595743350933,,,,,,,,
202202하순,411.0,사과,5.0,후지,상품,개,10.0,26867.0,,27189.0,33901.0,21953.0,2022,하순,2022-02-21,사과-후지,2,21,False,True,False,False,False,False,False,False,False,False,False,False,False,False,True,사과(후지),33.85771812080525,0.32354595743350933,,,,,,,,
202202하순,411.0,사과,5.0,후지,상품,개,10.0,26867.0,,27189.0,33901.0,21953.0,2022,하순,2022-02-21,사과-후지,2,21,False,True,False,False,False,False,False,False,False,False,False,False,False,False,True,사과(후지),33.85771812080525,0.32354595743350933,,,,,,,,
202202하순,411.0,사과,5.0,후지,상품,개,10.0,26867.0,,27189.0,33901.0,21953.0,2022,하순,2022-02-21,사과-후지,2,21,False,True,False,False,False,False,False,False,False,False,False,False,False,False,True,사과(후지),33.85771812080525,0.32354595743350933,,,,,,,,
202202하순,411.0,사과,5.0,후지,상품,개,10.0,26867.0,,27189.0,33901.0,21953.0,2022,하순,2022-02-21,사과-후지,2,21,False,True,False,False,False,False,False,False,False,False,False,False,False,False,True,사과(후지),33.85771812080525,0.32354595743350933,,,,,,,,
202202하순,411.0,사과,5.0,후지,상품,개,10.0,26867.0,,27189.0,33901.0,21953.0,2022,하순,2022-02-21,사과-후지,2,21,False,True,False,False,False,False,False,False,False,False,False,False,False,False,True,사과(후지),33.85771812080525,0.32354595743350933,,,,,,,,
202202하순,411.0,사과,5.0,후지,상품,개,10.0,26867.0,,27189.0,33901.0,21953.0,2022,하순,2022-02-21,사과-후지,2,21,False,True,False,False,False,False,False,False,False,False,False,False,False,False,True,사과(후지),33.85771812080525,0.32354595743350933,,,,,,,,
202202하순,411.0,사과,5.0,후지,상품,개,10.0,26867.0,,27189.0,33901.0,21953.0,2022,하순,2022-02-21,사과-후지,2,21,False,True,False,False,False,False,False,False,False,False,False,False,False,False,True,사과(후지),33.85771812080525,0.32354595743350933,,,,,,,,
202202하순,411.0,사과,5.0,후지,상품,개,10.0,26867.0,,27189.0,33901.0,21953.0,2022,하순,2022-02-21,사과-후지,2,21,False,True,False,False,False,False,False,False,False,False,False,False,False,False,True,사과(후지),33.85771812080525,0.32354595743350933,,,,,,,,
202202하순,411.0,사과,5.0,후지,상품,개,10.0,26867.0,,27189.0,33901.0,21953.0,2022,하순,2022-02-21,사과-후지,2,21,False,True,False,False,False,False,False,False,False,False,False,False,False,False,True,사과(후지),33.85771812080525,0.32354595743350933,,,,,,,,
202203상순,411.0,사과,5.0,후지,상품,개,10.0,27734.0,,26907.0,33066.0,21692.6666666666,2022,상순,2022-03-01,사과-후지,3,1,False,False,True,False,False,False,False,False,False,False,False,False,True,False,False,사과(후지),33.92751677852337,0.3172267424861114,,,,,,,,
202203상순,411.0,사과,5.0,후지,상품,개,10.0,27734.0,,26907.0,33066.0,21692.6666666666,2022,상순,2022-03-01,사과-후지,3,1,False,False,True,False,False,False,False,False,False,False,False,False,True,False,False,사과(후지),33.92751677852337,0.3172267424861114,,,,,,,,
202203상순,411.0,사과,5.0,후지,상품,개,10.0,27734.0,,26907.0,33066.0,21692.6666666666,2022,상순,2022-03-01,사과-후지,3,1,False,False,True,False,False,False,False,False,False,False,False,False,True,False,False,사과(후지),33.92751677852337,0.3172267424861114,,,,,,,,
202203상순,411.0,사과,5.0,후지,상품,개,10.0,27734.0,,26907.0,33066.0,21692.6666666666,2022,상순,2022-03-01,사과-후지,3,1,False,False,True,False,False,False,False,False,False,False,False,False,True,False,False,사과(후지),33.92751677852337,0.3172267424861114,,,,,,,,
202203상순,411.0,사과,5.0,후지,상품,개,10.0,27734.0,,26907.0,33066.0,21692.6666666666,2022,상순,2022-03-01,사과-후지,3,1,False,False,True,False,False,False,False,False,False,False,False,False,True,False,False,사과(후지),33.92751677852337,0.3172267424861114,,,,,,,,
202203상순,411.0,사과,5.0,후지,상품,개,10.0,27734.0,,26907.0,33066.0,21692.6666666666,2022,상순,2022-03-01,사과-후지,3,1,False,False,True,False,False,False,False,False,False,False,False,False,True,False,False,사과(후지),33.92751677852337,0.3172267424861114,,,,,,,,
202203상순,411.0,사과,5.0,후지,상품,개,10.0,27734.0,,26907.0,33066.0,21692.6666666666,2022,상순,2022-03-01,사과-후지,3,1,False,False,True,False,False,False,False,False,False,False,False,False,True,False,False,사과(후지),33.92751677852337,0.3172267424861114,,,,,,,,
202203상순,411.0,사과,5.0,후지,상품,개,10.0,27734.0,,26907.0,33066.0,21692.6666666666,2022,상순,2022-03-01,사과-후지,3,1,False,False,True,False,False,False,False,False,False,False,False,False,True,False,False,사과(후지),33.92751677852337,0.3172267424861114,,,,,,,,
202203상순,411.0,사과,5.0,후지,상품,개,10.0,27734.0,,26907.0,33066.0,21692.6666666666,2022,상순,2022-03-01,사과-후지,3,1,False,False,True,False,False,False,False,False,False,False,False,False,True,False,False,사과(후지),33.92751677852337,0.3172267424861114,,,,,,,,
202203상순,411.0,사과,5.0,후지,상품,개,10.0,27734.0,,26907.0,33066.0,21692.6666666666,2022,상순,2022-03-01,사과-후지,3,1,False,False,True,False,False,False,False,False,False,False,False,False,True,False,False,사과(후지),33.92751677852337,0.3172267424861114,,,,,,,,
202203상순,411.0,사과,5.0,후지,상품,개,10.0,27734.0,,26907.0,33066.0,21692.6666666666,2022,상순,2022-03-01,사과-후지,3,1,False,False,True,False,False,False,False,False,False,False,False,False,True,False,False,사과(후지),33.92751677852337,0.3172267424861114,,,,,,,,
202203상순,411.0,사과,5.0,후지,상품,개,10.0,27734.0,,26907.0,33066.0,21692.6666666666,2022,상순,2022-03-01,사과-후지,3,1,False,False,True,False,False,False,False,False,False,False,False,False,True,False,False,사과(후지),33.92751677852337,0.3172267424861114,,,,,,,,
202203상순,411.0,사과,5.0,후지,상품,개,10.0,27734.0,,26907.0,33066.0,21692.6666666666,2022,상순,2022-03-01,사과-후지,3,1,False,False,True,False,False,False,False,False,False,False,False,False,True,False,False,사과(후지),33.92751677852337,0.3172267424861114,,,,,,,,
202203상순,411.0,사과,5.0,후지,상품,개,10.0,27734.0,,26907.0,33066.0,21692.6666666666,2022,상순,2022-03-01,사과-후지,3,1,False,False,True,False,False,False,False,False,False,False,False,False,True,False,False,사과(후지),33.92751677852337,0.3172267424861114,,,,,,,,
202203상순,411.0,사과,5.0,후지,상품,개,10.0,27734.0,,26907.0,33066.0,21692.6666666666,2022,상순,2022-03-01,사과-후지,3,1,False,False,True,False,False,False,False,False,False,False,False,False,True,False,False,사과(후지),33.92751677852337,0.3172267424861114,,,,,,,,
202203상순,411.0,사과,5.0,후지,상품,개,10.0,27734.0,,26907.0,33066.0,21692.6666666666,2022,상순,2022-03-01,사과-후지,3,1,False,False,True,False,False,False,False,False,False,False,False,False,True,False,False,사과(후지),33.92751677852337,0.3172267424861114,,,,,,,,
202203상순,411.0,사과,5.0,후지,상품,개,10.0,27734.0,,26907.0,33066.0,21692.6666666666,2022,상순,2022-03-01,사과-후지,3,1,False,False,True,False,False,False,False,False,False,False,False,False,True,False,False,사과(후지),33.92751677852337,0.3172267424861114,,,,,,,,
202203상순,411.0,사과,5.0,후지,상품,개,10.0,27734.0,,26907.0,33066.0,21692.6666666666,2022,상순,2022-03-01,사과-후지,3,1,False,False,True,False,False,False,False,False,False,False,False,False,True,False,False,사과(후지),33.92751677852337,0.3172267424861114,,,,,,,,
202203상순,411.0,사과,5.0,후지,상품,개,10.0,27734.0,,26907.0,33066.0,21692.6666666666,2022,상순,2022-03-01,사과-후지,3,1,False,False,True,False,False,False,False,False,False,False,False,False,True,False,False,사과(후지),33.92751677852337,0.3172267424861114,,,,,,,,
202203상순,411.0,사과,5.0,후지,상품,개,10.0,27734.0,,26907.0,33066.0,21692.6666666666,2022,상순,2022-03-01,사과-후지,3,1,False,False,True,False,False,False,False,False,False,False,False,False,True,False,False,사과(후지),33.92751677852337,0.3172267424861114,,,,,,,,
202203상순,411.0,사과,5.0,후지,상품,개,10.0,27734.0,,26907.0,33066.0,21692.6666666666,2022,상순,2022-03-01,사과-후지,3,1,False,False,True,False,False,False,False,False,False,False,False,False,True,False,False,사과(후지),33.92751677852337,0.3172267424861114,,,,,,,,
202203중순,411.0,사과,5.0,후지,상품,개,10.0,27178.0,,26163.0,32917.0,21666.0,2022,중순,2022-03-11,사과-후지,3,11,False,False,True,False,False,False,False,False,False,False,False,False,False,True,False,사과(후지),43.51006711409383,0.31663593830538034,,,,,,,,
202203중순,411.0,사과,5.0,후지,상품,개,10.0,27178.0,,26163.0,32917.0,21666.0,2022,중순,2022-03-11,사과-후지,3,11,False,False,True,False,False,False,False,False,False,False,False,False,False,True,False,사과(후지),43.51006711409383,0.31663593830538034,,,,,,,,
202203중순,411.0,사과,5.0,후지,상품,개,10.0,27178.0,,26163.0,32917.0,21666.0,2022,중순,2022-03-11,사과-후지,3,11,False,False,True,False,False,False,False,False,False,False,False,False,False,True,False,사과(후지),43.51006711409383,0.31663593830538034,,,,,,,,
202203중순,411.0,사과,5.0,후지,상품,개,10.0,27178.0,,26163.0,32917.0,21666.0,2022,중순,2022-03-11,사과-후지,3,11,False,False,True,False,False,False,False,False,False,False,False,False,False,True,False,사과(후지),43.51006711409383,0.31663593830538034,,,,,,,,
202203중순,411.0,사과,5.0,후지,상품,개,10.0,27178.0,,26163.0,32917.0,21666.0,2022,중순,2022-03-11,사과-후지,3,11,False,False,True,False,False,False,False,False,False,False,False,False,False,True,False,사과(후지),43.51006711409383,0.31663593830538034,,,,,,,,
202203중순,411.0,사과,5.0,후지,상품,개,10.0,27178.0,,26163.0,32917.0,21666.0,2022,중순,2022-03-11,사과-후지,3,11,False,False,True,False,False,False,False,False,False,False,False,False,False,True,False,사과(후지),43.51006711409383,0.31663593830538034,,,,,,,,
202203중순,411.0,사과,5.0,후지,상품,개,10.0,27178.0,,26163.0,32917.0,21666.0,2022,중순,2022-03-11,사과-후지,3,11,False,False,True,False,False,False,False,False,False,False,False,False,False,True,False,사과(후지),43.51006711409383,0.31663593830538034,,,,,,,,
202203중순,411.0,사과,5.0,후지,상품,개,10.0,27178.0,,26163.0,32917.0,21666.0,2022,중순,2022-03-11,사과-후지,3,11,False,False,True,False,False,False,False,False,False,False,False,False,False,True,False,사과(후지),43.51006711409383,0.31663593830538034,,,,,,,,
202203중순,411.0,사과,5.0,후지,상품,개,10.0,27178.0,,26163.0,32917.0,21666.0,2022,중순,2022-03-11,사과-후지,3,11,False,False,True,False,False,False,False,False,False,False,False,False,False,True,False,사과(후지),43.51006711409383,0.31663593830538034,,,,,,,,
202203중순,411.0,사과,5.0,후지,상품,개,10.0,27178.0,,26163.0,32917.0,21666.0,2022,중순,2022-03-11,사과-후지,3,11,False,False,True,False,False,False,False,False,False,False,False,False,False,True,False,사과(후지),43.51006711409383,0.31663593830538034,,,,,,,,
202203중순,411.0,사과,5.0,후지,상품,개,10.0,27178.0,,26163.0,32917.0,21666.0,2022,중순,2022-03-11,사과-후지,3,11,False,False,True,False,False,False,False,False,False,False,False,False,False,True,False,사과(후지),43.51006711409383,0.31663593830538034,,,,,,,,
202203중순,411.0,사과,5.0,후지,상품,개,10.0,27178.0,,26163.0,32917.0,21666.0,2022,중순,2022-03-11,사과-후지,3,11,False,False,True,False,False,False,False,False,False,False,False,False,False,True,False,사과(후지),43.51006711409383,0.31663593830538034,,,,,,,,
202203중순,411.0,사과,5.0,후지,상품,개,10.0,27178.0,,26163.0,32917.0,21666.0,2022,중순,2022-03-11,사과-후지,3,11,False,False,True,False,False,False,False,False,False,False,False,False,False,True,False,사과(후지),43.51006711409383,0.31663593830538034,,,,,,,,
202203중순,411.0,사과,5.0,후지,상품,개,10.0,27178.0,,26163.0,32917.0,21666.0,2022,중순,2022-03-11,사과-후지,3,11,False,False,True,False,False,False,False,False,False,False,False,False,False,True,False,사과(후지),43.51006711409383,0.31663593830538034,,,,,,,,
202203중순,411.0,사과,5.0,후지,상품,개,10.0,27178.0,,26163.0,32917.0,21666.0,2022,중순,2022-03-11,사과-후지,3,11,False,False,True,False,False,False,False,False,False,False,False,False,False,True,False,사과(후지),43.51006711409383,0.31663593830538034,,,,,,,,
202203중순,411.0,사과,5.0,후지,상품,개,10.0,27178.0,,26163.0,32917.0,21666.0,2022,중순,2022-03-11,사과-후지,3,11,False,False,True,False,False,False,False,False,False,False,False,False,False,True,False,사과(후지),43.51006711409383,0.31663593830538034,,,,,,,,
202203중순,411.0,사과,5.0,후지,상품,개,10.0,27178.0,,26163.0,32917.0,21666.0,2022,중순,2022-03-11,사과-후지,3,11,False,False,True,False,False,False,False,False,False,False,False,False,False,True,False,사과(후지),43.51006711409383,0.31663593830538034,,,,,,,,
202203중순,411.0,사과,5.0,후지,상품,개,10.0,27178.0,,26163.0,32917.0,21666.0,2022,중순,2022-03-11,사과-후지,3,11,False,False,True,False,False,False,False,False,False,False,False,False,False,True,False,사과(후지),43.51006711409383,0.31663593830538034,,,,,,,,
202203중순,411.0,사과,5.0,후지,상품,개,10.0,27178.0,,26163.0,32917.0,21666.0,2022,중순,2022-03-11,사과-후지,3,11,False,False,True,False,False,False,False,False,False,False,False,False,False,True,False,사과(후지),43.51006711409383,0.31663593830538034,,,,,,,,
202203중순,411.0,사과,5.0,후지,상품,개,10.0,27178.0,,26163.0,32917.0,21666.0,2022,중순,2022-03-11,사과-후지,3,11,False,False,True,False,False,False,False,False,False,False,False,False,False,True,False,사과(후지),43.51006711409383,0.31663593830538034,,,,,,,,
202203중순,411.0,사과,5.0,후지,상품,개,10.0,27178.0,,26163.0,32917.0,21666.0,2022,중순,2022-03-11,사과-후지,3,11,False,False,True,False,False,False,False,False,False,False,False,False,False,True,False,사과(후지),43.51006711409383,0.31663593830538034,,,,,,,,
202203하순,411.0,사과,5.0,후지,상품,개,10.0,27165.0,,26867.0,33668.0,21859.6666666666,2022,하순,2022-03-21,사과-후지,3,21,False,False,True,False,False,False,False,False,False,False,False,False,False,False,True,사과(후지),63.94496644295288,0.3196959077989331,,,,,,,,
202203하순,411.0,사과,5.0,후지,상품,개,10.0,27165.0,,26867.0,33668.0,21859.6666666666,2022,하순,2022-03-21,사과-후지,3,21,False,False,True,False,False,False,False,False,False,False,False,False,False,False,True,사과(후지),63.94496644295288,0.3196959077989331,,,,,,,,
202203하순,411.0,사과,5.0,후지,상품,개,10.0,27165.0,,26867.0,33668.0,21859.6666666666,2022,하순,2022-03-21,사과-후지,3,21,False,False,True,False,False,False,False,False,False,False,False,False,False,False,True,사과(후지),63.94496644295288,0.3196959077989331,,,,,,,,
202203하순,411.0,사과,5.0,후지,상품,개,10.0,27165.0,,26867.0,33668.0,21859.6666666666,2022,하순,2022-03-21,사과-후지,3,21,False,False,True,False,False,False,False,False,False,False,False,False,False,False,True,사과(후지),63.94496644295288,0.3196959077989331,,,,,,,,
202203하순,411.0,사과,5.0,후지,상품,개,10.0,27165.0,,26867.0,33668.0,21859.6666666666,2022,하순,2022-03-21,사과-후지,3,21,False,False,True,False,False,False,False,False,False,False,False,False,False,False,True,사과(후지),63.94496644295288,0.3196959077989331,,,,,,,,
202203하순,411.0,사과,5.0,후지,상품,개,10.0,27165.0,,26867.0,33668.0,21859.6666666666,2022,하순,2022-03-21,사과-후지,3,21,False,False,True,False,False,False,False,False,False,False,False,False,False,False,True,사과(후지),63.94496644295288,0.3196959077989331,,,,,,,,
202203하순,411.0,사과,5.0,후지,상품,개,10.0,27165.0,,26867.0,33668.0,21859.6666666666,2022,하순,2022-03-21,사과-후지,3,21,False,False,True,False,False,False,False,False,False,False,False,False,False,False,True,사과(후지),63.94496644295288,0.3196959077989331,,,,,,,,
202203하순,411.0,사과,5.0,후지,상품,개,10.0,27165.0,,26867.0,33668.0,21859.6666666666,2022,하순,2022-03-21,사과-후지,3,21,False,False,True,False,False,False,False,False,False,False,False,False,False,False,True,사과(후지),63.94496644295288,0.3196959077989331,,,,,,,,
202203하순,411.0,사과,5.0,후지,상품,개,10.0,27165.0,,26867.0,33668.0,21859.6666666666,2022,하순,2022-03-21,사과-후지,3,21,False,False,True,False,False,False,False,False,False,False,False,False,False,False,True,사과(후지),63.94496644295288,0.3196959077989331,,,,,,,,
202203하순,411.0,사과,5.0,후지,상품,개,10.0,27165.0,,26867.0,33668.0,21859.6666666666,2022,하순,2022-03-21,사과-후지,3,21,False,False,True,False,False,False,False,False,False,False,False,False,False,False,True,사과(후지),63.94496644295288,0.3196959077989331,,,,,,,,
202203하순,411.0,사과,5.0,후지,상품,개,10.0,27165.0,,26867.0,33668.0,21859.6666666666,2022,하순,2022-03-21,사과-후지,3,21,False,False,True,False,False,False,False,False,False,False,False,False,False,False,True,사과(후지),63.94496644295288,0.3196959077989331,,,,,,,,
202203하순,411.0,사과,5.0,후지,상품,개,10.0,27165.0,,26867.0,33668.0,21859.6666666666,2022,하순,2022-03-21,사과-후지,3,21,False,False,True,False,False,False,False,False,False,False,False,False,False,False,True,사과(후지),63.94496644295288,0.3196959077989331,,,,,,,,
202203하순,411.0,사과,5.0,후지,상품,개,10.0,27165.0,,26867.0,33668.0,21859.6666666666,2022,하순,2022-03-21,사과-후지,3,21,False,False,True,False,False,False,False,False,False,False,False,False,False,False,True,사과(후지),63.94496644295288,0.3196959077989331,,,,,,,,
202203하순,411.0,사과,5.0,후지,상품,개,10.0,27165.0,,26867.0,33668.0,21859.6666666666,2022,하순,2022-03-21,사과-후지,3,21,False,False,True,False,False,False,False,False,False,False,False,False,False,False,True,사과(후지),63.94496644295288,0.3196959077989331,,,,,,,,
202203하순,411.0,사과,5.0,후지,상품,개,10.0,27165.0,,26867.0,33668.0,21859.6666666666,2022,하순,2022-03-21,사과-후지,3,21,False,False,True,False,False,False,False,False,False,False,False,False,False,False,True,사과(후지),63.94496644295288,0.3196959077989331,,,,,,,,
202203하순,411.0,사과,5.0,후지,상품,개,10.0,27165.0,,26867.0,33668.0,21859.6666666666,2022,하순,2022-03-21,사과-후지,3,21,False,False,True,False,False,False,False,False,False,False,False,False,False,False,True,사과(후지),63.94496644295288,0.3196959077989331,,,,,,,,
202203하순,411.0,사과,5.0,후지,상품,개,10.0,27165.0,,26867.0,33668.0,21859.6666666666,2022,하순,2022-03-21,사과-후지,3,21,False,False,True,False,False,False,False,False,False,False,False,False,False,False,True,사과(후지),63.94496644295288,0.3196959077989331,,,,,,,,
202203하순,411.0,사과,5.0,후지,상품,개,10.0,27165.0,,26867.0,33668.0,21859.6666666666,2022,하순,2022-03-21,사과-후지,3,21,False,False,True,False,False,False,False,False,False,False,False,False,False,False,True,사과(후지),63.94496644295288,0.3196959077989331,,,,,,,,
202203하순,411.0,사과,5.0,후지,상품,개,10.0,27165.0,,26867.0,33668.0,21859.6666666666,2022,하순,2022-03-21,사과-후지,3,21,False,False,True,False,False,False,False,False,False,False,False,False,False,False,True,사과(후지),63.94496644295288,0.3196959077989331,,,,,,,,
202203하순,411.0,사과,5.0,후지,상품,개,10.0,27165.0,,26867.0,33668.0,21859.6666666666,2022,하순,2022-03-21,사과-후지,3,21,False,False,True,False,False,False,False,False,False,False,False,False,False,False,True,사과(후지),63.94496644295288,0.3196959077989331,,,,,,,,
202203하순,411.0,사과,5.0,후지,상품,개,10.0,27165.0,,26867.0,33668.0,21859.6666666666,2022,하순,2022-03-21,사과-후지,3,21,False,False,True,False,False,False,False,False,False,False,False,False,False,False,True,사과(후지),63.94496644295288,0.3196959077989331,,,,,,,,
202204상순,411.0,사과,5.0,후지,상품,개,10.0,27207.0,,27734.0,34642.0,21273.3333333333,2022,상순,2022-04-01,사과-후지,4,1,False,False,False,True,False,False,False,False,False,False,False,False,True,False,False,사과(후지),52.126174496644175,0.3261654031837801,,,,,,,,
202204상순,411.0,사과,5.0,후지,상품,개,10.0,27207.0,,27734.0,34642.0,21273.3333333333,2022,상순,2022-04-01,사과-후지,4,1,False,False,False,True,False,False,False,False,False,False,False,False,True,False,False,사과(후지),52.126174496644175,0.3261654031837801,,,,,,,,
202204상순,411.0,사과,5.0,후지,상품,개,10.0,27207.0,,27734.0,34642.0,21273.3333333333,2022,상순,2022-04-01,사과-후지,4,1,False,False,False,True,False,False,False,False,False,False,False,False,True,False,False,사과(후지),52.126174496644175,0.3261654031837801,,,,,,,,
202204상순,411.0,사과,5.0,후지,상품,개,10.0,27207.0,,27734.0,34642.0,21273.3333333333,2022,상순,2022-04-01,사과-후지,4,1,False,False,False,True,False,False,False,False,False,False,False,False,True,False,False,사과(후지),52.126174496644175,0.3261654031837801,,,,,,,,
202204상순,411.0,사과,5.0,후지,상품,개,10.0,27207.0,,27734.0,34642.0,21273.3333333333,2022,상순,2022-04-01,사과-후지,4,1,False,False,False,True,False,False,False,False,False,False,False,False,True,False,False,사과(후지),52.126174496644175,0.3261654031837801,,,,,,,,
202204상순,411.0,사과,5.0,후지,상품,개,10.0,27207.0,,27734.0,34642.0,21273.3333333333,2022,상순,2022-04-01,사과-후지,4,1,False,False,False,True,False,False,False,False,False,False,False,False,True,False,False,사과(후지),52.126174496644175,0.3261654031837801,,,,,,,,
202204상순,411.0,사과,5.0,후지,상품,개,10.0,27207.0,,27734.0,34642.0,21273.3333333333,2022,상순,2022-04-01,사과-후지,4,1,False,False,False,True,False,False,False,False,False,False,False,False,True,False,False,사과(후지),52.126174496644175,0.3261654031837801,,,,,,,,
202204상순,411.0,사과,5.0,후지,상품,개,10.0,27207.0,,27734.0,34642.0,21273.3333333333,2022,상순,2022-04-01,사과-후지,4,1,False,False,False,True,False,False,False,False,False,False,False,False,True,False,False,사과(후지),52.126174496644175,0.3261654031837801,,,,,,,,
202204상순,411.0,사과,5.0,후지,상품,개,10.0,27207.0,,27734.0,34642.0,21273.3333333333,2022,상순,2022-04-01,사과-후지,4,1,False,False,False,True,False,False,False,False,False,False,False,False,True,False,False,사과(후지),52.126174496644175,0.3261654031837801,,,,,,,,
202204상순,411.0,사과,5.0,후지,상품,개,10.0,27207.0,,27734.0,34642.0,21273.3333333333,2022,상순,2022-04-01,사과-후지,4,1,False,False,False,True,False,False,False,False,False,False,False,False,True,False,False,사과(후지),52.126174496644175,0.3261654031837801,,,,,,,,
202204상순,411.0,사과,5.0,후지,상품,개,10.0,27207.0,,27734.0,34642.0,21273.3333333333,2022,상순,2022-04-01,사과-후지,4,1,False,False,False,True,False,False,False,False,False,False,False,False,True,False,False,사과(후지),52.126174496644175,0.3261654031837801,,,,,,,,
202204상순,411.0,사과,5.0,후지,상품,개,10.0,27207.0,,27734.0,34642.0,21273.3333333333,2022,상순,2022-04-01,사과-후지,4,1,False,False,False,True,False,False,False,False,False,False,False,False,True,False,False,사과(후지),52.126174496644175,0.3261654031837801,,,,,,,,
202204상순,411.0,사과,5.0,후지,상품,개,10.0,27207.0,,27734.0,34642.0,21273.3333333333,2022,상순,2022-04-01,사과-후지,4,1,False,False,False,True,False,False,False,False,False,False,False,False,True,False,False,사과(후지),52.126174496644175,0.3261654031837801,,,,,,,,
202204상순,411.0,사과,5.0,후지,상품,개,10.0,27207.0,,27734.0,34642.0,21273.3333333333,2022,상순,2022-04-01,사과-후지,4,1,False,False,False,True,False,False,False,False,False,False,False,False,True,False,False,사과(후지),52.126174496644175,0.3261654031837801,,,,,,,,
202204상순,411.0,사과,5.0,후지,상품,개,10.0,27207.0,,27734.0,34642.0,21273.3333333333,2022,상순,2022-04-01,사과-후지,4,1,False,False,False,True,False,False,False,False,False,False,False,False,True,False,False,사과(후지),52.126174496644175,0.3261654031837801,,,,,,,,
202204상순,411.0,사과,5.0,후지,상품,개,10.0,27207.0,,27734.0,34642.0,21273.3333333333,2022,상순,2022-04-01,사과-후지,4,1,False,False,False,True,False,False,False,False,False,False,False,False,True,False,False,사과(후지),52.126174496644175,0.3261654031837801,,,,,,,,
202204상순,411.0,사과,5.0,후지,상품,개,10.0,27207.0,,27734.0,34642.0,21273.3333333333,2022,상순,2022-04-01,사과-후지,4,1,False,False,False,True,False,False,False,False,False,False,False,False,True,False,False,사과(후지),52.126174496644175,0.3261654031837801,,,,,,,,
202204상순,411.0,사과,5.0,후지,상품,개,10.0,27207.0,,27734.0,34642.0,21273.3333333333,2022,상순,2022-04-01,사과-후지,4,1,False,False,False,True,False,False,False,False,False,False,False,False,True,False,False,사과(후지),52.126174496644175,0.3261654031837801,,,,,,,,
202204상순,411.0,사과,5.0,후지,상품,개,10.0,27207.0,,27734.0,34642.0,21273.3333333333,2022,상순,2022-04-01,사과-후지,4,1,False,False,False,True,False,False,False,False,False,False,False,False,True,False,False,사과(후지),52.126174496644175,0.3261654031837801,,,,,,,,
202204상순,411.0,사과,5.0,후지,상품,개,10.0,27207.0,,27734.0,34642.0,21273.3333333333,2022,상순,2022-04-01,사과-후지,4,1,False,False,False,True,False,False,False,False,False,False,False,False,True,False,False,사과(후지),52.126174496644175,0.3261654031837801,,,,,,,,
202204상순,411.0,사과,5.0,후지,상품,개,10.0,27207.0,,27734.0,34642.0,21273.3333333333,2022,상순,2022-04-01,사과-후지,4,1,False,False,False,True,False,False,False,False,False,False,False,False,True,False,False,사과(후지),52.126174496644175,0.3261654031837801,,,,,,,,
202204중순,411.0,사과,5.0,후지,상품,개,10.0,27899.0,,27178.0,34038.0,21404.6666666666,2022,중순,2022-04-11,사과-후지,4,11,False,False,False,True,False,False,False,False,False,False,False,False,False,True,False,사과(후지),56.00939597315424,0.3397144039735098,,,,,,,,
202204중순,411.0,사과,5.0,후지,상품,개,10.0,27899.0,,27178.0,34038.0,21404.6666666666,2022,중순,2022-04-11,사과-후지,4,11,False,False,False,True,False,False,False,False,False,False,False,False,False,True,False,사과(후지),56.00939597315424,0.3397144039735098,,,,,,,,
202204중순,411.0,사과,5.0,후지,상품,개,10.0,27899.0,,27178.0,34038.0,21404.6666666666,2022,중순,2022-04-11,사과-후지,4,11,False,False,False,True,False,False,False,False,False,False,False,False,False,True,False,사과(후지),56.00939597315424,0.3397144039735098,,,,,,,,
202204중순,411.0,사과,5.0,후지,상품,개,10.0,27899.0,,27178.0,34038.0,21404.6666666666,2022,중순,2022-04-11,사과-후지,4,11,False,False,False,True,False,False,False,False,False,False,False,False,False,True,False,사과(후지),56.00939597315424,0.3397144039735098,,,,,,,,
202204중순,411.0,사과,5.0,후지,상품,개,10.0,27899.0,,27178.0,34038.0,21404.6666666666,2022,중순,2022-04-11,사과-후지,4,11,False,False,False,True,False,False,False,False,False,False,False,False,False,True,False,사과(후지),56.00939597315424,0.3397144039735098,,,,,,,,
202204중순,411.0,사과,5.0,후지,상품,개,10.0,27899.0,,27178.0,34038.0,21404.6666666666,2022,중순,2022-04-11,사과-후지,4,11,False,False,False,True,False,False,False,False,False,False,False,False,False,True,False,사과(후지),56.00939597315424,0.3397144039735098,,,,,,,,
202204중순,411.0,사과,5.0,후지,상품,개,10.0,27899.0,,27178.0,34038.0,21404.6666666666,2022,중순,2022-04-11,사과-후지,4,11,False,False,False,True,False,False,False,False,False,False,False,False,False,True,False,사과(후지),56.00939597315424,0.3397144039735098,,,,,,,,
202204중순,411.0,사과,5.0,후지,상품,개,10.0,27899.0,,27178.0,34038.0,21404.6666666666,2022,중순,2022-04-11,사과-후지,4,11,False,False,False,True,False,False,False,False,False,False,False,False,False,True,False,사과(후지),56.00939597315424,0.3397144039735098,,,,,,,,
202204중순,411.0,사과,5.0,후지,상품,개,10.0,27899.0,,27178.0,34038.0,21404.6666666666,2022,중순,2022-04-11,사과-후지,4,11,False,False,False,True,False,False,False,False,False,False,False,False,False,True,False,사과(후지),56.00939597315424,0.3397144039735098,,,,,,,,
202204중순,411.0,사과,5.0,후지,상품,개,10.0,27899.0,,27178.0,34038.0,21404.6666666666,2022,중순,2022-04-11,사과-후지,4,11,False,False,False,True,False,False,False,False,False,False,False,False,False,True,False,사과(후지),56.00939597315424,0.3397144039735098,,,,,,,,
202204중순,411.0,사과,5.0,후지,상품,개,10.0,27899.0,,27178.0,34038.0,21404.6666666666,2022,중순,2022-04-11,사과-후지,4,11,False,False,False,True,False,False,False,False,False,False,False,False,False,True,False,사과(후지),56.00939597315424,0.3397144039735098,,,,,,,,
202204중순,411.0,사과,5.0,후지,상품,개,10.0,27899.0,,27178.0,34038.0,21404.6666666666,2022,중순,2022-04-11,사과-후지,4,11,False,False,False,True,False,False,False,False,False,False,False,False,False,True,False,사과(후지),56.00939597315424,0.3397144039735098,,,,,,,,
202204중순,411.0,사과,5.0,후지,상품,개,10.0,27899.0,,27178.0,34038.0,21404.6666666666,2022,중순,2022-04-11,사과-후지,4,11,False,False,False,True,False,False,False,False,False,False,False,False,False,True,False,사과(후지),56.00939597315424,0.3397144039735098,,,,,,,,
202204중순,411.0,사과,5.0,후지,상품,개,10.0,27899.0,,27178.0,34038.0,21404.6666666666,2022,중순,2022-04-11,사과-후지,4,11,False,False,False,True,False,False,False,False,False,False,False,False,False,True,False,사과(후지),56.00939597315424,0.3397144039735098,,,,,,,,
202204중순,411.0,사과,5.0,후지,상품,개,10.0,27899.0,,27178.0,34038.0,21404.6666666666,2022,중순,2022-04-11,사과-후지,4,11,False,False,False,True,False,False,False,False,False,False,False,False,False,True,False,사과(후지),56.00939597315424,0.3397144039735098,,,,,,,,
202204중순,411.0,사과,5.0,후지,상품,개,10.0,27899.0,,27178.0,34038.0,21404.6666666666,2022,중순,2022-04-11,사과-후지,4,11,False,False,False,True,False,False,False,False,False,False,False,False,False,True,False,사과(후지),56.00939597315424,0.3397144039735098,,,,,,,,
202204중순,411.0,사과,5.0,후지,상품,개,10.0,27899.0,,27178.0,34038.0,21404.6666666666,2022,중순,2022-04-11,사과-후지,4,11,False,False,False,True,False,False,False,False,False,False,False,False,False,True,False,사과(후지),56.00939597315424,0.3397144039735098,,,,,,,,
202204중순,411.0,사과,5.0,후지,상품,개,10.0,27899.0,,27178.0,34038.0,21404.6666666666,2022,중순,2022-04-11,사과-후지,4,11,False,False,False,True,False,False,False,False,False,False,False,False,False,True,False,사과(후지),56.00939597315424,0.3397144039735098,,,,,,,,
202204중순,411.0,사과,5.0,후지,상품,개,10.0,27899.0,,27178.0,34038.0,21404.6666666666,2022,중순,2022-04-11,사과-후지,4,11,False,False,False,True,False,False,False,False,False,False,False,False,False,True,False,사과(후지),56.00939597315424,0.3397144039735098,,,,,,,,
202204중순,411.0,사과,5.0,후지,상품,개,10.0,27899.0,,27178.0,34038.0,21404.6666666666,2022,중순,2022-04-11,사과-후지,4,11,False,False,False,True,False,False,False,False,False,False,False,False,False,True,False,사과(후지),56.00939597315424,0.3397144039735098,,,,,,,,
202204중순,411.0,사과,5.0,후지,상품,개,10.0,27899.0,,27178.0,34038.0,21404.6666666666,2022,중순,2022-04-11,사과-후지,4,11,False,False,False,True,False,False,False,False,False,False,False,False,False,True,False,사과(후지),56.00939597315424,0.3397144039735098,,,,,,,,
202204중순,411.0,사과,5.0,후지,상품,개,10.0,27899.0,,27178.0,34038.0,21404.6666666666,2022,중순,2022-04-11,사과-후지,4,11,False,False,False,True,False,False,False,False,False,False,False,False,False,True,False,사과(후지),56.00939597315424,0.3397144039735098,,,,,,,,
202204하순,411.0,사과,5.0,후지,상품,개,10.0,28561.0,,27165.0,34235.0,21573.6666666666,2022,하순,2022-04-21,사과-후지,4,21,False,False,False,True,False,False,False,False,False,False,False,False,False,False,True,사과(후지),83.26308724832201,0.36527922303156424,,,,,,,,
202204하순,411.0,사과,5.0,후지,상품,개,10.0,28561.0,,27165.0,34235.0,21573.6666666666,2022,하순,2022-04-21,사과-후지,4,21,False,False,False,True,False,False,False,False,False,False,False,False,False,False,True,사과(후지),83.26308724832201,0.36527922303156424,,,,,,,,
202204하순,411.0,사과,5.0,후지,상품,개,10.0,28561.0,,27165.0,34235.0,21573.6666666666,2022,하순,2022-04-21,사과-후지,4,21,False,False,False,True,False,False,False,False,False,False,False,False,False,False,True,사과(후지),83.26308724832201,0.36527922303156424,,,,,,,,
202204하순,411.0,사과,5.0,후지,상품,개,10.0,28561.0,,27165.0,34235.0,21573.6666666666,2022,하순,2022-04-21,사과-후지,4,21,False,False,False,True,False,False,False,False,False,False,False,False,False,False,True,사과(후지),83.26308724832201,0.36527922303156424,,,,,,,,
202204하순,411.0,사과,5.0,후지,상품,개,10.0,28561.0,,27165.0,34235.0,21573.6666666666,2022,하순,2022-04-21,사과-후지,4,21,False,False,False,True,False,False,False,False,False,False,False,False,False,False,True,사과(후지),83.26308724832201,0.36527922303156424,,,,,,,,
202204하순,411.0,사과,5.0,후지,상품,개,10.0,28561.0,,27165.0,34235.0,21573.6666666666,2022,하순,2022-04-21,사과-후지,4,21,False,False,False,True,False,False,False,False,False,False,False,False,False,False,True,사과(후지),83.26308724832201,0.36527922303156424,,,,,,,,
202204하순,411.0,사과,5.0,후지,상품,개,10.0,28561.0,,27165.0,34235.0,21573.6666666666,2022,하순,2022-04-21,사과-후지,4,21,False,False,False,True,False,False,False,False,False,False,False,False,False,False,True,사과(후지),83.26308724832201,0.36527922303156424,,,,,,,,
202204하순,411.0,사과,5.0,후지,상품,개,10.0,28561.0,,27165.0,34235.0,21573.6666666666,2022,하순,2022-04-21,사과-후지,4,21,False,False,False,True,False,False,False,False,False,False,False,False,False,False,True,사과(후지),83.26308724832201,0.36527922303156424,,,,,,,,
202204하순,411.0,사과,5.0,후지,상품,개,10.0,28561.0,,27165.0,34235.0,21573.6666666666,2022,하순,2022-04-21,사과-후지,4,21,False,False,False,True,False,False,False,False,False,False,False,False,False,False,True,사과(후지),83.26308724832201,0.36527922303156424,,,,,,,,
202204하순,411.0,사과,5.0,후지,상품,개,10.0,28561.0,,27165.0,34235.0,21573.6666666666,2022,하순,2022-04-21,사과-후지,4,21,False,False,False,True,False,False,False,False,False,False,False,False,False,False,True,사과(후지),83.26308724832201,0.36527922303156424,,,,,,,,
202204하순,411.0,사과,5.0,후지,상품,개,10.0,28561.0,,27165.0,34235.0,21573.6666666666,2022,하순,2022-04-21,사과-후지,4,21,False,False,False,True,False,False,False,False,False,False,False,False,False,False,True,사과(후지),83.26308724832201,0.36527922303156424,,,,,,,,
202204하순,411.0,사과,5.0,후지,상품,개,10.0,28561.0,,27165.0,34235.0,21573.6666666666,2022,하순,2022-04-21,사과-후지,4,21,False,False,False,True,False,False,False,False,False,False,False,False,False,False,True,사과(후지),83.26308724832201,0.36527922303156424,,,,,,,,
202204하순,411.0,사과,5.0,후지,상품,개,10.0,28561.0,,27165.0,34235.0,21573.6666666666,2022,하순,2022-04-21,사과-후지,4,21,False,False,False,True,False,False,False,False,False,False,False,False,False,False,True,사과(후지),83.26308724832201,0.36527922303156424,,,,,,,,
202204하순,411.0,사과,5.0,후지,상품,개,10.0,28561.0,,27165.0,34235.0,21573.6666666666,2022,하순,2022-04-21,사과-후지,4,21,False,False,False,True,False,False,False,False,False,False,False,False,False,False,True,사과(후지),83.26308724832201,0.36527922303156424,,,,,,,,
202204하순,411.0,사과,5.0,후지,상품,개,10.0,28561.0,,27165.0,34235.0,21573.6666666666,2022,하순,2022-04-21,사과-후지,4,21,False,False,False,True,False,False,False,False,False,False,False,False,False,False,True,사과(후지),83.26308724832201,0.36527922303156424,,,,,,,,
202204하순,411.0,사과,5.0,후지,상품,개,10.0,28561.0,,27165.0,34235.0,21573.6666666666,2022,하순,2022-04-21,사과-후지,4,21,False,False,False,True,False,False,False,False,False,False,False,False,False,False,True,사과(후지),83.26308724832201,0.36527922303156424,,,,,,,,
202204하순,411.0,사과,5.0,후지,상품,개,10.0,28561.0,,27165.0,34235.0,21573.6666666666,2022,하순,2022-04-21,사과-후지,4,21,False,False,False,True,False,False,False,False,False,False,False,False,False,False,True,사과(후지),83.26308724832201,0.36527922303156424,,,,,,,,
202204하순,411.0,사과,5.0,후지,상품,개,10.0,28561.0,,27165.0,34235.0,21573.6666666666,2022,하순,2022-04-21,사과-후지,4,21,False,False,False,True,False,False,False,False,False,False,False,False,False,False,True,사과(후지),83.26308724832201,0.36527922303156424,,,,,,,,
202204하순,411.0,사과,5.0,후지,상품,개,10.0,28561.0,,27165.0,34235.0,21573.6666666666,2022,하순,2022-04-21,사과-후지,4,21,False,False,False,True,False,False,False,False,False,False,False,False,False,False,True,사과(후지),83.26308724832201,0.36527922303156424,,,,,,,,
202204하순,411.0,사과,5.0,후지,상품,개,10.0,28561.0,,27165.0,34235.0,21573.6666666666,2022,하순,2022-04-21,사과-후지,4,21,False,False,False,True,False,False,False,False,False,False,False,False,False,False,True,사과(후지),83.26308724832201,0.36527922303156424,,,,,,,,
202204하순,411.0,사과,5.0,후지,상품,개,10.0,28561.0,,27165.0,34235.0,21573.6666666666,2022,하순,2022-04-21,사과-후지,4,21,False,False,False,True,False,False,False,False,False,False,False,False,False,False,True,사과(후지),83.26308724832201,0.36527922303156424,,,,,,,,
202204하순,411.0,사과,5.0,후지,상품,개,10.0,28561.0,,27165.0,34235.0,21573.6666666666,2022,하순,2022-04-21,사과-후지,4,21,False,False,False,True,False,False,False,False,False,False,False,False,False,False,True,사과(후지),83.26308724832201,0.36527922303156424,,,,,,,,
202205상순,411.0,사과,5.0,후지,상품,개,10.0,28752.0,,27207.0,34263.0,21632.6666666666,2022,상순,2022-05-01,사과-후지,5,1,False,False,False,False,True,False,False,False,False,False,False,False,True,False,False,사과(후지),80.6456375838925,0.393721851259705,,,,,,,,
202205상순,411.0,사과,5.0,후지,상품,개,10.0,28752.0,,27207.0,34263.0,21632.6666666666,2022,상순,2022-05-01,사과-후지,5,1,False,False,False,False,True,False,False,False,False,False,False,False,True,False,False,사과(후지),80.6456375838925,0.393721851259705,,,,,,,,
202205상순,411.0,사과,5.0,후지,상품,개,10.0,28752.0,,27207.0,34263.0,21632.6666666666,2022,상순,2022-05-01,사과-후지,5,1,False,False,False,False,True,False,False,False,False,False,False,False,True,False,False,사과(후지),80.6456375838925,0.393721851259705,,,,,,,,
202205상순,411.0,사과,5.0,후지,상품,개,10.0,28752.0,,27207.0,34263.0,21632.6666666666,2022,상순,2022-05-01,사과-후지,5,1,False,False,False,False,True,False,False,False,False,False,False,False,True,False,False,사과(후지),80.6456375838925,0.393721851259705,,,,,,,,
202205상순,411.0,사과,5.0,후지,상품,개,10.0,28752.0,,27207.0,34263.0,21632.6666666666,2022,상순,2022-05-01,사과-후지,5,1,False,False,False,False,True,False,False,False,False,False,False,False,True,False,False,사과(후지),80.6456375838925,0.393721851259705,,,,,,,,
202205상순,411.0,사과,5.0,후지,상품,개,10.0,28752.0,,27207.0,34263.0,21632.6666666666,2022,상순,2022-05-01,사과-후지,5,1,False,False,False,False,True,False,False,False,False,False,False,False,True,False,False,사과(후지),80.6456375838925,0.393721851259705,,,,,,,,
202205상순,411.0,사과,5.0,후지,상품,개,10.0,28752.0,,27207.0,34263.0,21632.6666666666,2022,상순,2022-05-01,사과-후지,5,1,False,False,False,False,True,False,False,False,False,False,False,False,True,False,False,사과(후지),80.6456375838925,0.393721851259705,,,,,,,,
202205상순,411.0,사과,5.0,후지,상품,개,10.0,28752.0,,27207.0,34263.0,21632.6666666666,2022,상순,2022-05-01,사과-후지,5,1,False,False,False,False,True,False,False,False,False,False,False,False,True,False,False,사과(후지),80.6456375838925,0.393721851259705,,,,,,,,
202205상순,411.0,사과,5.0,후지,상품,개,10.0,28752.0,,27207.0,34263.0,21632.6666666666,2022,상순,2022-05-01,사과-후지,5,1,False,False,False,False,True,False,False,False,False,False,False,False,True,False,False,사과(후지),80.6456375838925,0.393721851259705,,,,,,,,
202205상순,411.0,사과,5.0,후지,상품,개,10.0,28752.0,,27207.0,34263.0,21632.6666666666,2022,상순,2022-05-01,사과-후지,5,1,False,False,False,False,True,False,False,False,False,False,False,False,True,False,False,사과(후지),80.6456375838925,0.393721851259705,,,,,,,,
202205상순,411.0,사과,5.0,후지,상품,개,10.0,28752.0,,27207.0,34263.0,21632.6666666666,2022,상순,2022-05-01,사과-후지,5,1,False,False,False,False,True,False,False,False,False,False,False,False,True,False,False,사과(후지),80.6456375838925,0.393721851259705,,,,,,,,
202205상순,411.0,사과,5.0,후지,상품,개,10.0,28752.0,,27207.0,34263.0,21632.6666666666,2022,상순,2022-05-01,사과-후지,5,1,False,False,False,False,True,False,False,False,False,False,False,False,True,False,False,사과(후지),80.6456375838925,0.393721851259705,,,,,,,,
202205상순,411.0,사과,5.0,후지,상품,개,10.0,28752.0,,27207.0,34263.0,21632.6666666666,2022,상순,2022-05-01,사과-후지,5,1,False,False,False,False,True,False,False,False,False,False,False,False,True,False,False,사과(후지),80.6456375838925,0.393721851259705,,,,,,,,
202205상순,411.0,사과,5.0,후지,상품,개,10.0,28752.0,,27207.0,34263.0,21632.6666666666,2022,상순,2022-05-01,사과-후지,5,1,False,False,False,False,True,False,False,False,False,False,False,False,True,False,False,사과(후지),80.6456375838925,0.393721851259705,,,,,,,,
202205상순,411.0,사과,5.0,후지,상품,개,10.0,28752.0,,27207.0,34263.0,21632.6666666666,2022,상순,2022-05-01,사과-후지,5,1,False,False,False,False,True,False,False,False,False,False,False,False,True,False,False,사과(후지),80.6456375838925,0.393721851259705,,,,,,,,
202205상순,411.0,사과,5.0,후지,상품,개,10.0,28752.0,,27207.0,34263.0,21632.6666666666,2022,상순,2022-05-01,사과-후지,5,1,False,False,False,False,True,False,False,False,False,False,False,False,True,False,False,사과(후지),80.6456375838925,0.393721851259705,,,,,,,,
202205상순,411.0,사과,5.0,후지,상품,개,10.0,28752.0,,27207.0,34263.0,21632.6666666666,2022,상순,2022-05-01,사과-후지,5,1,False,False,False,False,True,False,False,False,False,False,False,False,True,False,False,사과(후지),80.6456375838925,0.393721851259705,,,,,,,,
202205상순,411.0,사과,5.0,후지,상품,개,10.0,28752.0,,27207.0,34263.0,21632.6666666666,2022,상순,2022-05-01,사과-후지,5,1,False,False,False,False,True,False,False,False,False,False,False,False,True,False,False,사과(후지),80.6456375838925,0.393721851259705,,,,,,,,
202205상순,411.0,사과,5.0,후지,상품,개,10.0,28752.0,,27207.0,34263.0,21632.6666666666,2022,상순,2022-05-01,사과-후지,5,1,False,False,False,False,True,False,False,False,False,False,False,False,True,False,False,사과(후지),80.6456375838925,0.393721851259705,,,,,,,,
202205상순,411.0,사과,5.0,후지,상품,개,10.0,28752.0,,27207.0,34263.0,21632.6666666666,2022,상순,2022-05-01,사과-후지,5,1,False,False,False,False,True,False,False,False,False,False,False,False,True,False,False,사과(후지),80.6456375838925,0.393721851259705,,,,,,,,
202205상순,411.0,사과,5.0,후지,상품,개,10.0,28752.0,,27207.0,34263.0,21632.6666666666,2022,상순,2022-05-01,사과-후지,5,1,False,False,False,False,True,False,False,False,False,False,False,False,True,False,False,사과(후지),80.6456375838925,0.393721851259705,,,,,,,,
202205중순,411.0,사과,5.0,후지,상품,개,10.0,28292.0,,27899.0,34386.0,21756.6666666666,2022,중순,2022-05-11,사과-후지,5,11,False,False,False,False,True,False,False,False,False,False,False,False,False,True,False,사과(후지),81.02416107382537,0.41977852581243896,,,,,,,,
202205중순,411.0,사과,5.0,후지,상품,개,10.0,28292.0,,27899.0,34386.0,21756.6666666666,2022,중순,2022-05-11,사과-후지,5,11,False,False,False,False,True,False,False,False,False,False,False,False,False,True,False,사과(후지),81.02416107382537,0.41977852581243896,,,,,,,,
202205중순,411.0,사과,5.0,후지,상품,개,10.0,28292.0,,27899.0,34386.0,21756.6666666666,2022,중순,2022-05-11,사과-후지,5,11,False,False,False,False,True,False,False,False,False,False,False,False,False,True,False,사과(후지),81.02416107382537,0.41977852581243896,,,,,,,,
202205중순,411.0,사과,5.0,후지,상품,개,10.0,28292.0,,27899.0,34386.0,21756.6666666666,2022,중순,2022-05-11,사과-후지,5,11,False,False,False,False,True,False,False,False,False,False,False,False,False,True,False,사과(후지),81.02416107382537,0.41977852581243896,,,,,,,,
202205중순,411.0,사과,5.0,후지,상품,개,10.0,28292.0,,27899.0,34386.0,21756.6666666666,2022,중순,2022-05-11,사과-후지,5,11,False,False,False,False,True,False,False,False,False,False,False,False,False,True,False,사과(후지),81.02416107382537,0.41977852581243896,,,,,,,,
202205중순,411.0,사과,5.0,후지,상품,개,10.0,28292.0,,27899.0,34386.0,21756.6666666666,2022,중순,2022-05-11,사과-후지,5,11,False,False,False,False,True,False,False,False,False,False,False,False,False,True,False,사과(후지),81.02416107382537,0.41977852581243896,,,,,,,,
202205중순,411.0,사과,5.0,후지,상품,개,10.0,28292.0,,27899.0,34386.0,21756.6666666666,2022,중순,2022-05-11,사과-후지,5,11,False,False,False,False,True,False,False,False,False,False,False,False,False,True,False,사과(후지),81.02416107382537,0.41977852581243896,,,,,,,,
202205중순,411.0,사과,5.0,후지,상품,개,10.0,28292.0,,27899.0,34386.0,21756.6666666666,2022,중순,2022-05-11,사과-후지,5,11,False,False,False,False,True,False,False,False,False,False,False,False,False,True,False,사과(후지),81.02416107382537,0.41977852581243896,,,,,,,,
202205중순,411.0,사과,5.0,후지,상품,개,10.0,28292.0,,27899.0,34386.0,21756.6666666666,2022,중순,2022-05-11,사과-후지,5,11,False,False,False,False,True,False,False,False,False,False,False,False,False,True,False,사과(후지),81.02416107382537,0.41977852581243896,,,,,,,,
202205중순,411.0,사과,5.0,후지,상품,개,10.0,28292.0,,27899.0,34386.0,21756.6666666666,2022,중순,2022-05-11,사과-후지,5,11,False,False,False,False,True,False,False,False,False,False,False,False,False,True,False,사과(후지),81.02416107382537,0.41977852581243896,,,,,,,,
202205중순,411.0,사과,5.0,후지,상품,개,10.0,28292.0,,27899.0,34386.0,21756.6666666666,2022,중순,2022-05-11,사과-후지,5,11,False,False,False,False,True,False,False,False,False,False,False,False,False,True,False,사과(후지),81.02416107382537,0.41977852581243896,,,,,,,,
202205중순,411.0,사과,5.0,후지,상품,개,10.0,28292.0,,27899.0,34386.0,21756.6666666666,2022,중순,2022-05-11,사과-후지,5,11,False,False,False,False,True,False,False,False,False,False,False,False,False,True,False,사과(후지),81.02416107382537,0.41977852581243896,,,,,,,,
202205중순,411.0,사과,5.0,후지,상품,개,10.0,28292.0,,27899.0,34386.0,21756.6666666666,2022,중순,2022-05-11,사과-후지,5,11,False,False,False,False,True,False,False,False,False,False,False,False,False,True,False,사과(후지),81.02416107382537,0.41977852581243896,,,,,,,,
202205중순,411.0,사과,5.0,후지,상품,개,10.0,28292.0,,27899.0,34386.0,21756.6666666666,2022,중순,2022-05-11,사과-후지,5,11,False,False,False,False,True,False,False,False,False,False,False,False,False,True,False,사과(후지),81.02416107382537,0.41977852581243896,,,,,,,,
202205중순,411.0,사과,5.0,후지,상품,개,10.0,28292.0,,27899.0,34386.0,21756.6666666666,2022,중순,2022-05-11,사과-후지,5,11,False,False,False,False,True,False,False,False,False,False,False,False,False,True,False,사과(후지),81.02416107382537,0.41977852581243896,,,,,,,,
202205중순,411.0,사과,5.0,후지,상품,개,10.0,28292.0,,27899.0,34386.0,21756.6666666666,2022,중순,2022-05-11,사과-후지,5,11,False,False,False,False,True,False,False,False,False,False,False,False,False,True,False,사과(후지),81.02416107382537,0.41977852581243896,,,,,,,,
202205중순,411.0,사과,5.0,후지,상품,개,10.0,28292.0,,27899.0,34386.0,21756.6666666666,2022,중순,2022-05-11,사과-후지,5,11,False,False,False,False,True,False,False,False,False,False,False,False,False,True,False,사과(후지),81.02416107382537,0.41977852581243896,,,,,,,,
202205중순,411.0,사과,5.0,후지,상품,개,10.0,28292.0,,27899.0,34386.0,21756.6666666666,2022,중순,2022-05-11,사과-후지,5,11,False,False,False,False,True,False,False,False,False,False,False,False,False,True,False,사과(후지),81.02416107382537,0.41977852581243896,,,,,,,,
202205중순,411.0,사과,5.0,후지,상품,개,10.0,28292.0,,27899.0,34386.0,21756.6666666666,2022,중순,2022-05-11,사과-후지,5,11,False,False,False,False,True,False,False,False,False,False,False,False,False,True,False,사과(후지),81.02416107382537,0.41977852581243896,,,,,,,,
202205중순,411.0,사과,5.0,후지,상품,개,10.0,28292.0,,27899.0,34386.0,21756.6666666666,2022,중순,2022-05-11,사과-후지,5,11,False,False,False,False,True,False,False,False,False,False,False,False,False,True,False,사과(후지),81.02416107382537,0.41977852581243896,,,,,,,,
202205중순,411.0,사과,5.0,후지,상품,개,10.0,28292.0,,27899.0,34386.0,21756.6666666666,2022,중순,2022-05-11,사과-후지,5,11,False,False,False,False,True,False,False,False,False,False,False,False,False,True,False,사과(후지),81.02416107382537,0.41977852581243896,,,,,,,,
202205중순,411.0,사과,5.0,후지,상품,개,10.0,28292.0,,27899.0,34386.0,21756.6666666666,2022,중순,2022-05-11,사과-후지,5,11,False,False,False,False,True,False,False,False,False,False,False,False,False,True,False,사과(후지),81.02416107382537,0.41977852581243896,,,,,,,,
202205중순,411.0,사과,5.0,후지,상품,개,10.0,28292.0,,27899.0,34386.0,21756.6666666666,2022,중순,2022-05-11,사과-후지,5,11,False,False,False,False,True,False,False,False,False,False,False,False,False,True,False,사과(후지),81.02416107382537,0.41977852581243896,,,,,,,,
202205하순,411.0,사과,5.0,후지,상품,개,10.0,28180.0,,28561.0,32823.0,21675.6666666666,2022,하순,2022-05-21,사과-후지,5,21,False,False,False,False,True,False,False,False,False,False,False,False,False,False,True,사과(후지),80.60536912751665,0.4636960981121312,,,,,,,,
202205하순,411.0,사과,5.0,후지,상품,개,10.0,28180.0,,28561.0,32823.0,21675.6666666666,2022,하순,2022-05-21,사과-후지,5,21,False,False,False,False,True,False,False,False,False,False,False,False,False,False,True,사과(후지),80.60536912751665,0.4636960981121312,,,,,,,,
202205하순,411.0,사과,5.0,후지,상품,개,10.0,28180.0,,28561.0,32823.0,21675.6666666666,2022,하순,2022-05-21,사과-후지,5,21,False,False,False,False,True,False,False,False,False,False,False,False,False,False,True,사과(후지),80.60536912751665,0.4636960981121312,,,,,,,,
202205하순,411.0,사과,5.0,후지,상품,개,10.0,28180.0,,28561.0,32823.0,21675.6666666666,2022,하순,2022-05-21,사과-후지,5,21,False,False,False,False,True,False,False,False,False,False,False,False,False,False,True,사과(후지),80.60536912751665,0.4636960981121312,,,,,,,,
202205하순,411.0,사과,5.0,후지,상품,개,10.0,28180.0,,28561.0,32823.0,21675.6666666666,2022,하순,2022-05-21,사과-후지,5,21,False,False,False,False,True,False,False,False,False,False,False,False,False,False,True,사과(후지),80.60536912751665,0.4636960981121312,,,,,,,,
202205하순,411.0,사과,5.0,후지,상품,개,10.0,28180.0,,28561.0,32823.0,21675.6666666666,2022,하순,2022-05-21,사과-후지,5,21,False,False,False,False,True,False,False,False,False,False,False,False,False,False,True,사과(후지),80.60536912751665,0.4636960981121312,,,,,,,,
202205하순,411.0,사과,5.0,후지,상품,개,10.0,28180.0,,28561.0,32823.0,21675.6666666666,2022,하순,2022-05-21,사과-후지,5,21,False,False,False,False,True,False,False,False,False,False,False,False,False,False,True,사과(후지),80.60536912751665,0.4636960981121312,,,,,,,,
202205하순,411.0,사과,5.0,후지,상품,개,10.0,28180.0,,28561.0,32823.0,21675.6666666666,2022,하순,2022-05-21,사과-후지,5,21,False,False,False,False,True,False,False,False,False,False,False,False,False,False,True,사과(후지),80.60536912751665,0.4636960981121312,,,,,,,,
202205하순,411.0,사과,5.0,후지,상품,개,10.0,28180.0,,28561.0,32823.0,21675.6666666666,2022,하순,2022-05-21,사과-후지,5,21,False,False,False,False,True,False,False,False,False,False,False,False,False,False,True,사과(후지),80.60536912751665,0.4636960981121312,,,,,,,,
202205하순,411.0,사과,5.0,후지,상품,개,10.0,28180.0,,28561.0,32823.0,21675.6666666666,2022,하순,2022-05-21,사과-후지,5,21,False,False,False,False,True,False,False,False,False,False,False,False,False,False,True,사과(후지),80.60536912751665,0.4636960981121312,,,,,,,,
202205하순,411.0,사과,5.0,후지,상품,개,10.0,28180.0,,28561.0,32823.0,21675.6666666666,2022,하순,2022-05-21,사과-후지,5,21,False,False,False,False,True,False,False,False,False,False,False,False,False,False,True,사과(후지),80.60536912751665,0.4636960981121312,,,,,,,,
202205하순,411.0,사과,5.0,후지,상품,개,10.0,28180.0,,28561.0,32823.0,21675.6666666666,2022,하순,2022-05-21,사과-후지,5,21,False,False,False,False,True,False,False,False,False,False,False,False,False,False,True,사과(후지),80.60536912751665,0.4636960981121312,,,,,,,,
202205하순,411.0,사과,5.0,후지,상품,개,10.0,28180.0,,28561.0,32823.0,21675.6666666666,2022,하순,2022-05-21,사과-후지,5,21,False,False,False,False,True,False,False,False,False,False,False,False,False,False,True,사과(후지),80.60536912751665,0.4636960981121312,,,,,,,,
202205하순,411.0,사과,5.0,후지,상품,개,10.0,28180.0,,28561.0,32823.0,21675.6666666666,2022,하순,2022-05-21,사과-후지,5,21,False,False,False,False,True,False,False,False,False,False,False,False,False,False,True,사과(후지),80.60536912751665,0.4636960981121312,,,,,,,,
202205하순,411.0,사과,5.0,후지,상품,개,10.0,28180.0,,28561.0,32823.0,21675.6666666666,2022,하순,2022-05-21,사과-후지,5,21,False,False,False,False,True,False,False,False,False,False,False,False,False,False,True,사과(후지),80.60536912751665,0.4636960981121312,,,,,,,,
202205하순,411.0,사과,5.0,후지,상품,개,10.0,28180.0,,28561.0,32823.0,21675.6666666666,2022,하순,2022-05-21,사과-후지,5,21,False,False,False,False,True,False,False,False,False,False,False,False,False,False,True,사과(후지),80.60536912751665,0.4636960981121312,,,,,,,,
202205하순,411.0,사과,5.0,후지,상품,개,10.0,28180.0,,28561.0,32823.0,21675.6666666666,2022,하순,2022-05-21,사과-후지,5,21,False,False,False,False,True,False,False,False,False,False,False,False,False,False,True,사과(후지),80.60536912751665,0.4636960981121312,,,,,,,,
202205하순,411.0,사과,5.0,후지,상품,개,10.0,28180.0,,28561.0,32823.0,21675.6666666666,2022,하순,2022-05-21,사과-후지,5,21,False,False,False,False,True,False,False,False,False,False,False,False,False,False,True,사과(후지),80.60536912751665,0.4636960981121312,,,,,,,,
202205하순,411.0,사과,5.0,후지,상품,개,10.0,28180.0,,28561.0,32823.0,21675.6666666666,2022,하순,2022-05-21,사과-후지,5,21,False,False,False,False,True,False,False,False,False,False,False,False,False,False,True,사과(후지),80.60536912751665,0.4636960981121312,,,,,,,,
202205하순,411.0,사과,5.0,후지,상품,개,10.0,28180.0,,28561.0,32823.0,21675.6666666666,2022,하순,2022-05-21,사과-후지,5,21,False,False,False,False,True,False,False,False,False,False,False,False,False,False,True,사과(후지),80.60536912751665,0.4636960981121312,,,,,,,,
202205하순,411.0,사과,5.0,후지,상품,개,10.0,28180.0,,28561.0,32823.0,21675.6666666666,2022,하순,2022-05-21,사과-후지,5,21,False,False,False,False,True,False,False,False,False,False,False,False,False,False,True,사과(후지),80.60536912751665,0.4636960981121312,,,,,,,,
202206상순,411.0,사과,5.0,후지,상품,개,10.0,28270.0,,28752.0,33013.0,22235.3333333333,2022,상순,2022-06-01,사과-후지,6,1,False,False,False,False,False,True,False,False,False,False,False,False,True,False,False,사과(후지),94.81476510067102,0.49293924466338246,,,,,,,,
202206상순,411.0,사과,5.0,후지,상품,개,10.0,28270.0,,28752.0,33013.0,22235.3333333333,2022,상순,2022-06-01,사과-후지,6,1,False,False,False,False,False,True,False,False,False,False,False,False,True,False,False,사과(후지),94.81476510067102,0.49293924466338246,,,,,,,,
202206상순,411.0,사과,5.0,후지,상품,개,10.0,28270.0,,28752.0,33013.0,22235.3333333333,2022,상순,2022-06-01,사과-후지,6,1,False,False,False,False,False,True,False,False,False,False,False,False,True,False,False,사과(후지),94.81476510067102,0.49293924466338246,,,,,,,,
202206상순,411.0,사과,5.0,후지,상품,개,10.0,28270.0,,28752.0,33013.0,22235.3333333333,2022,상순,2022-06-01,사과-후지,6,1,False,False,False,False,False,True,False,False,False,False,False,False,True,False,False,사과(후지),94.81476510067102,0.49293924466338246,,,,,,,,
202206상순,411.0,사과,5.0,후지,상품,개,10.0,28270.0,,28752.0,33013.0,22235.3333333333,2022,상순,2022-06-01,사과-후지,6,1,False,False,False,False,False,True,False,False,False,False,False,False,True,False,False,사과(후지),94.81476510067102,0.49293924466338246,,,,,,,,
202206상순,411.0,사과,5.0,후지,상품,개,10.0,28270.0,,28752.0,33013.0,22235.3333333333,2022,상순,2022-06-01,사과-후지,6,1,False,False,False,False,False,True,False,False,False,False,False,False,True,False,False,사과(후지),94.81476510067102,0.49293924466338246,,,,,,,,
202206상순,411.0,사과,5.0,후지,상품,개,10.0,28270.0,,28752.0,33013.0,22235.3333333333,2022,상순,2022-06-01,사과-후지,6,1,False,False,False,False,False,True,False,False,False,False,False,False,True,False,False,사과(후지),94.81476510067102,0.49293924466338246,,,,,,,,
202206상순,411.0,사과,5.0,후지,상품,개,10.0,28270.0,,28752.0,33013.0,22235.3333333333,2022,상순,2022-06-01,사과-후지,6,1,False,False,False,False,False,True,False,False,False,False,False,False,True,False,False,사과(후지),94.81476510067102,0.49293924466338246,,,,,,,,
202206상순,411.0,사과,5.0,후지,상품,개,10.0,28270.0,,28752.0,33013.0,22235.3333333333,2022,상순,2022-06-01,사과-후지,6,1,False,False,False,False,False,True,False,False,False,False,False,False,True,False,False,사과(후지),94.81476510067102,0.49293924466338246,,,,,,,,
202206상순,411.0,사과,5.0,후지,상품,개,10.0,28270.0,,28752.0,33013.0,22235.3333333333,2022,상순,2022-06-01,사과-후지,6,1,False,False,False,False,False,True,False,False,False,False,False,False,True,False,False,사과(후지),94.81476510067102,0.49293924466338246,,,,,,,,
202206상순,411.0,사과,5.0,후지,상품,개,10.0,28270.0,,28752.0,33013.0,22235.3333333333,2022,상순,2022-06-01,사과-후지,6,1,False,False,False,False,False,True,False,False,False,False,False,False,True,False,False,사과(후지),94.81476510067102,0.49293924466338246,,,,,,,,
202206상순,411.0,사과,5.0,후지,상품,개,10.0,28270.0,,28752.0,33013.0,22235.3333333333,2022,상순,2022-06-01,사과-후지,6,1,False,False,False,False,False,True,False,False,False,False,False,False,True,False,False,사과(후지),94.81476510067102,0.49293924466338246,,,,,,,,
202206상순,411.0,사과,5.0,후지,상품,개,10.0,28270.0,,28752.0,33013.0,22235.3333333333,2022,상순,2022-06-01,사과-후지,6,1,False,False,False,False,False,True,False,False,False,False,False,False,True,False,False,사과(후지),94.81476510067102,0.49293924466338246,,,,,,,,
202206상순,411.0,사과,5.0,후지,상품,개,10.0,28270.0,,28752.0,33013.0,22235.3333333333,2022,상순,2022-06-01,사과-후지,6,1,False,False,False,False,False,True,False,False,False,False,False,False,True,False,False,사과(후지),94.81476510067102,0.49293924466338246,,,,,,,,
202206상순,411.0,사과,5.0,후지,상품,개,10.0,28270.0,,28752.0,33013.0,22235.3333333333,2022,상순,2022-06-01,사과-후지,6,1,False,False,False,False,False,True,False,False,False,False,False,False,True,False,False,사과(후지),94.81476510067102,0.49293924466338246,,,,,,,,
202206상순,411.0,사과,5.0,후지,상품,개,10.0,28270.0,,28752.0,33013.0,22235.3333333333,2022,상순,2022-06-01,사과-후지,6,1,False,False,False,False,False,True,False,False,False,False,False,False,True,False,False,사과(후지),94.81476510067102,0.49293924466338246,,,,,,,,
202206상순,411.0,사과,5.0,후지,상품,개,10.0,28270.0,,28752.0,33013.0,22235.3333333333,2022,상순,2022-06-01,사과-후지,6,1,False,False,False,False,False,True,False,False,False,False,False,False,True,False,False,사과(후지),94.81476510067102,0.49293924466338246,,,,,,,,
202206상순,411.0,사과,5.0,후지,상품,개,10.0,28270.0,,28752.0,33013.0,22235.3333333333,2022,상순,2022-06-01,사과-후지,6,1,False,False,False,False,False,True,False,False,False,False,False,False,True,False,False,사과(후지),94.81476510067102,0.49293924466338246,,,,,,,,
202206상순,411.0,사과,5.0,후지,상품,개,10.0,28270.0,,28752.0,33013.0,22235.3333333333,2022,상순,2022-06-01,사과-후지,6,1,False,False,False,False,False,True,False,False,False,False,False,False,True,False,False,사과(후지),94.81476510067102,0.49293924466338246,,,,,,,,
202206상순,411.0,사과,5.0,후지,상품,개,10.0,28270.0,,28752.0,33013.0,22235.3333333333,2022,상순,2022-06-01,사과-후지,6,1,False,False,False,False,False,True,False,False,False,False,False,False,True,False,False,사과(후지),94.81476510067102,0.49293924466338246,,,,,,,,
202206상순,411.0,사과,5.0,후지,상품,개,10.0,28270.0,,28752.0,33013.0,22235.3333333333,2022,상순,2022-06-01,사과-후지,6,1,False,False,False,False,False,True,False,False,False,False,False,False,True,False,False,사과(후지),94.81476510067102,0.49293924466338246,,,,,,,,
202206중순,411.0,사과,5.0,후지,상품,개,10.0,28576.0,,28292.0,34023.0,23061.6666666666,2022,중순,2022-06-11,사과-후지,6,11,False,False,False,False,False,True,False,False,False,False,False,False,False,True,False,사과(후지),100.79328859060388,0.5307616155548881,,,,,,,,
202206중순,411.0,사과,5.0,후지,상품,개,10.0,28576.0,,28292.0,34023.0,23061.6666666666,2022,중순,2022-06-11,사과-후지,6,11,False,False,False,False,False,True,False,False,False,False,False,False,False,True,False,사과(후지),100.79328859060388,0.5307616155548881,,,,,,,,
202206중순,411.0,사과,5.0,후지,상품,개,10.0,28576.0,,28292.0,34023.0,23061.6666666666,2022,중순,2022-06-11,사과-후지,6,11,False,False,False,False,False,True,False,False,False,False,False,False,False,True,False,사과(후지),100.79328859060388,0.5307616155548881,,,,,,,,
202206중순,411.0,사과,5.0,후지,상품,개,10.0,28576.0,,28292.0,34023.0,23061.6666666666,2022,중순,2022-06-11,사과-후지,6,11,False,False,False,False,False,True,False,False,False,False,False,False,False,True,False,사과(후지),100.79328859060388,0.5307616155548881,,,,,,,,
202206중순,411.0,사과,5.0,후지,상품,개,10.0,28576.0,,28292.0,34023.0,23061.6666666666,2022,중순,2022-06-11,사과-후지,6,11,False,False,False,False,False,True,False,False,False,False,False,False,False,True,False,사과(후지),100.79328859060388,0.5307616155548881,,,,,,,,
202206중순,411.0,사과,5.0,후지,상품,개,10.0,28576.0,,28292.0,34023.0,23061.6666666666,2022,중순,2022-06-11,사과-후지,6,11,False,False,False,False,False,True,False,False,False,False,False,False,False,True,False,사과(후지),100.79328859060388,0.5307616155548881,,,,,,,,
202206중순,411.0,사과,5.0,후지,상품,개,10.0,28576.0,,28292.0,34023.0,23061.6666666666,2022,중순,2022-06-11,사과-후지,6,11,False,False,False,False,False,True,False,False,False,False,False,False,False,True,False,사과(후지),100.79328859060388,0.5307616155548881,,,,,,,,
202206중순,411.0,사과,5.0,후지,상품,개,10.0,28576.0,,28292.0,34023.0,23061.6666666666,2022,중순,2022-06-11,사과-후지,6,11,False,False,False,False,False,True,False,False,False,False,False,False,False,True,False,사과(후지),100.79328859060388,0.5307616155548881,,,,,,,,
202206중순,411.0,사과,5.0,후지,상품,개,10.0,28576.0,,28292.0,34023.0,23061.6666666666,2022,중순,2022-06-11,사과-후지,6,11,False,False,False,False,False,True,False,False,False,False,False,False,False,True,False,사과(후지),100.79328859060388,0.5307616155548881,,,,,,,,
202206중순,411.0,사과,5.0,후지,상품,개,10.0,28576.0,,28292.0,34023.0,23061.6666666666,2022,중순,2022-06-11,사과-후지,6,11,False,False,False,False,False,True,False,False,False,False,False,False,False,True,False,사과(후지),100.79328859060388,0.5307616155548881,,,,,,,,
202206중순,411.0,사과,5.0,후지,상품,개,10.0,28576.0,,28292.0,34023.0,23061.6666666666,2022,중순,2022-06-11,사과-후지,6,11,False,False,False,False,False,True,False,False,False,False,False,False,False,True,False,사과(후지),100.79328859060388,0.5307616155548881,,,,,,,,
202206중순,411.0,사과,5.0,후지,상품,개,10.0,28576.0,,28292.0,34023.0,23061.6666666666,2022,중순,2022-06-11,사과-후지,6,11,False,False,False,False,False,True,False,False,False,False,False,False,False,True,False,사과(후지),100.79328859060388,0.5307616155548881,,,,,,,,
202206중순,411.0,사과,5.0,후지,상품,개,10.0,28576.0,,28292.0,34023.0,23061.6666666666,2022,중순,2022-06-11,사과-후지,6,11,False,False,False,False,False,True,False,False,False,False,False,False,False,True,False,사과(후지),100.79328859060388,0.5307616155548881,,,,,,,,
202206중순,411.0,사과,5.0,후지,상품,개,10.0,28576.0,,28292.0,34023.0,23061.6666666666,2022,중순,2022-06-11,사과-후지,6,11,False,False,False,False,False,True,False,False,False,False,False,False,False,True,False,사과(후지),100.79328859060388,0.5307616155548881,,,,,,,,
202206중순,411.0,사과,5.0,후지,상품,개,10.0,28576.0,,28292.0,34023.0,23061.6666666666,2022,중순,2022-06-11,사과-후지,6,11,False,False,False,False,False,True,False,False,False,False,False,False,False,True,False,사과(후지),100.79328859060388,0.5307616155548881,,,,,,,,
202206중순,411.0,사과,5.0,후지,상품,개,10.0,28576.0,,28292.0,34023.0,23061.6666666666,2022,중순,2022-06-11,사과-후지,6,11,False,False,False,False,False,True,False,False,False,False,False,False,False,True,False,사과(후지),100.79328859060388,0.5307616155548881,,,,,,,,
202206중순,411.0,사과,5.0,후지,상품,개,10.0,28576.0,,28292.0,34023.0,23061.6666666666,2022,중순,2022-06-11,사과-후지,6,11,False,False,False,False,False,True,False,False,False,False,False,False,False,True,False,사과(후지),100.79328859060388,0.5307616155548881,,,,,,,,
202206중순,411.0,사과,5.0,후지,상품,개,10.0,28576.0,,28292.0,34023.0,23061.6666666666,2022,중순,2022-06-11,사과-후지,6,11,False,False,False,False,False,True,False,False,False,False,False,False,False,True,False,사과(후지),100.79328859060388,0.5307616155548881,,,,,,,,
202206중순,411.0,사과,5.0,후지,상품,개,10.0,28576.0,,28292.0,34023.0,23061.6666666666,2022,중순,2022-06-11,사과-후지,6,11,False,False,False,False,False,True,False,False,False,False,False,False,False,True,False,사과(후지),100.79328859060388,0.5307616155548881,,,,,,,,
202206중순,411.0,사과,5.0,후지,상품,개,10.0,28576.0,,28292.0,34023.0,23061.6666666666,2022,중순,2022-06-11,사과-후지,6,11,False,False,False,False,False,True,False,False,False,False,False,False,False,True,False,사과(후지),100.79328859060388,0.5307616155548881,,,,,,,,
202206중순,411.0,사과,5.0,후지,상품,개,10.0,28576.0,,28292.0,34023.0,23061.6666666666,2022,중순,2022-06-11,사과-후지,6,11,False,False,False,False,False,True,False,False,False,False,False,False,False,True,False,사과(후지),100.79328859060388,0.5307616155548881,,,,,,,,
202206중순,411.0,사과,5.0,후지,상품,개,10.0,28576.0,,28292.0,34023.0,23061.6666666666,2022,중순,2022-06-11,사과-후지,6,11,False,False,False,False,False,True,False,False,False,False,False,False,False,True,False,사과(후지),100.79328859060388,0.5307616155548881,,,,,,,,
202206중순,411.0,사과,5.0,후지,상품,개,10.0,28576.0,,28292.0,34023.0,23061.6666666666,2022,중순,2022-06-11,사과-후지,6,11,False,False,False,False,False,True,False,False,False,False,False,False,False,True,False,사과(후지),100.79328859060388,0.5307616155548881,,,,,,,,
202206하순,411.0,사과,5.0,후지,상품,개,10.0,29374.0,,28180.0,33554.0,23736.3333333333,2022,하순,2022-06-21,사과-후지,6,21,False,False,False,False,False,True,False,False,False,False,False,False,False,False,True,사과(후지),192.40805369127497,0.5940208065208065,,,,,,,,
202206하순,411.0,사과,5.0,후지,상품,개,10.0,29374.0,,28180.0,33554.0,23736.3333333333,2022,하순,2022-06-21,사과-후지,6,21,False,False,False,False,False,True,False,False,False,False,False,False,False,False,True,사과(후지),192.40805369127497,0.5940208065208065,,,,,,,,
202206하순,411.0,사과,5.0,후지,상품,개,10.0,29374.0,,28180.0,33554.0,23736.3333333333,2022,하순,2022-06-21,사과-후지,6,21,False,False,False,False,False,True,False,False,False,False,False,False,False,False,True,사과(후지),192.40805369127497,0.5940208065208065,,,,,,,,
202206하순,411.0,사과,5.0,후지,상품,개,10.0,29374.0,,28180.0,33554.0,23736.3333333333,2022,하순,2022-06-21,사과-후지,6,21,False,False,False,False,False,True,False,False,False,False,False,False,False,False,True,사과(후지),192.40805369127497,0.5940208065208065,,,,,,,,
202206하순,411.0,사과,5.0,후지,상품,개,10.0,29374.0,,28180.0,33554.0,23736.3333333333,2022,하순,2022-06-21,사과-후지,6,21,False,False,False,False,False,True,False,False,False,False,False,False,False,False,True,사과(후지),192.40805369127497,0.5940208065208065,,,,,,,,
202206하순,411.0,사과,5.0,후지,상품,개,10.0,29374.0,,28180.0,33554.0,23736.3333333333,2022,하순,2022-06-21,사과-후지,6,21,False,False,False,False,False,True,False,False,False,False,False,False,False,False,True,사과(후지),192.40805369127497,0.5940208065208065,,,,,,,,
202206하순,411.0,사과,5.0,후지,상품,개,10.0,29374.0,,28180.0,33554.0,23736.3333333333,2022,하순,2022-06-21,사과-후지,6,21,False,False,False,False,False,True,False,False,False,False,False,False,False,False,True,사과(후지),192.40805369127497,0.5940208065208065,,,,,,,,
202206하순,411.0,사과,5.0,후지,상품,개,10.0,29374.0,,28180.0,33554.0,23736.3333333333,2022,하순,2022-06-21,사과-후지,6,21,False,False,False,False,False,True,False,False,False,False,False,False,False,False,True,사과(후지),192.40805369127497,0.5940208065208065,,,,,,,,
202206하순,411.0,사과,5.0,후지,상품,개,10.0,29374.0,,28180.0,33554.0,23736.3333333333,2022,하순,2022-06-21,사과-후지,6,21,False,False,False,False,False,True,False,False,False,False,False,False,False,False,True,사과(후지),192.40805369127497,0.5940208065208065,,,,,,,,
202206하순,411.0,사과,5.0,후지,상품,개,10.0,29374.0,,28180.0,33554.0,23736.3333333333,2022,하순,2022-06-21,사과-후지,6,21,False,False,False,False,False,True,False,False,False,False,False,False,False,False,True,사과(후지),192.40805369127497,0.5940208065208065,,,,,,,,
202206하순,411.0,사과,5.0,후지,상품,개,10.0,29374.0,,28180.0,33554.0,23736.3333333333,2022,하순,2022-06-21,사과-후지,6,21,False,False,False,False,False,True,False,False,False,False,False,False,False,False,True,사과(후지),192.40805369127497,0.5940208065208065,,,,,,,,
202206하순,411.0,사과,5.0,후지,상품,개,10.0,29374.0,,28180.0,33554.0,23736.3333333333,2022,하순,2022-06-21,사과-후지,6,21,False,False,False,False,False,True,False,False,False,False,False,False,False,False,True,사과(후지),192.40805369127497,0.5940208065208065,,,,,,,,
202206하순,411.0,사과,5.0,후지,상품,개,10.0,29374.0,,28180.0,33554.0,23736.3333333333,2022,하순,2022-06-21,사과-후지,6,21,False,False,False,False,False,True,False,False,False,False,False,False,False,False,True,사과(후지),192.40805369127497,0.5940208065208065,,,,,,,,
202206하순,411.0,사과,5.0,후지,상품,개,10.0,29374.0,,28180.0,33554.0,23736.3333333333,2022,하순,2022-06-21,사과-후지,6,21,False,False,False,False,False,True,False,False,False,False,False,False,False,False,True,사과(후지),192.40805369127497,0.5940208065208065,,,,,,,,
202206하순,411.0,사과,5.0,후지,상품,개,10.0,29374.0,,28180.0,33554.0,23736.3333333333,2022,하순,2022-06-21,사과-후지,6,21,False,False,False,False,False,True,False,False,False,False,False,False,False,False,True,사과(후지),192.40805369127497,0.5940208065208065,,,,,,,,
202206하순,411.0,사과,5.0,후지,상품,개,10.0,29374.0,,28180.0,33554.0,23736.3333333333,2022,하순,2022-06-21,사과-후지,6,21,False,False,False,False,False,True,False,False,False,False,False,False,False,False,True,사과(후지),192.40805369127497,0.5940208065208065,,,,,,,,
202206하순,411.0,사과,5.0,후지,상품,개,10.0,29374.0,,28180.0,33554.0,23736.3333333333,2022,하순,2022-06-21,사과-후지,6,21,False,False,False,False,False,True,False,False,False,False,False,False,False,False,True,사과(후지),192.40805369127497,0.5940208065208065,,,,,,,,
202206하순,411.0,사과,5.0,후지,상품,개,10.0,29374.0,,28180.0,33554.0,23736.3333333333,2022,하순,2022-06-21,사과-후지,6,21,False,False,False,False,False,True,False,False,False,False,False,False,False,False,True,사과(후지),192.40805369127497,0.5940208065208065,,,,,,,,
202206하순,411.0,사과,5.0,후지,상품,개,10.0,29374.0,,28180.0,33554.0,23736.3333333333,2022,하순,2022-06-21,사과-후지,6,21,False,False,False,False,False,True,False,False,False,False,False,False,False,False,True,사과(후지),192.40805369127497,0.5940208065208065,,,,,,,,
202206하순,411.0,사과,5.0,후지,상품,개,10.0,29374.0,,28180.0,33554.0,23736.3333333333,2022,하순,2022-06-21,사과-후지,6,21,False,False,False,False,False,True,False,False,False,False,False,False,False,False,True,사과(후지),192.40805369127497,0.5940208065208065,,,,,,,,
202206하순,411.0,사과,5.0,후지,상품,개,10.0,29374.0,,28180.0,33554.0,23736.3333333333,2022,하순,2022-06-21,사과-후지,6,21,False,False,False,False,False,True,False,False,False,False,False,False,False,False,True,사과(후지),192.40805369127497,0.5940208065208065,,,,,,,,
202207상순,411.0,사과,5.0,후지,상품,개,10.0,29779.0,,28270.0,33200.0,24195.3333333333,2022,상순,2022-07-01,사과-후지,7,1,False,False,False,False,False,False,True,False,False,False,False,False,True,False,False,사과(후지),200.34496644295285,0.644832792572842,,,,,,,,
202207상순,411.0,사과,5.0,후지,상품,개,10.0,29779.0,,28270.0,33200.0,24195.3333333333,2022,상순,2022-07-01,사과-후지,7,1,False,False,False,False,False,False,True,False,False,False,False,False,True,False,False,사과(후지),200.34496644295285,0.644832792572842,,,,,,,,
202207상순,411.0,사과,5.0,후지,상품,개,10.0,29779.0,,28270.0,33200.0,24195.3333333333,2022,상순,2022-07-01,사과-후지,7,1,False,False,False,False,False,False,True,False,False,False,False,False,True,False,False,사과(후지),200.34496644295285,0.644832792572842,,,,,,,,
202207상순,411.0,사과,5.0,후지,상품,개,10.0,29779.0,,28270.0,33200.0,24195.3333333333,2022,상순,2022-07-01,사과-후지,7,1,False,False,False,False,False,False,True,False,False,False,False,False,True,False,False,사과(후지),200.34496644295285,0.644832792572842,,,,,,,,
202207상순,411.0,사과,5.0,후지,상품,개,10.0,29779.0,,28270.0,33200.0,24195.3333333333,2022,상순,2022-07-01,사과-후지,7,1,False,False,False,False,False,False,True,False,False,False,False,False,True,False,False,사과(후지),200.34496644295285,0.644832792572842,,,,,,,,
202207상순,411.0,사과,5.0,후지,상품,개,10.0,29779.0,,28270.0,33200.0,24195.3333333333,2022,상순,2022-07-01,사과-후지,7,1,False,False,False,False,False,False,True,False,False,False,False,False,True,False,False,사과(후지),200.34496644295285,0.644832792572842,,,,,,,,
202207상순,411.0,사과,5.0,후지,상품,개,10.0,29779.0,,28270.0,33200.0,24195.3333333333,2022,상순,2022-07-01,사과-후지,7,1,False,False,False,False,False,False,True,False,False,False,False,False,True,False,False,사과(후지),200.34496644295285,0.644832792572842,,,,,,,,
202207상순,411.0,사과,5.0,후지,상품,개,10.0,29779.0,,28270.0,33200.0,24195.3333333333,2022,상순,2022-07-01,사과-후지,7,1,False,False,False,False,False,False,True,False,False,False,False,False,True,False,False,사과(후지),200.34496644295285,0.644832792572842,,,,,,,,
202207상순,411.0,사과,5.0,후지,상품,개,10.0,29779.0,,28270.0,33200.0,24195.3333333333,2022,상순,2022-07-01,사과-후지,7,1,False,False,False,False,False,False,True,False,False,False,False,False,True,False,False,사과(후지),200.34496644295285,0.644832792572842,,,,,,,,
202207상순,411.0,사과,5.0,후지,상품,개,10.0,29779.0,,28270.0,33200.0,24195.3333333333,2022,상순,2022-07-01,사과-후지,7,1,False,False,False,False,False,False,True,False,False,False,False,False,True,False,False,사과(후지),200.34496644295285,0.644832792572842,,,,,,,,
202207상순,411.0,사과,5.0,후지,상품,개,10.0,29779.0,,28270.0,33200.0,24195.3333333333,2022,상순,2022-07-01,사과-후지,7,1,False,False,False,False,False,False,True,False,False,False,False,False,True,False,False,사과(후지),200.34496644295285,0.644832792572842,,,,,,,,
202207상순,411.0,사과,5.0,후지,상품,개,10.0,29779.0,,28270.0,33200.0,24195.3333333333,2022,상순,2022-07-01,사과-후지,7,1,False,False,False,False,False,False,True,False,False,False,False,False,True,False,False,사과(후지),200.34496644295285,0.644832792572842,,,,,,,,
202207상순,411.0,사과,5.0,후지,상품,개,10.0,29779.0,,28270.0,33200.0,24195.3333333333,2022,상순,2022-07-01,사과-후지,7,1,False,False,False,False,False,False,True,False,False,False,False,False,True,False,False,사과(후지),200.34496644295285,0.644832792572842,,,,,,,,
202207상순,411.0,사과,5.0,후지,상품,개,10.0,29779.0,,28270.0,33200.0,24195.3333333333,2022,상순,2022-07-01,사과-후지,7,1,False,False,False,False,False,False,True,False,False,False,False,False,True,False,False,사과(후지),200.34496644295285,0.644832792572842,,,,,,,,
202207상순,411.0,사과,5.0,후지,상품,개,10.0,29779.0,,28270.0,33200.0,24195.3333333333,2022,상순,2022-07-01,사과-후지,7,1,False,False,False,False,False,False,True,False,False,False,False,False,True,False,False,사과(후지),200.34496644295285,0.644832792572842,,,,,,,,
202207상순,411.0,사과,5.0,후지,상품,개,10.0,29779.0,,28270.0,33200.0,24195.3333333333,2022,상순,2022-07-01,사과-후지,7,1,False,False,False,False,False,False,True,False,False,False,False,False,True,False,False,사과(후지),200.34496644295285,0.644832792572842,,,,,,,,
202207상순,411.0,사과,5.0,후지,상품,개,10.0,29779.0,,28270.0,33200.0,24195.3333333333,2022,상순,2022-07-01,사과-후지,7,1,False,False,False,False,False,False,True,False,False,False,False,False,True,False,False,사과(후지),200.34496644295285,0.644832792572842,,,,,,,,
202207상순,411.0,사과,5.0,후지,상품,개,10.0,29779.0,,28270.0,33200.0,24195.3333333333,2022,상순,2022-07-01,사과-후지,7,1,False,False,False,False,False,False,True,False,False,False,False,False,True,False,False,사과(후지),200.34496644295285,0.644832792572842,,,,,,,,
202207상순,411.0,사과,5.0,후지,상품,개,10.0,29779.0,,28270.0,33200.0,24195.3333333333,2022,상순,2022-07-01,사과-후지,7,1,False,False,False,False,False,False,True,False,False,False,False,False,True,False,False,사과(후지),200.34496644295285,0.644832792572842,,,,,,,,
202207상순,411.0,사과,5.0,후지,상품,개,10.0,29779.0,,28270.0,33200.0,24195.3333333333,2022,상순,2022-07-01,사과-후지,7,1,False,False,False,False,False,False,True,False,False,False,False,False,True,False,False,사과(후지),200.34496644295285,0.644832792572842,,,,,,,,
202207상순,411.0,사과,5.0,후지,상품,개,10.0,29779.0,,28270.0,33200.0,24195.3333333333,2022,상순,2022-07-01,사과-후지,7,1,False,False,False,False,False,False,True,False,False,False,False,False,True,False,False,사과(후지),200.34496644295285,0.644832792572842,,,,,,,,
202207중순,411.0,사과,5.0,후지,상품,개,10.0,30045.0,,28576.0,33300.0,24642.3333333333,2022,중순,2022-07-11,사과-후지,7,11,False,False,False,False,False,False,True,False,False,False,False,False,False,True,False,사과(후지),253.9087248322146,0.6901153597164295,,,,,,,,
202207중순,411.0,사과,5.0,후지,상품,개,10.0,30045.0,,28576.0,33300.0,24642.3333333333,2022,중순,2022-07-11,사과-후지,7,11,False,False,False,False,False,False,True,False,False,False,False,False,False,True,False,사과(후지),253.9087248322146,0.6901153597164295,,,,,,,,
202207중순,411.0,사과,5.0,후지,상품,개,10.0,30045.0,,28576.0,33300.0,24642.3333333333,2022,중순,2022-07-11,사과-후지,7,11,False,False,False,False,False,False,True,False,False,False,False,False,False,True,False,사과(후지),253.9087248322146,0.6901153597164295,,,,,,,,
202207중순,411.0,사과,5.0,후지,상품,개,10.0,30045.0,,28576.0,33300.0,24642.3333333333,2022,중순,2022-07-11,사과-후지,7,11,False,False,False,False,False,False,True,False,False,False,False,False,False,True,False,사과(후지),253.9087248322146,0.6901153597164295,,,,,,,,
202207중순,411.0,사과,5.0,후지,상품,개,10.0,30045.0,,28576.0,33300.0,24642.3333333333,2022,중순,2022-07-11,사과-후지,7,11,False,False,False,False,False,False,True,False,False,False,False,False,False,True,False,사과(후지),253.9087248322146,0.6901153597164295,,,,,,,,
202207중순,411.0,사과,5.0,후지,상품,개,10.0,30045.0,,28576.0,33300.0,24642.3333333333,2022,중순,2022-07-11,사과-후지,7,11,False,False,False,False,False,False,True,False,False,False,False,False,False,True,False,사과(후지),253.9087248322146,0.6901153597164295,,,,,,,,
202207중순,411.0,사과,5.0,후지,상품,개,10.0,30045.0,,28576.0,33300.0,24642.3333333333,2022,중순,2022-07-11,사과-후지,7,11,False,False,False,False,False,False,True,False,False,False,False,False,False,True,False,사과(후지),253.9087248322146,0.6901153597164295,,,,,,,,
202207중순,411.0,사과,5.0,후지,상품,개,10.0,30045.0,,28576.0,33300.0,24642.3333333333,2022,중순,2022-07-11,사과-후지,7,11,False,False,False,False,False,False,True,False,False,False,False,False,False,True,False,사과(후지),253.9087248322146,0.6901153597164295,,,,,,,,
202207중순,411.0,사과,5.0,후지,상품,개,10.0,30045.0,,28576.0,33300.0,24642.3333333333,2022,중순,2022-07-11,사과-후지,7,11,False,False,False,False,False,False,True,False,False,False,False,False,False,True,False,사과(후지),253.9087248322146,0.6901153597164295,,,,,,,,
202207중순,411.0,사과,5.0,후지,상품,개,10.0,30045.0,,28576.0,33300.0,24642.3333333333,2022,중순,2022-07-11,사과-후지,7,11,False,False,False,False,False,False,True,False,False,False,False,False,False,True,False,사과(후지),253.9087248322146,0.6901153597164295,,,,,,,,
202207중순,411.0,사과,5.0,후지,상품,개,10.0,30045.0,,28576.0,33300.0,24642.3333333333,2022,중순,2022-07-11,사과-후지,7,11,False,False,False,False,False,False,True,False,False,False,False,False,False,True,False,사과(후지),253.9087248322146,0.6901153597164295,,,,,,,,
202207중순,411.0,사과,5.0,후지,상품,개,10.0,30045.0,,28576.0,33300.0,24642.3333333333,2022,중순,2022-07-11,사과-후지,7,11,False,False,False,False,False,False,True,False,False,False,False,False,False,True,False,사과(후지),253.9087248322146,0.6901153597164295,,,,,,,,
202207중순,411.0,사과,5.0,후지,상품,개,10.0,30045.0,,28576.0,33300.0,24642.3333333333,2022,중순,2022-07-11,사과-후지,7,11,False,False,False,False,False,False,True,False,False,False,False,False,False,True,False,사과(후지),253.9087248322146,0.6901153597164295,,,,,,,,
202207중순,411.0,사과,5.0,후지,상품,개,10.0,30045.0,,28576.0,33300.0,24642.3333333333,2022,중순,2022-07-11,사과-후지,7,11,False,False,False,False,False,False,True,False,False,False,False,False,False,True,False,사과(후지),253.9087248322146,0.6901153597164295,,,,,,,,
202207중순,411.0,사과,5.0,후지,상품,개,10.0,30045.0,,28576.0,33300.0,24642.3333333333,2022,중순,2022-07-11,사과-후지,7,11,False,False,False,False,False,False,True,False,False,False,False,False,False,True,False,사과(후지),253.9087248322146,0.6901153597164295,,,,,,,,
202207중순,411.0,사과,5.0,후지,상품,개,10.0,30045.0,,28576.0,33300.0,24642.3333333333,2022,중순,2022-07-11,사과-후지,7,11,False,False,False,False,False,False,True,False,False,False,False,False,False,True,False,사과(후지),253.9087248322146,0.6901153597164295,,,,,,,,
202207중순,411.0,사과,5.0,후지,상품,개,10.0,30045.0,,28576.0,33300.0,24642.3333333333,2022,중순,2022-07-11,사과-후지,7,11,False,False,False,False,False,False,True,False,False,False,False,False,False,True,False,사과(후지),253.9087248322146,0.6901153597164295,,,,,,,,
202207중순,411.0,사과,5.0,후지,상품,개,10.0,30045.0,,28576.0,33300.0,24642.3333333333,2022,중순,2022-07-11,사과-후지,7,11,False,False,False,False,False,False,True,False,False,False,False,False,False,True,False,사과(후지),253.9087248322146,0.6901153597164295,,,,,,,,
202207중순,411.0,사과,5.0,후지,상품,개,10.0,30045.0,,28576.0,33300.0,24642.3333333333,2022,중순,2022-07-11,사과-후지,7,11,False,False,False,False,False,False,True,False,False,False,False,False,False,True,False,사과(후지),253.9087248322146,0.6901153597164295,,,,,,,,
202207중순,411.0,사과,5.0,후지,상품,개,10.0,30045.0,,28576.0,33300.0,24642.3333333333,2022,중순,2022-07-11,사과-후지,7,11,False,False,False,False,False,False,True,False,False,False,False,False,False,True,False,사과(후지),253.9087248322146,0.6901153597164295,,,,,,,,
202207중순,411.0,사과,5.0,후지,상품,개,10.0,30045.0,,28576.0,33300.0,24642.3333333333,2022,중순,2022-07-11,사과-후지,7,11,False,False,False,False,False,False,True,False,False,False,False,False,False,True,False,사과(후지),253.9087248322146,0.6901153597164295,,,,,,,,
202207중순,411.0,사과,5.0,후지,상품,개,10.0,30045.0,,28576.0,33300.0,24642.3333333333,2022,중순,2022-07-11,사과-후지,7,11,False,False,False,False,False,False,True,False,False,False,False,False,False,True,False,사과(후지),253.9087248322146,0.6901153597164295,,,,,,,,
202207중순,411.0,사과,5.0,후지,상품,개,10.0,30045.0,,28576.0,33300.0,24642.3333333333,2022,중순,2022-07-11,사과-후지,7,11,False,False,False,False,False,False,True,False,False,False,False,False,False,True,False,사과(후지),253.9087248322146,0.6901153597164295,,,,,,,,
202207하순,411.0,사과,5.0,후지,상품,개,10.0,29821.0,,29374.0,33472.0,24817.6666666666,2022,하순,2022-07-21,사과-후지,7,21,False,False,False,False,False,False,True,False,False,False,False,False,False,False,True,사과(후지),263.71946308724813,0.7218539880819604,,,,,,,,
202207하순,411.0,사과,5.0,후지,상품,개,10.0,29821.0,,29374.0,33472.0,24817.6666666666,2022,하순,2022-07-21,사과-후지,7,21,False,False,False,False,False,False,True,False,False,False,False,False,False,False,True,사과(후지),263.71946308724813,0.7218539880819604,,,,,,,,
202207하순,411.0,사과,5.0,후지,상품,개,10.0,29821.0,,29374.0,33472.0,24817.6666666666,2022,하순,2022-07-21,사과-후지,7,21,False,False,False,False,False,False,True,False,False,False,False,False,False,False,True,사과(후지),263.71946308724813,0.7218539880819604,,,,,,,,
202207하순,411.0,사과,5.0,후지,상품,개,10.0,29821.0,,29374.0,33472.0,24817.6666666666,2022,하순,2022-07-21,사과-후지,7,21,False,False,False,False,False,False,True,False,False,False,False,False,False,False,True,사과(후지),263.71946308724813,0.7218539880819604,,,,,,,,
202207하순,411.0,사과,5.0,후지,상품,개,10.0,29821.0,,29374.0,33472.0,24817.6666666666,2022,하순,2022-07-21,사과-후지,7,21,False,False,False,False,False,False,True,False,False,False,False,False,False,False,True,사과(후지),263.71946308724813,0.7218539880819604,,,,,,,,
202207하순,411.0,사과,5.0,후지,상품,개,10.0,29821.0,,29374.0,33472.0,24817.6666666666,2022,하순,2022-07-21,사과-후지,7,21,False,False,False,False,False,False,True,False,False,False,False,False,False,False,True,사과(후지),263.71946308724813,0.7218539880819604,,,,,,,,
202207하순,411.0,사과,5.0,후지,상품,개,10.0,29821.0,,29374.0,33472.0,24817.6666666666,2022,하순,2022-07-21,사과-후지,7,21,False,False,False,False,False,False,True,False,False,False,False,False,False,False,True,사과(후지),263.71946308724813,0.7218539880819604,,,,,,,,
202207하순,411.0,사과,5.0,후지,상품,개,10.0,29821.0,,29374.0,33472.0,24817.6666666666,2022,하순,2022-07-21,사과-후지,7,21,False,False,False,False,False,False,True,False,False,False,False,False,False,False,True,사과(후지),263.71946308724813,0.7218539880819604,,,,,,,,
202207하순,411.0,사과,5.0,후지,상품,개,10.0,29821.0,,29374.0,33472.0,24817.6666666666,2022,하순,2022-07-21,사과-후지,7,21,False,False,False,False,False,False,True,False,False,False,False,False,False,False,True,사과(후지),263.71946308724813,0.7218539880819604,,,,,,,,
202207하순,411.0,사과,5.0,후지,상품,개,10.0,29821.0,,29374.0,33472.0,24817.6666666666,2022,하순,2022-07-21,사과-후지,7,21,False,False,False,False,False,False,True,False,False,False,False,False,False,False,True,사과(후지),263.71946308724813,0.7218539880819604,,,,,,,,
202207하순,411.0,사과,5.0,후지,상품,개,10.0,29821.0,,29374.0,33472.0,24817.6666666666,2022,하순,2022-07-21,사과-후지,7,21,False,False,False,False,False,False,True,False,False,False,False,False,False,False,True,사과(후지),263.71946308724813,0.7218539880819604,,,,,,,,
202207하순,411.0,사과,5.0,후지,상품,개,10.0,29821.0,,29374.0,33472.0,24817.6666666666,2022,하순,2022-07-21,사과-후지,7,21,False,False,False,False,False,False,True,False,False,False,False,False,False,False,True,사과(후지),263.71946308724813,0.7218539880819604,,,,,,,,
202207하순,411.0,사과,5.0,후지,상품,개,10.0,29821.0,,29374.0,33472.0,24817.6666666666,2022,하순,2022-07-21,사과-후지,7,21,False,False,False,False,False,False,True,False,False,False,False,False,False,False,True,사과(후지),263.71946308724813,0.7218539880819604,,,,,,,,
202207하순,411.0,사과,5.0,후지,상품,개,10.0,29821.0,,29374.0,33472.0,24817.6666666666,2022,하순,2022-07-21,사과-후지,7,21,False,False,False,False,False,False,True,False,False,False,False,False,False,False,True,사과(후지),263.71946308724813,0.7218539880819604,,,,,,,,
202207하순,411.0,사과,5.0,후지,상품,개,10.0,29821.0,,29374.0,33472.0,24817.6666666666,2022,하순,2022-07-21,사과-후지,7,21,False,False,False,False,False,False,True,False,False,False,False,False,False,False,True,사과(후지),263.71946308724813,0.7218539880819604,,,,,,,,
202207하순,411.0,사과,5.0,후지,상품,개,10.0,29821.0,,29374.0,33472.0,24817.6666666666,2022,하순,2022-07-21,사과-후지,7,21,False,False,False,False,False,False,True,False,False,False,False,False,False,False,True,사과(후지),263.71946308724813,0.7218539880819604,,,,,,,,
202207하순,411.0,사과,5.0,후지,상품,개,10.0,29821.0,,29374.0,33472.0,24817.6666666666,2022,하순,2022-07-21,사과-후지,7,21,False,False,False,False,False,False,True,False,False,False,False,False,False,False,True,사과(후지),263.71946308724813,0.7218539880819604,,,,,,,,
202207하순,411.0,사과,5.0,후지,상품,개,10.0,29821.0,,29374.0,33472.0,24817.6666666666,2022,하순,2022-07-21,사과-후지,7,21,False,False,False,False,False,False,True,False,False,False,False,False,False,False,True,사과(후지),263.71946308724813,0.7218539880819604,,,,,,,,
202207하순,411.0,사과,5.0,후지,상품,개,10.0,29821.0,,29374.0,33472.0,24817.6666666666,2022,하순,2022-07-21,사과-후지,7,21,False,False,False,False,False,False,True,False,False,False,False,False,False,False,True,사과(후지),263.71946308724813,0.7218539880819604,,,,,,,,
202207하순,411.0,사과,5.0,후지,상품,개,10.0,29821.0,,29374.0,33472.0,24817.6666666666,2022,하순,2022-07-21,사과-후지,7,21,False,False,False,False,False,False,True,False,False,False,False,False,False,False,True,사과(후지),263.71946308724813,0.7218539880819604,,,,,,,,
202207하순,411.0,사과,5.0,후지,상품,개,10.0,29821.0,,29374.0,33472.0,24817.6666666666,2022,하순,2022-07-21,사과-후지,7,21,False,False,False,False,False,False,True,False,False,False,False,False,False,False,True,사과(후지),263.71946308724813,0.7218539880819604,,,,,,,,
202207하순,411.0,사과,5.0,후지,상품,개,10.0,29821.0,,29374.0,33472.0,24817.6666666666,2022,하순,2022-07-21,사과-후지,7,21,False,False,False,False,False,False,True,False,False,False,False,False,False,False,True,사과(후지),263.71946308724813,0.7218539880819604,,,,,,,,
202207하순,411.0,사과,5.0,후지,상품,개,10.0,29821.0,,29374.0,33472.0,24817.6666666666,2022,하순,2022-07-21,사과-후지,7,21,False,False,False,False,False,False,True,False,False,False,False,False,False,False,True,사과(후지),263.71946308724813,0.7218539880819604,,,,,,,,
202208상순,411.0,사과,5.0,후지,상품,개,10.0,30236.0,,29779.0,32511.0,25147.3333333333,2022,상순,2022-08-01,사과-후지,8,1,False,False,False,False,False,False,False,True,False,False,False,False,True,False,False,사과(후지),318.62013422818774,0.7595871132456498,,,,,,,,
202208상순,411.0,사과,5.0,후지,상품,개,10.0,30236.0,,29779.0,32511.0,25147.3333333333,2022,상순,2022-08-01,사과-후지,8,1,False,False,False,False,False,False,False,True,False,False,False,False,True,False,False,사과(후지),318.62013422818774,0.7595871132456498,,,,,,,,
202208상순,411.0,사과,5.0,후지,상품,개,10.0,30236.0,,29779.0,32511.0,25147.3333333333,2022,상순,2022-08-01,사과-후지,8,1,False,False,False,False,False,False,False,True,False,False,False,False,True,False,False,사과(후지),318.62013422818774,0.7595871132456498,,,,,,,,
202208상순,411.0,사과,5.0,후지,상품,개,10.0,30236.0,,29779.0,32511.0,25147.3333333333,2022,상순,2022-08-01,사과-후지,8,1,False,False,False,False,False,False,False,True,False,False,False,False,True,False,False,사과(후지),318.62013422818774,0.7595871132456498,,,,,,,,
202208상순,411.0,사과,5.0,후지,상품,개,10.0,30236.0,,29779.0,32511.0,25147.3333333333,2022,상순,2022-08-01,사과-후지,8,1,False,False,False,False,False,False,False,True,False,False,False,False,True,False,False,사과(후지),318.62013422818774,0.7595871132456498,,,,,,,,
202208상순,411.0,사과,5.0,후지,상품,개,10.0,30236.0,,29779.0,32511.0,25147.3333333333,2022,상순,2022-08-01,사과-후지,8,1,False,False,False,False,False,False,False,True,False,False,False,False,True,False,False,사과(후지),318.62013422818774,0.7595871132456498,,,,,,,,
202208상순,411.0,사과,5.0,후지,상품,개,10.0,30236.0,,29779.0,32511.0,25147.3333333333,2022,상순,2022-08-01,사과-후지,8,1,False,False,False,False,False,False,False,True,False,False,False,False,True,False,False,사과(후지),318.62013422818774,0.7595871132456498,,,,,,,,
202208상순,411.0,사과,5.0,후지,상품,개,10.0,30236.0,,29779.0,32511.0,25147.3333333333,2022,상순,2022-08-01,사과-후지,8,1,False,False,False,False,False,False,False,True,False,False,False,False,True,False,False,사과(후지),318.62013422818774,0.7595871132456498,,,,,,,,
202208상순,411.0,사과,5.0,후지,상품,개,10.0,30236.0,,29779.0,32511.0,25147.3333333333,2022,상순,2022-08-01,사과-후지,8,1,False,False,False,False,False,False,False,True,False,False,False,False,True,False,False,사과(후지),318.62013422818774,0.7595871132456498,,,,,,,,
202208상순,411.0,사과,5.0,후지,상품,개,10.0,30236.0,,29779.0,32511.0,25147.3333333333,2022,상순,2022-08-01,사과-후지,8,1,False,False,False,False,False,False,False,True,False,False,False,False,True,False,False,사과(후지),318.62013422818774,0.7595871132456498,,,,,,,,
202208상순,411.0,사과,5.0,후지,상품,개,10.0,30236.0,,29779.0,32511.0,25147.3333333333,2022,상순,2022-08-01,사과-후지,8,1,False,False,False,False,False,False,False,True,False,False,False,False,True,False,False,사과(후지),318.62013422818774,0.7595871132456498,,,,,,,,
202208상순,411.0,사과,5.0,후지,상품,개,10.0,30236.0,,29779.0,32511.0,25147.3333333333,2022,상순,2022-08-01,사과-후지,8,1,False,False,False,False,False,False,False,True,False,False,False,False,True,False,False,사과(후지),318.62013422818774,0.7595871132456498,,,,,,,,
202208상순,411.0,사과,5.0,후지,상품,개,10.0,30236.0,,29779.0,32511.0,25147.3333333333,2022,상순,2022-08-01,사과-후지,8,1,False,False,False,False,False,False,False,True,False,False,False,False,True,False,False,사과(후지),318.62013422818774,0.7595871132456498,,,,,,,,
202208상순,411.0,사과,5.0,후지,상품,개,10.0,30236.0,,29779.0,32511.0,25147.3333333333,2022,상순,2022-08-01,사과-후지,8,1,False,False,False,False,False,False,False,True,False,False,False,False,True,False,False,사과(후지),318.62013422818774,0.7595871132456498,,,,,,,,
202208상순,411.0,사과,5.0,후지,상품,개,10.0,30236.0,,29779.0,32511.0,25147.3333333333,2022,상순,2022-08-01,사과-후지,8,1,False,False,False,False,False,False,False,True,False,False,False,False,True,False,False,사과(후지),318.62013422818774,0.7595871132456498,,,,,,,,
202208상순,411.0,사과,5.0,후지,상품,개,10.0,30236.0,,29779.0,32511.0,25147.3333333333,2022,상순,2022-08-01,사과-후지,8,1,False,False,False,False,False,False,False,True,False,False,False,False,True,False,False,사과(후지),318.62013422818774,0.7595871132456498,,,,,,,,
202208상순,411.0,사과,5.0,후지,상품,개,10.0,30236.0,,29779.0,32511.0,25147.3333333333,2022,상순,2022-08-01,사과-후지,8,1,False,False,False,False,False,False,False,True,False,False,False,False,True,False,False,사과(후지),318.62013422818774,0.7595871132456498,,,,,,,,
202208상순,411.0,사과,5.0,후지,상품,개,10.0,30236.0,,29779.0,32511.0,25147.3333333333,2022,상순,2022-08-01,사과-후지,8,1,False,False,False,False,False,False,False,True,False,False,False,False,True,False,False,사과(후지),318.62013422818774,0.7595871132456498,,,,,,,,
202208상순,411.0,사과,5.0,후지,상품,개,10.0,30236.0,,29779.0,32511.0,25147.3333333333,2022,상순,2022-08-01,사과-후지,8,1,False,False,False,False,False,False,False,True,False,False,False,False,True,False,False,사과(후지),318.62013422818774,0.7595871132456498,,,,,,,,
202208상순,411.0,사과,5.0,후지,상품,개,10.0,30236.0,,29779.0,32511.0,25147.3333333333,2022,상순,2022-08-01,사과-후지,8,1,False,False,False,False,False,False,False,True,False,False,False,False,True,False,False,사과(후지),318.62013422818774,0.7595871132456498,,,,,,,,
202208상순,411.0,사과,5.0,후지,상품,개,10.0,30236.0,,29779.0,32511.0,25147.3333333333,2022,상순,2022-08-01,사과-후지,8,1,False,False,False,False,False,False,False,True,False,False,False,False,True,False,False,사과(후지),318.62013422818774,0.7595871132456498,,,,,,,,
202208중순,411.0,사과,5.0,후지,상품,개,10.0,30658.0,,30045.0,31031.0,25437.0,2022,중순,2022-08-11,사과-후지,8,11,False,False,False,False,False,False,False,True,False,False,False,False,False,True,False,사과(후지),385.48993288590583,0.7858957300108866,,,,,,,,
202208중순,411.0,사과,5.0,후지,상품,개,10.0,30658.0,,30045.0,31031.0,25437.0,2022,중순,2022-08-11,사과-후지,8,11,False,False,False,False,False,False,False,True,False,False,False,False,False,True,False,사과(후지),385.48993288590583,0.7858957300108866,,,,,,,,
202208중순,411.0,사과,5.0,후지,상품,개,10.0,30658.0,,30045.0,31031.0,25437.0,2022,중순,2022-08-11,사과-후지,8,11,False,False,False,False,False,False,False,True,False,False,False,False,False,True,False,사과(후지),385.48993288590583,0.7858957300108866,,,,,,,,
202208중순,411.0,사과,5.0,후지,상품,개,10.0,30658.0,,30045.0,31031.0,25437.0,2022,중순,2022-08-11,사과-후지,8,11,False,False,False,False,False,False,False,True,False,False,False,False,False,True,False,사과(후지),385.48993288590583,0.7858957300108866,,,,,,,,
202208중순,411.0,사과,5.0,후지,상품,개,10.0,30658.0,,30045.0,31031.0,25437.0,2022,중순,2022-08-11,사과-후지,8,11,False,False,False,False,False,False,False,True,False,False,False,False,False,True,False,사과(후지),385.48993288590583,0.7858957300108866,,,,,,,,
202208중순,411.0,사과,5.0,후지,상품,개,10.0,30658.0,,30045.0,31031.0,25437.0,2022,중순,2022-08-11,사과-후지,8,11,False,False,False,False,False,False,False,True,False,False,False,False,False,True,False,사과(후지),385.48993288590583,0.7858957300108866,,,,,,,,
202208중순,411.0,사과,5.0,후지,상품,개,10.0,30658.0,,30045.0,31031.0,25437.0,2022,중순,2022-08-11,사과-후지,8,11,False,False,False,False,False,False,False,True,False,False,False,False,False,True,False,사과(후지),385.48993288590583,0.7858957300108866,,,,,,,,
202208중순,411.0,사과,5.0,후지,상품,개,10.0,30658.0,,30045.0,31031.0,25437.0,2022,중순,2022-08-11,사과-후지,8,11,False,False,False,False,False,False,False,True,False,False,False,False,False,True,False,사과(후지),385.48993288590583,0.7858957300108866,,,,,,,,
202208중순,411.0,사과,5.0,후지,상품,개,10.0,30658.0,,30045.0,31031.0,25437.0,2022,중순,2022-08-11,사과-후지,8,11,False,False,False,False,False,False,False,True,False,False,False,False,False,True,False,사과(후지),385.48993288590583,0.7858957300108866,,,,,,,,
202208중순,411.0,사과,5.0,후지,상품,개,10.0,30658.0,,30045.0,31031.0,25437.0,2022,중순,2022-08-11,사과-후지,8,11,False,False,False,False,False,False,False,True,False,False,False,False,False,True,False,사과(후지),385.48993288590583,0.7858957300108866,,,,,,,,
202208중순,411.0,사과,5.0,후지,상품,개,10.0,30658.0,,30045.0,31031.0,25437.0,2022,중순,2022-08-11,사과-후지,8,11,False,False,False,False,False,False,False,True,False,False,False,False,False,True,False,사과(후지),385.48993288590583,0.7858957300108866,,,,,,,,
202208중순,411.0,사과,5.0,후지,상품,개,10.0,30658.0,,30045.0,31031.0,25437.0,2022,중순,2022-08-11,사과-후지,8,11,False,False,False,False,False,False,False,True,False,False,False,False,False,True,False,사과(후지),385.48993288590583,0.7858957300108866,,,,,,,,
202208중순,411.0,사과,5.0,후지,상품,개,10.0,30658.0,,30045.0,31031.0,25437.0,2022,중순,2022-08-11,사과-후지,8,11,False,False,False,False,False,False,False,True,False,False,False,False,False,True,False,사과(후지),385.48993288590583,0.7858957300108866,,,,,,,,
202208중순,411.0,사과,5.0,후지,상품,개,10.0,30658.0,,30045.0,31031.0,25437.0,2022,중순,2022-08-11,사과-후지,8,11,False,False,False,False,False,False,False,True,False,False,False,False,False,True,False,사과(후지),385.48993288590583,0.7858957300108866,,,,,,,,
202208중순,411.0,사과,5.0,후지,상품,개,10.0,30658.0,,30045.0,31031.0,25437.0,2022,중순,2022-08-11,사과-후지,8,11,False,False,False,False,False,False,False,True,False,False,False,False,False,True,False,사과(후지),385.48993288590583,0.7858957300108866,,,,,,,,
202208중순,411.0,사과,5.0,후지,상품,개,10.0,30658.0,,30045.0,31031.0,25437.0,2022,중순,2022-08-11,사과-후지,8,11,False,False,False,False,False,False,False,True,False,False,False,False,False,True,False,사과(후지),385.48993288590583,0.7858957300108866,,,,,,,,
202208중순,411.0,사과,5.0,후지,상품,개,10.0,30658.0,,30045.0,31031.0,25437.0,2022,중순,2022-08-11,사과-후지,8,11,False,False,False,False,False,False,False,True,False,False,False,False,False,True,False,사과(후지),385.48993288590583,0.7858957300108866,,,,,,,,
202208중순,411.0,사과,5.0,후지,상품,개,10.0,30658.0,,30045.0,31031.0,25437.0,2022,중순,2022-08-11,사과-후지,8,11,False,False,False,False,False,False,False,True,False,False,False,False,False,True,False,사과(후지),385.48993288590583,0.7858957300108866,,,,,,,,
202208중순,411.0,사과,5.0,후지,상품,개,10.0,30658.0,,30045.0,31031.0,25437.0,2022,중순,2022-08-11,사과-후지,8,11,False,False,False,False,False,False,False,True,False,False,False,False,False,True,False,사과(후지),385.48993288590583,0.7858957300108866,,,,,,,,
202208중순,411.0,사과,5.0,후지,상품,개,10.0,30658.0,,30045.0,31031.0,25437.0,2022,중순,2022-08-11,사과-후지,8,11,False,False,False,False,False,False,False,True,False,False,False,False,False,True,False,사과(후지),385.48993288590583,0.7858957300108866,,,,,,,,
202208중순,411.0,사과,5.0,후지,상품,개,10.0,30658.0,,30045.0,31031.0,25437.0,2022,중순,2022-08-11,사과-후지,8,11,False,False,False,False,False,False,False,True,False,False,False,False,False,True,False,사과(후지),385.48993288590583,0.7858957300108866,,,,,,,,
202208중순,411.0,사과,5.0,후지,상품,개,10.0,30658.0,,30045.0,31031.0,25437.0,2022,중순,2022-08-11,사과-후지,8,11,False,False,False,False,False,False,False,True,False,False,False,False,False,True,False,사과(후지),385.48993288590583,0.7858957300108866,,,,,,,,
202208중순,411.0,사과,5.0,후지,상품,개,10.0,30658.0,,30045.0,31031.0,25437.0,2022,중순,2022-08-11,사과-후지,8,11,False,False,False,False,False,False,False,True,False,False,False,False,False,True,False,사과(후지),385.48993288590583,0.7858957300108866,,,,,,,,
202208중순,411.0,사과,5.0,후지,상품,개,10.0,30658.0,,30045.0,31031.0,25437.0,2022,중순,2022-08-11,사과-후지,8,11,False,False,False,False,False,False,False,True,False,False,False,False,False,True,False,사과(후지),385.48993288590583,0.7858957300108866,,,,,,,,
202208하순,411.0,사과,5.0,후지,상품,개,10.0,31935.0,,29821.0,30531.0,25078.6666666666,2022,하순,2022-08-21,사과-후지,8,21,False,False,False,False,False,False,False,True,False,False,False,False,False,False,True,사과(후지),405.52751677852325,0.7993958402444785,,,,,,,,
202208하순,411.0,사과,5.0,후지,상품,개,10.0,31935.0,,29821.0,30531.0,25078.6666666666,2022,하순,2022-08-21,사과-후지,8,21,False,False,False,False,False,False,False,True,False,False,False,False,False,False,True,사과(후지),405.52751677852325,0.7993958402444785,,,,,,,,
202208하순,411.0,사과,5.0,후지,상품,개,10.0,31935.0,,29821.0,30531.0,25078.6666666666,2022,하순,2022-08-21,사과-후지,8,21,False,False,False,False,False,False,False,True,False,False,False,False,False,False,True,사과(후지),405.52751677852325,0.7993958402444785,,,,,,,,
202208하순,411.0,사과,5.0,후지,상품,개,10.0,31935.0,,29821.0,30531.0,25078.6666666666,2022,하순,2022-08-21,사과-후지,8,21,False,False,False,False,False,False,False,True,False,False,False,False,False,False,True,사과(후지),405.52751677852325,0.7993958402444785,,,,,,,,
202208하순,411.0,사과,5.0,후지,상품,개,10.0,31935.0,,29821.0,30531.0,25078.6666666666,2022,하순,2022-08-21,사과-후지,8,21,False,False,False,False,False,False,False,True,False,False,False,False,False,False,True,사과(후지),405.52751677852325,0.7993958402444785,,,,,,,,
202208하순,411.0,사과,5.0,후지,상품,개,10.0,31935.0,,29821.0,30531.0,25078.6666666666,2022,하순,2022-08-21,사과-후지,8,21,False,False,False,False,False,False,False,True,False,False,False,False,False,False,True,사과(후지),405.52751677852325,0.7993958402444785,,,,,,,,
202208하순,411.0,사과,5.0,후지,상품,개,10.0,31935.0,,29821.0,30531.0,25078.6666666666,2022,하순,2022-08-21,사과-후지,8,21,False,False,False,False,False,False,False,True,False,False,False,False,False,False,True,사과(후지),405.52751677852325,0.7993958402444785,,,,,,,,
202208하순,411.0,사과,5.0,후지,상품,개,10.0,31935.0,,29821.0,30531.0,25078.6666666666,2022,하순,2022-08-21,사과-후지,8,21,False,False,False,False,False,False,False,True,False,False,False,False,False,False,True,사과(후지),405.52751677852325,0.7993958402444785,,,,,,,,
202208하순,411.0,사과,5.0,후지,상품,개,10.0,31935.0,,29821.0,30531.0,25078.6666666666,2022,하순,2022-08-21,사과-후지,8,21,False,False,False,False,False,False,False,True,False,False,False,False,False,False,True,사과(후지),405.52751677852325,0.7993958402444785,,,,,,,,
202208하순,411.0,사과,5.0,후지,상품,개,10.0,31935.0,,29821.0,30531.0,25078.6666666666,2022,하순,2022-08-21,사과-후지,8,21,False,False,False,False,False,False,False,True,False,False,False,False,False,False,True,사과(후지),405.52751677852325,0.7993958402444785,,,,,,,,
202208하순,411.0,사과,5.0,후지,상품,개,10.0,31935.0,,29821.0,30531.0,25078.6666666666,2022,하순,2022-08-21,사과-후지,8,21,False,False,False,False,False,False,False,True,False,False,False,False,False,False,True,사과(후지),405.52751677852325,0.7993958402444785,,,,,,,,
202208하순,411.0,사과,5.0,후지,상품,개,10.0,31935.0,,29821.0,30531.0,25078.6666666666,2022,하순,2022-08-21,사과-후지,8,21,False,False,False,False,False,False,False,True,False,False,False,False,False,False,True,사과(후지),405.52751677852325,0.7993958402444785,,,,,,,,
202208하순,411.0,사과,5.0,후지,상품,개,10.0,31935.0,,29821.0,30531.0,25078.6666666666,2022,하순,2022-08-21,사과-후지,8,21,False,False,False,False,False,False,False,True,False,False,False,False,False,False,True,사과(후지),405.52751677852325,0.7993958402444785,,,,,,,,
202208하순,411.0,사과,5.0,후지,상품,개,10.0,31935.0,,29821.0,30531.0,25078.6666666666,2022,하순,2022-08-21,사과-후지,8,21,False,False,False,False,False,False,False,True,False,False,False,False,False,False,True,사과(후지),405.52751677852325,0.7993958402444785,,,,,,,,
202208하순,411.0,사과,5.0,후지,상품,개,10.0,31935.0,,29821.0,30531.0,25078.6666666666,2022,하순,2022-08-21,사과-후지,8,21,False,False,False,False,False,False,False,True,False,False,False,False,False,False,True,사과(후지),405.52751677852325,0.7993958402444785,,,,,,,,
202208하순,411.0,사과,5.0,후지,상품,개,10.0,31935.0,,29821.0,30531.0,25078.6666666666,2022,하순,2022-08-21,사과-후지,8,21,False,False,False,False,False,False,False,True,False,False,False,False,False,False,True,사과(후지),405.52751677852325,0.7993958402444785,,,,,,,,
202208하순,411.0,사과,5.0,후지,상품,개,10.0,31935.0,,29821.0,30531.0,25078.6666666666,2022,하순,2022-08-21,사과-후지,8,21,False,False,False,False,False,False,False,True,False,False,False,False,False,False,True,사과(후지),405.52751677852325,0.7993958402444785,,,,,,,,
202208하순,411.0,사과,5.0,후지,상품,개,10.0,31935.0,,29821.0,30531.0,25078.6666666666,2022,하순,2022-08-21,사과-후지,8,21,False,False,False,False,False,False,False,True,False,False,False,False,False,False,True,사과(후지),405.52751677852325,0.7993958402444785,,,,,,,,
202208하순,411.0,사과,5.0,후지,상품,개,10.0,31935.0,,29821.0,30531.0,25078.6666666666,2022,하순,2022-08-21,사과-후지,8,21,False,False,False,False,False,False,False,True,False,False,False,False,False,False,True,사과(후지),405.52751677852325,0.7993958402444785,,,,,,,,
202208하순,411.0,사과,5.0,후지,상품,개,10.0,31935.0,,29821.0,30531.0,25078.6666666666,2022,하순,2022-08-21,사과-후지,8,21,False,False,False,False,False,False,False,True,False,False,False,False,False,False,True,사과(후지),405.52751677852325,0.7993958402444785,,,,,,,,
202208하순,411.0,사과,5.0,후지,상품,개,10.0,31935.0,,29821.0,30531.0,25078.6666666666,2022,하순,2022-08-21,사과-후지,8,21,False,False,False,False,False,False,False,True,False,False,False,False,False,False,True,사과(후지),405.52751677852325,0.7993958402444785,,,,,,,,
202208하순,411.0,사과,5.0,후지,상품,개,10.0,31935.0,,29821.0,30531.0,25078.6666666666,2022,하순,2022-08-21,사과-후지,8,21,False,False,False,False,False,False,False,True,False,False,False,False,False,False,True,사과(후지),405.52751677852325,0.7993958402444785,,,,,,,,
202208하순,411.0,사과,5.0,후지,상품,개,10.0,31935.0,,29821.0,30531.0,25078.6666666666,2022,하순,2022-08-21,사과-후지,8,21,False,False,False,False,False,False,False,True,False,False,False,False,False,False,True,사과(후지),405.52751677852325,0.7993958402444785,,,,,,,,
202210하순,411.0,사과,5.0,후지,상품,개,10.0,23618.0,,,,23737.99999999995,2022,하순,2022-10-21,사과-후지,10,21,False,False,False,False,False,False,False,False,False,True,False,False,False,False,True,사과(후지),463.8255033557045,0.789579406332705,,,,,,,,
202210하순,411.0,사과,5.0,후지,상품,개,10.0,23618.0,,,,23737.99999999995,2022,하순,2022-10-21,사과-후지,10,21,False,False,False,False,False,False,False,False,False,True,False,False,False,False,True,사과(후지),463.8255033557045,0.789579406332705,,,,,,,,
202210하순,411.0,사과,5.0,후지,상품,개,10.0,23618.0,,,,23737.99999999995,2022,하순,2022-10-21,사과-후지,10,21,False,False,False,False,False,False,False,False,False,True,False,False,False,False,True,사과(후지),463.8255033557045,0.789579406332705,,,,,,,,
202210하순,411.0,사과,5.0,후지,상품,개,10.0,23618.0,,,,23737.99999999995,2022,하순,2022-10-21,사과-후지,10,21,False,False,False,False,False,False,False,False,False,True,False,False,False,False,True,사과(후지),463.8255033557045,0.789579406332705,,,,,,,,
202210하순,411.0,사과,5.0,후지,상품,개,10.0,23618.0,,,,23737.99999999995,2022,하순,2022-10-21,사과-후지,10,21,False,False,False,False,False,False,False,False,False,True,False,False,False,False,True,사과(후지),463.8255033557045,0.789579406332705,,,,,,,,
202210하순,411.0,사과,5.0,후지,상품,개,10.0,23618.0,,,,23737.99999999995,2022,하순,2022-10-21,사과-후지,10,21,False,False,False,False,False,False,False,False,False,True,False,False,False,False,True,사과(후지),463.8255033557045,0.789579406332705,,,,,,,,
202210하순,411.0,사과,5.0,후지,상품,개,10.0,23618.0,,,,23737.99999999995,2022,하순,2022-10-21,사과-후지,10,21,False,False,False,False,False,False,False,False,False,True,False,False,False,False,True,사과(후지),463.8255033557045,0.789579406332705,,,,,,,,
202210하순,411.0,사과,5.0,후지,상품,개,10.0,23618.0,,,,23737.99999999995,2022,하순,2022-10-21,사과-후지,10,21,False,False,False,False,False,False,False,False,False,True,False,False,False,False,True,사과(후지),463.8255033557045,0.789579406332705,,,,,,,,
202210하순,411.0,사과,5.0,후지,상품,개,10.0,23618.0,,,,23737.99999999995,2022,하순,2022-10-21,사과-후지,10,21,False,False,False,False,False,False,False,False,False,True,False,False,False,False,True,사과(후지),463.8255033557045,0.789579406332705,,,,,,,,
202210하순,411.0,사과,5.0,후지,상품,개,10.0,23618.0,,,,23737.99999999995,2022,하순,2022-10-21,사과-후지,10,21,False,False,False,False,False,False,False,False,False,True,False,False,False,False,True,사과(후지),463.8255033557045,0.789579406332705,,,,,,,,
202210하순,411.0,사과,5.0,후지,상품,개,10.0,23618.0,,,,23737.99999999995,2022,하순,2022-10-21,사과-후지,10,21,False,False,False,False,False,False,False,False,False,True,False,False,False,False,True,사과(후지),463.8255033557045,0.789579406332705,,,,,,,,
202210하순,411.0,사과,5.0,후지,상품,개,10.0,23618.0,,,,23737.99999999995,2022,하순,2022-10-21,사과-후지,10,21,False,False,False,False,False,False,False,False,False,True,False,False,False,False,True,사과(후지),463.8255033557045,0.789579406332705,,,,,,,,
202210하순,411.0,사과,5.0,후지,상품,개,10.0,23618.0,,,,23737.99999999995,2022,하순,2022-10-21,사과-후지,10,21,False,False,False,False,False,False,False,False,False,True,False,False,False,False,True,사과(후지),463.8255033557045,0.789579406332705,,,,,,,,
202210하순,411.0,사과,5.0,후지,상품,개,10.0,23618.0,,,,23737.99999999995,2022,하순,2022-10-21,사과-후지,10,21,False,False,False,False,False,False,False,False,False,True,False,False,False,False,True,사과(후지),463.8255033557045,0.789579406332705,,,,,,,,
202210하순,411.0,사과,5.0,후지,상품,개,10.0,23618.0,,,,23737.99999999995,2022,하순,2022-10-21,사과-후지,10,21,False,False,False,False,False,False,False,False,False,True,False,False,False,False,True,사과(후지),463.8255033557045,0.789579406332705,,,,,,,,
202210하순,411.0,사과,5.0,후지,상품,개,10.0,23618.0,,,,23737.99999999995,2022,하순,2022-10-21,사과-후지,10,21,False,False,False,False,False,False,False,False,False,True,False,False,False,False,True,사과(후지),463.8255033557045,0.789579406332705,,,,,,,,
202210하순,411.0,사과,5.0,후지,상품,개,10.0,23618.0,,,,23737.99999999995,2022,하순,2022-10-21,사과-후지,10,21,False,False,False,False,False,False,False,False,False,True,False,False,False,False,True,사과(후지),463.8255033557045,0.789579406332705,,,,,,,,
202210하순,411.0,사과,5.0,후지,상품,개,10.0,23618.0,,,,23737.99999999995,2022,하순,2022-10-21,사과-후지,10,21,False,False,False,False,False,False,False,False,False,True,False,False,False,False,True,사과(후지),463.8255033557045,0.789579406332705,,,,,,,,
202210하순,411.0,사과,5.0,후지,상품,개,10.0,23618.0,,,,23737.99999999995,2022,하순,2022-10-21,사과-후지,10,21,False,False,False,False,False,False,False,False,False,True,False,False,False,False,True,사과(후지),463.8255033557045,0.789579406332705,,,,,,,,
202210하순,411.0,사과,5.0,후지,상품,개,10.0,23618.0,,,,23737.99999999995,2022,하순,2022-10-21,사과-후지,10,21,False,False,False,False,False,False,False,False,False,True,False,False,False,False,True,사과(후지),463.8255033557045,0.789579406332705,,,,,,,,
202210하순,411.0,사과,5.0,후지,상품,개,10.0,23618.0,,,,23737.99999999995,2022,하순,2022-10-21,사과-후지,10,21,False,False,False,False,False,False,False,False,False,True,False,False,False,False,True,사과(후지),463.8255033557045,0.789579406332705,,,,,,,,
202210하순,411.0,사과,5.0,후지,상품,개,10.0,23618.0,,,,23737.99999999995,2022,하순,2022-10-21,사과-후지,10,21,False,False,False,False,False,False,False,False,False,True,False,False,False,False,True,사과(후지),463.8255033557045,0.789579406332705,,,,,,,,
202211상순,411.0,사과,5.0,후지,상품,개,10.0,22887.0,,,25889.0,22397.3333333333,2022,상순,2022-11-01,사과-후지,11,1,False,False,False,False,False,False,False,False,False,False,True,False,True,False,False,사과(후지),371.7409395973153,0.7624092221323183,,,,,,,,
202211상순,411.0,사과,5.0,후지,상품,개,10.0,22887.0,,,25889.0,22397.3333333333,2022,상순,2022-11-01,사과-후지,11,1,False,False,False,False,False,False,False,False,False,False,True,False,True,False,False,사과(후지),371.7409395973153,0.7624092221323183,,,,,,,,
202211상순,411.0,사과,5.0,후지,상품,개,10.0,22887.0,,,25889.0,22397.3333333333,2022,상순,2022-11-01,사과-후지,11,1,False,False,False,False,False,False,False,False,False,False,True,False,True,False,False,사과(후지),371.7409395973153,0.7624092221323183,,,,,,,,
202211상순,411.0,사과,5.0,후지,상품,개,10.0,22887.0,,,25889.0,22397.3333333333,2022,상순,2022-11-01,사과-후지,11,1,False,False,False,False,False,False,False,False,False,False,True,False,True,False,False,사과(후지),371.7409395973153,0.7624092221323183,,,,,,,,
202211상순,411.0,사과,5.0,후지,상품,개,10.0,22887.0,,,25889.0,22397.3333333333,2022,상순,2022-11-01,사과-후지,11,1,False,False,False,False,False,False,False,False,False,False,True,False,True,False,False,사과(후지),371.7409395973153,0.7624092221323183,,,,,,,,
202211상순,411.0,사과,5.0,후지,상품,개,10.0,22887.0,,,25889.0,22397.3333333333,2022,상순,2022-11-01,사과-후지,11,1,False,False,False,False,False,False,False,False,False,False,True,False,True,False,False,사과(후지),371.7409395973153,0.7624092221323183,,,,,,,,
202211상순,411.0,사과,5.0,후지,상품,개,10.0,22887.0,,,25889.0,22397.3333333333,2022,상순,2022-11-01,사과-후지,11,1,False,False,False,False,False,False,False,False,False,False,True,False,True,False,False,사과(후지),371.7409395973153,0.7624092221323183,,,,,,,,
202211상순,411.0,사과,5.0,후지,상품,개,10.0,22887.0,,,25889.0,22397.3333333333,2022,상순,2022-11-01,사과-후지,11,1,False,False,False,False,False,False,False,False,False,False,True,False,True,False,False,사과(후지),371.7409395973153,0.7624092221323183,,,,,,,,
202211상순,411.0,사과,5.0,후지,상품,개,10.0,22887.0,,,25889.0,22397.3333333333,2022,상순,2022-11-01,사과-후지,11,1,False,False,False,False,False,False,False,False,False,False,True,False,True,False,False,사과(후지),371.7409395973153,0.7624092221323183,,,,,,,,
202211상순,411.0,사과,5.0,후지,상품,개,10.0,22887.0,,,25889.0,22397.3333333333,2022,상순,2022-11-01,사과-후지,11,1,False,False,False,False,False,False,False,False,False,False,True,False,True,False,False,사과(후지),371.7409395973153,0.7624092221323183,,,,,,,,
202211상순,411.0,사과,5.0,후지,상품,개,10.0,22887.0,,,25889.0,22397.3333333333,2022,상순,2022-11-01,사과-후지,11,1,False,False,False,False,False,False,False,False,False,False,True,False,True,False,False,사과(후지),371.7409395973153,0.7624092221323183,,,,,,,,
202211상순,411.0,사과,5.0,후지,상품,개,10.0,22887.0,,,25889.0,22397.3333333333,2022,상순,2022-11-01,사과-후지,11,1,False,False,False,False,False,False,False,False,False,False,True,False,True,False,False,사과(후지),371.7409395973153,0.7624092221323183,,,,,,,,
202211상순,411.0,사과,5.0,후지,상품,개,10.0,22887.0,,,25889.0,22397.3333333333,2022,상순,2022-11-01,사과-후지,11,1,False,False,False,False,False,False,False,False,False,False,True,False,True,False,False,사과(후지),371.7409395973153,0.7624092221323183,,,,,,,,
202211상순,411.0,사과,5.0,후지,상품,개,10.0,22887.0,,,25889.0,22397.3333333333,2022,상순,2022-11-01,사과-후지,11,1,False,False,False,False,False,False,False,False,False,False,True,False,True,False,False,사과(후지),371.7409395973153,0.7624092221323183,,,,,,,,
202211상순,411.0,사과,5.0,후지,상품,개,10.0,22887.0,,,25889.0,22397.3333333333,2022,상순,2022-11-01,사과-후지,11,1,False,False,False,False,False,False,False,False,False,False,True,False,True,False,False,사과(후지),371.7409395973153,0.7624092221323183,,,,,,,,
202211상순,411.0,사과,5.0,후지,상품,개,10.0,22887.0,,,25889.0,22397.3333333333,2022,상순,2022-11-01,사과-후지,11,1,False,False,False,False,False,False,False,False,False,False,True,False,True,False,False,사과(후지),371.7409395973153,0.7624092221323183,,,,,,,,
202211상순,411.0,사과,5.0,후지,상품,개,10.0,22887.0,,,25889.0,22397.3333333333,2022,상순,2022-11-01,사과-후지,11,1,False,False,False,False,False,False,False,False,False,False,True,False,True,False,False,사과(후지),371.7409395973153,0.7624092221323183,,,,,,,,
202211상순,411.0,사과,5.0,후지,상품,개,10.0,22887.0,,,25889.0,22397.3333333333,2022,상순,2022-11-01,사과-후지,11,1,False,False,False,False,False,False,False,False,False,False,True,False,True,False,False,사과(후지),371.7409395973153,0.7624092221323183,,,,,,,,
202211상순,411.0,사과,5.0,후지,상품,개,10.0,22887.0,,,25889.0,22397.3333333333,2022,상순,2022-11-01,사과-후지,11,1,False,False,False,False,False,False,False,False,False,False,True,False,True,False,False,사과(후지),371.7409395973153,0.7624092221323183,,,,,,,,
202211상순,411.0,사과,5.0,후지,상품,개,10.0,22887.0,,,25889.0,22397.3333333333,2022,상순,2022-11-01,사과-후지,11,1,False,False,False,False,False,False,False,False,False,False,True,False,True,False,False,사과(후지),371.7409395973153,0.7624092221323183,,,,,,,,
202211상순,411.0,사과,5.0,후지,상품,개,10.0,22887.0,,,25889.0,22397.3333333333,2022,상순,2022-11-01,사과-후지,11,1,False,False,False,False,False,False,False,False,False,False,True,False,True,False,False,사과(후지),371.7409395973153,0.7624092221323183,,,,,,,,
202211상순,411.0,사과,5.0,후지,상품,개,10.0,22887.0,,,25889.0,22397.3333333333,2022,상순,2022-11-01,사과-후지,11,1,False,False,False,False,False,False,False,False,False,False,True,False,True,False,False,사과(후지),371.7409395973153,0.7624092221323183,,,,,,,,
202211상순,411.0,사과,5.0,후지,상품,개,10.0,22887.0,,,25889.0,22397.3333333333,2022,상순,2022-11-01,사과-후지,11,1,False,False,False,False,False,False,False,False,False,False,True,False,True,False,False,사과(후지),371.7409395973153,0.7624092221323183,,,,,,,,
202211상순,411.0,사과,5.0,후지,상품,개,10.0,22887.0,,,25889.0,22397.3333333333,2022,상순,2022-11-01,사과-후지,11,1,False,False,False,False,False,False,False,False,False,False,True,False,True,False,False,사과(후지),371.7409395973153,0.7624092221323183,,,,,,,,
202211중순,411.0,사과,5.0,후지,상품,개,10.0,22490.0,,,26004.0,23135.3333333333,2022,중순,2022-11-11,사과-후지,11,11,False,False,False,False,False,False,False,False,False,False,True,False,False,True,False,사과(후지),373.5087248322146,0.7361729826488476,,,,,,,,
202211중순,411.0,사과,5.0,후지,상품,개,10.0,22490.0,,,26004.0,23135.3333333333,2022,중순,2022-11-11,사과-후지,11,11,False,False,False,False,False,False,False,False,False,False,True,False,False,True,False,사과(후지),373.5087248322146,0.7361729826488476,,,,,,,,
202211중순,411.0,사과,5.0,후지,상품,개,10.0,22490.0,,,26004.0,23135.3333333333,2022,중순,2022-11-11,사과-후지,11,11,False,False,False,False,False,False,False,False,False,False,True,False,False,True,False,사과(후지),373.5087248322146,0.7361729826488476,,,,,,,,
202211중순,411.0,사과,5.0,후지,상품,개,10.0,22490.0,,,26004.0,23135.3333333333,2022,중순,2022-11-11,사과-후지,11,11,False,False,False,False,False,False,False,False,False,False,True,False,False,True,False,사과(후지),373.5087248322146,0.7361729826488476,,,,,,,,
202211중순,411.0,사과,5.0,후지,상품,개,10.0,22490.0,,,26004.0,23135.3333333333,2022,중순,2022-11-11,사과-후지,11,11,False,False,False,False,False,False,False,False,False,False,True,False,False,True,False,사과(후지),373.5087248322146,0.7361729826488476,,,,,,,,
202211중순,411.0,사과,5.0,후지,상품,개,10.0,22490.0,,,26004.0,23135.3333333333,2022,중순,2022-11-11,사과-후지,11,11,False,False,False,False,False,False,False,False,False,False,True,False,False,True,False,사과(후지),373.5087248322146,0.7361729826488476,,,,,,,,
202211중순,411.0,사과,5.0,후지,상품,개,10.0,22490.0,,,26004.0,23135.3333333333,2022,중순,2022-11-11,사과-후지,11,11,False,False,False,False,False,False,False,False,False,False,True,False,False,True,False,사과(후지),373.5087248322146,0.7361729826488476,,,,,,,,
202211중순,411.0,사과,5.0,후지,상품,개,10.0,22490.0,,,26004.0,23135.3333333333,2022,중순,2022-11-11,사과-후지,11,11,False,False,False,False,False,False,False,False,False,False,True,False,False,True,False,사과(후지),373.5087248322146,0.7361729826488476,,,,,,,,
202211중순,411.0,사과,5.0,후지,상품,개,10.0,22490.0,,,26004.0,23135.3333333333,2022,중순,2022-11-11,사과-후지,11,11,False,False,False,False,False,False,False,False,False,False,True,False,False,True,False,사과(후지),373.5087248322146,0.7361729826488476,,,,,,,,
202211중순,411.0,사과,5.0,후지,상품,개,10.0,22490.0,,,26004.0,23135.3333333333,2022,중순,2022-11-11,사과-후지,11,11,False,False,False,False,False,False,False,False,False,False,True,False,False,True,False,사과(후지),373.5087248322146,0.7361729826488476,,,,,,,,
202211중순,411.0,사과,5.0,후지,상품,개,10.0,22490.0,,,26004.0,23135.3333333333,2022,중순,2022-11-11,사과-후지,11,11,False,False,False,False,False,False,False,False,False,False,True,False,False,True,False,사과(후지),373.5087248322146,0.7361729826488476,,,,,,,,
202211중순,411.0,사과,5.0,후지,상품,개,10.0,22490.0,,,26004.0,23135.3333333333,2022,중순,2022-11-11,사과-후지,11,11,False,False,False,False,False,False,False,False,False,False,True,False,False,True,False,사과(후지),373.5087248322146,0.7361729826488476,,,,,,,,
202211중순,411.0,사과,5.0,후지,상품,개,10.0,22490.0,,,26004.0,23135.3333333333,2022,중순,2022-11-11,사과-후지,11,11,False,False,False,False,False,False,False,False,False,False,True,False,False,True,False,사과(후지),373.5087248322146,0.7361729826488476,,,,,,,,
202211중순,411.0,사과,5.0,후지,상품,개,10.0,22490.0,,,26004.0,23135.3333333333,2022,중순,2022-11-11,사과-후지,11,11,False,False,False,False,False,False,False,False,False,False,True,False,False,True,False,사과(후지),373.5087248322146,0.7361729826488476,,,,,,,,
202211중순,411.0,사과,5.0,후지,상품,개,10.0,22490.0,,,26004.0,23135.3333333333,2022,중순,2022-11-11,사과-후지,11,11,False,False,False,False,False,False,False,False,False,False,True,False,False,True,False,사과(후지),373.5087248322146,0.7361729826488476,,,,,,,,
202211중순,411.0,사과,5.0,후지,상품,개,10.0,22490.0,,,26004.0,23135.3333333333,2022,중순,2022-11-11,사과-후지,11,11,False,False,False,False,False,False,False,False,False,False,True,False,False,True,False,사과(후지),373.5087248322146,0.7361729826488476,,,,,,,,
202211중순,411.0,사과,5.0,후지,상품,개,10.0,22490.0,,,26004.0,23135.3333333333,2022,중순,2022-11-11,사과-후지,11,11,False,False,False,False,False,False,False,False,False,False,True,False,False,True,False,사과(후지),373.5087248322146,0.7361729826488476,,,,,,,,
202211중순,411.0,사과,5.0,후지,상품,개,10.0,22490.0,,,26004.0,23135.3333333333,2022,중순,2022-11-11,사과-후지,11,11,False,False,False,False,False,False,False,False,False,False,True,False,False,True,False,사과(후지),373.5087248322146,0.7361729826488476,,,,,,,,
202211중순,411.0,사과,5.0,후지,상품,개,10.0,22490.0,,,26004.0,23135.3333333333,2022,중순,2022-11-11,사과-후지,11,11,False,False,False,False,False,False,False,False,False,False,True,False,False,True,False,사과(후지),373.5087248322146,0.7361729826488476,,,,,,,,
202211중순,411.0,사과,5.0,후지,상품,개,10.0,22490.0,,,26004.0,23135.3333333333,2022,중순,2022-11-11,사과-후지,11,11,False,False,False,False,False,False,False,False,False,False,True,False,False,True,False,사과(후지),373.5087248322146,0.7361729826488476,,,,,,,,
202211중순,411.0,사과,5.0,후지,상품,개,10.0,22490.0,,,26004.0,23135.3333333333,2022,중순,2022-11-11,사과-후지,11,11,False,False,False,False,False,False,False,False,False,False,True,False,False,True,False,사과(후지),373.5087248322146,0.7361729826488476,,,,,,,,
202211하순,411.0,사과,5.0,후지,상품,개,10.0,22303.0,,23618.0,25494.0,23041.0,2022,하순,2022-11-21,사과-후지,11,21,False,False,False,False,False,False,False,False,False,False,True,False,False,False,True,사과(후지),346.0926174496642,0.6899629488420291,,,,,,,,
202211하순,411.0,사과,5.0,후지,상품,개,10.0,22303.0,,23618.0,25494.0,23041.0,2022,하순,2022-11-21,사과-후지,11,21,False,False,False,False,False,False,False,False,False,False,True,False,False,False,True,사과(후지),346.0926174496642,0.6899629488420291,,,,,,,,
202211하순,411.0,사과,5.0,후지,상품,개,10.0,22303.0,,23618.0,25494.0,23041.0,2022,하순,2022-11-21,사과-후지,11,21,False,False,False,False,False,False,False,False,False,False,True,False,False,False,True,사과(후지),346.0926174496642,0.6899629488420291,,,,,,,,
202211하순,411.0,사과,5.0,후지,상품,개,10.0,22303.0,,23618.0,25494.0,23041.0,2022,하순,2022-11-21,사과-후지,11,21,False,False,False,False,False,False,False,False,False,False,True,False,False,False,True,사과(후지),346.0926174496642,0.6899629488420291,,,,,,,,
202211하순,411.0,사과,5.0,후지,상품,개,10.0,22303.0,,23618.0,25494.0,23041.0,2022,하순,2022-11-21,사과-후지,11,21,False,False,False,False,False,False,False,False,False,False,True,False,False,False,True,사과(후지),346.0926174496642,0.6899629488420291,,,,,,,,
202211하순,411.0,사과,5.0,후지,상품,개,10.0,22303.0,,23618.0,25494.0,23041.0,2022,하순,2022-11-21,사과-후지,11,21,False,False,False,False,False,False,False,False,False,False,True,False,False,False,True,사과(후지),346.0926174496642,0.6899629488420291,,,,,,,,
202211하순,411.0,사과,5.0,후지,상품,개,10.0,22303.0,,23618.0,25494.0,23041.0,2022,하순,2022-11-21,사과-후지,11,21,False,False,False,False,False,False,False,False,False,False,True,False,False,False,True,사과(후지),346.0926174496642,0.6899629488420291,,,,,,,,
202211하순,411.0,사과,5.0,후지,상품,개,10.0,22303.0,,23618.0,25494.0,23041.0,2022,하순,2022-11-21,사과-후지,11,21,False,False,False,False,False,False,False,False,False,False,True,False,False,False,True,사과(후지),346.0926174496642,0.6899629488420291,,,,,,,,
202211하순,411.0,사과,5.0,후지,상품,개,10.0,22303.0,,23618.0,25494.0,23041.0,2022,하순,2022-11-21,사과-후지,11,21,False,False,False,False,False,False,False,False,False,False,True,False,False,False,True,사과(후지),346.0926174496642,0.6899629488420291,,,,,,,,
202211하순,411.0,사과,5.0,후지,상품,개,10.0,22303.0,,23618.0,25494.0,23041.0,2022,하순,2022-11-21,사과-후지,11,21,False,False,False,False,False,False,False,False,False,False,True,False,False,False,True,사과(후지),346.0926174496642,0.6899629488420291,,,,,,,,
202211하순,411.0,사과,5.0,후지,상품,개,10.0,22303.0,,23618.0,25494.0,23041.0,2022,하순,2022-11-21,사과-후지,11,21,False,False,False,False,False,False,False,False,False,False,True,False,False,False,True,사과(후지),346.0926174496642,0.6899629488420291,,,,,,,,
202211하순,411.0,사과,5.0,후지,상품,개,10.0,22303.0,,23618.0,25494.0,23041.0,2022,하순,2022-11-21,사과-후지,11,21,False,False,False,False,False,False,False,False,False,False,True,False,False,False,True,사과(후지),346.0926174496642,0.6899629488420291,,,,,,,,
202211하순,411.0,사과,5.0,후지,상품,개,10.0,22303.0,,23618.0,25494.0,23041.0,2022,하순,2022-11-21,사과-후지,11,21,False,False,False,False,False,False,False,False,False,False,True,False,False,False,True,사과(후지),346.0926174496642,0.6899629488420291,,,,,,,,
202211하순,411.0,사과,5.0,후지,상품,개,10.0,22303.0,,23618.0,25494.0,23041.0,2022,하순,2022-11-21,사과-후지,11,21,False,False,False,False,False,False,False,False,False,False,True,False,False,False,True,사과(후지),346.0926174496642,0.6899629488420291,,,,,,,,
202211하순,411.0,사과,5.0,후지,상품,개,10.0,22303.0,,23618.0,25494.0,23041.0,2022,하순,2022-11-21,사과-후지,11,21,False,False,False,False,False,False,False,False,False,False,True,False,False,False,True,사과(후지),346.0926174496642,0.6899629488420291,,,,,,,,
202211하순,411.0,사과,5.0,후지,상품,개,10.0,22303.0,,23618.0,25494.0,23041.0,2022,하순,2022-11-21,사과-후지,11,21,False,False,False,False,False,False,False,False,False,False,True,False,False,False,True,사과(후지),346.0926174496642,0.6899629488420291,,,,,,,,
202211하순,411.0,사과,5.0,후지,상품,개,10.0,22303.0,,23618.0,25494.0,23041.0,2022,하순,2022-11-21,사과-후지,11,21,False,False,False,False,False,False,False,False,False,False,True,False,False,False,True,사과(후지),346.0926174496642,0.6899629488420291,,,,,,,,
202211하순,411.0,사과,5.0,후지,상품,개,10.0,22303.0,,23618.0,25494.0,23041.0,2022,하순,2022-11-21,사과-후지,11,21,False,False,False,False,False,False,False,False,False,False,True,False,False,False,True,사과(후지),346.0926174496642,0.6899629488420291,,,,,,,,
202211하순,411.0,사과,5.0,후지,상품,개,10.0,22303.0,,23618.0,25494.0,23041.0,2022,하순,2022-11-21,사과-후지,11,21,False,False,False,False,False,False,False,False,False,False,True,False,False,False,True,사과(후지),346.0926174496642,0.6899629488420291,,,,,,,,
202211하순,411.0,사과,5.0,후지,상품,개,10.0,22303.0,,23618.0,25494.0,23041.0,2022,하순,2022-11-21,사과-후지,11,21,False,False,False,False,False,False,False,False,False,False,True,False,False,False,True,사과(후지),346.0926174496642,0.6899629488420291,,,,,,,,
202211하순,411.0,사과,5.0,후지,상품,개,10.0,22303.0,,23618.0,25494.0,23041.0,2022,하순,2022-11-21,사과-후지,11,21,False,False,False,False,False,False,False,False,False,False,True,False,False,False,True,사과(후지),346.0926174496642,0.6899629488420291,,,,,,,,
202212상순,411.0,사과,5.0,후지,상품,개,10.0,22206.0,,22887.0,26144.0,23185.6666666666,2022,상순,2022-12-01,사과-후지,12,1,False,False,False,False,False,False,False,False,False,False,False,True,True,False,False,사과(후지),315.22013422818776,0.6362520111779151,,,,,,,,
202212상순,411.0,사과,5.0,후지,상품,개,10.0,22206.0,,22887.0,26144.0,23185.6666666666,2022,상순,2022-12-01,사과-후지,12,1,False,False,False,False,False,False,False,False,False,False,False,True,True,False,False,사과(후지),315.22013422818776,0.6362520111779151,,,,,,,,
202212상순,411.0,사과,5.0,후지,상품,개,10.0,22206.0,,22887.0,26144.0,23185.6666666666,2022,상순,2022-12-01,사과-후지,12,1,False,False,False,False,False,False,False,False,False,False,False,True,True,False,False,사과(후지),315.22013422818776,0.6362520111779151,,,,,,,,
202212상순,411.0,사과,5.0,후지,상품,개,10.0,22206.0,,22887.0,26144.0,23185.6666666666,2022,상순,2022-12-01,사과-후지,12,1,False,False,False,False,False,False,False,False,False,False,False,True,True,False,False,사과(후지),315.22013422818776,0.6362520111779151,,,,,,,,
202212상순,411.0,사과,5.0,후지,상품,개,10.0,22206.0,,22887.0,26144.0,23185.6666666666,2022,상순,2022-12-01,사과-후지,12,1,False,False,False,False,False,False,False,False,False,False,False,True,True,False,False,사과(후지),315.22013422818776,0.6362520111779151,,,,,,,,
202212상순,411.0,사과,5.0,후지,상품,개,10.0,22206.0,,22887.0,26144.0,23185.6666666666,2022,상순,2022-12-01,사과-후지,12,1,False,False,False,False,False,False,False,False,False,False,False,True,True,False,False,사과(후지),315.22013422818776,0.6362520111779151,,,,,,,,
202212상순,411.0,사과,5.0,후지,상품,개,10.0,22206.0,,22887.0,26144.0,23185.6666666666,2022,상순,2022-12-01,사과-후지,12,1,False,False,False,False,False,False,False,False,False,False,False,True,True,False,False,사과(후지),315.22013422818776,0.6362520111779151,,,,,,,,
202212상순,411.0,사과,5.0,후지,상품,개,10.0,22206.0,,22887.0,26144.0,23185.6666666666,2022,상순,2022-12-01,사과-후지,12,1,False,False,False,False,False,False,False,False,False,False,False,True,True,False,False,사과(후지),315.22013422818776,0.6362520111779151,,,,,,,,
202212상순,411.0,사과,5.0,후지,상품,개,10.0,22206.0,,22887.0,26144.0,23185.6666666666,2022,상순,2022-12-01,사과-후지,12,1,False,False,False,False,False,False,False,False,False,False,False,True,True,False,False,사과(후지),315.22013422818776,0.6362520111779151,,,,,,,,
202212상순,411.0,사과,5.0,후지,상품,개,10.0,22206.0,,22887.0,26144.0,23185.6666666666,2022,상순,2022-12-01,사과-후지,12,1,False,False,False,False,False,False,False,False,False,False,False,True,True,False,False,사과(후지),315.22013422818776,0.6362520111779151,,,,,,,,
202212상순,411.0,사과,5.0,후지,상품,개,10.0,22206.0,,22887.0,26144.0,23185.6666666666,2022,상순,2022-12-01,사과-후지,12,1,False,False,False,False,False,False,False,False,False,False,False,True,True,False,False,사과(후지),315.22013422818776,0.6362520111779151,,,,,,,,
202212상순,411.0,사과,5.0,후지,상품,개,10.0,22206.0,,22887.0,26144.0,23185.6666666666,2022,상순,2022-12-01,사과-후지,12,1,False,False,False,False,False,False,False,False,False,False,False,True,True,False,False,사과(후지),315.22013422818776,0.6362520111779151,,,,,,,,
202212상순,411.0,사과,5.0,후지,상품,개,10.0,22206.0,,22887.0,26144.0,23185.6666666666,2022,상순,2022-12-01,사과-후지,12,1,False,False,False,False,False,False,False,False,False,False,False,True,True,False,False,사과(후지),315.22013422818776,0.6362520111779151,,,,,,,,
202212상순,411.0,사과,5.0,후지,상품,개,10.0,22206.0,,22887.0,26144.0,23185.6666666666,2022,상순,2022-12-01,사과-후지,12,1,False,False,False,False,False,False,False,False,False,False,False,True,True,False,False,사과(후지),315.22013422818776,0.6362520111779151,,,,,,,,
202212상순,411.0,사과,5.0,후지,상품,개,10.0,22206.0,,22887.0,26144.0,23185.6666666666,2022,상순,2022-12-01,사과-후지,12,1,False,False,False,False,False,False,False,False,False,False,False,True,True,False,False,사과(후지),315.22013422818776,0.6362520111779151,,,,,,,,
202212상순,411.0,사과,5.0,후지,상품,개,10.0,22206.0,,22887.0,26144.0,23185.6666666666,2022,상순,2022-12-01,사과-후지,12,1,False,False,False,False,False,False,False,False,False,False,False,True,True,False,False,사과(후지),315.22013422818776,0.6362520111779151,,,,,,,,
202212상순,411.0,사과,5.0,후지,상품,개,10.0,22206.0,,22887.0,26144.0,23185.6666666666,2022,상순,2022-12-01,사과-후지,12,1,False,False,False,False,False,False,False,False,False,False,False,True,True,False,False,사과(후지),315.22013422818776,0.6362520111779151,,,,,,,,
202212상순,411.0,사과,5.0,후지,상품,개,10.0,22206.0,,22887.0,26144.0,23185.6666666666,2022,상순,2022-12-01,사과-후지,12,1,False,False,False,False,False,False,False,False,False,False,False,True,True,False,False,사과(후지),315.22013422818776,0.6362520111779151,,,,,,,,
202212상순,411.0,사과,5.0,후지,상품,개,10.0,22206.0,,22887.0,26144.0,23185.6666666666,2022,상순,2022-12-01,사과-후지,12,1,False,False,False,False,False,False,False,False,False,False,False,True,True,False,False,사과(후지),315.22013422818776,0.6362520111779151,,,,,,,,
202212상순,411.0,사과,5.0,후지,상품,개,10.0,22206.0,,22887.0,26144.0,23185.6666666666,2022,상순,2022-12-01,사과-후지,12,1,False,False,False,False,False,False,False,False,False,False,False,True,True,False,False,사과(후지),315.22013422818776,0.6362520111779151,,,,,,,,
202212상순,411.0,사과,5.0,후지,상품,개,10.0,22206.0,,22887.0,26144.0,23185.6666666666,2022,상순,2022-12-01,사과-후지,12,1,False,False,False,False,False,False,False,False,False,False,False,True,True,False,False,사과(후지),315.22013422818776,0.6362520111779151,,,,,,,,
202212중순,411.0,사과,5.0,후지,상품,개,10.0,22037.0,,22490.0,26177.0,22842.3333333333,2022,중순,2022-12-11,사과-후지,12,11,False,False,False,False,False,False,False,False,False,False,False,True,False,True,False,사과(후지),247.46040268456358,0.5517783335069987,,,,,,,,
202212중순,411.0,사과,5.0,후지,상품,개,10.0,22037.0,,22490.0,26177.0,22842.3333333333,2022,중순,2022-12-11,사과-후지,12,11,False,False,False,False,False,False,False,False,False,False,False,True,False,True,False,사과(후지),247.46040268456358,0.5517783335069987,,,,,,,,
202212중순,411.0,사과,5.0,후지,상품,개,10.0,22037.0,,22490.0,26177.0,22842.3333333333,2022,중순,2022-12-11,사과-후지,12,11,False,False,False,False,False,False,False,False,False,False,False,True,False,True,False,사과(후지),247.46040268456358,0.5517783335069987,,,,,,,,
202212중순,411.0,사과,5.0,후지,상품,개,10.0,22037.0,,22490.0,26177.0,22842.3333333333,2022,중순,2022-12-11,사과-후지,12,11,False,False,False,False,False,False,False,False,False,False,False,True,False,True,False,사과(후지),247.46040268456358,0.5517783335069987,,,,,,,,
202212중순,411.0,사과,5.0,후지,상품,개,10.0,22037.0,,22490.0,26177.0,22842.3333333333,2022,중순,2022-12-11,사과-후지,12,11,False,False,False,False,False,False,False,False,False,False,False,True,False,True,False,사과(후지),247.46040268456358,0.5517783335069987,,,,,,,,
202212중순,411.0,사과,5.0,후지,상품,개,10.0,22037.0,,22490.0,26177.0,22842.3333333333,2022,중순,2022-12-11,사과-후지,12,11,False,False,False,False,False,False,False,False,False,False,False,True,False,True,False,사과(후지),247.46040268456358,0.5517783335069987,,,,,,,,
202212중순,411.0,사과,5.0,후지,상품,개,10.0,22037.0,,22490.0,26177.0,22842.3333333333,2022,중순,2022-12-11,사과-후지,12,11,False,False,False,False,False,False,False,False,False,False,False,True,False,True,False,사과(후지),247.46040268456358,0.5517783335069987,,,,,,,,
202212중순,411.0,사과,5.0,후지,상품,개,10.0,22037.0,,22490.0,26177.0,22842.3333333333,2022,중순,2022-12-11,사과-후지,12,11,False,False,False,False,False,False,False,False,False,False,False,True,False,True,False,사과(후지),247.46040268456358,0.5517783335069987,,,,,,,,
202212중순,411.0,사과,5.0,후지,상품,개,10.0,22037.0,,22490.0,26177.0,22842.3333333333,2022,중순,2022-12-11,사과-후지,12,11,False,False,False,False,False,False,False,False,False,False,False,True,False,True,False,사과(후지),247.46040268456358,0.5517783335069987,,,,,,,,
202212중순,411.0,사과,5.0,후지,상품,개,10.0,22037.0,,22490.0,26177.0,22842.3333333333,2022,중순,2022-12-11,사과-후지,12,11,False,False,False,False,False,False,False,False,False,False,False,True,False,True,False,사과(후지),247.46040268456358,0.5517783335069987,,,,,,,,
202212중순,411.0,사과,5.0,후지,상품,개,10.0,22037.0,,22490.0,26177.0,22842.3333333333,2022,중순,2022-12-11,사과-후지,12,11,False,False,False,False,False,False,False,False,False,False,False,True,False,True,False,사과(후지),247.46040268456358,0.5517783335069987,,,,,,,,
202212중순,411.0,사과,5.0,후지,상품,개,10.0,22037.0,,22490.0,26177.0,22842.3333333333,2022,중순,2022-12-11,사과-후지,12,11,False,False,False,False,False,False,False,False,False,False,False,True,False,True,False,사과(후지),247.46040268456358,0.5517783335069987,,,,,,,,
202212중순,411.0,사과,5.0,후지,상품,개,10.0,22037.0,,22490.0,26177.0,22842.3333333333,2022,중순,2022-12-11,사과-후지,12,11,False,False,False,False,False,False,False,False,False,False,False,True,False,True,False,사과(후지),247.46040268456358,0.5517783335069987,,,,,,,,
202212중순,411.0,사과,5.0,후지,상품,개,10.0,22037.0,,22490.0,26177.0,22842.3333333333,2022,중순,2022-12-11,사과-후지,12,11,False,False,False,False,False,False,False,False,False,False,False,True,False,True,False,사과(후지),247.46040268456358,0.5517783335069987,,,,,,,,
202212중순,411.0,사과,5.0,후지,상품,개,10.0,22037.0,,22490.0,26177.0,22842.3333333333,2022,중순,2022-12-11,사과-후지,12,11,False,False,False,False,False,False,False,False,False,False,False,True,False,True,False,사과(후지),247.46040268456358,0.5517783335069987,,,,,,,,
202212중순,411.0,사과,5.0,후지,상품,개,10.0,22037.0,,22490.0,26177.0,22842.3333333333,2022,중순,2022-12-11,사과-후지,12,11,False,False,False,False,False,False,False,False,False,False,False,True,False,True,False,사과(후지),247.46040268456358,0.5517783335069987,,,,,,,,
202212중순,411.0,사과,5.0,후지,상품,개,10.0,22037.0,,22490.0,26177.0,22842.3333333333,2022,중순,2022-12-11,사과-후지,12,11,False,False,False,False,False,False,False,False,False,False,False,True,False,True,False,사과(후지),247.46040268456358,0.5517783335069987,,,,,,,,
202212중순,411.0,사과,5.0,후지,상품,개,10.0,22037.0,,22490.0,26177.0,22842.3333333333,2022,중순,2022-12-11,사과-후지,12,11,False,False,False,False,False,False,False,False,False,False,False,True,False,True,False,사과(후지),247.46040268456358,0.5517783335069987,,,,,,,,
202212중순,411.0,사과,5.0,후지,상품,개,10.0,22037.0,,22490.0,26177.0,22842.3333333333,2022,중순,2022-12-11,사과-후지,12,11,False,False,False,False,False,False,False,False,False,False,False,True,False,True,False,사과(후지),247.46040268456358,0.5517783335069987,,,,,,,,
202212중순,411.0,사과,5.0,후지,상품,개,10.0,22037.0,,22490.0,26177.0,22842.3333333333,2022,중순,2022-12-11,사과-후지,12,11,False,False,False,False,False,False,False,False,False,False,False,True,False,True,False,사과(후지),247.46040268456358,0.5517783335069987,,,,,,,,
202212중순,411.0,사과,5.0,후지,상품,개,10.0,22037.0,,22490.0,26177.0,22842.3333333333,2022,중순,2022-12-11,사과-후지,12,11,False,False,False,False,False,False,False,False,False,False,False,True,False,True,False,사과(후지),247.46040268456358,0.5517783335069987,,,,,,,,
202212중순,411.0,사과,5.0,후지,상품,개,10.0,22037.0,,22490.0,26177.0,22842.3333333333,2022,중순,2022-12-11,사과-후지,12,11,False,False,False,False,False,False,False,False,False,False,False,True,False,True,False,사과(후지),247.46040268456358,0.5517783335069987,,,,,,,,
202212중순,411.0,사과,5.0,후지,상품,개,10.0,22037.0,,22490.0,26177.0,22842.3333333333,2022,중순,2022-12-11,사과-후지,12,11,False,False,False,False,False,False,False,False,False,False,False,True,False,True,False,사과(후지),247.46040268456358,0.5517783335069987,,,,,,,,
202212하순,411.0,사과,5.0,후지,상품,개,10.0,21644.0,,22303.0,25952.0,22812.3333333333,2022,하순,2022-12-21,사과-후지,12,21,False,False,False,False,False,False,False,False,False,False,False,True,False,False,True,사과(후지),183.6872483221475,0.5037940962785565,,,,,,,,
202212하순,411.0,사과,5.0,후지,상품,개,10.0,21644.0,,22303.0,25952.0,22812.3333333333,2022,하순,2022-12-21,사과-후지,12,21,False,False,False,False,False,False,False,False,False,False,False,True,False,False,True,사과(후지),183.6872483221475,0.5037940962785565,,,,,,,,
202212하순,411.0,사과,5.0,후지,상품,개,10.0,21644.0,,22303.0,25952.0,22812.3333333333,2022,하순,2022-12-21,사과-후지,12,21,False,False,False,False,False,False,False,False,False,False,False,True,False,False,True,사과(후지),183.6872483221475,0.5037940962785565,,,,,,,,
202212하순,411.0,사과,5.0,후지,상품,개,10.0,21644.0,,22303.0,25952.0,22812.3333333333,2022,하순,2022-12-21,사과-후지,12,21,False,False,False,False,False,False,False,False,False,False,False,True,False,False,True,사과(후지),183.6872483221475,0.5037940962785565,,,,,,,,
202212하순,411.0,사과,5.0,후지,상품,개,10.0,21644.0,,22303.0,25952.0,22812.3333333333,2022,하순,2022-12-21,사과-후지,12,21,False,False,False,False,False,False,False,False,False,False,False,True,False,False,True,사과(후지),183.6872483221475,0.5037940962785565,,,,,,,,
202212하순,411.0,사과,5.0,후지,상품,개,10.0,21644.0,,22303.0,25952.0,22812.3333333333,2022,하순,2022-12-21,사과-후지,12,21,False,False,False,False,False,False,False,False,False,False,False,True,False,False,True,사과(후지),183.6872483221475,0.5037940962785565,,,,,,,,
202212하순,411.0,사과,5.0,후지,상품,개,10.0,21644.0,,22303.0,25952.0,22812.3333333333,2022,하순,2022-12-21,사과-후지,12,21,False,False,False,False,False,False,False,False,False,False,False,True,False,False,True,사과(후지),183.6872483221475,0.5037940962785565,,,,,,,,
202212하순,411.0,사과,5.0,후지,상품,개,10.0,21644.0,,22303.0,25952.0,22812.3333333333,2022,하순,2022-12-21,사과-후지,12,21,False,False,False,False,False,False,False,False,False,False,False,True,False,False,True,사과(후지),183.6872483221475,0.5037940962785565,,,,,,,,
202212하순,411.0,사과,5.0,후지,상품,개,10.0,21644.0,,22303.0,25952.0,22812.3333333333,2022,하순,2022-12-21,사과-후지,12,21,False,False,False,False,False,False,False,False,False,False,False,True,False,False,True,사과(후지),183.6872483221475,0.5037940962785565,,,,,,,,
202212하순,411.0,사과,5.0,후지,상품,개,10.0,21644.0,,22303.0,25952.0,22812.3333333333,2022,하순,2022-12-21,사과-후지,12,21,False,False,False,False,False,False,False,False,False,False,False,True,False,False,True,사과(후지),183.6872483221475,0.5037940962785565,,,,,,,,
202212하순,411.0,사과,5.0,후지,상품,개,10.0,21644.0,,22303.0,25952.0,22812.3333333333,2022,하순,2022-12-21,사과-후지,12,21,False,False,False,False,False,False,False,False,False,False,False,True,False,False,True,사과(후지),183.6872483221475,0.5037940962785565,,,,,,,,
202212하순,411.0,사과,5.0,후지,상품,개,10.0,21644.0,,22303.0,25952.0,22812.3333333333,2022,하순,2022-12-21,사과-후지,12,21,False,False,False,False,False,False,False,False,False,False,False,True,False,False,True,사과(후지),183.6872483221475,0.5037940962785565,,,,,,,,
202212하순,411.0,사과,5.0,후지,상품,개,10.0,21644.0,,22303.0,25952.0,22812.3333333333,2022,하순,2022-12-21,사과-후지,12,21,False,False,False,False,False,False,False,False,False,False,False,True,False,False,True,사과(후지),183.6872483221475,0.5037940962785565,,,,,,,,
202212하순,411.0,사과,5.0,후지,상품,개,10.0,21644.0,,22303.0,25952.0,22812.3333333333,2022,하순,2022-12-21,사과-후지,12,21,False,False,False,False,False,False,False,False,False,False,False,True,False,False,True,사과(후지),183.6872483221475,0.5037940962785565,,,,,,,,
202212하순,411.0,사과,5.0,후지,상품,개,10.0,21644.0,,22303.0,25952.0,22812.3333333333,2022,하순,2022-12-21,사과-후지,12,21,False,False,False,False,False,False,False,False,False,False,False,True,False,False,True,사과(후지),183.6872483221475,0.5037940962785565,,,,,,,,
202212하순,411.0,사과,5.0,후지,상품,개,10.0,21644.0,,22303.0,25952.0,22812.3333333333,2022,하순,2022-12-21,사과-후지,12,21,False,False,False,False,False,False,False,False,False,False,False,True,False,False,True,사과(후지),183.6872483221475,0.5037940962785565,,,,,,,,
202212하순,411.0,사과,5.0,후지,상품,개,10.0,21644.0,,22303.0,25952.0,22812.3333333333,2022,하순,2022-12-21,사과-후지,12,21,False,False,False,False,False,False,False,False,False,False,False,True,False,False,True,사과(후지),183.6872483221475,0.5037940962785565,,,,,,,,
202212하순,411.0,사과,5.0,후지,상품,개,10.0,21644.0,,22303.0,25952.0,22812.3333333333,2022,하순,2022-12-21,사과-후지,12,21,False,False,False,False,False,False,False,False,False,False,False,True,False,False,True,사과(후지),183.6872483221475,0.5037940962785565,,,,,,,,
202212하순,411.0,사과,5.0,후지,상품,개,10.0,21644.0,,22303.0,25952.0,22812.3333333333,2022,하순,2022-12-21,사과-후지,12,21,False,False,False,False,False,False,False,False,False,False,False,True,False,False,True,사과(후지),183.6872483221475,0.5037940962785565,,,,,,,,
202212하순,411.0,사과,5.0,후지,상품,개,10.0,21644.0,,22303.0,25952.0,22812.3333333333,2022,하순,2022-12-21,사과-후지,12,21,False,False,False,False,False,False,False,False,False,False,False,True,False,False,True,사과(후지),183.6872483221475,0.5037940962785565,,,,,,,,
202212하순,411.0,사과,5.0,후지,상품,개,10.0,21644.0,,22303.0,25952.0,22812.3333333333,2022,하순,2022-12-21,사과-후지,12,21,False,False,False,False,False,False,False,False,False,False,False,True,False,False,True,사과(후지),183.6872483221475,0.5037940962785565,,,,,,,,
