YYYYMMSOON,품목코드 ,품목명_x,품종코드 ,품종명,등급명,유통단계별 무게 ,유통단계별 단위 ,평균가격(원),전순 평균가격(원) PreVious SOON,전달 평균가격(원) PreVious MMonth,전년 평균가격(원) PreVious YeaR,평년 평균가격(원) Common Year SOON,year,soon,date,품목-품종,month,original_day,month_1,month_2,month_3,month_4,month_5,month_6,month_7,month_8,month_9,month_10,month_11,month_12,day_1,day_11,day_21,품목(품종)명,단수,총반입량(kg),년도,품목명_y,생산량(톤),반입량_생산량비
201801상순,214.0,상추,2.0,청,상품,g,100.0,940.0,,693.0,657.0,1034.66666666666,2018,상순,2018-01-01,상추-청,1,1,True,False,False,False,False,False,False,False,False,False,False,False,True,False,False,상추(청),,,,,,
201801상순,214.0,상추,2.0,청,상품,g,100.0,940.0,,693.0,657.0,1034.66666666666,2018,상순,2018-01-01,상추-청,1,1,True,False,False,False,False,False,False,False,False,False,False,False,True,False,False,상추(청),,,,,,
201801상순,214.0,상추,2.0,청,상품,g,100.0,940.0,,693.0,657.0,1034.66666666666,2018,상순,2018-01-01,상추-청,1,1,True,False,False,False,False,False,False,False,False,False,False,False,True,False,False,상추(청),,,,,,
201801상순,214.0,상추,2.0,청,상품,g,100.0,940.0,,693.0,657.0,1034.66666666666,2018,상순,2018-01-01,상추-청,1,1,True,False,False,False,False,False,False,False,False,False,False,False,True,False,False,상추(청),,,,,,
201801상순,214.0,상추,2.0,청,상품,g,100.0,940.0,,693.0,657.0,1034.66666666666,2018,상순,2018-01-01,상추-청,1,1,True,False,False,False,False,False,False,False,False,False,False,False,True,False,False,상추(청),,,,,,
201801상순,214.0,상추,2.0,청,상품,g,100.0,940.0,,693.0,657.0,1034.66666666666,2018,상순,2018-01-01,상추-청,1,1,True,False,False,False,False,False,False,False,False,False,False,False,True,False,False,상추(청),,,,,,
201801상순,214.0,상추,2.0,청,상품,g,100.0,940.0,,693.0,657.0,1034.66666666666,2018,상순,2018-01-01,상추-청,1,1,True,False,False,False,False,False,False,False,False,False,False,False,True,False,False,상추(청),,,,,,
201801상순,214.0,상추,2.0,청,상품,g,100.0,940.0,,693.0,657.0,1034.66666666666,2018,상순,2018-01-01,상추-청,1,1,True,False,False,False,False,False,False,False,False,False,False,False,True,False,False,상추(청),,,,,,
201801상순,214.0,상추,2.0,청,상품,g,100.0,940.0,,693.0,657.0,1034.66666666666,2018,상순,2018-01-01,상추-청,1,1,True,False,False,False,False,False,False,False,False,False,False,False,True,False,False,상추(청),,,,,,
201801상순,214.0,상추,2.0,청,상품,g,100.0,940.0,,693.0,657.0,1034.66666666666,2018,상순,2018-01-01,상추-청,1,1,True,False,False,False,False,False,False,False,False,False,False,False,True,False,False,상추(청),,,,,,
201801상순,214.0,상추,2.0,청,상품,g,100.0,940.0,,693.0,657.0,1034.66666666666,2018,상순,2018-01-01,상추-청,1,1,True,False,False,False,False,False,False,False,False,False,False,False,True,False,False,상추(청),,,,,,
201801상순,214.0,상추,2.0,청,상품,g,100.0,940.0,,693.0,657.0,1034.66666666666,2018,상순,2018-01-01,상추-청,1,1,True,False,False,False,False,False,False,False,False,False,False,False,True,False,False,상추(청),,,,,,
201801상순,214.0,상추,2.0,청,상품,g,100.0,940.0,,693.0,657.0,1034.66666666666,2018,상순,2018-01-01,상추-청,1,1,True,False,False,False,False,False,False,False,False,False,False,False,True,False,False,상추(청),,,,,,
201801상순,214.0,상추,2.0,청,상품,g,100.0,940.0,,693.0,657.0,1034.66666666666,2018,상순,2018-01-01,상추-청,1,1,True,False,False,False,False,False,False,False,False,False,False,False,True,False,False,상추(청),,,,,,
201801상순,214.0,상추,2.0,청,상품,g,100.0,940.0,,693.0,657.0,1034.66666666666,2018,상순,2018-01-01,상추-청,1,1,True,False,False,False,False,False,False,False,False,False,False,False,True,False,False,상추(청),,,,,,
201801상순,214.0,상추,2.0,청,상품,g,100.0,940.0,,693.0,657.0,1034.66666666666,2018,상순,2018-01-01,상추-청,1,1,True,False,False,False,False,False,False,False,False,False,False,False,True,False,False,상추(청),,,,,,
201801상순,214.0,상추,2.0,청,상품,g,100.0,940.0,,693.0,657.0,1034.66666666666,2018,상순,2018-01-01,상추-청,1,1,True,False,False,False,False,False,False,False,False,False,False,False,True,False,False,상추(청),,,,,,
201801상순,214.0,상추,2.0,청,상품,g,100.0,940.0,,693.0,657.0,1034.66666666666,2018,상순,2018-01-01,상추-청,1,1,True,False,False,False,False,False,False,False,False,False,False,False,True,False,False,상추(청),,,,,,
201801상순,214.0,상추,2.0,청,상품,g,100.0,940.0,,693.0,657.0,1034.66666666666,2018,상순,2018-01-01,상추-청,1,1,True,False,False,False,False,False,False,False,False,False,False,False,True,False,False,상추(청),,,,,,
201801상순,214.0,상추,2.0,청,상품,g,100.0,940.0,,693.0,657.0,1034.66666666666,2018,상순,2018-01-01,상추-청,1,1,True,False,False,False,False,False,False,False,False,False,False,False,True,False,False,상추(청),,,,,,
201801상순,214.0,상추,2.0,청,상품,g,100.0,940.0,,693.0,657.0,1034.66666666666,2018,상순,2018-01-01,상추-청,1,1,True,False,False,False,False,False,False,False,False,False,False,False,True,False,False,상추(청),,,,,,
201801상순,214.0,상추,2.0,청,상품,g,100.0,940.0,,693.0,657.0,1034.66666666666,2018,상순,2018-01-01,상추-청,1,1,True,False,False,False,False,False,False,False,False,False,False,False,True,False,False,상추(청),,,,,,
201801상순,214.0,상추,2.0,청,상품,g,100.0,940.0,,693.0,657.0,1034.66666666666,2018,상순,2018-01-01,상추-청,1,1,True,False,False,False,False,False,False,False,False,False,False,False,True,False,False,상추(청),,,,,,
201801상순,214.0,상추,2.0,청,상품,g,100.0,940.0,,693.0,657.0,1034.66666666666,2018,상순,2018-01-01,상추-청,1,1,True,False,False,False,False,False,False,False,False,False,False,False,True,False,False,상추(청),,,,,,
201801상순,214.0,상추,2.0,청,상품,g,100.0,940.0,,693.0,657.0,1034.66666666666,2018,상순,2018-01-01,상추-청,1,1,True,False,False,False,False,False,False,False,False,False,False,False,True,False,False,상추(청),,,,,,
201801상순,214.0,상추,2.0,청,상품,g,100.0,940.0,,693.0,657.0,1034.66666666666,2018,상순,2018-01-01,상추-청,1,1,True,False,False,False,False,False,False,False,False,False,False,False,True,False,False,상추(청),,,,,,
201801상순,214.0,상추,2.0,청,상품,g,100.0,940.0,,693.0,657.0,1034.66666666666,2018,상순,2018-01-01,상추-청,1,1,True,False,False,False,False,False,False,False,False,False,False,False,True,False,False,상추(청),,,,,,
201801중순,214.0,상추,2.0,청,상품,g,100.0,981.0,,682.0,643.0,921.666666666666,2018,중순,2018-01-11,상추-청,1,11,True,False,False,False,False,False,False,False,False,False,False,False,False,True,False,상추(청),,,,,,
201801중순,214.0,상추,2.0,청,상품,g,100.0,981.0,,682.0,643.0,921.666666666666,2018,중순,2018-01-11,상추-청,1,11,True,False,False,False,False,False,False,False,False,False,False,False,False,True,False,상추(청),,,,,,
201801중순,214.0,상추,2.0,청,상품,g,100.0,981.0,,682.0,643.0,921.666666666666,2018,중순,2018-01-11,상추-청,1,11,True,False,False,False,False,False,False,False,False,False,False,False,False,True,False,상추(청),,,,,,
201801중순,214.0,상추,2.0,청,상품,g,100.0,981.0,,682.0,643.0,921.666666666666,2018,중순,2018-01-11,상추-청,1,11,True,False,False,False,False,False,False,False,False,False,False,False,False,True,False,상추(청),,,,,,
201801중순,214.0,상추,2.0,청,상품,g,100.0,981.0,,682.0,643.0,921.666666666666,2018,중순,2018-01-11,상추-청,1,11,True,False,False,False,False,False,False,False,False,False,False,False,False,True,False,상추(청),,,,,,
201801중순,214.0,상추,2.0,청,상품,g,100.0,981.0,,682.0,643.0,921.666666666666,2018,중순,2018-01-11,상추-청,1,11,True,False,False,False,False,False,False,False,False,False,False,False,False,True,False,상추(청),,,,,,
201801중순,214.0,상추,2.0,청,상품,g,100.0,981.0,,682.0,643.0,921.666666666666,2018,중순,2018-01-11,상추-청,1,11,True,False,False,False,False,False,False,False,False,False,False,False,False,True,False,상추(청),,,,,,
201801중순,214.0,상추,2.0,청,상품,g,100.0,981.0,,682.0,643.0,921.666666666666,2018,중순,2018-01-11,상추-청,1,11,True,False,False,False,False,False,False,False,False,False,False,False,False,True,False,상추(청),,,,,,
201801중순,214.0,상추,2.0,청,상품,g,100.0,981.0,,682.0,643.0,921.666666666666,2018,중순,2018-01-11,상추-청,1,11,True,False,False,False,False,False,False,False,False,False,False,False,False,True,False,상추(청),,,,,,
201801중순,214.0,상추,2.0,청,상품,g,100.0,981.0,,682.0,643.0,921.666666666666,2018,중순,2018-01-11,상추-청,1,11,True,False,False,False,False,False,False,False,False,False,False,False,False,True,False,상추(청),,,,,,
201801중순,214.0,상추,2.0,청,상품,g,100.0,981.0,,682.0,643.0,921.666666666666,2018,중순,2018-01-11,상추-청,1,11,True,False,False,False,False,False,False,False,False,False,False,False,False,True,False,상추(청),,,,,,
201801중순,214.0,상추,2.0,청,상품,g,100.0,981.0,,682.0,643.0,921.666666666666,2018,중순,2018-01-11,상추-청,1,11,True,False,False,False,False,False,False,False,False,False,False,False,False,True,False,상추(청),,,,,,
201801중순,214.0,상추,2.0,청,상품,g,100.0,981.0,,682.0,643.0,921.666666666666,2018,중순,2018-01-11,상추-청,1,11,True,False,False,False,False,False,False,False,False,False,False,False,False,True,False,상추(청),,,,,,
201801중순,214.0,상추,2.0,청,상품,g,100.0,981.0,,682.0,643.0,921.666666666666,2018,중순,2018-01-11,상추-청,1,11,True,False,False,False,False,False,False,False,False,False,False,False,False,True,False,상추(청),,,,,,
201801중순,214.0,상추,2.0,청,상품,g,100.0,981.0,,682.0,643.0,921.666666666666,2018,중순,2018-01-11,상추-청,1,11,True,False,False,False,False,False,False,False,False,False,False,False,False,True,False,상추(청),,,,,,
201801중순,214.0,상추,2.0,청,상품,g,100.0,981.0,,682.0,643.0,921.666666666666,2018,중순,2018-01-11,상추-청,1,11,True,False,False,False,False,False,False,False,False,False,False,False,False,True,False,상추(청),,,,,,
201801중순,214.0,상추,2.0,청,상품,g,100.0,981.0,,682.0,643.0,921.666666666666,2018,중순,2018-01-11,상추-청,1,11,True,False,False,False,False,False,False,False,False,False,False,False,False,True,False,상추(청),,,,,,
201801중순,214.0,상추,2.0,청,상품,g,100.0,981.0,,682.0,643.0,921.666666666666,2018,중순,2018-01-11,상추-청,1,11,True,False,False,False,False,False,False,False,False,False,False,False,False,True,False,상추(청),,,,,,
201801중순,214.0,상추,2.0,청,상품,g,100.0,981.0,,682.0,643.0,921.666666666666,2018,중순,2018-01-11,상추-청,1,11,True,False,False,False,False,False,False,False,False,False,False,False,False,True,False,상추(청),,,,,,
201801중순,214.0,상추,2.0,청,상품,g,100.0,981.0,,682.0,643.0,921.666666666666,2018,중순,2018-01-11,상추-청,1,11,True,False,False,False,False,False,False,False,False,False,False,False,False,True,False,상추(청),,,,,,
201801중순,214.0,상추,2.0,청,상품,g,100.0,981.0,,682.0,643.0,921.666666666666,2018,중순,2018-01-11,상추-청,1,11,True,False,False,False,False,False,False,False,False,False,False,False,False,True,False,상추(청),,,,,,
201801중순,214.0,상추,2.0,청,상품,g,100.0,981.0,,682.0,643.0,921.666666666666,2018,중순,2018-01-11,상추-청,1,11,True,False,False,False,False,False,False,False,False,False,False,False,False,True,False,상추(청),,,,,,
201801중순,214.0,상추,2.0,청,상품,g,100.0,981.0,,682.0,643.0,921.666666666666,2018,중순,2018-01-11,상추-청,1,11,True,False,False,False,False,False,False,False,False,False,False,False,False,True,False,상추(청),,,,,,
201801중순,214.0,상추,2.0,청,상품,g,100.0,981.0,,682.0,643.0,921.666666666666,2018,중순,2018-01-11,상추-청,1,11,True,False,False,False,False,False,False,False,False,False,False,False,False,True,False,상추(청),,,,,,
201801중순,214.0,상추,2.0,청,상품,g,100.0,981.0,,682.0,643.0,921.666666666666,2018,중순,2018-01-11,상추-청,1,11,True,False,False,False,False,False,False,False,False,False,False,False,False,True,False,상추(청),,,,,,
201801하순,214.0,상추,2.0,청,상품,g,100.0,983.0,,796.0,658.0,850.0,2018,하순,2018-01-21,상추-청,1,21,True,False,False,False,False,False,False,False,False,False,False,False,False,False,True,상추(청),,,,,,
201801하순,214.0,상추,2.0,청,상품,g,100.0,983.0,,796.0,658.0,850.0,2018,하순,2018-01-21,상추-청,1,21,True,False,False,False,False,False,False,False,False,False,False,False,False,False,True,상추(청),,,,,,
201801하순,214.0,상추,2.0,청,상품,g,100.0,983.0,,796.0,658.0,850.0,2018,하순,2018-01-21,상추-청,1,21,True,False,False,False,False,False,False,False,False,False,False,False,False,False,True,상추(청),,,,,,
201801하순,214.0,상추,2.0,청,상품,g,100.0,983.0,,796.0,658.0,850.0,2018,하순,2018-01-21,상추-청,1,21,True,False,False,False,False,False,False,False,False,False,False,False,False,False,True,상추(청),,,,,,
201801하순,214.0,상추,2.0,청,상품,g,100.0,983.0,,796.0,658.0,850.0,2018,하순,2018-01-21,상추-청,1,21,True,False,False,False,False,False,False,False,False,False,False,False,False,False,True,상추(청),,,,,,
201801하순,214.0,상추,2.0,청,상품,g,100.0,983.0,,796.0,658.0,850.0,2018,하순,2018-01-21,상추-청,1,21,True,False,False,False,False,False,False,False,False,False,False,False,False,False,True,상추(청),,,,,,
201801하순,214.0,상추,2.0,청,상품,g,100.0,983.0,,796.0,658.0,850.0,2018,하순,2018-01-21,상추-청,1,21,True,False,False,False,False,False,False,False,False,False,False,False,False,False,True,상추(청),,,,,,
201801하순,214.0,상추,2.0,청,상품,g,100.0,983.0,,796.0,658.0,850.0,2018,하순,2018-01-21,상추-청,1,21,True,False,False,False,False,False,False,False,False,False,False,False,False,False,True,상추(청),,,,,,
201801하순,214.0,상추,2.0,청,상품,g,100.0,983.0,,796.0,658.0,850.0,2018,하순,2018-01-21,상추-청,1,21,True,False,False,False,False,False,False,False,False,False,False,False,False,False,True,상추(청),,,,,,
201801하순,214.0,상추,2.0,청,상품,g,100.0,983.0,,796.0,658.0,850.0,2018,하순,2018-01-21,상추-청,1,21,True,False,False,False,False,False,False,False,False,False,False,False,False,False,True,상추(청),,,,,,
201801하순,214.0,상추,2.0,청,상품,g,100.0,983.0,,796.0,658.0,850.0,2018,하순,2018-01-21,상추-청,1,21,True,False,False,False,False,False,False,False,False,False,False,False,False,False,True,상추(청),,,,,,
201801하순,214.0,상추,2.0,청,상품,g,100.0,983.0,,796.0,658.0,850.0,2018,하순,2018-01-21,상추-청,1,21,True,False,False,False,False,False,False,False,False,False,False,False,False,False,True,상추(청),,,,,,
201801하순,214.0,상추,2.0,청,상품,g,100.0,983.0,,796.0,658.0,850.0,2018,하순,2018-01-21,상추-청,1,21,True,False,False,False,False,False,False,False,False,False,False,False,False,False,True,상추(청),,,,,,
201801하순,214.0,상추,2.0,청,상품,g,100.0,983.0,,796.0,658.0,850.0,2018,하순,2018-01-21,상추-청,1,21,True,False,False,False,False,False,False,False,False,False,False,False,False,False,True,상추(청),,,,,,
201801하순,214.0,상추,2.0,청,상품,g,100.0,983.0,,796.0,658.0,850.0,2018,하순,2018-01-21,상추-청,1,21,True,False,False,False,False,False,False,False,False,False,False,False,False,False,True,상추(청),,,,,,
201801하순,214.0,상추,2.0,청,상품,g,100.0,983.0,,796.0,658.0,850.0,2018,하순,2018-01-21,상추-청,1,21,True,False,False,False,False,False,False,False,False,False,False,False,False,False,True,상추(청),,,,,,
201801하순,214.0,상추,2.0,청,상품,g,100.0,983.0,,796.0,658.0,850.0,2018,하순,2018-01-21,상추-청,1,21,True,False,False,False,False,False,False,False,False,False,False,False,False,False,True,상추(청),,,,,,
201801하순,214.0,상추,2.0,청,상품,g,100.0,983.0,,796.0,658.0,850.0,2018,하순,2018-01-21,상추-청,1,21,True,False,False,False,False,False,False,False,False,False,False,False,False,False,True,상추(청),,,,,,
201801하순,214.0,상추,2.0,청,상품,g,100.0,983.0,,796.0,658.0,850.0,2018,하순,2018-01-21,상추-청,1,21,True,False,False,False,False,False,False,False,False,False,False,False,False,False,True,상추(청),,,,,,
201801하순,214.0,상추,2.0,청,상품,g,100.0,983.0,,796.0,658.0,850.0,2018,하순,2018-01-21,상추-청,1,21,True,False,False,False,False,False,False,False,False,False,False,False,False,False,True,상추(청),,,,,,
201801하순,214.0,상추,2.0,청,상품,g,100.0,983.0,,796.0,658.0,850.0,2018,하순,2018-01-21,상추-청,1,21,True,False,False,False,False,False,False,False,False,False,False,False,False,False,True,상추(청),,,,,,
201801하순,214.0,상추,2.0,청,상품,g,100.0,983.0,,796.0,658.0,850.0,2018,하순,2018-01-21,상추-청,1,21,True,False,False,False,False,False,False,False,False,False,False,False,False,False,True,상추(청),,,,,,
201801하순,214.0,상추,2.0,청,상품,g,100.0,983.0,,796.0,658.0,850.0,2018,하순,2018-01-21,상추-청,1,21,True,False,False,False,False,False,False,False,False,False,False,False,False,False,True,상추(청),,,,,,
201801하순,214.0,상추,2.0,청,상품,g,100.0,983.0,,796.0,658.0,850.0,2018,하순,2018-01-21,상추-청,1,21,True,False,False,False,False,False,False,False,False,False,False,False,False,False,True,상추(청),,,,,,
201801하순,214.0,상추,2.0,청,상품,g,100.0,983.0,,796.0,658.0,850.0,2018,하순,2018-01-21,상추-청,1,21,True,False,False,False,False,False,False,False,False,False,False,False,False,False,True,상추(청),,,,,,
201802상순,214.0,상추,2.0,청,상품,g,100.0,1009.0,,940.0,646.0,850.0,2018,상순,2018-02-01,상추-청,2,1,False,True,False,False,False,False,False,False,False,False,False,False,True,False,False,상추(청),,,,,,
201802상순,214.0,상추,2.0,청,상품,g,100.0,1009.0,,940.0,646.0,850.0,2018,상순,2018-02-01,상추-청,2,1,False,True,False,False,False,False,False,False,False,False,False,False,True,False,False,상추(청),,,,,,
201802상순,214.0,상추,2.0,청,상품,g,100.0,1009.0,,940.0,646.0,850.0,2018,상순,2018-02-01,상추-청,2,1,False,True,False,False,False,False,False,False,False,False,False,False,True,False,False,상추(청),,,,,,
201802상순,214.0,상추,2.0,청,상품,g,100.0,1009.0,,940.0,646.0,850.0,2018,상순,2018-02-01,상추-청,2,1,False,True,False,False,False,False,False,False,False,False,False,False,True,False,False,상추(청),,,,,,
201802상순,214.0,상추,2.0,청,상품,g,100.0,1009.0,,940.0,646.0,850.0,2018,상순,2018-02-01,상추-청,2,1,False,True,False,False,False,False,False,False,False,False,False,False,True,False,False,상추(청),,,,,,
201802상순,214.0,상추,2.0,청,상품,g,100.0,1009.0,,940.0,646.0,850.0,2018,상순,2018-02-01,상추-청,2,1,False,True,False,False,False,False,False,False,False,False,False,False,True,False,False,상추(청),,,,,,
201802상순,214.0,상추,2.0,청,상품,g,100.0,1009.0,,940.0,646.0,850.0,2018,상순,2018-02-01,상추-청,2,1,False,True,False,False,False,False,False,False,False,False,False,False,True,False,False,상추(청),,,,,,
201802상순,214.0,상추,2.0,청,상품,g,100.0,1009.0,,940.0,646.0,850.0,2018,상순,2018-02-01,상추-청,2,1,False,True,False,False,False,False,False,False,False,False,False,False,True,False,False,상추(청),,,,,,
201802상순,214.0,상추,2.0,청,상품,g,100.0,1009.0,,940.0,646.0,850.0,2018,상순,2018-02-01,상추-청,2,1,False,True,False,False,False,False,False,False,False,False,False,False,True,False,False,상추(청),,,,,,
201802상순,214.0,상추,2.0,청,상품,g,100.0,1009.0,,940.0,646.0,850.0,2018,상순,2018-02-01,상추-청,2,1,False,True,False,False,False,False,False,False,False,False,False,False,True,False,False,상추(청),,,,,,
201802상순,214.0,상추,2.0,청,상품,g,100.0,1009.0,,940.0,646.0,850.0,2018,상순,2018-02-01,상추-청,2,1,False,True,False,False,False,False,False,False,False,False,False,False,True,False,False,상추(청),,,,,,
201802상순,214.0,상추,2.0,청,상품,g,100.0,1009.0,,940.0,646.0,850.0,2018,상순,2018-02-01,상추-청,2,1,False,True,False,False,False,False,False,False,False,False,False,False,True,False,False,상추(청),,,,,,
201802상순,214.0,상추,2.0,청,상품,g,100.0,1009.0,,940.0,646.0,850.0,2018,상순,2018-02-01,상추-청,2,1,False,True,False,False,False,False,False,False,False,False,False,False,True,False,False,상추(청),,,,,,
201802상순,214.0,상추,2.0,청,상품,g,100.0,1009.0,,940.0,646.0,850.0,2018,상순,2018-02-01,상추-청,2,1,False,True,False,False,False,False,False,False,False,False,False,False,True,False,False,상추(청),,,,,,
201802상순,214.0,상추,2.0,청,상품,g,100.0,1009.0,,940.0,646.0,850.0,2018,상순,2018-02-01,상추-청,2,1,False,True,False,False,False,False,False,False,False,False,False,False,True,False,False,상추(청),,,,,,
201802상순,214.0,상추,2.0,청,상품,g,100.0,1009.0,,940.0,646.0,850.0,2018,상순,2018-02-01,상추-청,2,1,False,True,False,False,False,False,False,False,False,False,False,False,True,False,False,상추(청),,,,,,
201802상순,214.0,상추,2.0,청,상품,g,100.0,1009.0,,940.0,646.0,850.0,2018,상순,2018-02-01,상추-청,2,1,False,True,False,False,False,False,False,False,False,False,False,False,True,False,False,상추(청),,,,,,
201802상순,214.0,상추,2.0,청,상품,g,100.0,1009.0,,940.0,646.0,850.0,2018,상순,2018-02-01,상추-청,2,1,False,True,False,False,False,False,False,False,False,False,False,False,True,False,False,상추(청),,,,,,
201802상순,214.0,상추,2.0,청,상품,g,100.0,1009.0,,940.0,646.0,850.0,2018,상순,2018-02-01,상추-청,2,1,False,True,False,False,False,False,False,False,False,False,False,False,True,False,False,상추(청),,,,,,
201802상순,214.0,상추,2.0,청,상품,g,100.0,1009.0,,940.0,646.0,850.0,2018,상순,2018-02-01,상추-청,2,1,False,True,False,False,False,False,False,False,False,False,False,False,True,False,False,상추(청),,,,,,
201802상순,214.0,상추,2.0,청,상품,g,100.0,1009.0,,940.0,646.0,850.0,2018,상순,2018-02-01,상추-청,2,1,False,True,False,False,False,False,False,False,False,False,False,False,True,False,False,상추(청),,,,,,
201802상순,214.0,상추,2.0,청,상품,g,100.0,1009.0,,940.0,646.0,850.0,2018,상순,2018-02-01,상추-청,2,1,False,True,False,False,False,False,False,False,False,False,False,False,True,False,False,상추(청),,,,,,
201802상순,214.0,상추,2.0,청,상품,g,100.0,1009.0,,940.0,646.0,850.0,2018,상순,2018-02-01,상추-청,2,1,False,True,False,False,False,False,False,False,False,False,False,False,True,False,False,상추(청),,,,,,
201802상순,214.0,상추,2.0,청,상품,g,100.0,1009.0,,940.0,646.0,850.0,2018,상순,2018-02-01,상추-청,2,1,False,True,False,False,False,False,False,False,False,False,False,False,True,False,False,상추(청),,,,,,
201802상순,214.0,상추,2.0,청,상품,g,100.0,1009.0,,940.0,646.0,850.0,2018,상순,2018-02-01,상추-청,2,1,False,True,False,False,False,False,False,False,False,False,False,False,True,False,False,상추(청),,,,,,
201802중순,214.0,상추,2.0,청,상품,g,100.0,1022.0,,981.0,594.0,844.666666666666,2018,중순,2018-02-11,상추-청,2,11,False,True,False,False,False,False,False,False,False,False,False,False,False,True,False,상추(청),,,,,,
201802중순,214.0,상추,2.0,청,상품,g,100.0,1022.0,,981.0,594.0,844.666666666666,2018,중순,2018-02-11,상추-청,2,11,False,True,False,False,False,False,False,False,False,False,False,False,False,True,False,상추(청),,,,,,
201802중순,214.0,상추,2.0,청,상품,g,100.0,1022.0,,981.0,594.0,844.666666666666,2018,중순,2018-02-11,상추-청,2,11,False,True,False,False,False,False,False,False,False,False,False,False,False,True,False,상추(청),,,,,,
201802중순,214.0,상추,2.0,청,상품,g,100.0,1022.0,,981.0,594.0,844.666666666666,2018,중순,2018-02-11,상추-청,2,11,False,True,False,False,False,False,False,False,False,False,False,False,False,True,False,상추(청),,,,,,
201802중순,214.0,상추,2.0,청,상품,g,100.0,1022.0,,981.0,594.0,844.666666666666,2018,중순,2018-02-11,상추-청,2,11,False,True,False,False,False,False,False,False,False,False,False,False,False,True,False,상추(청),,,,,,
201802중순,214.0,상추,2.0,청,상품,g,100.0,1022.0,,981.0,594.0,844.666666666666,2018,중순,2018-02-11,상추-청,2,11,False,True,False,False,False,False,False,False,False,False,False,False,False,True,False,상추(청),,,,,,
201802중순,214.0,상추,2.0,청,상품,g,100.0,1022.0,,981.0,594.0,844.666666666666,2018,중순,2018-02-11,상추-청,2,11,False,True,False,False,False,False,False,False,False,False,False,False,False,True,False,상추(청),,,,,,
201802중순,214.0,상추,2.0,청,상품,g,100.0,1022.0,,981.0,594.0,844.666666666666,2018,중순,2018-02-11,상추-청,2,11,False,True,False,False,False,False,False,False,False,False,False,False,False,True,False,상추(청),,,,,,
201802중순,214.0,상추,2.0,청,상품,g,100.0,1022.0,,981.0,594.0,844.666666666666,2018,중순,2018-02-11,상추-청,2,11,False,True,False,False,False,False,False,False,False,False,False,False,False,True,False,상추(청),,,,,,
201802중순,214.0,상추,2.0,청,상품,g,100.0,1022.0,,981.0,594.0,844.666666666666,2018,중순,2018-02-11,상추-청,2,11,False,True,False,False,False,False,False,False,False,False,False,False,False,True,False,상추(청),,,,,,
201802중순,214.0,상추,2.0,청,상품,g,100.0,1022.0,,981.0,594.0,844.666666666666,2018,중순,2018-02-11,상추-청,2,11,False,True,False,False,False,False,False,False,False,False,False,False,False,True,False,상추(청),,,,,,
201802중순,214.0,상추,2.0,청,상품,g,100.0,1022.0,,981.0,594.0,844.666666666666,2018,중순,2018-02-11,상추-청,2,11,False,True,False,False,False,False,False,False,False,False,False,False,False,True,False,상추(청),,,,,,
201802중순,214.0,상추,2.0,청,상품,g,100.0,1022.0,,981.0,594.0,844.666666666666,2018,중순,2018-02-11,상추-청,2,11,False,True,False,False,False,False,False,False,False,False,False,False,False,True,False,상추(청),,,,,,
201802중순,214.0,상추,2.0,청,상품,g,100.0,1022.0,,981.0,594.0,844.666666666666,2018,중순,2018-02-11,상추-청,2,11,False,True,False,False,False,False,False,False,False,False,False,False,False,True,False,상추(청),,,,,,
201802중순,214.0,상추,2.0,청,상품,g,100.0,1022.0,,981.0,594.0,844.666666666666,2018,중순,2018-02-11,상추-청,2,11,False,True,False,False,False,False,False,False,False,False,False,False,False,True,False,상추(청),,,,,,
201802중순,214.0,상추,2.0,청,상품,g,100.0,1022.0,,981.0,594.0,844.666666666666,2018,중순,2018-02-11,상추-청,2,11,False,True,False,False,False,False,False,False,False,False,False,False,False,True,False,상추(청),,,,,,
201802중순,214.0,상추,2.0,청,상품,g,100.0,1022.0,,981.0,594.0,844.666666666666,2018,중순,2018-02-11,상추-청,2,11,False,True,False,False,False,False,False,False,False,False,False,False,False,True,False,상추(청),,,,,,
201802중순,214.0,상추,2.0,청,상품,g,100.0,1022.0,,981.0,594.0,844.666666666666,2018,중순,2018-02-11,상추-청,2,11,False,True,False,False,False,False,False,False,False,False,False,False,False,True,False,상추(청),,,,,,
201802중순,214.0,상추,2.0,청,상품,g,100.0,1022.0,,981.0,594.0,844.666666666666,2018,중순,2018-02-11,상추-청,2,11,False,True,False,False,False,False,False,False,False,False,False,False,False,True,False,상추(청),,,,,,
201802중순,214.0,상추,2.0,청,상품,g,100.0,1022.0,,981.0,594.0,844.666666666666,2018,중순,2018-02-11,상추-청,2,11,False,True,False,False,False,False,False,False,False,False,False,False,False,True,False,상추(청),,,,,,
201802중순,214.0,상추,2.0,청,상품,g,100.0,1022.0,,981.0,594.0,844.666666666666,2018,중순,2018-02-11,상추-청,2,11,False,True,False,False,False,False,False,False,False,False,False,False,False,True,False,상추(청),,,,,,
201802중순,214.0,상추,2.0,청,상품,g,100.0,1022.0,,981.0,594.0,844.666666666666,2018,중순,2018-02-11,상추-청,2,11,False,True,False,False,False,False,False,False,False,False,False,False,False,True,False,상추(청),,,,,,
201802중순,214.0,상추,2.0,청,상품,g,100.0,1022.0,,981.0,594.0,844.666666666666,2018,중순,2018-02-11,상추-청,2,11,False,True,False,False,False,False,False,False,False,False,False,False,False,True,False,상추(청),,,,,,
201802중순,214.0,상추,2.0,청,상품,g,100.0,1022.0,,981.0,594.0,844.666666666666,2018,중순,2018-02-11,상추-청,2,11,False,True,False,False,False,False,False,False,False,False,False,False,False,True,False,상추(청),,,,,,
201802중순,214.0,상추,2.0,청,상품,g,100.0,1022.0,,981.0,594.0,844.666666666666,2018,중순,2018-02-11,상추-청,2,11,False,True,False,False,False,False,False,False,False,False,False,False,False,True,False,상추(청),,,,,,
201802하순,214.0,상추,2.0,청,상품,g,100.0,918.0,,983.0,584.0,727.0,2018,하순,2018-02-21,상추-청,2,21,False,True,False,False,False,False,False,False,False,False,False,False,False,False,True,상추(청),,,,,,
201802하순,214.0,상추,2.0,청,상품,g,100.0,918.0,,983.0,584.0,727.0,2018,하순,2018-02-21,상추-청,2,21,False,True,False,False,False,False,False,False,False,False,False,False,False,False,True,상추(청),,,,,,
201802하순,214.0,상추,2.0,청,상품,g,100.0,918.0,,983.0,584.0,727.0,2018,하순,2018-02-21,상추-청,2,21,False,True,False,False,False,False,False,False,False,False,False,False,False,False,True,상추(청),,,,,,
201802하순,214.0,상추,2.0,청,상품,g,100.0,918.0,,983.0,584.0,727.0,2018,하순,2018-02-21,상추-청,2,21,False,True,False,False,False,False,False,False,False,False,False,False,False,False,True,상추(청),,,,,,
201802하순,214.0,상추,2.0,청,상품,g,100.0,918.0,,983.0,584.0,727.0,2018,하순,2018-02-21,상추-청,2,21,False,True,False,False,False,False,False,False,False,False,False,False,False,False,True,상추(청),,,,,,
201802하순,214.0,상추,2.0,청,상품,g,100.0,918.0,,983.0,584.0,727.0,2018,하순,2018-02-21,상추-청,2,21,False,True,False,False,False,False,False,False,False,False,False,False,False,False,True,상추(청),,,,,,
201802하순,214.0,상추,2.0,청,상품,g,100.0,918.0,,983.0,584.0,727.0,2018,하순,2018-02-21,상추-청,2,21,False,True,False,False,False,False,False,False,False,False,False,False,False,False,True,상추(청),,,,,,
201802하순,214.0,상추,2.0,청,상품,g,100.0,918.0,,983.0,584.0,727.0,2018,하순,2018-02-21,상추-청,2,21,False,True,False,False,False,False,False,False,False,False,False,False,False,False,True,상추(청),,,,,,
201802하순,214.0,상추,2.0,청,상품,g,100.0,918.0,,983.0,584.0,727.0,2018,하순,2018-02-21,상추-청,2,21,False,True,False,False,False,False,False,False,False,False,False,False,False,False,True,상추(청),,,,,,
201802하순,214.0,상추,2.0,청,상품,g,100.0,918.0,,983.0,584.0,727.0,2018,하순,2018-02-21,상추-청,2,21,False,True,False,False,False,False,False,False,False,False,False,False,False,False,True,상추(청),,,,,,
201802하순,214.0,상추,2.0,청,상품,g,100.0,918.0,,983.0,584.0,727.0,2018,하순,2018-02-21,상추-청,2,21,False,True,False,False,False,False,False,False,False,False,False,False,False,False,True,상추(청),,,,,,
201802하순,214.0,상추,2.0,청,상품,g,100.0,918.0,,983.0,584.0,727.0,2018,하순,2018-02-21,상추-청,2,21,False,True,False,False,False,False,False,False,False,False,False,False,False,False,True,상추(청),,,,,,
201802하순,214.0,상추,2.0,청,상품,g,100.0,918.0,,983.0,584.0,727.0,2018,하순,2018-02-21,상추-청,2,21,False,True,False,False,False,False,False,False,False,False,False,False,False,False,True,상추(청),,,,,,
201802하순,214.0,상추,2.0,청,상품,g,100.0,918.0,,983.0,584.0,727.0,2018,하순,2018-02-21,상추-청,2,21,False,True,False,False,False,False,False,False,False,False,False,False,False,False,True,상추(청),,,,,,
201802하순,214.0,상추,2.0,청,상품,g,100.0,918.0,,983.0,584.0,727.0,2018,하순,2018-02-21,상추-청,2,21,False,True,False,False,False,False,False,False,False,False,False,False,False,False,True,상추(청),,,,,,
201802하순,214.0,상추,2.0,청,상품,g,100.0,918.0,,983.0,584.0,727.0,2018,하순,2018-02-21,상추-청,2,21,False,True,False,False,False,False,False,False,False,False,False,False,False,False,True,상추(청),,,,,,
201802하순,214.0,상추,2.0,청,상품,g,100.0,918.0,,983.0,584.0,727.0,2018,하순,2018-02-21,상추-청,2,21,False,True,False,False,False,False,False,False,False,False,False,False,False,False,True,상추(청),,,,,,
201802하순,214.0,상추,2.0,청,상품,g,100.0,918.0,,983.0,584.0,727.0,2018,하순,2018-02-21,상추-청,2,21,False,True,False,False,False,False,False,False,False,False,False,False,False,False,True,상추(청),,,,,,
201802하순,214.0,상추,2.0,청,상품,g,100.0,918.0,,983.0,584.0,727.0,2018,하순,2018-02-21,상추-청,2,21,False,True,False,False,False,False,False,False,False,False,False,False,False,False,True,상추(청),,,,,,
201802하순,214.0,상추,2.0,청,상품,g,100.0,918.0,,983.0,584.0,727.0,2018,하순,2018-02-21,상추-청,2,21,False,True,False,False,False,False,False,False,False,False,False,False,False,False,True,상추(청),,,,,,
201802하순,214.0,상추,2.0,청,상품,g,100.0,918.0,,983.0,584.0,727.0,2018,하순,2018-02-21,상추-청,2,21,False,True,False,False,False,False,False,False,False,False,False,False,False,False,True,상추(청),,,,,,
201802하순,214.0,상추,2.0,청,상품,g,100.0,918.0,,983.0,584.0,727.0,2018,하순,2018-02-21,상추-청,2,21,False,True,False,False,False,False,False,False,False,False,False,False,False,False,True,상추(청),,,,,,
201802하순,214.0,상추,2.0,청,상품,g,100.0,918.0,,983.0,584.0,727.0,2018,하순,2018-02-21,상추-청,2,21,False,True,False,False,False,False,False,False,False,False,False,False,False,False,True,상추(청),,,,,,
201802하순,214.0,상추,2.0,청,상품,g,100.0,918.0,,983.0,584.0,727.0,2018,하순,2018-02-21,상추-청,2,21,False,True,False,False,False,False,False,False,False,False,False,False,False,False,True,상추(청),,,,,,
201802하순,214.0,상추,2.0,청,상품,g,100.0,918.0,,983.0,584.0,727.0,2018,하순,2018-02-21,상추-청,2,21,False,True,False,False,False,False,False,False,False,False,False,False,False,False,True,상추(청),,,,,,
201803상순,214.0,상추,2.0,청,상품,g,100.0,670.0,,1009.0,577.0,629.666666666666,2018,상순,2018-03-01,상추-청,3,1,False,False,True,False,False,False,False,False,False,False,False,False,True,False,False,상추(청),,,,,,
201803상순,214.0,상추,2.0,청,상품,g,100.0,670.0,,1009.0,577.0,629.666666666666,2018,상순,2018-03-01,상추-청,3,1,False,False,True,False,False,False,False,False,False,False,False,False,True,False,False,상추(청),,,,,,
201803상순,214.0,상추,2.0,청,상품,g,100.0,670.0,,1009.0,577.0,629.666666666666,2018,상순,2018-03-01,상추-청,3,1,False,False,True,False,False,False,False,False,False,False,False,False,True,False,False,상추(청),,,,,,
201803상순,214.0,상추,2.0,청,상품,g,100.0,670.0,,1009.0,577.0,629.666666666666,2018,상순,2018-03-01,상추-청,3,1,False,False,True,False,False,False,False,False,False,False,False,False,True,False,False,상추(청),,,,,,
201803상순,214.0,상추,2.0,청,상품,g,100.0,670.0,,1009.0,577.0,629.666666666666,2018,상순,2018-03-01,상추-청,3,1,False,False,True,False,False,False,False,False,False,False,False,False,True,False,False,상추(청),,,,,,
201803상순,214.0,상추,2.0,청,상품,g,100.0,670.0,,1009.0,577.0,629.666666666666,2018,상순,2018-03-01,상추-청,3,1,False,False,True,False,False,False,False,False,False,False,False,False,True,False,False,상추(청),,,,,,
201803상순,214.0,상추,2.0,청,상품,g,100.0,670.0,,1009.0,577.0,629.666666666666,2018,상순,2018-03-01,상추-청,3,1,False,False,True,False,False,False,False,False,False,False,False,False,True,False,False,상추(청),,,,,,
201803상순,214.0,상추,2.0,청,상품,g,100.0,670.0,,1009.0,577.0,629.666666666666,2018,상순,2018-03-01,상추-청,3,1,False,False,True,False,False,False,False,False,False,False,False,False,True,False,False,상추(청),,,,,,
201803상순,214.0,상추,2.0,청,상품,g,100.0,670.0,,1009.0,577.0,629.666666666666,2018,상순,2018-03-01,상추-청,3,1,False,False,True,False,False,False,False,False,False,False,False,False,True,False,False,상추(청),,,,,,
201803상순,214.0,상추,2.0,청,상품,g,100.0,670.0,,1009.0,577.0,629.666666666666,2018,상순,2018-03-01,상추-청,3,1,False,False,True,False,False,False,False,False,False,False,False,False,True,False,False,상추(청),,,,,,
201803상순,214.0,상추,2.0,청,상품,g,100.0,670.0,,1009.0,577.0,629.666666666666,2018,상순,2018-03-01,상추-청,3,1,False,False,True,False,False,False,False,False,False,False,False,False,True,False,False,상추(청),,,,,,
201803상순,214.0,상추,2.0,청,상품,g,100.0,670.0,,1009.0,577.0,629.666666666666,2018,상순,2018-03-01,상추-청,3,1,False,False,True,False,False,False,False,False,False,False,False,False,True,False,False,상추(청),,,,,,
201803상순,214.0,상추,2.0,청,상품,g,100.0,670.0,,1009.0,577.0,629.666666666666,2018,상순,2018-03-01,상추-청,3,1,False,False,True,False,False,False,False,False,False,False,False,False,True,False,False,상추(청),,,,,,
201803상순,214.0,상추,2.0,청,상품,g,100.0,670.0,,1009.0,577.0,629.666666666666,2018,상순,2018-03-01,상추-청,3,1,False,False,True,False,False,False,False,False,False,False,False,False,True,False,False,상추(청),,,,,,
201803상순,214.0,상추,2.0,청,상품,g,100.0,670.0,,1009.0,577.0,629.666666666666,2018,상순,2018-03-01,상추-청,3,1,False,False,True,False,False,False,False,False,False,False,False,False,True,False,False,상추(청),,,,,,
201803상순,214.0,상추,2.0,청,상품,g,100.0,670.0,,1009.0,577.0,629.666666666666,2018,상순,2018-03-01,상추-청,3,1,False,False,True,False,False,False,False,False,False,False,False,False,True,False,False,상추(청),,,,,,
201803상순,214.0,상추,2.0,청,상품,g,100.0,670.0,,1009.0,577.0,629.666666666666,2018,상순,2018-03-01,상추-청,3,1,False,False,True,False,False,False,False,False,False,False,False,False,True,False,False,상추(청),,,,,,
201803상순,214.0,상추,2.0,청,상품,g,100.0,670.0,,1009.0,577.0,629.666666666666,2018,상순,2018-03-01,상추-청,3,1,False,False,True,False,False,False,False,False,False,False,False,False,True,False,False,상추(청),,,,,,
201803상순,214.0,상추,2.0,청,상품,g,100.0,670.0,,1009.0,577.0,629.666666666666,2018,상순,2018-03-01,상추-청,3,1,False,False,True,False,False,False,False,False,False,False,False,False,True,False,False,상추(청),,,,,,
201803상순,214.0,상추,2.0,청,상품,g,100.0,670.0,,1009.0,577.0,629.666666666666,2018,상순,2018-03-01,상추-청,3,1,False,False,True,False,False,False,False,False,False,False,False,False,True,False,False,상추(청),,,,,,
201803상순,214.0,상추,2.0,청,상품,g,100.0,670.0,,1009.0,577.0,629.666666666666,2018,상순,2018-03-01,상추-청,3,1,False,False,True,False,False,False,False,False,False,False,False,False,True,False,False,상추(청),,,,,,
201803상순,214.0,상추,2.0,청,상품,g,100.0,670.0,,1009.0,577.0,629.666666666666,2018,상순,2018-03-01,상추-청,3,1,False,False,True,False,False,False,False,False,False,False,False,False,True,False,False,상추(청),,,,,,
201803상순,214.0,상추,2.0,청,상품,g,100.0,670.0,,1009.0,577.0,629.666666666666,2018,상순,2018-03-01,상추-청,3,1,False,False,True,False,False,False,False,False,False,False,False,False,True,False,False,상추(청),,,,,,
201803상순,214.0,상추,2.0,청,상품,g,100.0,670.0,,1009.0,577.0,629.666666666666,2018,상순,2018-03-01,상추-청,3,1,False,False,True,False,False,False,False,False,False,False,False,False,True,False,False,상추(청),,,,,,
201803중순,214.0,상추,2.0,청,상품,g,100.0,627.0,,1022.0,594.0,606.333333333333,2018,중순,2018-03-11,상추-청,3,11,False,False,True,False,False,False,False,False,False,False,False,False,False,True,False,상추(청),,,,,,
201803중순,214.0,상추,2.0,청,상품,g,100.0,627.0,,1022.0,594.0,606.333333333333,2018,중순,2018-03-11,상추-청,3,11,False,False,True,False,False,False,False,False,False,False,False,False,False,True,False,상추(청),,,,,,
201803중순,214.0,상추,2.0,청,상품,g,100.0,627.0,,1022.0,594.0,606.333333333333,2018,중순,2018-03-11,상추-청,3,11,False,False,True,False,False,False,False,False,False,False,False,False,False,True,False,상추(청),,,,,,
201803중순,214.0,상추,2.0,청,상품,g,100.0,627.0,,1022.0,594.0,606.333333333333,2018,중순,2018-03-11,상추-청,3,11,False,False,True,False,False,False,False,False,False,False,False,False,False,True,False,상추(청),,,,,,
201803중순,214.0,상추,2.0,청,상품,g,100.0,627.0,,1022.0,594.0,606.333333333333,2018,중순,2018-03-11,상추-청,3,11,False,False,True,False,False,False,False,False,False,False,False,False,False,True,False,상추(청),,,,,,
201803중순,214.0,상추,2.0,청,상품,g,100.0,627.0,,1022.0,594.0,606.333333333333,2018,중순,2018-03-11,상추-청,3,11,False,False,True,False,False,False,False,False,False,False,False,False,False,True,False,상추(청),,,,,,
201803중순,214.0,상추,2.0,청,상품,g,100.0,627.0,,1022.0,594.0,606.333333333333,2018,중순,2018-03-11,상추-청,3,11,False,False,True,False,False,False,False,False,False,False,False,False,False,True,False,상추(청),,,,,,
201803중순,214.0,상추,2.0,청,상품,g,100.0,627.0,,1022.0,594.0,606.333333333333,2018,중순,2018-03-11,상추-청,3,11,False,False,True,False,False,False,False,False,False,False,False,False,False,True,False,상추(청),,,,,,
201803중순,214.0,상추,2.0,청,상품,g,100.0,627.0,,1022.0,594.0,606.333333333333,2018,중순,2018-03-11,상추-청,3,11,False,False,True,False,False,False,False,False,False,False,False,False,False,True,False,상추(청),,,,,,
201803중순,214.0,상추,2.0,청,상품,g,100.0,627.0,,1022.0,594.0,606.333333333333,2018,중순,2018-03-11,상추-청,3,11,False,False,True,False,False,False,False,False,False,False,False,False,False,True,False,상추(청),,,,,,
201803중순,214.0,상추,2.0,청,상품,g,100.0,627.0,,1022.0,594.0,606.333333333333,2018,중순,2018-03-11,상추-청,3,11,False,False,True,False,False,False,False,False,False,False,False,False,False,True,False,상추(청),,,,,,
201803중순,214.0,상추,2.0,청,상품,g,100.0,627.0,,1022.0,594.0,606.333333333333,2018,중순,2018-03-11,상추-청,3,11,False,False,True,False,False,False,False,False,False,False,False,False,False,True,False,상추(청),,,,,,
201803중순,214.0,상추,2.0,청,상품,g,100.0,627.0,,1022.0,594.0,606.333333333333,2018,중순,2018-03-11,상추-청,3,11,False,False,True,False,False,False,False,False,False,False,False,False,False,True,False,상추(청),,,,,,
201803중순,214.0,상추,2.0,청,상품,g,100.0,627.0,,1022.0,594.0,606.333333333333,2018,중순,2018-03-11,상추-청,3,11,False,False,True,False,False,False,False,False,False,False,False,False,False,True,False,상추(청),,,,,,
201803중순,214.0,상추,2.0,청,상품,g,100.0,627.0,,1022.0,594.0,606.333333333333,2018,중순,2018-03-11,상추-청,3,11,False,False,True,False,False,False,False,False,False,False,False,False,False,True,False,상추(청),,,,,,
201803중순,214.0,상추,2.0,청,상품,g,100.0,627.0,,1022.0,594.0,606.333333333333,2018,중순,2018-03-11,상추-청,3,11,False,False,True,False,False,False,False,False,False,False,False,False,False,True,False,상추(청),,,,,,
201803중순,214.0,상추,2.0,청,상품,g,100.0,627.0,,1022.0,594.0,606.333333333333,2018,중순,2018-03-11,상추-청,3,11,False,False,True,False,False,False,False,False,False,False,False,False,False,True,False,상추(청),,,,,,
201803중순,214.0,상추,2.0,청,상품,g,100.0,627.0,,1022.0,594.0,606.333333333333,2018,중순,2018-03-11,상추-청,3,11,False,False,True,False,False,False,False,False,False,False,False,False,False,True,False,상추(청),,,,,,
201803중순,214.0,상추,2.0,청,상품,g,100.0,627.0,,1022.0,594.0,606.333333333333,2018,중순,2018-03-11,상추-청,3,11,False,False,True,False,False,False,False,False,False,False,False,False,False,True,False,상추(청),,,,,,
201803중순,214.0,상추,2.0,청,상품,g,100.0,627.0,,1022.0,594.0,606.333333333333,2018,중순,2018-03-11,상추-청,3,11,False,False,True,False,False,False,False,False,False,False,False,False,False,True,False,상추(청),,,,,,
201803중순,214.0,상추,2.0,청,상품,g,100.0,627.0,,1022.0,594.0,606.333333333333,2018,중순,2018-03-11,상추-청,3,11,False,False,True,False,False,False,False,False,False,False,False,False,False,True,False,상추(청),,,,,,
201803중순,214.0,상추,2.0,청,상품,g,100.0,627.0,,1022.0,594.0,606.333333333333,2018,중순,2018-03-11,상추-청,3,11,False,False,True,False,False,False,False,False,False,False,False,False,False,True,False,상추(청),,,,,,
201803중순,214.0,상추,2.0,청,상품,g,100.0,627.0,,1022.0,594.0,606.333333333333,2018,중순,2018-03-11,상추-청,3,11,False,False,True,False,False,False,False,False,False,False,False,False,False,True,False,상추(청),,,,,,
201803하순,214.0,상추,2.0,청,상품,g,100.0,623.0,,918.0,579.0,580.666666666666,2018,하순,2018-03-21,상추-청,3,21,False,False,True,False,False,False,False,False,False,False,False,False,False,False,True,상추(청),,,,,,
201803하순,214.0,상추,2.0,청,상품,g,100.0,623.0,,918.0,579.0,580.666666666666,2018,하순,2018-03-21,상추-청,3,21,False,False,True,False,False,False,False,False,False,False,False,False,False,False,True,상추(청),,,,,,
201803하순,214.0,상추,2.0,청,상품,g,100.0,623.0,,918.0,579.0,580.666666666666,2018,하순,2018-03-21,상추-청,3,21,False,False,True,False,False,False,False,False,False,False,False,False,False,False,True,상추(청),,,,,,
201803하순,214.0,상추,2.0,청,상품,g,100.0,623.0,,918.0,579.0,580.666666666666,2018,하순,2018-03-21,상추-청,3,21,False,False,True,False,False,False,False,False,False,False,False,False,False,False,True,상추(청),,,,,,
201803하순,214.0,상추,2.0,청,상품,g,100.0,623.0,,918.0,579.0,580.666666666666,2018,하순,2018-03-21,상추-청,3,21,False,False,True,False,False,False,False,False,False,False,False,False,False,False,True,상추(청),,,,,,
201803하순,214.0,상추,2.0,청,상품,g,100.0,623.0,,918.0,579.0,580.666666666666,2018,하순,2018-03-21,상추-청,3,21,False,False,True,False,False,False,False,False,False,False,False,False,False,False,True,상추(청),,,,,,
201803하순,214.0,상추,2.0,청,상품,g,100.0,623.0,,918.0,579.0,580.666666666666,2018,하순,2018-03-21,상추-청,3,21,False,False,True,False,False,False,False,False,False,False,False,False,False,False,True,상추(청),,,,,,
201803하순,214.0,상추,2.0,청,상품,g,100.0,623.0,,918.0,579.0,580.666666666666,2018,하순,2018-03-21,상추-청,3,21,False,False,True,False,False,False,False,False,False,False,False,False,False,False,True,상추(청),,,,,,
201803하순,214.0,상추,2.0,청,상품,g,100.0,623.0,,918.0,579.0,580.666666666666,2018,하순,2018-03-21,상추-청,3,21,False,False,True,False,False,False,False,False,False,False,False,False,False,False,True,상추(청),,,,,,
201803하순,214.0,상추,2.0,청,상품,g,100.0,623.0,,918.0,579.0,580.666666666666,2018,하순,2018-03-21,상추-청,3,21,False,False,True,False,False,False,False,False,False,False,False,False,False,False,True,상추(청),,,,,,
201803하순,214.0,상추,2.0,청,상품,g,100.0,623.0,,918.0,579.0,580.666666666666,2018,하순,2018-03-21,상추-청,3,21,False,False,True,False,False,False,False,False,False,False,False,False,False,False,True,상추(청),,,,,,
201803하순,214.0,상추,2.0,청,상품,g,100.0,623.0,,918.0,579.0,580.666666666666,2018,하순,2018-03-21,상추-청,3,21,False,False,True,False,False,False,False,False,False,False,False,False,False,False,True,상추(청),,,,,,
201803하순,214.0,상추,2.0,청,상품,g,100.0,623.0,,918.0,579.0,580.666666666666,2018,하순,2018-03-21,상추-청,3,21,False,False,True,False,False,False,False,False,False,False,False,False,False,False,True,상추(청),,,,,,
201803하순,214.0,상추,2.0,청,상품,g,100.0,623.0,,918.0,579.0,580.666666666666,2018,하순,2018-03-21,상추-청,3,21,False,False,True,False,False,False,False,False,False,False,False,False,False,False,True,상추(청),,,,,,
201803하순,214.0,상추,2.0,청,상품,g,100.0,623.0,,918.0,579.0,580.666666666666,2018,하순,2018-03-21,상추-청,3,21,False,False,True,False,False,False,False,False,False,False,False,False,False,False,True,상추(청),,,,,,
201803하순,214.0,상추,2.0,청,상품,g,100.0,623.0,,918.0,579.0,580.666666666666,2018,하순,2018-03-21,상추-청,3,21,False,False,True,False,False,False,False,False,False,False,False,False,False,False,True,상추(청),,,,,,
201803하순,214.0,상추,2.0,청,상품,g,100.0,623.0,,918.0,579.0,580.666666666666,2018,하순,2018-03-21,상추-청,3,21,False,False,True,False,False,False,False,False,False,False,False,False,False,False,True,상추(청),,,,,,
201803하순,214.0,상추,2.0,청,상품,g,100.0,623.0,,918.0,579.0,580.666666666666,2018,하순,2018-03-21,상추-청,3,21,False,False,True,False,False,False,False,False,False,False,False,False,False,False,True,상추(청),,,,,,
201803하순,214.0,상추,2.0,청,상품,g,100.0,623.0,,918.0,579.0,580.666666666666,2018,하순,2018-03-21,상추-청,3,21,False,False,True,False,False,False,False,False,False,False,False,False,False,False,True,상추(청),,,,,,
201803하순,214.0,상추,2.0,청,상품,g,100.0,623.0,,918.0,579.0,580.666666666666,2018,하순,2018-03-21,상추-청,3,21,False,False,True,False,False,False,False,False,False,False,False,False,False,False,True,상추(청),,,,,,
201803하순,214.0,상추,2.0,청,상품,g,100.0,623.0,,918.0,579.0,580.666666666666,2018,하순,2018-03-21,상추-청,3,21,False,False,True,False,False,False,False,False,False,False,False,False,False,False,True,상추(청),,,,,,
201803하순,214.0,상추,2.0,청,상품,g,100.0,623.0,,918.0,579.0,580.666666666666,2018,하순,2018-03-21,상추-청,3,21,False,False,True,False,False,False,False,False,False,False,False,False,False,False,True,상추(청),,,,,,
201803하순,214.0,상추,2.0,청,상품,g,100.0,623.0,,918.0,579.0,580.666666666666,2018,하순,2018-03-21,상추-청,3,21,False,False,True,False,False,False,False,False,False,False,False,False,False,False,True,상추(청),,,,,,
201804상순,214.0,상추,2.0,청,상품,g,100.0,689.0,,670.0,571.0,593.0,2018,상순,2018-04-01,상추-청,4,1,False,False,False,True,False,False,False,False,False,False,False,False,True,False,False,상추(청),,,,,,
201804상순,214.0,상추,2.0,청,상품,g,100.0,689.0,,670.0,571.0,593.0,2018,상순,2018-04-01,상추-청,4,1,False,False,False,True,False,False,False,False,False,False,False,False,True,False,False,상추(청),,,,,,
201804상순,214.0,상추,2.0,청,상품,g,100.0,689.0,,670.0,571.0,593.0,2018,상순,2018-04-01,상추-청,4,1,False,False,False,True,False,False,False,False,False,False,False,False,True,False,False,상추(청),,,,,,
201804상순,214.0,상추,2.0,청,상품,g,100.0,689.0,,670.0,571.0,593.0,2018,상순,2018-04-01,상추-청,4,1,False,False,False,True,False,False,False,False,False,False,False,False,True,False,False,상추(청),,,,,,
201804상순,214.0,상추,2.0,청,상품,g,100.0,689.0,,670.0,571.0,593.0,2018,상순,2018-04-01,상추-청,4,1,False,False,False,True,False,False,False,False,False,False,False,False,True,False,False,상추(청),,,,,,
201804상순,214.0,상추,2.0,청,상품,g,100.0,689.0,,670.0,571.0,593.0,2018,상순,2018-04-01,상추-청,4,1,False,False,False,True,False,False,False,False,False,False,False,False,True,False,False,상추(청),,,,,,
201804상순,214.0,상추,2.0,청,상품,g,100.0,689.0,,670.0,571.0,593.0,2018,상순,2018-04-01,상추-청,4,1,False,False,False,True,False,False,False,False,False,False,False,False,True,False,False,상추(청),,,,,,
201804상순,214.0,상추,2.0,청,상품,g,100.0,689.0,,670.0,571.0,593.0,2018,상순,2018-04-01,상추-청,4,1,False,False,False,True,False,False,False,False,False,False,False,False,True,False,False,상추(청),,,,,,
201804상순,214.0,상추,2.0,청,상품,g,100.0,689.0,,670.0,571.0,593.0,2018,상순,2018-04-01,상추-청,4,1,False,False,False,True,False,False,False,False,False,False,False,False,True,False,False,상추(청),,,,,,
201804상순,214.0,상추,2.0,청,상품,g,100.0,689.0,,670.0,571.0,593.0,2018,상순,2018-04-01,상추-청,4,1,False,False,False,True,False,False,False,False,False,False,False,False,True,False,False,상추(청),,,,,,
201804상순,214.0,상추,2.0,청,상품,g,100.0,689.0,,670.0,571.0,593.0,2018,상순,2018-04-01,상추-청,4,1,False,False,False,True,False,False,False,False,False,False,False,False,True,False,False,상추(청),,,,,,
201804상순,214.0,상추,2.0,청,상품,g,100.0,689.0,,670.0,571.0,593.0,2018,상순,2018-04-01,상추-청,4,1,False,False,False,True,False,False,False,False,False,False,False,False,True,False,False,상추(청),,,,,,
201804상순,214.0,상추,2.0,청,상품,g,100.0,689.0,,670.0,571.0,593.0,2018,상순,2018-04-01,상추-청,4,1,False,False,False,True,False,False,False,False,False,False,False,False,True,False,False,상추(청),,,,,,
201804상순,214.0,상추,2.0,청,상품,g,100.0,689.0,,670.0,571.0,593.0,2018,상순,2018-04-01,상추-청,4,1,False,False,False,True,False,False,False,False,False,False,False,False,True,False,False,상추(청),,,,,,
201804상순,214.0,상추,2.0,청,상품,g,100.0,689.0,,670.0,571.0,593.0,2018,상순,2018-04-01,상추-청,4,1,False,False,False,True,False,False,False,False,False,False,False,False,True,False,False,상추(청),,,,,,
201804상순,214.0,상추,2.0,청,상품,g,100.0,689.0,,670.0,571.0,593.0,2018,상순,2018-04-01,상추-청,4,1,False,False,False,True,False,False,False,False,False,False,False,False,True,False,False,상추(청),,,,,,
201804상순,214.0,상추,2.0,청,상품,g,100.0,689.0,,670.0,571.0,593.0,2018,상순,2018-04-01,상추-청,4,1,False,False,False,True,False,False,False,False,False,False,False,False,True,False,False,상추(청),,,,,,
201804상순,214.0,상추,2.0,청,상품,g,100.0,689.0,,670.0,571.0,593.0,2018,상순,2018-04-01,상추-청,4,1,False,False,False,True,False,False,False,False,False,False,False,False,True,False,False,상추(청),,,,,,
201804상순,214.0,상추,2.0,청,상품,g,100.0,689.0,,670.0,571.0,593.0,2018,상순,2018-04-01,상추-청,4,1,False,False,False,True,False,False,False,False,False,False,False,False,True,False,False,상추(청),,,,,,
201804상순,214.0,상추,2.0,청,상품,g,100.0,689.0,,670.0,571.0,593.0,2018,상순,2018-04-01,상추-청,4,1,False,False,False,True,False,False,False,False,False,False,False,False,True,False,False,상추(청),,,,,,
201804상순,214.0,상추,2.0,청,상품,g,100.0,689.0,,670.0,571.0,593.0,2018,상순,2018-04-01,상추-청,4,1,False,False,False,True,False,False,False,False,False,False,False,False,True,False,False,상추(청),,,,,,
201804상순,214.0,상추,2.0,청,상품,g,100.0,689.0,,670.0,571.0,593.0,2018,상순,2018-04-01,상추-청,4,1,False,False,False,True,False,False,False,False,False,False,False,False,True,False,False,상추(청),,,,,,
201804상순,214.0,상추,2.0,청,상품,g,100.0,689.0,,670.0,571.0,593.0,2018,상순,2018-04-01,상추-청,4,1,False,False,False,True,False,False,False,False,False,False,False,False,True,False,False,상추(청),,,,,,
201804중순,214.0,상추,2.0,청,상품,g,100.0,676.0,,627.0,564.0,617.0,2018,중순,2018-04-11,상추-청,4,11,False,False,False,True,False,False,False,False,False,False,False,False,False,True,False,상추(청),,,,,,
201804중순,214.0,상추,2.0,청,상품,g,100.0,676.0,,627.0,564.0,617.0,2018,중순,2018-04-11,상추-청,4,11,False,False,False,True,False,False,False,False,False,False,False,False,False,True,False,상추(청),,,,,,
201804중순,214.0,상추,2.0,청,상품,g,100.0,676.0,,627.0,564.0,617.0,2018,중순,2018-04-11,상추-청,4,11,False,False,False,True,False,False,False,False,False,False,False,False,False,True,False,상추(청),,,,,,
201804중순,214.0,상추,2.0,청,상품,g,100.0,676.0,,627.0,564.0,617.0,2018,중순,2018-04-11,상추-청,4,11,False,False,False,True,False,False,False,False,False,False,False,False,False,True,False,상추(청),,,,,,
201804중순,214.0,상추,2.0,청,상품,g,100.0,676.0,,627.0,564.0,617.0,2018,중순,2018-04-11,상추-청,4,11,False,False,False,True,False,False,False,False,False,False,False,False,False,True,False,상추(청),,,,,,
201804중순,214.0,상추,2.0,청,상품,g,100.0,676.0,,627.0,564.0,617.0,2018,중순,2018-04-11,상추-청,4,11,False,False,False,True,False,False,False,False,False,False,False,False,False,True,False,상추(청),,,,,,
201804중순,214.0,상추,2.0,청,상품,g,100.0,676.0,,627.0,564.0,617.0,2018,중순,2018-04-11,상추-청,4,11,False,False,False,True,False,False,False,False,False,False,False,False,False,True,False,상추(청),,,,,,
201804중순,214.0,상추,2.0,청,상품,g,100.0,676.0,,627.0,564.0,617.0,2018,중순,2018-04-11,상추-청,4,11,False,False,False,True,False,False,False,False,False,False,False,False,False,True,False,상추(청),,,,,,
201804중순,214.0,상추,2.0,청,상품,g,100.0,676.0,,627.0,564.0,617.0,2018,중순,2018-04-11,상추-청,4,11,False,False,False,True,False,False,False,False,False,False,False,False,False,True,False,상추(청),,,,,,
201804중순,214.0,상추,2.0,청,상품,g,100.0,676.0,,627.0,564.0,617.0,2018,중순,2018-04-11,상추-청,4,11,False,False,False,True,False,False,False,False,False,False,False,False,False,True,False,상추(청),,,,,,
201804중순,214.0,상추,2.0,청,상품,g,100.0,676.0,,627.0,564.0,617.0,2018,중순,2018-04-11,상추-청,4,11,False,False,False,True,False,False,False,False,False,False,False,False,False,True,False,상추(청),,,,,,
201804중순,214.0,상추,2.0,청,상품,g,100.0,676.0,,627.0,564.0,617.0,2018,중순,2018-04-11,상추-청,4,11,False,False,False,True,False,False,False,False,False,False,False,False,False,True,False,상추(청),,,,,,
201804중순,214.0,상추,2.0,청,상품,g,100.0,676.0,,627.0,564.0,617.0,2018,중순,2018-04-11,상추-청,4,11,False,False,False,True,False,False,False,False,False,False,False,False,False,True,False,상추(청),,,,,,
201804중순,214.0,상추,2.0,청,상품,g,100.0,676.0,,627.0,564.0,617.0,2018,중순,2018-04-11,상추-청,4,11,False,False,False,True,False,False,False,False,False,False,False,False,False,True,False,상추(청),,,,,,
201804중순,214.0,상추,2.0,청,상품,g,100.0,676.0,,627.0,564.0,617.0,2018,중순,2018-04-11,상추-청,4,11,False,False,False,True,False,False,False,False,False,False,False,False,False,True,False,상추(청),,,,,,
201804중순,214.0,상추,2.0,청,상품,g,100.0,676.0,,627.0,564.0,617.0,2018,중순,2018-04-11,상추-청,4,11,False,False,False,True,False,False,False,False,False,False,False,False,False,True,False,상추(청),,,,,,
201804중순,214.0,상추,2.0,청,상품,g,100.0,676.0,,627.0,564.0,617.0,2018,중순,2018-04-11,상추-청,4,11,False,False,False,True,False,False,False,False,False,False,False,False,False,True,False,상추(청),,,,,,
201804중순,214.0,상추,2.0,청,상품,g,100.0,676.0,,627.0,564.0,617.0,2018,중순,2018-04-11,상추-청,4,11,False,False,False,True,False,False,False,False,False,False,False,False,False,True,False,상추(청),,,,,,
201804중순,214.0,상추,2.0,청,상품,g,100.0,676.0,,627.0,564.0,617.0,2018,중순,2018-04-11,상추-청,4,11,False,False,False,True,False,False,False,False,False,False,False,False,False,True,False,상추(청),,,,,,
201804중순,214.0,상추,2.0,청,상품,g,100.0,676.0,,627.0,564.0,617.0,2018,중순,2018-04-11,상추-청,4,11,False,False,False,True,False,False,False,False,False,False,False,False,False,True,False,상추(청),,,,,,
201804중순,214.0,상추,2.0,청,상품,g,100.0,676.0,,627.0,564.0,617.0,2018,중순,2018-04-11,상추-청,4,11,False,False,False,True,False,False,False,False,False,False,False,False,False,True,False,상추(청),,,,,,
201804중순,214.0,상추,2.0,청,상품,g,100.0,676.0,,627.0,564.0,617.0,2018,중순,2018-04-11,상추-청,4,11,False,False,False,True,False,False,False,False,False,False,False,False,False,True,False,상추(청),,,,,,
201804중순,214.0,상추,2.0,청,상품,g,100.0,676.0,,627.0,564.0,617.0,2018,중순,2018-04-11,상추-청,4,11,False,False,False,True,False,False,False,False,False,False,False,False,False,True,False,상추(청),,,,,,
201804중순,214.0,상추,2.0,청,상품,g,100.0,676.0,,627.0,564.0,617.0,2018,중순,2018-04-11,상추-청,4,11,False,False,False,True,False,False,False,False,False,False,False,False,False,True,False,상추(청),,,,,,
201804중순,214.0,상추,2.0,청,상품,g,100.0,676.0,,627.0,564.0,617.0,2018,중순,2018-04-11,상추-청,4,11,False,False,False,True,False,False,False,False,False,False,False,False,False,True,False,상추(청),,,,,,
201804하순,214.0,상추,2.0,청,상품,g,100.0,711.0,,623.0,574.0,607.333333333333,2018,하순,2018-04-21,상추-청,4,21,False,False,False,True,False,False,False,False,False,False,False,False,False,False,True,상추(청),,,,,,
201804하순,214.0,상추,2.0,청,상품,g,100.0,711.0,,623.0,574.0,607.333333333333,2018,하순,2018-04-21,상추-청,4,21,False,False,False,True,False,False,False,False,False,False,False,False,False,False,True,상추(청),,,,,,
201804하순,214.0,상추,2.0,청,상품,g,100.0,711.0,,623.0,574.0,607.333333333333,2018,하순,2018-04-21,상추-청,4,21,False,False,False,True,False,False,False,False,False,False,False,False,False,False,True,상추(청),,,,,,
201804하순,214.0,상추,2.0,청,상품,g,100.0,711.0,,623.0,574.0,607.333333333333,2018,하순,2018-04-21,상추-청,4,21,False,False,False,True,False,False,False,False,False,False,False,False,False,False,True,상추(청),,,,,,
201804하순,214.0,상추,2.0,청,상품,g,100.0,711.0,,623.0,574.0,607.333333333333,2018,하순,2018-04-21,상추-청,4,21,False,False,False,True,False,False,False,False,False,False,False,False,False,False,True,상추(청),,,,,,
201804하순,214.0,상추,2.0,청,상품,g,100.0,711.0,,623.0,574.0,607.333333333333,2018,하순,2018-04-21,상추-청,4,21,False,False,False,True,False,False,False,False,False,False,False,False,False,False,True,상추(청),,,,,,
201804하순,214.0,상추,2.0,청,상품,g,100.0,711.0,,623.0,574.0,607.333333333333,2018,하순,2018-04-21,상추-청,4,21,False,False,False,True,False,False,False,False,False,False,False,False,False,False,True,상추(청),,,,,,
201804하순,214.0,상추,2.0,청,상품,g,100.0,711.0,,623.0,574.0,607.333333333333,2018,하순,2018-04-21,상추-청,4,21,False,False,False,True,False,False,False,False,False,False,False,False,False,False,True,상추(청),,,,,,
201804하순,214.0,상추,2.0,청,상품,g,100.0,711.0,,623.0,574.0,607.333333333333,2018,하순,2018-04-21,상추-청,4,21,False,False,False,True,False,False,False,False,False,False,False,False,False,False,True,상추(청),,,,,,
201804하순,214.0,상추,2.0,청,상품,g,100.0,711.0,,623.0,574.0,607.333333333333,2018,하순,2018-04-21,상추-청,4,21,False,False,False,True,False,False,False,False,False,False,False,False,False,False,True,상추(청),,,,,,
201804하순,214.0,상추,2.0,청,상품,g,100.0,711.0,,623.0,574.0,607.333333333333,2018,하순,2018-04-21,상추-청,4,21,False,False,False,True,False,False,False,False,False,False,False,False,False,False,True,상추(청),,,,,,
201804하순,214.0,상추,2.0,청,상품,g,100.0,711.0,,623.0,574.0,607.333333333333,2018,하순,2018-04-21,상추-청,4,21,False,False,False,True,False,False,False,False,False,False,False,False,False,False,True,상추(청),,,,,,
201804하순,214.0,상추,2.0,청,상품,g,100.0,711.0,,623.0,574.0,607.333333333333,2018,하순,2018-04-21,상추-청,4,21,False,False,False,True,False,False,False,False,False,False,False,False,False,False,True,상추(청),,,,,,
201804하순,214.0,상추,2.0,청,상품,g,100.0,711.0,,623.0,574.0,607.333333333333,2018,하순,2018-04-21,상추-청,4,21,False,False,False,True,False,False,False,False,False,False,False,False,False,False,True,상추(청),,,,,,
201804하순,214.0,상추,2.0,청,상품,g,100.0,711.0,,623.0,574.0,607.333333333333,2018,하순,2018-04-21,상추-청,4,21,False,False,False,True,False,False,False,False,False,False,False,False,False,False,True,상추(청),,,,,,
201804하순,214.0,상추,2.0,청,상품,g,100.0,711.0,,623.0,574.0,607.333333333333,2018,하순,2018-04-21,상추-청,4,21,False,False,False,True,False,False,False,False,False,False,False,False,False,False,True,상추(청),,,,,,
201804하순,214.0,상추,2.0,청,상품,g,100.0,711.0,,623.0,574.0,607.333333333333,2018,하순,2018-04-21,상추-청,4,21,False,False,False,True,False,False,False,False,False,False,False,False,False,False,True,상추(청),,,,,,
201804하순,214.0,상추,2.0,청,상품,g,100.0,711.0,,623.0,574.0,607.333333333333,2018,하순,2018-04-21,상추-청,4,21,False,False,False,True,False,False,False,False,False,False,False,False,False,False,True,상추(청),,,,,,
201804하순,214.0,상추,2.0,청,상품,g,100.0,711.0,,623.0,574.0,607.333333333333,2018,하순,2018-04-21,상추-청,4,21,False,False,False,True,False,False,False,False,False,False,False,False,False,False,True,상추(청),,,,,,
201804하순,214.0,상추,2.0,청,상품,g,100.0,711.0,,623.0,574.0,607.333333333333,2018,하순,2018-04-21,상추-청,4,21,False,False,False,True,False,False,False,False,False,False,False,False,False,False,True,상추(청),,,,,,
201804하순,214.0,상추,2.0,청,상품,g,100.0,711.0,,623.0,574.0,607.333333333333,2018,하순,2018-04-21,상추-청,4,21,False,False,False,True,False,False,False,False,False,False,False,False,False,False,True,상추(청),,,,,,
201804하순,214.0,상추,2.0,청,상품,g,100.0,711.0,,623.0,574.0,607.333333333333,2018,하순,2018-04-21,상추-청,4,21,False,False,False,True,False,False,False,False,False,False,False,False,False,False,True,상추(청),,,,,,
201804하순,214.0,상추,2.0,청,상품,g,100.0,711.0,,623.0,574.0,607.333333333333,2018,하순,2018-04-21,상추-청,4,21,False,False,False,True,False,False,False,False,False,False,False,False,False,False,True,상추(청),,,,,,
201805상순,214.0,상추,2.0,청,상품,g,100.0,707.0,,689.0,578.0,611.333333333333,2018,상순,2018-05-01,상추-청,5,1,False,False,False,False,True,False,False,False,False,False,False,False,True,False,False,상추(청),,,,,,
201805상순,214.0,상추,2.0,청,상품,g,100.0,707.0,,689.0,578.0,611.333333333333,2018,상순,2018-05-01,상추-청,5,1,False,False,False,False,True,False,False,False,False,False,False,False,True,False,False,상추(청),,,,,,
201805상순,214.0,상추,2.0,청,상품,g,100.0,707.0,,689.0,578.0,611.333333333333,2018,상순,2018-05-01,상추-청,5,1,False,False,False,False,True,False,False,False,False,False,False,False,True,False,False,상추(청),,,,,,
201805상순,214.0,상추,2.0,청,상품,g,100.0,707.0,,689.0,578.0,611.333333333333,2018,상순,2018-05-01,상추-청,5,1,False,False,False,False,True,False,False,False,False,False,False,False,True,False,False,상추(청),,,,,,
201805상순,214.0,상추,2.0,청,상품,g,100.0,707.0,,689.0,578.0,611.333333333333,2018,상순,2018-05-01,상추-청,5,1,False,False,False,False,True,False,False,False,False,False,False,False,True,False,False,상추(청),,,,,,
201805상순,214.0,상추,2.0,청,상품,g,100.0,707.0,,689.0,578.0,611.333333333333,2018,상순,2018-05-01,상추-청,5,1,False,False,False,False,True,False,False,False,False,False,False,False,True,False,False,상추(청),,,,,,
201805상순,214.0,상추,2.0,청,상품,g,100.0,707.0,,689.0,578.0,611.333333333333,2018,상순,2018-05-01,상추-청,5,1,False,False,False,False,True,False,False,False,False,False,False,False,True,False,False,상추(청),,,,,,
201805상순,214.0,상추,2.0,청,상품,g,100.0,707.0,,689.0,578.0,611.333333333333,2018,상순,2018-05-01,상추-청,5,1,False,False,False,False,True,False,False,False,False,False,False,False,True,False,False,상추(청),,,,,,
201805상순,214.0,상추,2.0,청,상품,g,100.0,707.0,,689.0,578.0,611.333333333333,2018,상순,2018-05-01,상추-청,5,1,False,False,False,False,True,False,False,False,False,False,False,False,True,False,False,상추(청),,,,,,
201805상순,214.0,상추,2.0,청,상품,g,100.0,707.0,,689.0,578.0,611.333333333333,2018,상순,2018-05-01,상추-청,5,1,False,False,False,False,True,False,False,False,False,False,False,False,True,False,False,상추(청),,,,,,
201805상순,214.0,상추,2.0,청,상품,g,100.0,707.0,,689.0,578.0,611.333333333333,2018,상순,2018-05-01,상추-청,5,1,False,False,False,False,True,False,False,False,False,False,False,False,True,False,False,상추(청),,,,,,
201805상순,214.0,상추,2.0,청,상품,g,100.0,707.0,,689.0,578.0,611.333333333333,2018,상순,2018-05-01,상추-청,5,1,False,False,False,False,True,False,False,False,False,False,False,False,True,False,False,상추(청),,,,,,
201805상순,214.0,상추,2.0,청,상품,g,100.0,707.0,,689.0,578.0,611.333333333333,2018,상순,2018-05-01,상추-청,5,1,False,False,False,False,True,False,False,False,False,False,False,False,True,False,False,상추(청),,,,,,
201805상순,214.0,상추,2.0,청,상품,g,100.0,707.0,,689.0,578.0,611.333333333333,2018,상순,2018-05-01,상추-청,5,1,False,False,False,False,True,False,False,False,False,False,False,False,True,False,False,상추(청),,,,,,
201805상순,214.0,상추,2.0,청,상품,g,100.0,707.0,,689.0,578.0,611.333333333333,2018,상순,2018-05-01,상추-청,5,1,False,False,False,False,True,False,False,False,False,False,False,False,True,False,False,상추(청),,,,,,
201805상순,214.0,상추,2.0,청,상품,g,100.0,707.0,,689.0,578.0,611.333333333333,2018,상순,2018-05-01,상추-청,5,1,False,False,False,False,True,False,False,False,False,False,False,False,True,False,False,상추(청),,,,,,
201805상순,214.0,상추,2.0,청,상품,g,100.0,707.0,,689.0,578.0,611.333333333333,2018,상순,2018-05-01,상추-청,5,1,False,False,False,False,True,False,False,False,False,False,False,False,True,False,False,상추(청),,,,,,
201805상순,214.0,상추,2.0,청,상품,g,100.0,707.0,,689.0,578.0,611.333333333333,2018,상순,2018-05-01,상추-청,5,1,False,False,False,False,True,False,False,False,False,False,False,False,True,False,False,상추(청),,,,,,
201805상순,214.0,상추,2.0,청,상품,g,100.0,707.0,,689.0,578.0,611.333333333333,2018,상순,2018-05-01,상추-청,5,1,False,False,False,False,True,False,False,False,False,False,False,False,True,False,False,상추(청),,,,,,
201805상순,214.0,상추,2.0,청,상품,g,100.0,707.0,,689.0,578.0,611.333333333333,2018,상순,2018-05-01,상추-청,5,1,False,False,False,False,True,False,False,False,False,False,False,False,True,False,False,상추(청),,,,,,
201805상순,214.0,상추,2.0,청,상품,g,100.0,707.0,,689.0,578.0,611.333333333333,2018,상순,2018-05-01,상추-청,5,1,False,False,False,False,True,False,False,False,False,False,False,False,True,False,False,상추(청),,,,,,
201805상순,214.0,상추,2.0,청,상품,g,100.0,707.0,,689.0,578.0,611.333333333333,2018,상순,2018-05-01,상추-청,5,1,False,False,False,False,True,False,False,False,False,False,False,False,True,False,False,상추(청),,,,,,
201805상순,214.0,상추,2.0,청,상품,g,100.0,707.0,,689.0,578.0,611.333333333333,2018,상순,2018-05-01,상추-청,5,1,False,False,False,False,True,False,False,False,False,False,False,False,True,False,False,상추(청),,,,,,
201805상순,214.0,상추,2.0,청,상품,g,100.0,707.0,,689.0,578.0,611.333333333333,2018,상순,2018-05-01,상추-청,5,1,False,False,False,False,True,False,False,False,False,False,False,False,True,False,False,상추(청),,,,,,
201805상순,214.0,상추,2.0,청,상품,g,100.0,707.0,,689.0,578.0,611.333333333333,2018,상순,2018-05-01,상추-청,5,1,False,False,False,False,True,False,False,False,False,False,False,False,True,False,False,상추(청),,,,,,
201805중순,214.0,상추,2.0,청,상품,g,100.0,672.0,,676.0,581.0,640.0,2018,중순,2018-05-11,상추-청,5,11,False,False,False,False,True,False,False,False,False,False,False,False,False,True,False,상추(청),,,,,,
201805중순,214.0,상추,2.0,청,상품,g,100.0,672.0,,676.0,581.0,640.0,2018,중순,2018-05-11,상추-청,5,11,False,False,False,False,True,False,False,False,False,False,False,False,False,True,False,상추(청),,,,,,
201805중순,214.0,상추,2.0,청,상품,g,100.0,672.0,,676.0,581.0,640.0,2018,중순,2018-05-11,상추-청,5,11,False,False,False,False,True,False,False,False,False,False,False,False,False,True,False,상추(청),,,,,,
201805중순,214.0,상추,2.0,청,상품,g,100.0,672.0,,676.0,581.0,640.0,2018,중순,2018-05-11,상추-청,5,11,False,False,False,False,True,False,False,False,False,False,False,False,False,True,False,상추(청),,,,,,
201805중순,214.0,상추,2.0,청,상품,g,100.0,672.0,,676.0,581.0,640.0,2018,중순,2018-05-11,상추-청,5,11,False,False,False,False,True,False,False,False,False,False,False,False,False,True,False,상추(청),,,,,,
201805중순,214.0,상추,2.0,청,상품,g,100.0,672.0,,676.0,581.0,640.0,2018,중순,2018-05-11,상추-청,5,11,False,False,False,False,True,False,False,False,False,False,False,False,False,True,False,상추(청),,,,,,
201805중순,214.0,상추,2.0,청,상품,g,100.0,672.0,,676.0,581.0,640.0,2018,중순,2018-05-11,상추-청,5,11,False,False,False,False,True,False,False,False,False,False,False,False,False,True,False,상추(청),,,,,,
201805중순,214.0,상추,2.0,청,상품,g,100.0,672.0,,676.0,581.0,640.0,2018,중순,2018-05-11,상추-청,5,11,False,False,False,False,True,False,False,False,False,False,False,False,False,True,False,상추(청),,,,,,
201805중순,214.0,상추,2.0,청,상품,g,100.0,672.0,,676.0,581.0,640.0,2018,중순,2018-05-11,상추-청,5,11,False,False,False,False,True,False,False,False,False,False,False,False,False,True,False,상추(청),,,,,,
201805중순,214.0,상추,2.0,청,상품,g,100.0,672.0,,676.0,581.0,640.0,2018,중순,2018-05-11,상추-청,5,11,False,False,False,False,True,False,False,False,False,False,False,False,False,True,False,상추(청),,,,,,
201805중순,214.0,상추,2.0,청,상품,g,100.0,672.0,,676.0,581.0,640.0,2018,중순,2018-05-11,상추-청,5,11,False,False,False,False,True,False,False,False,False,False,False,False,False,True,False,상추(청),,,,,,
201805중순,214.0,상추,2.0,청,상품,g,100.0,672.0,,676.0,581.0,640.0,2018,중순,2018-05-11,상추-청,5,11,False,False,False,False,True,False,False,False,False,False,False,False,False,True,False,상추(청),,,,,,
201805중순,214.0,상추,2.0,청,상품,g,100.0,672.0,,676.0,581.0,640.0,2018,중순,2018-05-11,상추-청,5,11,False,False,False,False,True,False,False,False,False,False,False,False,False,True,False,상추(청),,,,,,
201805중순,214.0,상추,2.0,청,상품,g,100.0,672.0,,676.0,581.0,640.0,2018,중순,2018-05-11,상추-청,5,11,False,False,False,False,True,False,False,False,False,False,False,False,False,True,False,상추(청),,,,,,
201805중순,214.0,상추,2.0,청,상품,g,100.0,672.0,,676.0,581.0,640.0,2018,중순,2018-05-11,상추-청,5,11,False,False,False,False,True,False,False,False,False,False,False,False,False,True,False,상추(청),,,,,,
201805중순,214.0,상추,2.0,청,상품,g,100.0,672.0,,676.0,581.0,640.0,2018,중순,2018-05-11,상추-청,5,11,False,False,False,False,True,False,False,False,False,False,False,False,False,True,False,상추(청),,,,,,
201805중순,214.0,상추,2.0,청,상품,g,100.0,672.0,,676.0,581.0,640.0,2018,중순,2018-05-11,상추-청,5,11,False,False,False,False,True,False,False,False,False,False,False,False,False,True,False,상추(청),,,,,,
201805중순,214.0,상추,2.0,청,상품,g,100.0,672.0,,676.0,581.0,640.0,2018,중순,2018-05-11,상추-청,5,11,False,False,False,False,True,False,False,False,False,False,False,False,False,True,False,상추(청),,,,,,
201805중순,214.0,상추,2.0,청,상품,g,100.0,672.0,,676.0,581.0,640.0,2018,중순,2018-05-11,상추-청,5,11,False,False,False,False,True,False,False,False,False,False,False,False,False,True,False,상추(청),,,,,,
201805중순,214.0,상추,2.0,청,상품,g,100.0,672.0,,676.0,581.0,640.0,2018,중순,2018-05-11,상추-청,5,11,False,False,False,False,True,False,False,False,False,False,False,False,False,True,False,상추(청),,,,,,
201805중순,214.0,상추,2.0,청,상품,g,100.0,672.0,,676.0,581.0,640.0,2018,중순,2018-05-11,상추-청,5,11,False,False,False,False,True,False,False,False,False,False,False,False,False,True,False,상추(청),,,,,,
201805중순,214.0,상추,2.0,청,상품,g,100.0,672.0,,676.0,581.0,640.0,2018,중순,2018-05-11,상추-청,5,11,False,False,False,False,True,False,False,False,False,False,False,False,False,True,False,상추(청),,,,,,
201805중순,214.0,상추,2.0,청,상품,g,100.0,672.0,,676.0,581.0,640.0,2018,중순,2018-05-11,상추-청,5,11,False,False,False,False,True,False,False,False,False,False,False,False,False,True,False,상추(청),,,,,,
201805중순,214.0,상추,2.0,청,상품,g,100.0,672.0,,676.0,581.0,640.0,2018,중순,2018-05-11,상추-청,5,11,False,False,False,False,True,False,False,False,False,False,False,False,False,True,False,상추(청),,,,,,
201805중순,214.0,상추,2.0,청,상품,g,100.0,672.0,,676.0,581.0,640.0,2018,중순,2018-05-11,상추-청,5,11,False,False,False,False,True,False,False,False,False,False,False,False,False,True,False,상추(청),,,,,,
201805중순,214.0,상추,2.0,청,상품,g,100.0,672.0,,676.0,581.0,640.0,2018,중순,2018-05-11,상추-청,5,11,False,False,False,False,True,False,False,False,False,False,False,False,False,True,False,상추(청),,,,,,
201805중순,214.0,상추,2.0,청,상품,g,100.0,672.0,,676.0,581.0,640.0,2018,중순,2018-05-11,상추-청,5,11,False,False,False,False,True,False,False,False,False,False,False,False,False,True,False,상추(청),,,,,,
201805하순,214.0,상추,2.0,청,상품,g,100.0,698.0,,711.0,596.0,610.333333333333,2018,하순,2018-05-21,상추-청,5,21,False,False,False,False,True,False,False,False,False,False,False,False,False,False,True,상추(청),,,,,,
201805하순,214.0,상추,2.0,청,상품,g,100.0,698.0,,711.0,596.0,610.333333333333,2018,하순,2018-05-21,상추-청,5,21,False,False,False,False,True,False,False,False,False,False,False,False,False,False,True,상추(청),,,,,,
201805하순,214.0,상추,2.0,청,상품,g,100.0,698.0,,711.0,596.0,610.333333333333,2018,하순,2018-05-21,상추-청,5,21,False,False,False,False,True,False,False,False,False,False,False,False,False,False,True,상추(청),,,,,,
201805하순,214.0,상추,2.0,청,상품,g,100.0,698.0,,711.0,596.0,610.333333333333,2018,하순,2018-05-21,상추-청,5,21,False,False,False,False,True,False,False,False,False,False,False,False,False,False,True,상추(청),,,,,,
201805하순,214.0,상추,2.0,청,상품,g,100.0,698.0,,711.0,596.0,610.333333333333,2018,하순,2018-05-21,상추-청,5,21,False,False,False,False,True,False,False,False,False,False,False,False,False,False,True,상추(청),,,,,,
201805하순,214.0,상추,2.0,청,상품,g,100.0,698.0,,711.0,596.0,610.333333333333,2018,하순,2018-05-21,상추-청,5,21,False,False,False,False,True,False,False,False,False,False,False,False,False,False,True,상추(청),,,,,,
201805하순,214.0,상추,2.0,청,상품,g,100.0,698.0,,711.0,596.0,610.333333333333,2018,하순,2018-05-21,상추-청,5,21,False,False,False,False,True,False,False,False,False,False,False,False,False,False,True,상추(청),,,,,,
201805하순,214.0,상추,2.0,청,상품,g,100.0,698.0,,711.0,596.0,610.333333333333,2018,하순,2018-05-21,상추-청,5,21,False,False,False,False,True,False,False,False,False,False,False,False,False,False,True,상추(청),,,,,,
201805하순,214.0,상추,2.0,청,상품,g,100.0,698.0,,711.0,596.0,610.333333333333,2018,하순,2018-05-21,상추-청,5,21,False,False,False,False,True,False,False,False,False,False,False,False,False,False,True,상추(청),,,,,,
201805하순,214.0,상추,2.0,청,상품,g,100.0,698.0,,711.0,596.0,610.333333333333,2018,하순,2018-05-21,상추-청,5,21,False,False,False,False,True,False,False,False,False,False,False,False,False,False,True,상추(청),,,,,,
201805하순,214.0,상추,2.0,청,상품,g,100.0,698.0,,711.0,596.0,610.333333333333,2018,하순,2018-05-21,상추-청,5,21,False,False,False,False,True,False,False,False,False,False,False,False,False,False,True,상추(청),,,,,,
201805하순,214.0,상추,2.0,청,상품,g,100.0,698.0,,711.0,596.0,610.333333333333,2018,하순,2018-05-21,상추-청,5,21,False,False,False,False,True,False,False,False,False,False,False,False,False,False,True,상추(청),,,,,,
201805하순,214.0,상추,2.0,청,상품,g,100.0,698.0,,711.0,596.0,610.333333333333,2018,하순,2018-05-21,상추-청,5,21,False,False,False,False,True,False,False,False,False,False,False,False,False,False,True,상추(청),,,,,,
201805하순,214.0,상추,2.0,청,상품,g,100.0,698.0,,711.0,596.0,610.333333333333,2018,하순,2018-05-21,상추-청,5,21,False,False,False,False,True,False,False,False,False,False,False,False,False,False,True,상추(청),,,,,,
201805하순,214.0,상추,2.0,청,상품,g,100.0,698.0,,711.0,596.0,610.333333333333,2018,하순,2018-05-21,상추-청,5,21,False,False,False,False,True,False,False,False,False,False,False,False,False,False,True,상추(청),,,,,,
201805하순,214.0,상추,2.0,청,상품,g,100.0,698.0,,711.0,596.0,610.333333333333,2018,하순,2018-05-21,상추-청,5,21,False,False,False,False,True,False,False,False,False,False,False,False,False,False,True,상추(청),,,,,,
201805하순,214.0,상추,2.0,청,상품,g,100.0,698.0,,711.0,596.0,610.333333333333,2018,하순,2018-05-21,상추-청,5,21,False,False,False,False,True,False,False,False,False,False,False,False,False,False,True,상추(청),,,,,,
201805하순,214.0,상추,2.0,청,상품,g,100.0,698.0,,711.0,596.0,610.333333333333,2018,하순,2018-05-21,상추-청,5,21,False,False,False,False,True,False,False,False,False,False,False,False,False,False,True,상추(청),,,,,,
201805하순,214.0,상추,2.0,청,상품,g,100.0,698.0,,711.0,596.0,610.333333333333,2018,하순,2018-05-21,상추-청,5,21,False,False,False,False,True,False,False,False,False,False,False,False,False,False,True,상추(청),,,,,,
201805하순,214.0,상추,2.0,청,상품,g,100.0,698.0,,711.0,596.0,610.333333333333,2018,하순,2018-05-21,상추-청,5,21,False,False,False,False,True,False,False,False,False,False,False,False,False,False,True,상추(청),,,,,,
201805하순,214.0,상추,2.0,청,상품,g,100.0,698.0,,711.0,596.0,610.333333333333,2018,하순,2018-05-21,상추-청,5,21,False,False,False,False,True,False,False,False,False,False,False,False,False,False,True,상추(청),,,,,,
201805하순,214.0,상추,2.0,청,상품,g,100.0,698.0,,711.0,596.0,610.333333333333,2018,하순,2018-05-21,상추-청,5,21,False,False,False,False,True,False,False,False,False,False,False,False,False,False,True,상추(청),,,,,,
201805하순,214.0,상추,2.0,청,상품,g,100.0,698.0,,711.0,596.0,610.333333333333,2018,하순,2018-05-21,상추-청,5,21,False,False,False,False,True,False,False,False,False,False,False,False,False,False,True,상추(청),,,,,,
201805하순,214.0,상추,2.0,청,상품,g,100.0,698.0,,711.0,596.0,610.333333333333,2018,하순,2018-05-21,상추-청,5,21,False,False,False,False,True,False,False,False,False,False,False,False,False,False,True,상추(청),,,,,,
201805하순,214.0,상추,2.0,청,상품,g,100.0,698.0,,711.0,596.0,610.333333333333,2018,하순,2018-05-21,상추-청,5,21,False,False,False,False,True,False,False,False,False,False,False,False,False,False,True,상추(청),,,,,,
201806상순,214.0,상추,2.0,청,상품,g,100.0,741.0,,707.0,608.0,607.666666666666,2018,상순,2018-06-01,상추-청,6,1,False,False,False,False,False,True,False,False,False,False,False,False,True,False,False,상추(청),,,,,,
201806상순,214.0,상추,2.0,청,상품,g,100.0,741.0,,707.0,608.0,607.666666666666,2018,상순,2018-06-01,상추-청,6,1,False,False,False,False,False,True,False,False,False,False,False,False,True,False,False,상추(청),,,,,,
201806상순,214.0,상추,2.0,청,상품,g,100.0,741.0,,707.0,608.0,607.666666666666,2018,상순,2018-06-01,상추-청,6,1,False,False,False,False,False,True,False,False,False,False,False,False,True,False,False,상추(청),,,,,,
201806상순,214.0,상추,2.0,청,상품,g,100.0,741.0,,707.0,608.0,607.666666666666,2018,상순,2018-06-01,상추-청,6,1,False,False,False,False,False,True,False,False,False,False,False,False,True,False,False,상추(청),,,,,,
201806상순,214.0,상추,2.0,청,상품,g,100.0,741.0,,707.0,608.0,607.666666666666,2018,상순,2018-06-01,상추-청,6,1,False,False,False,False,False,True,False,False,False,False,False,False,True,False,False,상추(청),,,,,,
201806상순,214.0,상추,2.0,청,상품,g,100.0,741.0,,707.0,608.0,607.666666666666,2018,상순,2018-06-01,상추-청,6,1,False,False,False,False,False,True,False,False,False,False,False,False,True,False,False,상추(청),,,,,,
201806상순,214.0,상추,2.0,청,상품,g,100.0,741.0,,707.0,608.0,607.666666666666,2018,상순,2018-06-01,상추-청,6,1,False,False,False,False,False,True,False,False,False,False,False,False,True,False,False,상추(청),,,,,,
201806상순,214.0,상추,2.0,청,상품,g,100.0,741.0,,707.0,608.0,607.666666666666,2018,상순,2018-06-01,상추-청,6,1,False,False,False,False,False,True,False,False,False,False,False,False,True,False,False,상추(청),,,,,,
201806상순,214.0,상추,2.0,청,상품,g,100.0,741.0,,707.0,608.0,607.666666666666,2018,상순,2018-06-01,상추-청,6,1,False,False,False,False,False,True,False,False,False,False,False,False,True,False,False,상추(청),,,,,,
201806상순,214.0,상추,2.0,청,상품,g,100.0,741.0,,707.0,608.0,607.666666666666,2018,상순,2018-06-01,상추-청,6,1,False,False,False,False,False,True,False,False,False,False,False,False,True,False,False,상추(청),,,,,,
201806상순,214.0,상추,2.0,청,상품,g,100.0,741.0,,707.0,608.0,607.666666666666,2018,상순,2018-06-01,상추-청,6,1,False,False,False,False,False,True,False,False,False,False,False,False,True,False,False,상추(청),,,,,,
201806상순,214.0,상추,2.0,청,상품,g,100.0,741.0,,707.0,608.0,607.666666666666,2018,상순,2018-06-01,상추-청,6,1,False,False,False,False,False,True,False,False,False,False,False,False,True,False,False,상추(청),,,,,,
201806상순,214.0,상추,2.0,청,상품,g,100.0,741.0,,707.0,608.0,607.666666666666,2018,상순,2018-06-01,상추-청,6,1,False,False,False,False,False,True,False,False,False,False,False,False,True,False,False,상추(청),,,,,,
201806상순,214.0,상추,2.0,청,상품,g,100.0,741.0,,707.0,608.0,607.666666666666,2018,상순,2018-06-01,상추-청,6,1,False,False,False,False,False,True,False,False,False,False,False,False,True,False,False,상추(청),,,,,,
201806상순,214.0,상추,2.0,청,상품,g,100.0,741.0,,707.0,608.0,607.666666666666,2018,상순,2018-06-01,상추-청,6,1,False,False,False,False,False,True,False,False,False,False,False,False,True,False,False,상추(청),,,,,,
201806상순,214.0,상추,2.0,청,상품,g,100.0,741.0,,707.0,608.0,607.666666666666,2018,상순,2018-06-01,상추-청,6,1,False,False,False,False,False,True,False,False,False,False,False,False,True,False,False,상추(청),,,,,,
201806상순,214.0,상추,2.0,청,상품,g,100.0,741.0,,707.0,608.0,607.666666666666,2018,상순,2018-06-01,상추-청,6,1,False,False,False,False,False,True,False,False,False,False,False,False,True,False,False,상추(청),,,,,,
201806상순,214.0,상추,2.0,청,상품,g,100.0,741.0,,707.0,608.0,607.666666666666,2018,상순,2018-06-01,상추-청,6,1,False,False,False,False,False,True,False,False,False,False,False,False,True,False,False,상추(청),,,,,,
201806상순,214.0,상추,2.0,청,상품,g,100.0,741.0,,707.0,608.0,607.666666666666,2018,상순,2018-06-01,상추-청,6,1,False,False,False,False,False,True,False,False,False,False,False,False,True,False,False,상추(청),,,,,,
201806상순,214.0,상추,2.0,청,상품,g,100.0,741.0,,707.0,608.0,607.666666666666,2018,상순,2018-06-01,상추-청,6,1,False,False,False,False,False,True,False,False,False,False,False,False,True,False,False,상추(청),,,,,,
201806상순,214.0,상추,2.0,청,상품,g,100.0,741.0,,707.0,608.0,607.666666666666,2018,상순,2018-06-01,상추-청,6,1,False,False,False,False,False,True,False,False,False,False,False,False,True,False,False,상추(청),,,,,,
201806상순,214.0,상추,2.0,청,상품,g,100.0,741.0,,707.0,608.0,607.666666666666,2018,상순,2018-06-01,상추-청,6,1,False,False,False,False,False,True,False,False,False,False,False,False,True,False,False,상추(청),,,,,,
201806상순,214.0,상추,2.0,청,상품,g,100.0,741.0,,707.0,608.0,607.666666666666,2018,상순,2018-06-01,상추-청,6,1,False,False,False,False,False,True,False,False,False,False,False,False,True,False,False,상추(청),,,,,,
201806중순,214.0,상추,2.0,청,상품,g,100.0,699.0,,672.0,624.0,622.333333333333,2018,중순,2018-06-11,상추-청,6,11,False,False,False,False,False,True,False,False,False,False,False,False,False,True,False,상추(청),,,,,,
201806중순,214.0,상추,2.0,청,상품,g,100.0,699.0,,672.0,624.0,622.333333333333,2018,중순,2018-06-11,상추-청,6,11,False,False,False,False,False,True,False,False,False,False,False,False,False,True,False,상추(청),,,,,,
201806중순,214.0,상추,2.0,청,상품,g,100.0,699.0,,672.0,624.0,622.333333333333,2018,중순,2018-06-11,상추-청,6,11,False,False,False,False,False,True,False,False,False,False,False,False,False,True,False,상추(청),,,,,,
201806중순,214.0,상추,2.0,청,상품,g,100.0,699.0,,672.0,624.0,622.333333333333,2018,중순,2018-06-11,상추-청,6,11,False,False,False,False,False,True,False,False,False,False,False,False,False,True,False,상추(청),,,,,,
201806중순,214.0,상추,2.0,청,상품,g,100.0,699.0,,672.0,624.0,622.333333333333,2018,중순,2018-06-11,상추-청,6,11,False,False,False,False,False,True,False,False,False,False,False,False,False,True,False,상추(청),,,,,,
201806중순,214.0,상추,2.0,청,상품,g,100.0,699.0,,672.0,624.0,622.333333333333,2018,중순,2018-06-11,상추-청,6,11,False,False,False,False,False,True,False,False,False,False,False,False,False,True,False,상추(청),,,,,,
201806중순,214.0,상추,2.0,청,상품,g,100.0,699.0,,672.0,624.0,622.333333333333,2018,중순,2018-06-11,상추-청,6,11,False,False,False,False,False,True,False,False,False,False,False,False,False,True,False,상추(청),,,,,,
201806중순,214.0,상추,2.0,청,상품,g,100.0,699.0,,672.0,624.0,622.333333333333,2018,중순,2018-06-11,상추-청,6,11,False,False,False,False,False,True,False,False,False,False,False,False,False,True,False,상추(청),,,,,,
201806중순,214.0,상추,2.0,청,상품,g,100.0,699.0,,672.0,624.0,622.333333333333,2018,중순,2018-06-11,상추-청,6,11,False,False,False,False,False,True,False,False,False,False,False,False,False,True,False,상추(청),,,,,,
201806중순,214.0,상추,2.0,청,상품,g,100.0,699.0,,672.0,624.0,622.333333333333,2018,중순,2018-06-11,상추-청,6,11,False,False,False,False,False,True,False,False,False,False,False,False,False,True,False,상추(청),,,,,,
201806중순,214.0,상추,2.0,청,상품,g,100.0,699.0,,672.0,624.0,622.333333333333,2018,중순,2018-06-11,상추-청,6,11,False,False,False,False,False,True,False,False,False,False,False,False,False,True,False,상추(청),,,,,,
201806중순,214.0,상추,2.0,청,상품,g,100.0,699.0,,672.0,624.0,622.333333333333,2018,중순,2018-06-11,상추-청,6,11,False,False,False,False,False,True,False,False,False,False,False,False,False,True,False,상추(청),,,,,,
201806중순,214.0,상추,2.0,청,상품,g,100.0,699.0,,672.0,624.0,622.333333333333,2018,중순,2018-06-11,상추-청,6,11,False,False,False,False,False,True,False,False,False,False,False,False,False,True,False,상추(청),,,,,,
201806중순,214.0,상추,2.0,청,상품,g,100.0,699.0,,672.0,624.0,622.333333333333,2018,중순,2018-06-11,상추-청,6,11,False,False,False,False,False,True,False,False,False,False,False,False,False,True,False,상추(청),,,,,,
201806중순,214.0,상추,2.0,청,상품,g,100.0,699.0,,672.0,624.0,622.333333333333,2018,중순,2018-06-11,상추-청,6,11,False,False,False,False,False,True,False,False,False,False,False,False,False,True,False,상추(청),,,,,,
201806중순,214.0,상추,2.0,청,상품,g,100.0,699.0,,672.0,624.0,622.333333333333,2018,중순,2018-06-11,상추-청,6,11,False,False,False,False,False,True,False,False,False,False,False,False,False,True,False,상추(청),,,,,,
201806중순,214.0,상추,2.0,청,상품,g,100.0,699.0,,672.0,624.0,622.333333333333,2018,중순,2018-06-11,상추-청,6,11,False,False,False,False,False,True,False,False,False,False,False,False,False,True,False,상추(청),,,,,,
201806중순,214.0,상추,2.0,청,상품,g,100.0,699.0,,672.0,624.0,622.333333333333,2018,중순,2018-06-11,상추-청,6,11,False,False,False,False,False,True,False,False,False,False,False,False,False,True,False,상추(청),,,,,,
201806중순,214.0,상추,2.0,청,상품,g,100.0,699.0,,672.0,624.0,622.333333333333,2018,중순,2018-06-11,상추-청,6,11,False,False,False,False,False,True,False,False,False,False,False,False,False,True,False,상추(청),,,,,,
201806중순,214.0,상추,2.0,청,상품,g,100.0,699.0,,672.0,624.0,622.333333333333,2018,중순,2018-06-11,상추-청,6,11,False,False,False,False,False,True,False,False,False,False,False,False,False,True,False,상추(청),,,,,,
201806중순,214.0,상추,2.0,청,상품,g,100.0,699.0,,672.0,624.0,622.333333333333,2018,중순,2018-06-11,상추-청,6,11,False,False,False,False,False,True,False,False,False,False,False,False,False,True,False,상추(청),,,,,,
201806중순,214.0,상추,2.0,청,상품,g,100.0,699.0,,672.0,624.0,622.333333333333,2018,중순,2018-06-11,상추-청,6,11,False,False,False,False,False,True,False,False,False,False,False,False,False,True,False,상추(청),,,,,,
201806중순,214.0,상추,2.0,청,상품,g,100.0,699.0,,672.0,624.0,622.333333333333,2018,중순,2018-06-11,상추-청,6,11,False,False,False,False,False,True,False,False,False,False,False,False,False,True,False,상추(청),,,,,,
201806하순,214.0,상추,2.0,청,상품,g,100.0,664.0,,698.0,609.0,631.333333333333,2018,하순,2018-06-21,상추-청,6,21,False,False,False,False,False,True,False,False,False,False,False,False,False,False,True,상추(청),,,,,,
201806하순,214.0,상추,2.0,청,상품,g,100.0,664.0,,698.0,609.0,631.333333333333,2018,하순,2018-06-21,상추-청,6,21,False,False,False,False,False,True,False,False,False,False,False,False,False,False,True,상추(청),,,,,,
201806하순,214.0,상추,2.0,청,상품,g,100.0,664.0,,698.0,609.0,631.333333333333,2018,하순,2018-06-21,상추-청,6,21,False,False,False,False,False,True,False,False,False,False,False,False,False,False,True,상추(청),,,,,,
201806하순,214.0,상추,2.0,청,상품,g,100.0,664.0,,698.0,609.0,631.333333333333,2018,하순,2018-06-21,상추-청,6,21,False,False,False,False,False,True,False,False,False,False,False,False,False,False,True,상추(청),,,,,,
201806하순,214.0,상추,2.0,청,상품,g,100.0,664.0,,698.0,609.0,631.333333333333,2018,하순,2018-06-21,상추-청,6,21,False,False,False,False,False,True,False,False,False,False,False,False,False,False,True,상추(청),,,,,,
201806하순,214.0,상추,2.0,청,상품,g,100.0,664.0,,698.0,609.0,631.333333333333,2018,하순,2018-06-21,상추-청,6,21,False,False,False,False,False,True,False,False,False,False,False,False,False,False,True,상추(청),,,,,,
201806하순,214.0,상추,2.0,청,상품,g,100.0,664.0,,698.0,609.0,631.333333333333,2018,하순,2018-06-21,상추-청,6,21,False,False,False,False,False,True,False,False,False,False,False,False,False,False,True,상추(청),,,,,,
201806하순,214.0,상추,2.0,청,상품,g,100.0,664.0,,698.0,609.0,631.333333333333,2018,하순,2018-06-21,상추-청,6,21,False,False,False,False,False,True,False,False,False,False,False,False,False,False,True,상추(청),,,,,,
201806하순,214.0,상추,2.0,청,상품,g,100.0,664.0,,698.0,609.0,631.333333333333,2018,하순,2018-06-21,상추-청,6,21,False,False,False,False,False,True,False,False,False,False,False,False,False,False,True,상추(청),,,,,,
201806하순,214.0,상추,2.0,청,상품,g,100.0,664.0,,698.0,609.0,631.333333333333,2018,하순,2018-06-21,상추-청,6,21,False,False,False,False,False,True,False,False,False,False,False,False,False,False,True,상추(청),,,,,,
201806하순,214.0,상추,2.0,청,상품,g,100.0,664.0,,698.0,609.0,631.333333333333,2018,하순,2018-06-21,상추-청,6,21,False,False,False,False,False,True,False,False,False,False,False,False,False,False,True,상추(청),,,,,,
201806하순,214.0,상추,2.0,청,상품,g,100.0,664.0,,698.0,609.0,631.333333333333,2018,하순,2018-06-21,상추-청,6,21,False,False,False,False,False,True,False,False,False,False,False,False,False,False,True,상추(청),,,,,,
201806하순,214.0,상추,2.0,청,상품,g,100.0,664.0,,698.0,609.0,631.333333333333,2018,하순,2018-06-21,상추-청,6,21,False,False,False,False,False,True,False,False,False,False,False,False,False,False,True,상추(청),,,,,,
201806하순,214.0,상추,2.0,청,상품,g,100.0,664.0,,698.0,609.0,631.333333333333,2018,하순,2018-06-21,상추-청,6,21,False,False,False,False,False,True,False,False,False,False,False,False,False,False,True,상추(청),,,,,,
201806하순,214.0,상추,2.0,청,상품,g,100.0,664.0,,698.0,609.0,631.333333333333,2018,하순,2018-06-21,상추-청,6,21,False,False,False,False,False,True,False,False,False,False,False,False,False,False,True,상추(청),,,,,,
201806하순,214.0,상추,2.0,청,상품,g,100.0,664.0,,698.0,609.0,631.333333333333,2018,하순,2018-06-21,상추-청,6,21,False,False,False,False,False,True,False,False,False,False,False,False,False,False,True,상추(청),,,,,,
201806하순,214.0,상추,2.0,청,상품,g,100.0,664.0,,698.0,609.0,631.333333333333,2018,하순,2018-06-21,상추-청,6,21,False,False,False,False,False,True,False,False,False,False,False,False,False,False,True,상추(청),,,,,,
201806하순,214.0,상추,2.0,청,상품,g,100.0,664.0,,698.0,609.0,631.333333333333,2018,하순,2018-06-21,상추-청,6,21,False,False,False,False,False,True,False,False,False,False,False,False,False,False,True,상추(청),,,,,,
201806하순,214.0,상추,2.0,청,상품,g,100.0,664.0,,698.0,609.0,631.333333333333,2018,하순,2018-06-21,상추-청,6,21,False,False,False,False,False,True,False,False,False,False,False,False,False,False,True,상추(청),,,,,,
201806하순,214.0,상추,2.0,청,상품,g,100.0,664.0,,698.0,609.0,631.333333333333,2018,하순,2018-06-21,상추-청,6,21,False,False,False,False,False,True,False,False,False,False,False,False,False,False,True,상추(청),,,,,,
201806하순,214.0,상추,2.0,청,상품,g,100.0,664.0,,698.0,609.0,631.333333333333,2018,하순,2018-06-21,상추-청,6,21,False,False,False,False,False,True,False,False,False,False,False,False,False,False,True,상추(청),,,,,,
201806하순,214.0,상추,2.0,청,상품,g,100.0,664.0,,698.0,609.0,631.333333333333,2018,하순,2018-06-21,상추-청,6,21,False,False,False,False,False,True,False,False,False,False,False,False,False,False,True,상추(청),,,,,,
201806하순,214.0,상추,2.0,청,상품,g,100.0,664.0,,698.0,609.0,631.333333333333,2018,하순,2018-06-21,상추-청,6,21,False,False,False,False,False,True,False,False,False,False,False,False,False,False,True,상추(청),,,,,,
201807상순,214.0,상추,2.0,청,상품,g,100.0,700.0,,741.0,660.0,673.666666666666,2018,상순,2018-07-01,상추-청,7,1,False,False,False,False,False,False,True,False,False,False,False,False,True,False,False,상추(청),,,,,,
201807상순,214.0,상추,2.0,청,상품,g,100.0,700.0,,741.0,660.0,673.666666666666,2018,상순,2018-07-01,상추-청,7,1,False,False,False,False,False,False,True,False,False,False,False,False,True,False,False,상추(청),,,,,,
201807상순,214.0,상추,2.0,청,상품,g,100.0,700.0,,741.0,660.0,673.666666666666,2018,상순,2018-07-01,상추-청,7,1,False,False,False,False,False,False,True,False,False,False,False,False,True,False,False,상추(청),,,,,,
201807상순,214.0,상추,2.0,청,상품,g,100.0,700.0,,741.0,660.0,673.666666666666,2018,상순,2018-07-01,상추-청,7,1,False,False,False,False,False,False,True,False,False,False,False,False,True,False,False,상추(청),,,,,,
201807상순,214.0,상추,2.0,청,상품,g,100.0,700.0,,741.0,660.0,673.666666666666,2018,상순,2018-07-01,상추-청,7,1,False,False,False,False,False,False,True,False,False,False,False,False,True,False,False,상추(청),,,,,,
201807상순,214.0,상추,2.0,청,상품,g,100.0,700.0,,741.0,660.0,673.666666666666,2018,상순,2018-07-01,상추-청,7,1,False,False,False,False,False,False,True,False,False,False,False,False,True,False,False,상추(청),,,,,,
201807상순,214.0,상추,2.0,청,상품,g,100.0,700.0,,741.0,660.0,673.666666666666,2018,상순,2018-07-01,상추-청,7,1,False,False,False,False,False,False,True,False,False,False,False,False,True,False,False,상추(청),,,,,,
201807상순,214.0,상추,2.0,청,상품,g,100.0,700.0,,741.0,660.0,673.666666666666,2018,상순,2018-07-01,상추-청,7,1,False,False,False,False,False,False,True,False,False,False,False,False,True,False,False,상추(청),,,,,,
201807상순,214.0,상추,2.0,청,상품,g,100.0,700.0,,741.0,660.0,673.666666666666,2018,상순,2018-07-01,상추-청,7,1,False,False,False,False,False,False,True,False,False,False,False,False,True,False,False,상추(청),,,,,,
201807상순,214.0,상추,2.0,청,상품,g,100.0,700.0,,741.0,660.0,673.666666666666,2018,상순,2018-07-01,상추-청,7,1,False,False,False,False,False,False,True,False,False,False,False,False,True,False,False,상추(청),,,,,,
201807상순,214.0,상추,2.0,청,상품,g,100.0,700.0,,741.0,660.0,673.666666666666,2018,상순,2018-07-01,상추-청,7,1,False,False,False,False,False,False,True,False,False,False,False,False,True,False,False,상추(청),,,,,,
201807상순,214.0,상추,2.0,청,상품,g,100.0,700.0,,741.0,660.0,673.666666666666,2018,상순,2018-07-01,상추-청,7,1,False,False,False,False,False,False,True,False,False,False,False,False,True,False,False,상추(청),,,,,,
201807상순,214.0,상추,2.0,청,상품,g,100.0,700.0,,741.0,660.0,673.666666666666,2018,상순,2018-07-01,상추-청,7,1,False,False,False,False,False,False,True,False,False,False,False,False,True,False,False,상추(청),,,,,,
201807상순,214.0,상추,2.0,청,상품,g,100.0,700.0,,741.0,660.0,673.666666666666,2018,상순,2018-07-01,상추-청,7,1,False,False,False,False,False,False,True,False,False,False,False,False,True,False,False,상추(청),,,,,,
201807상순,214.0,상추,2.0,청,상품,g,100.0,700.0,,741.0,660.0,673.666666666666,2018,상순,2018-07-01,상추-청,7,1,False,False,False,False,False,False,True,False,False,False,False,False,True,False,False,상추(청),,,,,,
201807상순,214.0,상추,2.0,청,상품,g,100.0,700.0,,741.0,660.0,673.666666666666,2018,상순,2018-07-01,상추-청,7,1,False,False,False,False,False,False,True,False,False,False,False,False,True,False,False,상추(청),,,,,,
201807상순,214.0,상추,2.0,청,상품,g,100.0,700.0,,741.0,660.0,673.666666666666,2018,상순,2018-07-01,상추-청,7,1,False,False,False,False,False,False,True,False,False,False,False,False,True,False,False,상추(청),,,,,,
201807상순,214.0,상추,2.0,청,상품,g,100.0,700.0,,741.0,660.0,673.666666666666,2018,상순,2018-07-01,상추-청,7,1,False,False,False,False,False,False,True,False,False,False,False,False,True,False,False,상추(청),,,,,,
201807상순,214.0,상추,2.0,청,상품,g,100.0,700.0,,741.0,660.0,673.666666666666,2018,상순,2018-07-01,상추-청,7,1,False,False,False,False,False,False,True,False,False,False,False,False,True,False,False,상추(청),,,,,,
201807상순,214.0,상추,2.0,청,상품,g,100.0,700.0,,741.0,660.0,673.666666666666,2018,상순,2018-07-01,상추-청,7,1,False,False,False,False,False,False,True,False,False,False,False,False,True,False,False,상추(청),,,,,,
201807상순,214.0,상추,2.0,청,상품,g,100.0,700.0,,741.0,660.0,673.666666666666,2018,상순,2018-07-01,상추-청,7,1,False,False,False,False,False,False,True,False,False,False,False,False,True,False,False,상추(청),,,,,,
201807상순,214.0,상추,2.0,청,상품,g,100.0,700.0,,741.0,660.0,673.666666666666,2018,상순,2018-07-01,상추-청,7,1,False,False,False,False,False,False,True,False,False,False,False,False,True,False,False,상추(청),,,,,,
201807상순,214.0,상추,2.0,청,상품,g,100.0,700.0,,741.0,660.0,673.666666666666,2018,상순,2018-07-01,상추-청,7,1,False,False,False,False,False,False,True,False,False,False,False,False,True,False,False,상추(청),,,,,,
201807중순,214.0,상추,2.0,청,상품,g,100.0,1046.0,,699.0,1180.0,956.333333333333,2018,중순,2018-07-11,상추-청,7,11,False,False,False,False,False,False,True,False,False,False,False,False,False,True,False,상추(청),,,,,,
201807중순,214.0,상추,2.0,청,상품,g,100.0,1046.0,,699.0,1180.0,956.333333333333,2018,중순,2018-07-11,상추-청,7,11,False,False,False,False,False,False,True,False,False,False,False,False,False,True,False,상추(청),,,,,,
201807중순,214.0,상추,2.0,청,상품,g,100.0,1046.0,,699.0,1180.0,956.333333333333,2018,중순,2018-07-11,상추-청,7,11,False,False,False,False,False,False,True,False,False,False,False,False,False,True,False,상추(청),,,,,,
201807중순,214.0,상추,2.0,청,상품,g,100.0,1046.0,,699.0,1180.0,956.333333333333,2018,중순,2018-07-11,상추-청,7,11,False,False,False,False,False,False,True,False,False,False,False,False,False,True,False,상추(청),,,,,,
201807중순,214.0,상추,2.0,청,상품,g,100.0,1046.0,,699.0,1180.0,956.333333333333,2018,중순,2018-07-11,상추-청,7,11,False,False,False,False,False,False,True,False,False,False,False,False,False,True,False,상추(청),,,,,,
201807중순,214.0,상추,2.0,청,상품,g,100.0,1046.0,,699.0,1180.0,956.333333333333,2018,중순,2018-07-11,상추-청,7,11,False,False,False,False,False,False,True,False,False,False,False,False,False,True,False,상추(청),,,,,,
201807중순,214.0,상추,2.0,청,상품,g,100.0,1046.0,,699.0,1180.0,956.333333333333,2018,중순,2018-07-11,상추-청,7,11,False,False,False,False,False,False,True,False,False,False,False,False,False,True,False,상추(청),,,,,,
201807중순,214.0,상추,2.0,청,상품,g,100.0,1046.0,,699.0,1180.0,956.333333333333,2018,중순,2018-07-11,상추-청,7,11,False,False,False,False,False,False,True,False,False,False,False,False,False,True,False,상추(청),,,,,,
201807중순,214.0,상추,2.0,청,상품,g,100.0,1046.0,,699.0,1180.0,956.333333333333,2018,중순,2018-07-11,상추-청,7,11,False,False,False,False,False,False,True,False,False,False,False,False,False,True,False,상추(청),,,,,,
201807중순,214.0,상추,2.0,청,상품,g,100.0,1046.0,,699.0,1180.0,956.333333333333,2018,중순,2018-07-11,상추-청,7,11,False,False,False,False,False,False,True,False,False,False,False,False,False,True,False,상추(청),,,,,,
201807중순,214.0,상추,2.0,청,상품,g,100.0,1046.0,,699.0,1180.0,956.333333333333,2018,중순,2018-07-11,상추-청,7,11,False,False,False,False,False,False,True,False,False,False,False,False,False,True,False,상추(청),,,,,,
201807중순,214.0,상추,2.0,청,상품,g,100.0,1046.0,,699.0,1180.0,956.333333333333,2018,중순,2018-07-11,상추-청,7,11,False,False,False,False,False,False,True,False,False,False,False,False,False,True,False,상추(청),,,,,,
201807중순,214.0,상추,2.0,청,상품,g,100.0,1046.0,,699.0,1180.0,956.333333333333,2018,중순,2018-07-11,상추-청,7,11,False,False,False,False,False,False,True,False,False,False,False,False,False,True,False,상추(청),,,,,,
201807중순,214.0,상추,2.0,청,상품,g,100.0,1046.0,,699.0,1180.0,956.333333333333,2018,중순,2018-07-11,상추-청,7,11,False,False,False,False,False,False,True,False,False,False,False,False,False,True,False,상추(청),,,,,,
201807중순,214.0,상추,2.0,청,상품,g,100.0,1046.0,,699.0,1180.0,956.333333333333,2018,중순,2018-07-11,상추-청,7,11,False,False,False,False,False,False,True,False,False,False,False,False,False,True,False,상추(청),,,,,,
201807중순,214.0,상추,2.0,청,상품,g,100.0,1046.0,,699.0,1180.0,956.333333333333,2018,중순,2018-07-11,상추-청,7,11,False,False,False,False,False,False,True,False,False,False,False,False,False,True,False,상추(청),,,,,,
201807중순,214.0,상추,2.0,청,상품,g,100.0,1046.0,,699.0,1180.0,956.333333333333,2018,중순,2018-07-11,상추-청,7,11,False,False,False,False,False,False,True,False,False,False,False,False,False,True,False,상추(청),,,,,,
201807중순,214.0,상추,2.0,청,상품,g,100.0,1046.0,,699.0,1180.0,956.333333333333,2018,중순,2018-07-11,상추-청,7,11,False,False,False,False,False,False,True,False,False,False,False,False,False,True,False,상추(청),,,,,,
201807중순,214.0,상추,2.0,청,상품,g,100.0,1046.0,,699.0,1180.0,956.333333333333,2018,중순,2018-07-11,상추-청,7,11,False,False,False,False,False,False,True,False,False,False,False,False,False,True,False,상추(청),,,,,,
201807중순,214.0,상추,2.0,청,상품,g,100.0,1046.0,,699.0,1180.0,956.333333333333,2018,중순,2018-07-11,상추-청,7,11,False,False,False,False,False,False,True,False,False,False,False,False,False,True,False,상추(청),,,,,,
201807중순,214.0,상추,2.0,청,상품,g,100.0,1046.0,,699.0,1180.0,956.333333333333,2018,중순,2018-07-11,상추-청,7,11,False,False,False,False,False,False,True,False,False,False,False,False,False,True,False,상추(청),,,,,,
201807중순,214.0,상추,2.0,청,상품,g,100.0,1046.0,,699.0,1180.0,956.333333333333,2018,중순,2018-07-11,상추-청,7,11,False,False,False,False,False,False,True,False,False,False,False,False,False,True,False,상추(청),,,,,,
201807중순,214.0,상추,2.0,청,상품,g,100.0,1046.0,,699.0,1180.0,956.333333333333,2018,중순,2018-07-11,상추-청,7,11,False,False,False,False,False,False,True,False,False,False,False,False,False,True,False,상추(청),,,,,,
201807중순,214.0,상추,2.0,청,상품,g,100.0,1046.0,,699.0,1180.0,956.333333333333,2018,중순,2018-07-11,상추-청,7,11,False,False,False,False,False,False,True,False,False,False,False,False,False,True,False,상추(청),,,,,,
201807중순,214.0,상추,2.0,청,상품,g,100.0,1046.0,,699.0,1180.0,956.333333333333,2018,중순,2018-07-11,상추-청,7,11,False,False,False,False,False,False,True,False,False,False,False,False,False,True,False,상추(청),,,,,,
201807하순,214.0,상추,2.0,청,상품,g,100.0,977.0,,664.0,1633.0,1141.66666666666,2018,하순,2018-07-21,상추-청,7,21,False,False,False,False,False,False,True,False,False,False,False,False,False,False,True,상추(청),,,,,,
201807하순,214.0,상추,2.0,청,상품,g,100.0,977.0,,664.0,1633.0,1141.66666666666,2018,하순,2018-07-21,상추-청,7,21,False,False,False,False,False,False,True,False,False,False,False,False,False,False,True,상추(청),,,,,,
201807하순,214.0,상추,2.0,청,상품,g,100.0,977.0,,664.0,1633.0,1141.66666666666,2018,하순,2018-07-21,상추-청,7,21,False,False,False,False,False,False,True,False,False,False,False,False,False,False,True,상추(청),,,,,,
201807하순,214.0,상추,2.0,청,상품,g,100.0,977.0,,664.0,1633.0,1141.66666666666,2018,하순,2018-07-21,상추-청,7,21,False,False,False,False,False,False,True,False,False,False,False,False,False,False,True,상추(청),,,,,,
201807하순,214.0,상추,2.0,청,상품,g,100.0,977.0,,664.0,1633.0,1141.66666666666,2018,하순,2018-07-21,상추-청,7,21,False,False,False,False,False,False,True,False,False,False,False,False,False,False,True,상추(청),,,,,,
201807하순,214.0,상추,2.0,청,상품,g,100.0,977.0,,664.0,1633.0,1141.66666666666,2018,하순,2018-07-21,상추-청,7,21,False,False,False,False,False,False,True,False,False,False,False,False,False,False,True,상추(청),,,,,,
201807하순,214.0,상추,2.0,청,상품,g,100.0,977.0,,664.0,1633.0,1141.66666666666,2018,하순,2018-07-21,상추-청,7,21,False,False,False,False,False,False,True,False,False,False,False,False,False,False,True,상추(청),,,,,,
201807하순,214.0,상추,2.0,청,상품,g,100.0,977.0,,664.0,1633.0,1141.66666666666,2018,하순,2018-07-21,상추-청,7,21,False,False,False,False,False,False,True,False,False,False,False,False,False,False,True,상추(청),,,,,,
201807하순,214.0,상추,2.0,청,상품,g,100.0,977.0,,664.0,1633.0,1141.66666666666,2018,하순,2018-07-21,상추-청,7,21,False,False,False,False,False,False,True,False,False,False,False,False,False,False,True,상추(청),,,,,,
201807하순,214.0,상추,2.0,청,상품,g,100.0,977.0,,664.0,1633.0,1141.66666666666,2018,하순,2018-07-21,상추-청,7,21,False,False,False,False,False,False,True,False,False,False,False,False,False,False,True,상추(청),,,,,,
201807하순,214.0,상추,2.0,청,상품,g,100.0,977.0,,664.0,1633.0,1141.66666666666,2018,하순,2018-07-21,상추-청,7,21,False,False,False,False,False,False,True,False,False,False,False,False,False,False,True,상추(청),,,,,,
201807하순,214.0,상추,2.0,청,상품,g,100.0,977.0,,664.0,1633.0,1141.66666666666,2018,하순,2018-07-21,상추-청,7,21,False,False,False,False,False,False,True,False,False,False,False,False,False,False,True,상추(청),,,,,,
201807하순,214.0,상추,2.0,청,상품,g,100.0,977.0,,664.0,1633.0,1141.66666666666,2018,하순,2018-07-21,상추-청,7,21,False,False,False,False,False,False,True,False,False,False,False,False,False,False,True,상추(청),,,,,,
201807하순,214.0,상추,2.0,청,상품,g,100.0,977.0,,664.0,1633.0,1141.66666666666,2018,하순,2018-07-21,상추-청,7,21,False,False,False,False,False,False,True,False,False,False,False,False,False,False,True,상추(청),,,,,,
201807하순,214.0,상추,2.0,청,상품,g,100.0,977.0,,664.0,1633.0,1141.66666666666,2018,하순,2018-07-21,상추-청,7,21,False,False,False,False,False,False,True,False,False,False,False,False,False,False,True,상추(청),,,,,,
201807하순,214.0,상추,2.0,청,상품,g,100.0,977.0,,664.0,1633.0,1141.66666666666,2018,하순,2018-07-21,상추-청,7,21,False,False,False,False,False,False,True,False,False,False,False,False,False,False,True,상추(청),,,,,,
201807하순,214.0,상추,2.0,청,상품,g,100.0,977.0,,664.0,1633.0,1141.66666666666,2018,하순,2018-07-21,상추-청,7,21,False,False,False,False,False,False,True,False,False,False,False,False,False,False,True,상추(청),,,,,,
201807하순,214.0,상추,2.0,청,상품,g,100.0,977.0,,664.0,1633.0,1141.66666666666,2018,하순,2018-07-21,상추-청,7,21,False,False,False,False,False,False,True,False,False,False,False,False,False,False,True,상추(청),,,,,,
201807하순,214.0,상추,2.0,청,상품,g,100.0,977.0,,664.0,1633.0,1141.66666666666,2018,하순,2018-07-21,상추-청,7,21,False,False,False,False,False,False,True,False,False,False,False,False,False,False,True,상추(청),,,,,,
201807하순,214.0,상추,2.0,청,상품,g,100.0,977.0,,664.0,1633.0,1141.66666666666,2018,하순,2018-07-21,상추-청,7,21,False,False,False,False,False,False,True,False,False,False,False,False,False,False,True,상추(청),,,,,,
201807하순,214.0,상추,2.0,청,상품,g,100.0,977.0,,664.0,1633.0,1141.66666666666,2018,하순,2018-07-21,상추-청,7,21,False,False,False,False,False,False,True,False,False,False,False,False,False,False,True,상추(청),,,,,,
201807하순,214.0,상추,2.0,청,상품,g,100.0,977.0,,664.0,1633.0,1141.66666666666,2018,하순,2018-07-21,상추-청,7,21,False,False,False,False,False,False,True,False,False,False,False,False,False,False,True,상추(청),,,,,,
201807하순,214.0,상추,2.0,청,상품,g,100.0,977.0,,664.0,1633.0,1141.66666666666,2018,하순,2018-07-21,상추-청,7,21,False,False,False,False,False,False,True,False,False,False,False,False,False,False,True,상추(청),,,,,,
201807하순,214.0,상추,2.0,청,상품,g,100.0,977.0,,664.0,1633.0,1141.66666666666,2018,하순,2018-07-21,상추-청,7,21,False,False,False,False,False,False,True,False,False,False,False,False,False,False,True,상추(청),,,,,,
201807하순,214.0,상추,2.0,청,상품,g,100.0,977.0,,664.0,1633.0,1141.66666666666,2018,하순,2018-07-21,상추-청,7,21,False,False,False,False,False,False,True,False,False,False,False,False,False,False,True,상추(청),,,,,,
201808상순,214.0,상추,2.0,청,상품,g,100.0,969.0,,700.0,1694.0,1162.66666666666,2018,상순,2018-08-01,상추-청,8,1,False,False,False,False,False,False,False,True,False,False,False,False,True,False,False,상추(청),,,,,,
201808상순,214.0,상추,2.0,청,상품,g,100.0,969.0,,700.0,1694.0,1162.66666666666,2018,상순,2018-08-01,상추-청,8,1,False,False,False,False,False,False,False,True,False,False,False,False,True,False,False,상추(청),,,,,,
201808상순,214.0,상추,2.0,청,상품,g,100.0,969.0,,700.0,1694.0,1162.66666666666,2018,상순,2018-08-01,상추-청,8,1,False,False,False,False,False,False,False,True,False,False,False,False,True,False,False,상추(청),,,,,,
201808상순,214.0,상추,2.0,청,상품,g,100.0,969.0,,700.0,1694.0,1162.66666666666,2018,상순,2018-08-01,상추-청,8,1,False,False,False,False,False,False,False,True,False,False,False,False,True,False,False,상추(청),,,,,,
201808상순,214.0,상추,2.0,청,상품,g,100.0,969.0,,700.0,1694.0,1162.66666666666,2018,상순,2018-08-01,상추-청,8,1,False,False,False,False,False,False,False,True,False,False,False,False,True,False,False,상추(청),,,,,,
201808상순,214.0,상추,2.0,청,상품,g,100.0,969.0,,700.0,1694.0,1162.66666666666,2018,상순,2018-08-01,상추-청,8,1,False,False,False,False,False,False,False,True,False,False,False,False,True,False,False,상추(청),,,,,,
201808상순,214.0,상추,2.0,청,상품,g,100.0,969.0,,700.0,1694.0,1162.66666666666,2018,상순,2018-08-01,상추-청,8,1,False,False,False,False,False,False,False,True,False,False,False,False,True,False,False,상추(청),,,,,,
201808상순,214.0,상추,2.0,청,상품,g,100.0,969.0,,700.0,1694.0,1162.66666666666,2018,상순,2018-08-01,상추-청,8,1,False,False,False,False,False,False,False,True,False,False,False,False,True,False,False,상추(청),,,,,,
201808상순,214.0,상추,2.0,청,상품,g,100.0,969.0,,700.0,1694.0,1162.66666666666,2018,상순,2018-08-01,상추-청,8,1,False,False,False,False,False,False,False,True,False,False,False,False,True,False,False,상추(청),,,,,,
201808상순,214.0,상추,2.0,청,상품,g,100.0,969.0,,700.0,1694.0,1162.66666666666,2018,상순,2018-08-01,상추-청,8,1,False,False,False,False,False,False,False,True,False,False,False,False,True,False,False,상추(청),,,,,,
201808상순,214.0,상추,2.0,청,상품,g,100.0,969.0,,700.0,1694.0,1162.66666666666,2018,상순,2018-08-01,상추-청,8,1,False,False,False,False,False,False,False,True,False,False,False,False,True,False,False,상추(청),,,,,,
201808상순,214.0,상추,2.0,청,상품,g,100.0,969.0,,700.0,1694.0,1162.66666666666,2018,상순,2018-08-01,상추-청,8,1,False,False,False,False,False,False,False,True,False,False,False,False,True,False,False,상추(청),,,,,,
201808상순,214.0,상추,2.0,청,상품,g,100.0,969.0,,700.0,1694.0,1162.66666666666,2018,상순,2018-08-01,상추-청,8,1,False,False,False,False,False,False,False,True,False,False,False,False,True,False,False,상추(청),,,,,,
201808상순,214.0,상추,2.0,청,상품,g,100.0,969.0,,700.0,1694.0,1162.66666666666,2018,상순,2018-08-01,상추-청,8,1,False,False,False,False,False,False,False,True,False,False,False,False,True,False,False,상추(청),,,,,,
201808상순,214.0,상추,2.0,청,상품,g,100.0,969.0,,700.0,1694.0,1162.66666666666,2018,상순,2018-08-01,상추-청,8,1,False,False,False,False,False,False,False,True,False,False,False,False,True,False,False,상추(청),,,,,,
201808상순,214.0,상추,2.0,청,상품,g,100.0,969.0,,700.0,1694.0,1162.66666666666,2018,상순,2018-08-01,상추-청,8,1,False,False,False,False,False,False,False,True,False,False,False,False,True,False,False,상추(청),,,,,,
201808상순,214.0,상추,2.0,청,상품,g,100.0,969.0,,700.0,1694.0,1162.66666666666,2018,상순,2018-08-01,상추-청,8,1,False,False,False,False,False,False,False,True,False,False,False,False,True,False,False,상추(청),,,,,,
201808상순,214.0,상추,2.0,청,상품,g,100.0,969.0,,700.0,1694.0,1162.66666666666,2018,상순,2018-08-01,상추-청,8,1,False,False,False,False,False,False,False,True,False,False,False,False,True,False,False,상추(청),,,,,,
201808상순,214.0,상추,2.0,청,상품,g,100.0,969.0,,700.0,1694.0,1162.66666666666,2018,상순,2018-08-01,상추-청,8,1,False,False,False,False,False,False,False,True,False,False,False,False,True,False,False,상추(청),,,,,,
201808상순,214.0,상추,2.0,청,상품,g,100.0,969.0,,700.0,1694.0,1162.66666666666,2018,상순,2018-08-01,상추-청,8,1,False,False,False,False,False,False,False,True,False,False,False,False,True,False,False,상추(청),,,,,,
201808상순,214.0,상추,2.0,청,상품,g,100.0,969.0,,700.0,1694.0,1162.66666666666,2018,상순,2018-08-01,상추-청,8,1,False,False,False,False,False,False,False,True,False,False,False,False,True,False,False,상추(청),,,,,,
201808상순,214.0,상추,2.0,청,상품,g,100.0,969.0,,700.0,1694.0,1162.66666666666,2018,상순,2018-08-01,상추-청,8,1,False,False,False,False,False,False,False,True,False,False,False,False,True,False,False,상추(청),,,,,,
201808상순,214.0,상추,2.0,청,상품,g,100.0,969.0,,700.0,1694.0,1162.66666666666,2018,상순,2018-08-01,상추-청,8,1,False,False,False,False,False,False,False,True,False,False,False,False,True,False,False,상추(청),,,,,,
201808상순,214.0,상추,2.0,청,상품,g,100.0,969.0,,700.0,1694.0,1162.66666666666,2018,상순,2018-08-01,상추-청,8,1,False,False,False,False,False,False,False,True,False,False,False,False,True,False,False,상추(청),,,,,,
201808상순,214.0,상추,2.0,청,상품,g,100.0,969.0,,700.0,1694.0,1162.66666666666,2018,상순,2018-08-01,상추-청,8,1,False,False,False,False,False,False,False,True,False,False,False,False,True,False,False,상추(청),,,,,,
201808중순,214.0,상추,2.0,청,상품,g,100.0,1223.0,,1046.0,1668.0,1157.66666666666,2018,중순,2018-08-11,상추-청,8,11,False,False,False,False,False,False,False,True,False,False,False,False,False,True,False,상추(청),,,,,,
201808중순,214.0,상추,2.0,청,상품,g,100.0,1223.0,,1046.0,1668.0,1157.66666666666,2018,중순,2018-08-11,상추-청,8,11,False,False,False,False,False,False,False,True,False,False,False,False,False,True,False,상추(청),,,,,,
201808중순,214.0,상추,2.0,청,상품,g,100.0,1223.0,,1046.0,1668.0,1157.66666666666,2018,중순,2018-08-11,상추-청,8,11,False,False,False,False,False,False,False,True,False,False,False,False,False,True,False,상추(청),,,,,,
201808중순,214.0,상추,2.0,청,상품,g,100.0,1223.0,,1046.0,1668.0,1157.66666666666,2018,중순,2018-08-11,상추-청,8,11,False,False,False,False,False,False,False,True,False,False,False,False,False,True,False,상추(청),,,,,,
201808중순,214.0,상추,2.0,청,상품,g,100.0,1223.0,,1046.0,1668.0,1157.66666666666,2018,중순,2018-08-11,상추-청,8,11,False,False,False,False,False,False,False,True,False,False,False,False,False,True,False,상추(청),,,,,,
201808중순,214.0,상추,2.0,청,상품,g,100.0,1223.0,,1046.0,1668.0,1157.66666666666,2018,중순,2018-08-11,상추-청,8,11,False,False,False,False,False,False,False,True,False,False,False,False,False,True,False,상추(청),,,,,,
201808중순,214.0,상추,2.0,청,상품,g,100.0,1223.0,,1046.0,1668.0,1157.66666666666,2018,중순,2018-08-11,상추-청,8,11,False,False,False,False,False,False,False,True,False,False,False,False,False,True,False,상추(청),,,,,,
201808중순,214.0,상추,2.0,청,상품,g,100.0,1223.0,,1046.0,1668.0,1157.66666666666,2018,중순,2018-08-11,상추-청,8,11,False,False,False,False,False,False,False,True,False,False,False,False,False,True,False,상추(청),,,,,,
201808중순,214.0,상추,2.0,청,상품,g,100.0,1223.0,,1046.0,1668.0,1157.66666666666,2018,중순,2018-08-11,상추-청,8,11,False,False,False,False,False,False,False,True,False,False,False,False,False,True,False,상추(청),,,,,,
201808중순,214.0,상추,2.0,청,상품,g,100.0,1223.0,,1046.0,1668.0,1157.66666666666,2018,중순,2018-08-11,상추-청,8,11,False,False,False,False,False,False,False,True,False,False,False,False,False,True,False,상추(청),,,,,,
201808중순,214.0,상추,2.0,청,상품,g,100.0,1223.0,,1046.0,1668.0,1157.66666666666,2018,중순,2018-08-11,상추-청,8,11,False,False,False,False,False,False,False,True,False,False,False,False,False,True,False,상추(청),,,,,,
201808중순,214.0,상추,2.0,청,상품,g,100.0,1223.0,,1046.0,1668.0,1157.66666666666,2018,중순,2018-08-11,상추-청,8,11,False,False,False,False,False,False,False,True,False,False,False,False,False,True,False,상추(청),,,,,,
201808중순,214.0,상추,2.0,청,상품,g,100.0,1223.0,,1046.0,1668.0,1157.66666666666,2018,중순,2018-08-11,상추-청,8,11,False,False,False,False,False,False,False,True,False,False,False,False,False,True,False,상추(청),,,,,,
201808중순,214.0,상추,2.0,청,상품,g,100.0,1223.0,,1046.0,1668.0,1157.66666666666,2018,중순,2018-08-11,상추-청,8,11,False,False,False,False,False,False,False,True,False,False,False,False,False,True,False,상추(청),,,,,,
201808중순,214.0,상추,2.0,청,상품,g,100.0,1223.0,,1046.0,1668.0,1157.66666666666,2018,중순,2018-08-11,상추-청,8,11,False,False,False,False,False,False,False,True,False,False,False,False,False,True,False,상추(청),,,,,,
201808중순,214.0,상추,2.0,청,상품,g,100.0,1223.0,,1046.0,1668.0,1157.66666666666,2018,중순,2018-08-11,상추-청,8,11,False,False,False,False,False,False,False,True,False,False,False,False,False,True,False,상추(청),,,,,,
201808중순,214.0,상추,2.0,청,상품,g,100.0,1223.0,,1046.0,1668.0,1157.66666666666,2018,중순,2018-08-11,상추-청,8,11,False,False,False,False,False,False,False,True,False,False,False,False,False,True,False,상추(청),,,,,,
201808중순,214.0,상추,2.0,청,상품,g,100.0,1223.0,,1046.0,1668.0,1157.66666666666,2018,중순,2018-08-11,상추-청,8,11,False,False,False,False,False,False,False,True,False,False,False,False,False,True,False,상추(청),,,,,,
201808중순,214.0,상추,2.0,청,상품,g,100.0,1223.0,,1046.0,1668.0,1157.66666666666,2018,중순,2018-08-11,상추-청,8,11,False,False,False,False,False,False,False,True,False,False,False,False,False,True,False,상추(청),,,,,,
201808중순,214.0,상추,2.0,청,상품,g,100.0,1223.0,,1046.0,1668.0,1157.66666666666,2018,중순,2018-08-11,상추-청,8,11,False,False,False,False,False,False,False,True,False,False,False,False,False,True,False,상추(청),,,,,,
201808중순,214.0,상추,2.0,청,상품,g,100.0,1223.0,,1046.0,1668.0,1157.66666666666,2018,중순,2018-08-11,상추-청,8,11,False,False,False,False,False,False,False,True,False,False,False,False,False,True,False,상추(청),,,,,,
201808중순,214.0,상추,2.0,청,상품,g,100.0,1223.0,,1046.0,1668.0,1157.66666666666,2018,중순,2018-08-11,상추-청,8,11,False,False,False,False,False,False,False,True,False,False,False,False,False,True,False,상추(청),,,,,,
201808중순,214.0,상추,2.0,청,상품,g,100.0,1223.0,,1046.0,1668.0,1157.66666666666,2018,중순,2018-08-11,상추-청,8,11,False,False,False,False,False,False,False,True,False,False,False,False,False,True,False,상추(청),,,,,,
201808하순,214.0,상추,2.0,청,상품,g,100.0,1556.0,,977.0,1638.0,1162.33333333333,2018,하순,2018-08-21,상추-청,8,21,False,False,False,False,False,False,False,True,False,False,False,False,False,False,True,상추(청),,,,,,
201808하순,214.0,상추,2.0,청,상품,g,100.0,1556.0,,977.0,1638.0,1162.33333333333,2018,하순,2018-08-21,상추-청,8,21,False,False,False,False,False,False,False,True,False,False,False,False,False,False,True,상추(청),,,,,,
201808하순,214.0,상추,2.0,청,상품,g,100.0,1556.0,,977.0,1638.0,1162.33333333333,2018,하순,2018-08-21,상추-청,8,21,False,False,False,False,False,False,False,True,False,False,False,False,False,False,True,상추(청),,,,,,
201808하순,214.0,상추,2.0,청,상품,g,100.0,1556.0,,977.0,1638.0,1162.33333333333,2018,하순,2018-08-21,상추-청,8,21,False,False,False,False,False,False,False,True,False,False,False,False,False,False,True,상추(청),,,,,,
201808하순,214.0,상추,2.0,청,상품,g,100.0,1556.0,,977.0,1638.0,1162.33333333333,2018,하순,2018-08-21,상추-청,8,21,False,False,False,False,False,False,False,True,False,False,False,False,False,False,True,상추(청),,,,,,
201808하순,214.0,상추,2.0,청,상품,g,100.0,1556.0,,977.0,1638.0,1162.33333333333,2018,하순,2018-08-21,상추-청,8,21,False,False,False,False,False,False,False,True,False,False,False,False,False,False,True,상추(청),,,,,,
201808하순,214.0,상추,2.0,청,상품,g,100.0,1556.0,,977.0,1638.0,1162.33333333333,2018,하순,2018-08-21,상추-청,8,21,False,False,False,False,False,False,False,True,False,False,False,False,False,False,True,상추(청),,,,,,
201808하순,214.0,상추,2.0,청,상품,g,100.0,1556.0,,977.0,1638.0,1162.33333333333,2018,하순,2018-08-21,상추-청,8,21,False,False,False,False,False,False,False,True,False,False,False,False,False,False,True,상추(청),,,,,,
201808하순,214.0,상추,2.0,청,상품,g,100.0,1556.0,,977.0,1638.0,1162.33333333333,2018,하순,2018-08-21,상추-청,8,21,False,False,False,False,False,False,False,True,False,False,False,False,False,False,True,상추(청),,,,,,
201808하순,214.0,상추,2.0,청,상품,g,100.0,1556.0,,977.0,1638.0,1162.33333333333,2018,하순,2018-08-21,상추-청,8,21,False,False,False,False,False,False,False,True,False,False,False,False,False,False,True,상추(청),,,,,,
201808하순,214.0,상추,2.0,청,상품,g,100.0,1556.0,,977.0,1638.0,1162.33333333333,2018,하순,2018-08-21,상추-청,8,21,False,False,False,False,False,False,False,True,False,False,False,False,False,False,True,상추(청),,,,,,
201808하순,214.0,상추,2.0,청,상품,g,100.0,1556.0,,977.0,1638.0,1162.33333333333,2018,하순,2018-08-21,상추-청,8,21,False,False,False,False,False,False,False,True,False,False,False,False,False,False,True,상추(청),,,,,,
201808하순,214.0,상추,2.0,청,상품,g,100.0,1556.0,,977.0,1638.0,1162.33333333333,2018,하순,2018-08-21,상추-청,8,21,False,False,False,False,False,False,False,True,False,False,False,False,False,False,True,상추(청),,,,,,
201808하순,214.0,상추,2.0,청,상품,g,100.0,1556.0,,977.0,1638.0,1162.33333333333,2018,하순,2018-08-21,상추-청,8,21,False,False,False,False,False,False,False,True,False,False,False,False,False,False,True,상추(청),,,,,,
201808하순,214.0,상추,2.0,청,상품,g,100.0,1556.0,,977.0,1638.0,1162.33333333333,2018,하순,2018-08-21,상추-청,8,21,False,False,False,False,False,False,False,True,False,False,False,False,False,False,True,상추(청),,,,,,
201808하순,214.0,상추,2.0,청,상품,g,100.0,1556.0,,977.0,1638.0,1162.33333333333,2018,하순,2018-08-21,상추-청,8,21,False,False,False,False,False,False,False,True,False,False,False,False,False,False,True,상추(청),,,,,,
201808하순,214.0,상추,2.0,청,상품,g,100.0,1556.0,,977.0,1638.0,1162.33333333333,2018,하순,2018-08-21,상추-청,8,21,False,False,False,False,False,False,False,True,False,False,False,False,False,False,True,상추(청),,,,,,
201808하순,214.0,상추,2.0,청,상품,g,100.0,1556.0,,977.0,1638.0,1162.33333333333,2018,하순,2018-08-21,상추-청,8,21,False,False,False,False,False,False,False,True,False,False,False,False,False,False,True,상추(청),,,,,,
201808하순,214.0,상추,2.0,청,상품,g,100.0,1556.0,,977.0,1638.0,1162.33333333333,2018,하순,2018-08-21,상추-청,8,21,False,False,False,False,False,False,False,True,False,False,False,False,False,False,True,상추(청),,,,,,
201808하순,214.0,상추,2.0,청,상품,g,100.0,1556.0,,977.0,1638.0,1162.33333333333,2018,하순,2018-08-21,상추-청,8,21,False,False,False,False,False,False,False,True,False,False,False,False,False,False,True,상추(청),,,,,,
201808하순,214.0,상추,2.0,청,상품,g,100.0,1556.0,,977.0,1638.0,1162.33333333333,2018,하순,2018-08-21,상추-청,8,21,False,False,False,False,False,False,False,True,False,False,False,False,False,False,True,상추(청),,,,,,
201808하순,214.0,상추,2.0,청,상품,g,100.0,1556.0,,977.0,1638.0,1162.33333333333,2018,하순,2018-08-21,상추-청,8,21,False,False,False,False,False,False,False,True,False,False,False,False,False,False,True,상추(청),,,,,,
201808하순,214.0,상추,2.0,청,상품,g,100.0,1556.0,,977.0,1638.0,1162.33333333333,2018,하순,2018-08-21,상추-청,8,21,False,False,False,False,False,False,False,True,False,False,False,False,False,False,True,상추(청),,,,,,
201808하순,214.0,상추,2.0,청,상품,g,100.0,1556.0,,977.0,1638.0,1162.33333333333,2018,하순,2018-08-21,상추-청,8,21,False,False,False,False,False,False,False,True,False,False,False,False,False,False,True,상추(청),,,,,,
201808하순,214.0,상추,2.0,청,상품,g,100.0,1556.0,,977.0,1638.0,1162.33333333333,2018,하순,2018-08-21,상추-청,8,21,False,False,False,False,False,False,False,True,False,False,False,False,False,False,True,상추(청),,,,,,
201808하순,214.0,상추,2.0,청,상품,g,100.0,1556.0,,977.0,1638.0,1162.33333333333,2018,하순,2018-08-21,상추-청,8,21,False,False,False,False,False,False,False,True,False,False,False,False,False,False,True,상추(청),,,,,,
201808하순,214.0,상추,2.0,청,상품,g,100.0,1556.0,,977.0,1638.0,1162.33333333333,2018,하순,2018-08-21,상추-청,8,21,False,False,False,False,False,False,False,True,False,False,False,False,False,False,True,상추(청),,,,,,
201808하순,214.0,상추,2.0,청,상품,g,100.0,1556.0,,977.0,1638.0,1162.33333333333,2018,하순,2018-08-21,상추-청,8,21,False,False,False,False,False,False,False,True,False,False,False,False,False,False,True,상추(청),,,,,,
201808하순,214.0,상추,2.0,청,상품,g,100.0,1556.0,,977.0,1638.0,1162.33333333333,2018,하순,2018-08-21,상추-청,8,21,False,False,False,False,False,False,False,True,False,False,False,False,False,False,True,상추(청),,,,,,
201808하순,214.0,상추,2.0,청,상품,g,100.0,1556.0,,977.0,1638.0,1162.33333333333,2018,하순,2018-08-21,상추-청,8,21,False,False,False,False,False,False,False,True,False,False,False,False,False,False,True,상추(청),,,,,,
201808하순,214.0,상추,2.0,청,상품,g,100.0,1556.0,,977.0,1638.0,1162.33333333333,2018,하순,2018-08-21,상추-청,8,21,False,False,False,False,False,False,False,True,False,False,False,False,False,False,True,상추(청),,,,,,
201809상순,214.0,상추,2.0,청,상품,g,100.0,1908.0,,969.0,1561.0,1239.33333333333,2018,상순,2018-09-01,상추-청,9,1,False,False,False,False,False,False,False,False,True,False,False,False,True,False,False,상추(청),,,,,,
201809상순,214.0,상추,2.0,청,상품,g,100.0,1908.0,,969.0,1561.0,1239.33333333333,2018,상순,2018-09-01,상추-청,9,1,False,False,False,False,False,False,False,False,True,False,False,False,True,False,False,상추(청),,,,,,
201809상순,214.0,상추,2.0,청,상품,g,100.0,1908.0,,969.0,1561.0,1239.33333333333,2018,상순,2018-09-01,상추-청,9,1,False,False,False,False,False,False,False,False,True,False,False,False,True,False,False,상추(청),,,,,,
201809상순,214.0,상추,2.0,청,상품,g,100.0,1908.0,,969.0,1561.0,1239.33333333333,2018,상순,2018-09-01,상추-청,9,1,False,False,False,False,False,False,False,False,True,False,False,False,True,False,False,상추(청),,,,,,
201809상순,214.0,상추,2.0,청,상품,g,100.0,1908.0,,969.0,1561.0,1239.33333333333,2018,상순,2018-09-01,상추-청,9,1,False,False,False,False,False,False,False,False,True,False,False,False,True,False,False,상추(청),,,,,,
201809상순,214.0,상추,2.0,청,상품,g,100.0,1908.0,,969.0,1561.0,1239.33333333333,2018,상순,2018-09-01,상추-청,9,1,False,False,False,False,False,False,False,False,True,False,False,False,True,False,False,상추(청),,,,,,
201809상순,214.0,상추,2.0,청,상품,g,100.0,1908.0,,969.0,1561.0,1239.33333333333,2018,상순,2018-09-01,상추-청,9,1,False,False,False,False,False,False,False,False,True,False,False,False,True,False,False,상추(청),,,,,,
201809상순,214.0,상추,2.0,청,상품,g,100.0,1908.0,,969.0,1561.0,1239.33333333333,2018,상순,2018-09-01,상추-청,9,1,False,False,False,False,False,False,False,False,True,False,False,False,True,False,False,상추(청),,,,,,
201809상순,214.0,상추,2.0,청,상품,g,100.0,1908.0,,969.0,1561.0,1239.33333333333,2018,상순,2018-09-01,상추-청,9,1,False,False,False,False,False,False,False,False,True,False,False,False,True,False,False,상추(청),,,,,,
201809상순,214.0,상추,2.0,청,상품,g,100.0,1908.0,,969.0,1561.0,1239.33333333333,2018,상순,2018-09-01,상추-청,9,1,False,False,False,False,False,False,False,False,True,False,False,False,True,False,False,상추(청),,,,,,
201809상순,214.0,상추,2.0,청,상품,g,100.0,1908.0,,969.0,1561.0,1239.33333333333,2018,상순,2018-09-01,상추-청,9,1,False,False,False,False,False,False,False,False,True,False,False,False,True,False,False,상추(청),,,,,,
201809상순,214.0,상추,2.0,청,상품,g,100.0,1908.0,,969.0,1561.0,1239.33333333333,2018,상순,2018-09-01,상추-청,9,1,False,False,False,False,False,False,False,False,True,False,False,False,True,False,False,상추(청),,,,,,
201809상순,214.0,상추,2.0,청,상품,g,100.0,1908.0,,969.0,1561.0,1239.33333333333,2018,상순,2018-09-01,상추-청,9,1,False,False,False,False,False,False,False,False,True,False,False,False,True,False,False,상추(청),,,,,,
201809상순,214.0,상추,2.0,청,상품,g,100.0,1908.0,,969.0,1561.0,1239.33333333333,2018,상순,2018-09-01,상추-청,9,1,False,False,False,False,False,False,False,False,True,False,False,False,True,False,False,상추(청),,,,,,
201809상순,214.0,상추,2.0,청,상품,g,100.0,1908.0,,969.0,1561.0,1239.33333333333,2018,상순,2018-09-01,상추-청,9,1,False,False,False,False,False,False,False,False,True,False,False,False,True,False,False,상추(청),,,,,,
201809상순,214.0,상추,2.0,청,상품,g,100.0,1908.0,,969.0,1561.0,1239.33333333333,2018,상순,2018-09-01,상추-청,9,1,False,False,False,False,False,False,False,False,True,False,False,False,True,False,False,상추(청),,,,,,
201809상순,214.0,상추,2.0,청,상품,g,100.0,1908.0,,969.0,1561.0,1239.33333333333,2018,상순,2018-09-01,상추-청,9,1,False,False,False,False,False,False,False,False,True,False,False,False,True,False,False,상추(청),,,,,,
201809상순,214.0,상추,2.0,청,상품,g,100.0,1908.0,,969.0,1561.0,1239.33333333333,2018,상순,2018-09-01,상추-청,9,1,False,False,False,False,False,False,False,False,True,False,False,False,True,False,False,상추(청),,,,,,
201809상순,214.0,상추,2.0,청,상품,g,100.0,1908.0,,969.0,1561.0,1239.33333333333,2018,상순,2018-09-01,상추-청,9,1,False,False,False,False,False,False,False,False,True,False,False,False,True,False,False,상추(청),,,,,,
201809상순,214.0,상추,2.0,청,상품,g,100.0,1908.0,,969.0,1561.0,1239.33333333333,2018,상순,2018-09-01,상추-청,9,1,False,False,False,False,False,False,False,False,True,False,False,False,True,False,False,상추(청),,,,,,
201809상순,214.0,상추,2.0,청,상품,g,100.0,1908.0,,969.0,1561.0,1239.33333333333,2018,상순,2018-09-01,상추-청,9,1,False,False,False,False,False,False,False,False,True,False,False,False,True,False,False,상추(청),,,,,,
201809상순,214.0,상추,2.0,청,상품,g,100.0,1908.0,,969.0,1561.0,1239.33333333333,2018,상순,2018-09-01,상추-청,9,1,False,False,False,False,False,False,False,False,True,False,False,False,True,False,False,상추(청),,,,,,
201809상순,214.0,상추,2.0,청,상품,g,100.0,1908.0,,969.0,1561.0,1239.33333333333,2018,상순,2018-09-01,상추-청,9,1,False,False,False,False,False,False,False,False,True,False,False,False,True,False,False,상추(청),,,,,,
201809상순,214.0,상추,2.0,청,상품,g,100.0,1908.0,,969.0,1561.0,1239.33333333333,2018,상순,2018-09-01,상추-청,9,1,False,False,False,False,False,False,False,False,True,False,False,False,True,False,False,상추(청),,,,,,
201809상순,214.0,상추,2.0,청,상품,g,100.0,1908.0,,969.0,1561.0,1239.33333333333,2018,상순,2018-09-01,상추-청,9,1,False,False,False,False,False,False,False,False,True,False,False,False,True,False,False,상추(청),,,,,,
201809상순,214.0,상추,2.0,청,상품,g,100.0,1908.0,,969.0,1561.0,1239.33333333333,2018,상순,2018-09-01,상추-청,9,1,False,False,False,False,False,False,False,False,True,False,False,False,True,False,False,상추(청),,,,,,
201809상순,214.0,상추,2.0,청,상품,g,100.0,1908.0,,969.0,1561.0,1239.33333333333,2018,상순,2018-09-01,상추-청,9,1,False,False,False,False,False,False,False,False,True,False,False,False,True,False,False,상추(청),,,,,,
201809상순,214.0,상추,2.0,청,상품,g,100.0,1908.0,,969.0,1561.0,1239.33333333333,2018,상순,2018-09-01,상추-청,9,1,False,False,False,False,False,False,False,False,True,False,False,False,True,False,False,상추(청),,,,,,
201809중순,214.0,상추,2.0,청,상품,g,100.0,2071.0,,1223.0,1288.0,1181.33333333333,2018,중순,2018-09-11,상추-청,9,11,False,False,False,False,False,False,False,False,True,False,False,False,False,True,False,상추(청),,,,,,
201809중순,214.0,상추,2.0,청,상품,g,100.0,2071.0,,1223.0,1288.0,1181.33333333333,2018,중순,2018-09-11,상추-청,9,11,False,False,False,False,False,False,False,False,True,False,False,False,False,True,False,상추(청),,,,,,
201809중순,214.0,상추,2.0,청,상품,g,100.0,2071.0,,1223.0,1288.0,1181.33333333333,2018,중순,2018-09-11,상추-청,9,11,False,False,False,False,False,False,False,False,True,False,False,False,False,True,False,상추(청),,,,,,
201809중순,214.0,상추,2.0,청,상품,g,100.0,2071.0,,1223.0,1288.0,1181.33333333333,2018,중순,2018-09-11,상추-청,9,11,False,False,False,False,False,False,False,False,True,False,False,False,False,True,False,상추(청),,,,,,
201809중순,214.0,상추,2.0,청,상품,g,100.0,2071.0,,1223.0,1288.0,1181.33333333333,2018,중순,2018-09-11,상추-청,9,11,False,False,False,False,False,False,False,False,True,False,False,False,False,True,False,상추(청),,,,,,
201809중순,214.0,상추,2.0,청,상품,g,100.0,2071.0,,1223.0,1288.0,1181.33333333333,2018,중순,2018-09-11,상추-청,9,11,False,False,False,False,False,False,False,False,True,False,False,False,False,True,False,상추(청),,,,,,
201809중순,214.0,상추,2.0,청,상품,g,100.0,2071.0,,1223.0,1288.0,1181.33333333333,2018,중순,2018-09-11,상추-청,9,11,False,False,False,False,False,False,False,False,True,False,False,False,False,True,False,상추(청),,,,,,
201809중순,214.0,상추,2.0,청,상품,g,100.0,2071.0,,1223.0,1288.0,1181.33333333333,2018,중순,2018-09-11,상추-청,9,11,False,False,False,False,False,False,False,False,True,False,False,False,False,True,False,상추(청),,,,,,
201809중순,214.0,상추,2.0,청,상품,g,100.0,2071.0,,1223.0,1288.0,1181.33333333333,2018,중순,2018-09-11,상추-청,9,11,False,False,False,False,False,False,False,False,True,False,False,False,False,True,False,상추(청),,,,,,
201809중순,214.0,상추,2.0,청,상품,g,100.0,2071.0,,1223.0,1288.0,1181.33333333333,2018,중순,2018-09-11,상추-청,9,11,False,False,False,False,False,False,False,False,True,False,False,False,False,True,False,상추(청),,,,,,
201809중순,214.0,상추,2.0,청,상품,g,100.0,2071.0,,1223.0,1288.0,1181.33333333333,2018,중순,2018-09-11,상추-청,9,11,False,False,False,False,False,False,False,False,True,False,False,False,False,True,False,상추(청),,,,,,
201809중순,214.0,상추,2.0,청,상품,g,100.0,2071.0,,1223.0,1288.0,1181.33333333333,2018,중순,2018-09-11,상추-청,9,11,False,False,False,False,False,False,False,False,True,False,False,False,False,True,False,상추(청),,,,,,
201809중순,214.0,상추,2.0,청,상품,g,100.0,2071.0,,1223.0,1288.0,1181.33333333333,2018,중순,2018-09-11,상추-청,9,11,False,False,False,False,False,False,False,False,True,False,False,False,False,True,False,상추(청),,,,,,
201809중순,214.0,상추,2.0,청,상품,g,100.0,2071.0,,1223.0,1288.0,1181.33333333333,2018,중순,2018-09-11,상추-청,9,11,False,False,False,False,False,False,False,False,True,False,False,False,False,True,False,상추(청),,,,,,
201809중순,214.0,상추,2.0,청,상품,g,100.0,2071.0,,1223.0,1288.0,1181.33333333333,2018,중순,2018-09-11,상추-청,9,11,False,False,False,False,False,False,False,False,True,False,False,False,False,True,False,상추(청),,,,,,
201809중순,214.0,상추,2.0,청,상품,g,100.0,2071.0,,1223.0,1288.0,1181.33333333333,2018,중순,2018-09-11,상추-청,9,11,False,False,False,False,False,False,False,False,True,False,False,False,False,True,False,상추(청),,,,,,
201809중순,214.0,상추,2.0,청,상품,g,100.0,2071.0,,1223.0,1288.0,1181.33333333333,2018,중순,2018-09-11,상추-청,9,11,False,False,False,False,False,False,False,False,True,False,False,False,False,True,False,상추(청),,,,,,
201809중순,214.0,상추,2.0,청,상품,g,100.0,2071.0,,1223.0,1288.0,1181.33333333333,2018,중순,2018-09-11,상추-청,9,11,False,False,False,False,False,False,False,False,True,False,False,False,False,True,False,상추(청),,,,,,
201809중순,214.0,상추,2.0,청,상품,g,100.0,2071.0,,1223.0,1288.0,1181.33333333333,2018,중순,2018-09-11,상추-청,9,11,False,False,False,False,False,False,False,False,True,False,False,False,False,True,False,상추(청),,,,,,
201809중순,214.0,상추,2.0,청,상품,g,100.0,2071.0,,1223.0,1288.0,1181.33333333333,2018,중순,2018-09-11,상추-청,9,11,False,False,False,False,False,False,False,False,True,False,False,False,False,True,False,상추(청),,,,,,
201809중순,214.0,상추,2.0,청,상품,g,100.0,2071.0,,1223.0,1288.0,1181.33333333333,2018,중순,2018-09-11,상추-청,9,11,False,False,False,False,False,False,False,False,True,False,False,False,False,True,False,상추(청),,,,,,
201809중순,214.0,상추,2.0,청,상품,g,100.0,2071.0,,1223.0,1288.0,1181.33333333333,2018,중순,2018-09-11,상추-청,9,11,False,False,False,False,False,False,False,False,True,False,False,False,False,True,False,상추(청),,,,,,
201809중순,214.0,상추,2.0,청,상품,g,100.0,2071.0,,1223.0,1288.0,1181.33333333333,2018,중순,2018-09-11,상추-청,9,11,False,False,False,False,False,False,False,False,True,False,False,False,False,True,False,상추(청),,,,,,
201809중순,214.0,상추,2.0,청,상품,g,100.0,2071.0,,1223.0,1288.0,1181.33333333333,2018,중순,2018-09-11,상추-청,9,11,False,False,False,False,False,False,False,False,True,False,False,False,False,True,False,상추(청),,,,,,
201809중순,214.0,상추,2.0,청,상품,g,100.0,2071.0,,1223.0,1288.0,1181.33333333333,2018,중순,2018-09-11,상추-청,9,11,False,False,False,False,False,False,False,False,True,False,False,False,False,True,False,상추(청),,,,,,
201809하순,214.0,상추,2.0,청,상품,g,100.0,1634.0,,1556.0,942.0,958.333333333333,2018,하순,2018-09-21,상추-청,9,21,False,False,False,False,False,False,False,False,True,False,False,False,False,False,True,상추(청),,,,,,
201809하순,214.0,상추,2.0,청,상품,g,100.0,1634.0,,1556.0,942.0,958.333333333333,2018,하순,2018-09-21,상추-청,9,21,False,False,False,False,False,False,False,False,True,False,False,False,False,False,True,상추(청),,,,,,
201809하순,214.0,상추,2.0,청,상품,g,100.0,1634.0,,1556.0,942.0,958.333333333333,2018,하순,2018-09-21,상추-청,9,21,False,False,False,False,False,False,False,False,True,False,False,False,False,False,True,상추(청),,,,,,
201809하순,214.0,상추,2.0,청,상품,g,100.0,1634.0,,1556.0,942.0,958.333333333333,2018,하순,2018-09-21,상추-청,9,21,False,False,False,False,False,False,False,False,True,False,False,False,False,False,True,상추(청),,,,,,
201809하순,214.0,상추,2.0,청,상품,g,100.0,1634.0,,1556.0,942.0,958.333333333333,2018,하순,2018-09-21,상추-청,9,21,False,False,False,False,False,False,False,False,True,False,False,False,False,False,True,상추(청),,,,,,
201809하순,214.0,상추,2.0,청,상품,g,100.0,1634.0,,1556.0,942.0,958.333333333333,2018,하순,2018-09-21,상추-청,9,21,False,False,False,False,False,False,False,False,True,False,False,False,False,False,True,상추(청),,,,,,
201809하순,214.0,상추,2.0,청,상품,g,100.0,1634.0,,1556.0,942.0,958.333333333333,2018,하순,2018-09-21,상추-청,9,21,False,False,False,False,False,False,False,False,True,False,False,False,False,False,True,상추(청),,,,,,
201809하순,214.0,상추,2.0,청,상품,g,100.0,1634.0,,1556.0,942.0,958.333333333333,2018,하순,2018-09-21,상추-청,9,21,False,False,False,False,False,False,False,False,True,False,False,False,False,False,True,상추(청),,,,,,
201809하순,214.0,상추,2.0,청,상품,g,100.0,1634.0,,1556.0,942.0,958.333333333333,2018,하순,2018-09-21,상추-청,9,21,False,False,False,False,False,False,False,False,True,False,False,False,False,False,True,상추(청),,,,,,
201809하순,214.0,상추,2.0,청,상품,g,100.0,1634.0,,1556.0,942.0,958.333333333333,2018,하순,2018-09-21,상추-청,9,21,False,False,False,False,False,False,False,False,True,False,False,False,False,False,True,상추(청),,,,,,
201809하순,214.0,상추,2.0,청,상품,g,100.0,1634.0,,1556.0,942.0,958.333333333333,2018,하순,2018-09-21,상추-청,9,21,False,False,False,False,False,False,False,False,True,False,False,False,False,False,True,상추(청),,,,,,
201809하순,214.0,상추,2.0,청,상품,g,100.0,1634.0,,1556.0,942.0,958.333333333333,2018,하순,2018-09-21,상추-청,9,21,False,False,False,False,False,False,False,False,True,False,False,False,False,False,True,상추(청),,,,,,
201809하순,214.0,상추,2.0,청,상품,g,100.0,1634.0,,1556.0,942.0,958.333333333333,2018,하순,2018-09-21,상추-청,9,21,False,False,False,False,False,False,False,False,True,False,False,False,False,False,True,상추(청),,,,,,
201809하순,214.0,상추,2.0,청,상품,g,100.0,1634.0,,1556.0,942.0,958.333333333333,2018,하순,2018-09-21,상추-청,9,21,False,False,False,False,False,False,False,False,True,False,False,False,False,False,True,상추(청),,,,,,
201809하순,214.0,상추,2.0,청,상품,g,100.0,1634.0,,1556.0,942.0,958.333333333333,2018,하순,2018-09-21,상추-청,9,21,False,False,False,False,False,False,False,False,True,False,False,False,False,False,True,상추(청),,,,,,
201809하순,214.0,상추,2.0,청,상품,g,100.0,1634.0,,1556.0,942.0,958.333333333333,2018,하순,2018-09-21,상추-청,9,21,False,False,False,False,False,False,False,False,True,False,False,False,False,False,True,상추(청),,,,,,
201809하순,214.0,상추,2.0,청,상품,g,100.0,1634.0,,1556.0,942.0,958.333333333333,2018,하순,2018-09-21,상추-청,9,21,False,False,False,False,False,False,False,False,True,False,False,False,False,False,True,상추(청),,,,,,
201809하순,214.0,상추,2.0,청,상품,g,100.0,1634.0,,1556.0,942.0,958.333333333333,2018,하순,2018-09-21,상추-청,9,21,False,False,False,False,False,False,False,False,True,False,False,False,False,False,True,상추(청),,,,,,
201809하순,214.0,상추,2.0,청,상품,g,100.0,1634.0,,1556.0,942.0,958.333333333333,2018,하순,2018-09-21,상추-청,9,21,False,False,False,False,False,False,False,False,True,False,False,False,False,False,True,상추(청),,,,,,
201809하순,214.0,상추,2.0,청,상품,g,100.0,1634.0,,1556.0,942.0,958.333333333333,2018,하순,2018-09-21,상추-청,9,21,False,False,False,False,False,False,False,False,True,False,False,False,False,False,True,상추(청),,,,,,
201809하순,214.0,상추,2.0,청,상품,g,100.0,1634.0,,1556.0,942.0,958.333333333333,2018,하순,2018-09-21,상추-청,9,21,False,False,False,False,False,False,False,False,True,False,False,False,False,False,True,상추(청),,,,,,
201809하순,214.0,상추,2.0,청,상품,g,100.0,1634.0,,1556.0,942.0,958.333333333333,2018,하순,2018-09-21,상추-청,9,21,False,False,False,False,False,False,False,False,True,False,False,False,False,False,True,상추(청),,,,,,
201809하순,214.0,상추,2.0,청,상품,g,100.0,1634.0,,1556.0,942.0,958.333333333333,2018,하순,2018-09-21,상추-청,9,21,False,False,False,False,False,False,False,False,True,False,False,False,False,False,True,상추(청),,,,,,
201809하순,214.0,상추,2.0,청,상품,g,100.0,1634.0,,1556.0,942.0,958.333333333333,2018,하순,2018-09-21,상추-청,9,21,False,False,False,False,False,False,False,False,True,False,False,False,False,False,True,상추(청),,,,,,
201809하순,214.0,상추,2.0,청,상품,g,100.0,1634.0,,1556.0,942.0,958.333333333333,2018,하순,2018-09-21,상추-청,9,21,False,False,False,False,False,False,False,False,True,False,False,False,False,False,True,상추(청),,,,,,
201810상순,214.0,상추,2.0,청,상품,g,100.0,1410.0,,1908.0,798.0,842.0,2018,상순,2018-10-01,상추-청,10,1,False,False,False,False,False,False,False,False,False,True,False,False,True,False,False,상추(청),,,,,,
201810상순,214.0,상추,2.0,청,상품,g,100.0,1410.0,,1908.0,798.0,842.0,2018,상순,2018-10-01,상추-청,10,1,False,False,False,False,False,False,False,False,False,True,False,False,True,False,False,상추(청),,,,,,
201810상순,214.0,상추,2.0,청,상품,g,100.0,1410.0,,1908.0,798.0,842.0,2018,상순,2018-10-01,상추-청,10,1,False,False,False,False,False,False,False,False,False,True,False,False,True,False,False,상추(청),,,,,,
201810상순,214.0,상추,2.0,청,상품,g,100.0,1410.0,,1908.0,798.0,842.0,2018,상순,2018-10-01,상추-청,10,1,False,False,False,False,False,False,False,False,False,True,False,False,True,False,False,상추(청),,,,,,
201810상순,214.0,상추,2.0,청,상품,g,100.0,1410.0,,1908.0,798.0,842.0,2018,상순,2018-10-01,상추-청,10,1,False,False,False,False,False,False,False,False,False,True,False,False,True,False,False,상추(청),,,,,,
201810상순,214.0,상추,2.0,청,상품,g,100.0,1410.0,,1908.0,798.0,842.0,2018,상순,2018-10-01,상추-청,10,1,False,False,False,False,False,False,False,False,False,True,False,False,True,False,False,상추(청),,,,,,
201810상순,214.0,상추,2.0,청,상품,g,100.0,1410.0,,1908.0,798.0,842.0,2018,상순,2018-10-01,상추-청,10,1,False,False,False,False,False,False,False,False,False,True,False,False,True,False,False,상추(청),,,,,,
201810상순,214.0,상추,2.0,청,상품,g,100.0,1410.0,,1908.0,798.0,842.0,2018,상순,2018-10-01,상추-청,10,1,False,False,False,False,False,False,False,False,False,True,False,False,True,False,False,상추(청),,,,,,
201810상순,214.0,상추,2.0,청,상품,g,100.0,1410.0,,1908.0,798.0,842.0,2018,상순,2018-10-01,상추-청,10,1,False,False,False,False,False,False,False,False,False,True,False,False,True,False,False,상추(청),,,,,,
201810상순,214.0,상추,2.0,청,상품,g,100.0,1410.0,,1908.0,798.0,842.0,2018,상순,2018-10-01,상추-청,10,1,False,False,False,False,False,False,False,False,False,True,False,False,True,False,False,상추(청),,,,,,
201810상순,214.0,상추,2.0,청,상품,g,100.0,1410.0,,1908.0,798.0,842.0,2018,상순,2018-10-01,상추-청,10,1,False,False,False,False,False,False,False,False,False,True,False,False,True,False,False,상추(청),,,,,,
201810상순,214.0,상추,2.0,청,상품,g,100.0,1410.0,,1908.0,798.0,842.0,2018,상순,2018-10-01,상추-청,10,1,False,False,False,False,False,False,False,False,False,True,False,False,True,False,False,상추(청),,,,,,
201810상순,214.0,상추,2.0,청,상품,g,100.0,1410.0,,1908.0,798.0,842.0,2018,상순,2018-10-01,상추-청,10,1,False,False,False,False,False,False,False,False,False,True,False,False,True,False,False,상추(청),,,,,,
201810상순,214.0,상추,2.0,청,상품,g,100.0,1410.0,,1908.0,798.0,842.0,2018,상순,2018-10-01,상추-청,10,1,False,False,False,False,False,False,False,False,False,True,False,False,True,False,False,상추(청),,,,,,
201810상순,214.0,상추,2.0,청,상품,g,100.0,1410.0,,1908.0,798.0,842.0,2018,상순,2018-10-01,상추-청,10,1,False,False,False,False,False,False,False,False,False,True,False,False,True,False,False,상추(청),,,,,,
201810상순,214.0,상추,2.0,청,상품,g,100.0,1410.0,,1908.0,798.0,842.0,2018,상순,2018-10-01,상추-청,10,1,False,False,False,False,False,False,False,False,False,True,False,False,True,False,False,상추(청),,,,,,
201810상순,214.0,상추,2.0,청,상품,g,100.0,1410.0,,1908.0,798.0,842.0,2018,상순,2018-10-01,상추-청,10,1,False,False,False,False,False,False,False,False,False,True,False,False,True,False,False,상추(청),,,,,,
201810상순,214.0,상추,2.0,청,상품,g,100.0,1410.0,,1908.0,798.0,842.0,2018,상순,2018-10-01,상추-청,10,1,False,False,False,False,False,False,False,False,False,True,False,False,True,False,False,상추(청),,,,,,
201810상순,214.0,상추,2.0,청,상품,g,100.0,1410.0,,1908.0,798.0,842.0,2018,상순,2018-10-01,상추-청,10,1,False,False,False,False,False,False,False,False,False,True,False,False,True,False,False,상추(청),,,,,,
201810상순,214.0,상추,2.0,청,상품,g,100.0,1410.0,,1908.0,798.0,842.0,2018,상순,2018-10-01,상추-청,10,1,False,False,False,False,False,False,False,False,False,True,False,False,True,False,False,상추(청),,,,,,
201810상순,214.0,상추,2.0,청,상품,g,100.0,1410.0,,1908.0,798.0,842.0,2018,상순,2018-10-01,상추-청,10,1,False,False,False,False,False,False,False,False,False,True,False,False,True,False,False,상추(청),,,,,,
201810상순,214.0,상추,2.0,청,상품,g,100.0,1410.0,,1908.0,798.0,842.0,2018,상순,2018-10-01,상추-청,10,1,False,False,False,False,False,False,False,False,False,True,False,False,True,False,False,상추(청),,,,,,
201810상순,214.0,상추,2.0,청,상품,g,100.0,1410.0,,1908.0,798.0,842.0,2018,상순,2018-10-01,상추-청,10,1,False,False,False,False,False,False,False,False,False,True,False,False,True,False,False,상추(청),,,,,,
201810중순,214.0,상추,2.0,청,상품,g,100.0,1037.0,,2071.0,729.0,810.666666666666,2018,중순,2018-10-11,상추-청,10,11,False,False,False,False,False,False,False,False,False,True,False,False,False,True,False,상추(청),,,,,,
201810중순,214.0,상추,2.0,청,상품,g,100.0,1037.0,,2071.0,729.0,810.666666666666,2018,중순,2018-10-11,상추-청,10,11,False,False,False,False,False,False,False,False,False,True,False,False,False,True,False,상추(청),,,,,,
201810중순,214.0,상추,2.0,청,상품,g,100.0,1037.0,,2071.0,729.0,810.666666666666,2018,중순,2018-10-11,상추-청,10,11,False,False,False,False,False,False,False,False,False,True,False,False,False,True,False,상추(청),,,,,,
201810중순,214.0,상추,2.0,청,상품,g,100.0,1037.0,,2071.0,729.0,810.666666666666,2018,중순,2018-10-11,상추-청,10,11,False,False,False,False,False,False,False,False,False,True,False,False,False,True,False,상추(청),,,,,,
201810중순,214.0,상추,2.0,청,상품,g,100.0,1037.0,,2071.0,729.0,810.666666666666,2018,중순,2018-10-11,상추-청,10,11,False,False,False,False,False,False,False,False,False,True,False,False,False,True,False,상추(청),,,,,,
201810중순,214.0,상추,2.0,청,상품,g,100.0,1037.0,,2071.0,729.0,810.666666666666,2018,중순,2018-10-11,상추-청,10,11,False,False,False,False,False,False,False,False,False,True,False,False,False,True,False,상추(청),,,,,,
201810중순,214.0,상추,2.0,청,상품,g,100.0,1037.0,,2071.0,729.0,810.666666666666,2018,중순,2018-10-11,상추-청,10,11,False,False,False,False,False,False,False,False,False,True,False,False,False,True,False,상추(청),,,,,,
201810중순,214.0,상추,2.0,청,상품,g,100.0,1037.0,,2071.0,729.0,810.666666666666,2018,중순,2018-10-11,상추-청,10,11,False,False,False,False,False,False,False,False,False,True,False,False,False,True,False,상추(청),,,,,,
201810중순,214.0,상추,2.0,청,상품,g,100.0,1037.0,,2071.0,729.0,810.666666666666,2018,중순,2018-10-11,상추-청,10,11,False,False,False,False,False,False,False,False,False,True,False,False,False,True,False,상추(청),,,,,,
201810중순,214.0,상추,2.0,청,상품,g,100.0,1037.0,,2071.0,729.0,810.666666666666,2018,중순,2018-10-11,상추-청,10,11,False,False,False,False,False,False,False,False,False,True,False,False,False,True,False,상추(청),,,,,,
201810중순,214.0,상추,2.0,청,상품,g,100.0,1037.0,,2071.0,729.0,810.666666666666,2018,중순,2018-10-11,상추-청,10,11,False,False,False,False,False,False,False,False,False,True,False,False,False,True,False,상추(청),,,,,,
201810중순,214.0,상추,2.0,청,상품,g,100.0,1037.0,,2071.0,729.0,810.666666666666,2018,중순,2018-10-11,상추-청,10,11,False,False,False,False,False,False,False,False,False,True,False,False,False,True,False,상추(청),,,,,,
201810중순,214.0,상추,2.0,청,상품,g,100.0,1037.0,,2071.0,729.0,810.666666666666,2018,중순,2018-10-11,상추-청,10,11,False,False,False,False,False,False,False,False,False,True,False,False,False,True,False,상추(청),,,,,,
201810중순,214.0,상추,2.0,청,상품,g,100.0,1037.0,,2071.0,729.0,810.666666666666,2018,중순,2018-10-11,상추-청,10,11,False,False,False,False,False,False,False,False,False,True,False,False,False,True,False,상추(청),,,,,,
201810중순,214.0,상추,2.0,청,상품,g,100.0,1037.0,,2071.0,729.0,810.666666666666,2018,중순,2018-10-11,상추-청,10,11,False,False,False,False,False,False,False,False,False,True,False,False,False,True,False,상추(청),,,,,,
201810중순,214.0,상추,2.0,청,상품,g,100.0,1037.0,,2071.0,729.0,810.666666666666,2018,중순,2018-10-11,상추-청,10,11,False,False,False,False,False,False,False,False,False,True,False,False,False,True,False,상추(청),,,,,,
201810중순,214.0,상추,2.0,청,상품,g,100.0,1037.0,,2071.0,729.0,810.666666666666,2018,중순,2018-10-11,상추-청,10,11,False,False,False,False,False,False,False,False,False,True,False,False,False,True,False,상추(청),,,,,,
201810중순,214.0,상추,2.0,청,상품,g,100.0,1037.0,,2071.0,729.0,810.666666666666,2018,중순,2018-10-11,상추-청,10,11,False,False,False,False,False,False,False,False,False,True,False,False,False,True,False,상추(청),,,,,,
201810중순,214.0,상추,2.0,청,상품,g,100.0,1037.0,,2071.0,729.0,810.666666666666,2018,중순,2018-10-11,상추-청,10,11,False,False,False,False,False,False,False,False,False,True,False,False,False,True,False,상추(청),,,,,,
201810중순,214.0,상추,2.0,청,상품,g,100.0,1037.0,,2071.0,729.0,810.666666666666,2018,중순,2018-10-11,상추-청,10,11,False,False,False,False,False,False,False,False,False,True,False,False,False,True,False,상추(청),,,,,,
201810중순,214.0,상추,2.0,청,상품,g,100.0,1037.0,,2071.0,729.0,810.666666666666,2018,중순,2018-10-11,상추-청,10,11,False,False,False,False,False,False,False,False,False,True,False,False,False,True,False,상추(청),,,,,,
201810중순,214.0,상추,2.0,청,상품,g,100.0,1037.0,,2071.0,729.0,810.666666666666,2018,중순,2018-10-11,상추-청,10,11,False,False,False,False,False,False,False,False,False,True,False,False,False,True,False,상추(청),,,,,,
201810중순,214.0,상추,2.0,청,상품,g,100.0,1037.0,,2071.0,729.0,810.666666666666,2018,중순,2018-10-11,상추-청,10,11,False,False,False,False,False,False,False,False,False,True,False,False,False,True,False,상추(청),,,,,,
201810중순,214.0,상추,2.0,청,상품,g,100.0,1037.0,,2071.0,729.0,810.666666666666,2018,중순,2018-10-11,상추-청,10,11,False,False,False,False,False,False,False,False,False,True,False,False,False,True,False,상추(청),,,,,,
201810하순,214.0,상추,2.0,청,상품,g,100.0,935.0,,1634.0,697.0,814.333333333333,2018,하순,2018-10-21,상추-청,10,21,False,False,False,False,False,False,False,False,False,True,False,False,False,False,True,상추(청),,,,,,
201810하순,214.0,상추,2.0,청,상품,g,100.0,935.0,,1634.0,697.0,814.333333333333,2018,하순,2018-10-21,상추-청,10,21,False,False,False,False,False,False,False,False,False,True,False,False,False,False,True,상추(청),,,,,,
201810하순,214.0,상추,2.0,청,상품,g,100.0,935.0,,1634.0,697.0,814.333333333333,2018,하순,2018-10-21,상추-청,10,21,False,False,False,False,False,False,False,False,False,True,False,False,False,False,True,상추(청),,,,,,
201810하순,214.0,상추,2.0,청,상품,g,100.0,935.0,,1634.0,697.0,814.333333333333,2018,하순,2018-10-21,상추-청,10,21,False,False,False,False,False,False,False,False,False,True,False,False,False,False,True,상추(청),,,,,,
201810하순,214.0,상추,2.0,청,상품,g,100.0,935.0,,1634.0,697.0,814.333333333333,2018,하순,2018-10-21,상추-청,10,21,False,False,False,False,False,False,False,False,False,True,False,False,False,False,True,상추(청),,,,,,
201810하순,214.0,상추,2.0,청,상품,g,100.0,935.0,,1634.0,697.0,814.333333333333,2018,하순,2018-10-21,상추-청,10,21,False,False,False,False,False,False,False,False,False,True,False,False,False,False,True,상추(청),,,,,,
201810하순,214.0,상추,2.0,청,상품,g,100.0,935.0,,1634.0,697.0,814.333333333333,2018,하순,2018-10-21,상추-청,10,21,False,False,False,False,False,False,False,False,False,True,False,False,False,False,True,상추(청),,,,,,
201810하순,214.0,상추,2.0,청,상품,g,100.0,935.0,,1634.0,697.0,814.333333333333,2018,하순,2018-10-21,상추-청,10,21,False,False,False,False,False,False,False,False,False,True,False,False,False,False,True,상추(청),,,,,,
201810하순,214.0,상추,2.0,청,상품,g,100.0,935.0,,1634.0,697.0,814.333333333333,2018,하순,2018-10-21,상추-청,10,21,False,False,False,False,False,False,False,False,False,True,False,False,False,False,True,상추(청),,,,,,
201810하순,214.0,상추,2.0,청,상품,g,100.0,935.0,,1634.0,697.0,814.333333333333,2018,하순,2018-10-21,상추-청,10,21,False,False,False,False,False,False,False,False,False,True,False,False,False,False,True,상추(청),,,,,,
201810하순,214.0,상추,2.0,청,상품,g,100.0,935.0,,1634.0,697.0,814.333333333333,2018,하순,2018-10-21,상추-청,10,21,False,False,False,False,False,False,False,False,False,True,False,False,False,False,True,상추(청),,,,,,
201810하순,214.0,상추,2.0,청,상품,g,100.0,935.0,,1634.0,697.0,814.333333333333,2018,하순,2018-10-21,상추-청,10,21,False,False,False,False,False,False,False,False,False,True,False,False,False,False,True,상추(청),,,,,,
201810하순,214.0,상추,2.0,청,상품,g,100.0,935.0,,1634.0,697.0,814.333333333333,2018,하순,2018-10-21,상추-청,10,21,False,False,False,False,False,False,False,False,False,True,False,False,False,False,True,상추(청),,,,,,
201810하순,214.0,상추,2.0,청,상품,g,100.0,935.0,,1634.0,697.0,814.333333333333,2018,하순,2018-10-21,상추-청,10,21,False,False,False,False,False,False,False,False,False,True,False,False,False,False,True,상추(청),,,,,,
201810하순,214.0,상추,2.0,청,상품,g,100.0,935.0,,1634.0,697.0,814.333333333333,2018,하순,2018-10-21,상추-청,10,21,False,False,False,False,False,False,False,False,False,True,False,False,False,False,True,상추(청),,,,,,
201810하순,214.0,상추,2.0,청,상품,g,100.0,935.0,,1634.0,697.0,814.333333333333,2018,하순,2018-10-21,상추-청,10,21,False,False,False,False,False,False,False,False,False,True,False,False,False,False,True,상추(청),,,,,,
201810하순,214.0,상추,2.0,청,상품,g,100.0,935.0,,1634.0,697.0,814.333333333333,2018,하순,2018-10-21,상추-청,10,21,False,False,False,False,False,False,False,False,False,True,False,False,False,False,True,상추(청),,,,,,
201810하순,214.0,상추,2.0,청,상품,g,100.0,935.0,,1634.0,697.0,814.333333333333,2018,하순,2018-10-21,상추-청,10,21,False,False,False,False,False,False,False,False,False,True,False,False,False,False,True,상추(청),,,,,,
201810하순,214.0,상추,2.0,청,상품,g,100.0,935.0,,1634.0,697.0,814.333333333333,2018,하순,2018-10-21,상추-청,10,21,False,False,False,False,False,False,False,False,False,True,False,False,False,False,True,상추(청),,,,,,
201810하순,214.0,상추,2.0,청,상품,g,100.0,935.0,,1634.0,697.0,814.333333333333,2018,하순,2018-10-21,상추-청,10,21,False,False,False,False,False,False,False,False,False,True,False,False,False,False,True,상추(청),,,,,,
201810하순,214.0,상추,2.0,청,상품,g,100.0,935.0,,1634.0,697.0,814.333333333333,2018,하순,2018-10-21,상추-청,10,21,False,False,False,False,False,False,False,False,False,True,False,False,False,False,True,상추(청),,,,,,
201810하순,214.0,상추,2.0,청,상품,g,100.0,935.0,,1634.0,697.0,814.333333333333,2018,하순,2018-10-21,상추-청,10,21,False,False,False,False,False,False,False,False,False,True,False,False,False,False,True,상추(청),,,,,,
201810하순,214.0,상추,2.0,청,상품,g,100.0,935.0,,1634.0,697.0,814.333333333333,2018,하순,2018-10-21,상추-청,10,21,False,False,False,False,False,False,False,False,False,True,False,False,False,False,True,상추(청),,,,,,
201810하순,214.0,상추,2.0,청,상품,g,100.0,935.0,,1634.0,697.0,814.333333333333,2018,하순,2018-10-21,상추-청,10,21,False,False,False,False,False,False,False,False,False,True,False,False,False,False,True,상추(청),,,,,,
201810하순,214.0,상추,2.0,청,상품,g,100.0,935.0,,1634.0,697.0,814.333333333333,2018,하순,2018-10-21,상추-청,10,21,False,False,False,False,False,False,False,False,False,True,False,False,False,False,True,상추(청),,,,,,
201810하순,214.0,상추,2.0,청,상품,g,100.0,935.0,,1634.0,697.0,814.333333333333,2018,하순,2018-10-21,상추-청,10,21,False,False,False,False,False,False,False,False,False,True,False,False,False,False,True,상추(청),,,,,,
201810하순,214.0,상추,2.0,청,상품,g,100.0,935.0,,1634.0,697.0,814.333333333333,2018,하순,2018-10-21,상추-청,10,21,False,False,False,False,False,False,False,False,False,True,False,False,False,False,True,상추(청),,,,,,
201810하순,214.0,상추,2.0,청,상품,g,100.0,935.0,,1634.0,697.0,814.333333333333,2018,하순,2018-10-21,상추-청,10,21,False,False,False,False,False,False,False,False,False,True,False,False,False,False,True,상추(청),,,,,,
201811상순,214.0,상추,2.0,청,상품,g,100.0,831.0,,1410.0,704.0,761.0,2018,상순,2018-11-01,상추-청,11,1,False,False,False,False,False,False,False,False,False,False,True,False,True,False,False,상추(청),,,,,,
201811상순,214.0,상추,2.0,청,상품,g,100.0,831.0,,1410.0,704.0,761.0,2018,상순,2018-11-01,상추-청,11,1,False,False,False,False,False,False,False,False,False,False,True,False,True,False,False,상추(청),,,,,,
201811상순,214.0,상추,2.0,청,상품,g,100.0,831.0,,1410.0,704.0,761.0,2018,상순,2018-11-01,상추-청,11,1,False,False,False,False,False,False,False,False,False,False,True,False,True,False,False,상추(청),,,,,,
201811상순,214.0,상추,2.0,청,상품,g,100.0,831.0,,1410.0,704.0,761.0,2018,상순,2018-11-01,상추-청,11,1,False,False,False,False,False,False,False,False,False,False,True,False,True,False,False,상추(청),,,,,,
201811상순,214.0,상추,2.0,청,상품,g,100.0,831.0,,1410.0,704.0,761.0,2018,상순,2018-11-01,상추-청,11,1,False,False,False,False,False,False,False,False,False,False,True,False,True,False,False,상추(청),,,,,,
201811상순,214.0,상추,2.0,청,상품,g,100.0,831.0,,1410.0,704.0,761.0,2018,상순,2018-11-01,상추-청,11,1,False,False,False,False,False,False,False,False,False,False,True,False,True,False,False,상추(청),,,,,,
201811상순,214.0,상추,2.0,청,상품,g,100.0,831.0,,1410.0,704.0,761.0,2018,상순,2018-11-01,상추-청,11,1,False,False,False,False,False,False,False,False,False,False,True,False,True,False,False,상추(청),,,,,,
201811상순,214.0,상추,2.0,청,상품,g,100.0,831.0,,1410.0,704.0,761.0,2018,상순,2018-11-01,상추-청,11,1,False,False,False,False,False,False,False,False,False,False,True,False,True,False,False,상추(청),,,,,,
201811상순,214.0,상추,2.0,청,상품,g,100.0,831.0,,1410.0,704.0,761.0,2018,상순,2018-11-01,상추-청,11,1,False,False,False,False,False,False,False,False,False,False,True,False,True,False,False,상추(청),,,,,,
201811상순,214.0,상추,2.0,청,상품,g,100.0,831.0,,1410.0,704.0,761.0,2018,상순,2018-11-01,상추-청,11,1,False,False,False,False,False,False,False,False,False,False,True,False,True,False,False,상추(청),,,,,,
201811상순,214.0,상추,2.0,청,상품,g,100.0,831.0,,1410.0,704.0,761.0,2018,상순,2018-11-01,상추-청,11,1,False,False,False,False,False,False,False,False,False,False,True,False,True,False,False,상추(청),,,,,,
201811상순,214.0,상추,2.0,청,상품,g,100.0,831.0,,1410.0,704.0,761.0,2018,상순,2018-11-01,상추-청,11,1,False,False,False,False,False,False,False,False,False,False,True,False,True,False,False,상추(청),,,,,,
201811상순,214.0,상추,2.0,청,상품,g,100.0,831.0,,1410.0,704.0,761.0,2018,상순,2018-11-01,상추-청,11,1,False,False,False,False,False,False,False,False,False,False,True,False,True,False,False,상추(청),,,,,,
201811상순,214.0,상추,2.0,청,상품,g,100.0,831.0,,1410.0,704.0,761.0,2018,상순,2018-11-01,상추-청,11,1,False,False,False,False,False,False,False,False,False,False,True,False,True,False,False,상추(청),,,,,,
201811상순,214.0,상추,2.0,청,상품,g,100.0,831.0,,1410.0,704.0,761.0,2018,상순,2018-11-01,상추-청,11,1,False,False,False,False,False,False,False,False,False,False,True,False,True,False,False,상추(청),,,,,,
201811상순,214.0,상추,2.0,청,상품,g,100.0,831.0,,1410.0,704.0,761.0,2018,상순,2018-11-01,상추-청,11,1,False,False,False,False,False,False,False,False,False,False,True,False,True,False,False,상추(청),,,,,,
201811상순,214.0,상추,2.0,청,상품,g,100.0,831.0,,1410.0,704.0,761.0,2018,상순,2018-11-01,상추-청,11,1,False,False,False,False,False,False,False,False,False,False,True,False,True,False,False,상추(청),,,,,,
201811상순,214.0,상추,2.0,청,상품,g,100.0,831.0,,1410.0,704.0,761.0,2018,상순,2018-11-01,상추-청,11,1,False,False,False,False,False,False,False,False,False,False,True,False,True,False,False,상추(청),,,,,,
201811상순,214.0,상추,2.0,청,상품,g,100.0,831.0,,1410.0,704.0,761.0,2018,상순,2018-11-01,상추-청,11,1,False,False,False,False,False,False,False,False,False,False,True,False,True,False,False,상추(청),,,,,,
201811상순,214.0,상추,2.0,청,상품,g,100.0,831.0,,1410.0,704.0,761.0,2018,상순,2018-11-01,상추-청,11,1,False,False,False,False,False,False,False,False,False,False,True,False,True,False,False,상추(청),,,,,,
201811상순,214.0,상추,2.0,청,상품,g,100.0,831.0,,1410.0,704.0,761.0,2018,상순,2018-11-01,상추-청,11,1,False,False,False,False,False,False,False,False,False,False,True,False,True,False,False,상추(청),,,,,,
201811상순,214.0,상추,2.0,청,상품,g,100.0,831.0,,1410.0,704.0,761.0,2018,상순,2018-11-01,상추-청,11,1,False,False,False,False,False,False,False,False,False,False,True,False,True,False,False,상추(청),,,,,,
201811상순,214.0,상추,2.0,청,상품,g,100.0,831.0,,1410.0,704.0,761.0,2018,상순,2018-11-01,상추-청,11,1,False,False,False,False,False,False,False,False,False,False,True,False,True,False,False,상추(청),,,,,,
201811상순,214.0,상추,2.0,청,상품,g,100.0,831.0,,1410.0,704.0,761.0,2018,상순,2018-11-01,상추-청,11,1,False,False,False,False,False,False,False,False,False,False,True,False,True,False,False,상추(청),,,,,,
201811상순,214.0,상추,2.0,청,상품,g,100.0,831.0,,1410.0,704.0,761.0,2018,상순,2018-11-01,상추-청,11,1,False,False,False,False,False,False,False,False,False,False,True,False,True,False,False,상추(청),,,,,,
201811상순,214.0,상추,2.0,청,상품,g,100.0,831.0,,1410.0,704.0,761.0,2018,상순,2018-11-01,상추-청,11,1,False,False,False,False,False,False,False,False,False,False,True,False,True,False,False,상추(청),,,,,,
201811상순,214.0,상추,2.0,청,상품,g,100.0,831.0,,1410.0,704.0,761.0,2018,상순,2018-11-01,상추-청,11,1,False,False,False,False,False,False,False,False,False,False,True,False,True,False,False,상추(청),,,,,,
201811중순,214.0,상추,2.0,청,상품,g,100.0,759.0,,1037.0,686.0,778.0,2018,중순,2018-11-11,상추-청,11,11,False,False,False,False,False,False,False,False,False,False,True,False,False,True,False,상추(청),,,,,,
201811중순,214.0,상추,2.0,청,상품,g,100.0,759.0,,1037.0,686.0,778.0,2018,중순,2018-11-11,상추-청,11,11,False,False,False,False,False,False,False,False,False,False,True,False,False,True,False,상추(청),,,,,,
201811중순,214.0,상추,2.0,청,상품,g,100.0,759.0,,1037.0,686.0,778.0,2018,중순,2018-11-11,상추-청,11,11,False,False,False,False,False,False,False,False,False,False,True,False,False,True,False,상추(청),,,,,,
201811중순,214.0,상추,2.0,청,상품,g,100.0,759.0,,1037.0,686.0,778.0,2018,중순,2018-11-11,상추-청,11,11,False,False,False,False,False,False,False,False,False,False,True,False,False,True,False,상추(청),,,,,,
201811중순,214.0,상추,2.0,청,상품,g,100.0,759.0,,1037.0,686.0,778.0,2018,중순,2018-11-11,상추-청,11,11,False,False,False,False,False,False,False,False,False,False,True,False,False,True,False,상추(청),,,,,,
201811중순,214.0,상추,2.0,청,상품,g,100.0,759.0,,1037.0,686.0,778.0,2018,중순,2018-11-11,상추-청,11,11,False,False,False,False,False,False,False,False,False,False,True,False,False,True,False,상추(청),,,,,,
201811중순,214.0,상추,2.0,청,상품,g,100.0,759.0,,1037.0,686.0,778.0,2018,중순,2018-11-11,상추-청,11,11,False,False,False,False,False,False,False,False,False,False,True,False,False,True,False,상추(청),,,,,,
201811중순,214.0,상추,2.0,청,상품,g,100.0,759.0,,1037.0,686.0,778.0,2018,중순,2018-11-11,상추-청,11,11,False,False,False,False,False,False,False,False,False,False,True,False,False,True,False,상추(청),,,,,,
201811중순,214.0,상추,2.0,청,상품,g,100.0,759.0,,1037.0,686.0,778.0,2018,중순,2018-11-11,상추-청,11,11,False,False,False,False,False,False,False,False,False,False,True,False,False,True,False,상추(청),,,,,,
201811중순,214.0,상추,2.0,청,상품,g,100.0,759.0,,1037.0,686.0,778.0,2018,중순,2018-11-11,상추-청,11,11,False,False,False,False,False,False,False,False,False,False,True,False,False,True,False,상추(청),,,,,,
201811중순,214.0,상추,2.0,청,상품,g,100.0,759.0,,1037.0,686.0,778.0,2018,중순,2018-11-11,상추-청,11,11,False,False,False,False,False,False,False,False,False,False,True,False,False,True,False,상추(청),,,,,,
201811중순,214.0,상추,2.0,청,상품,g,100.0,759.0,,1037.0,686.0,778.0,2018,중순,2018-11-11,상추-청,11,11,False,False,False,False,False,False,False,False,False,False,True,False,False,True,False,상추(청),,,,,,
201811중순,214.0,상추,2.0,청,상품,g,100.0,759.0,,1037.0,686.0,778.0,2018,중순,2018-11-11,상추-청,11,11,False,False,False,False,False,False,False,False,False,False,True,False,False,True,False,상추(청),,,,,,
201811중순,214.0,상추,2.0,청,상품,g,100.0,759.0,,1037.0,686.0,778.0,2018,중순,2018-11-11,상추-청,11,11,False,False,False,False,False,False,False,False,False,False,True,False,False,True,False,상추(청),,,,,,
201811중순,214.0,상추,2.0,청,상품,g,100.0,759.0,,1037.0,686.0,778.0,2018,중순,2018-11-11,상추-청,11,11,False,False,False,False,False,False,False,False,False,False,True,False,False,True,False,상추(청),,,,,,
201811중순,214.0,상추,2.0,청,상품,g,100.0,759.0,,1037.0,686.0,778.0,2018,중순,2018-11-11,상추-청,11,11,False,False,False,False,False,False,False,False,False,False,True,False,False,True,False,상추(청),,,,,,
201811중순,214.0,상추,2.0,청,상품,g,100.0,759.0,,1037.0,686.0,778.0,2018,중순,2018-11-11,상추-청,11,11,False,False,False,False,False,False,False,False,False,False,True,False,False,True,False,상추(청),,,,,,
201811중순,214.0,상추,2.0,청,상품,g,100.0,759.0,,1037.0,686.0,778.0,2018,중순,2018-11-11,상추-청,11,11,False,False,False,False,False,False,False,False,False,False,True,False,False,True,False,상추(청),,,,,,
201811중순,214.0,상추,2.0,청,상품,g,100.0,759.0,,1037.0,686.0,778.0,2018,중순,2018-11-11,상추-청,11,11,False,False,False,False,False,False,False,False,False,False,True,False,False,True,False,상추(청),,,,,,
201811중순,214.0,상추,2.0,청,상품,g,100.0,759.0,,1037.0,686.0,778.0,2018,중순,2018-11-11,상추-청,11,11,False,False,False,False,False,False,False,False,False,False,True,False,False,True,False,상추(청),,,,,,
201811중순,214.0,상추,2.0,청,상품,g,100.0,759.0,,1037.0,686.0,778.0,2018,중순,2018-11-11,상추-청,11,11,False,False,False,False,False,False,False,False,False,False,True,False,False,True,False,상추(청),,,,,,
201811중순,214.0,상추,2.0,청,상품,g,100.0,759.0,,1037.0,686.0,778.0,2018,중순,2018-11-11,상추-청,11,11,False,False,False,False,False,False,False,False,False,False,True,False,False,True,False,상추(청),,,,,,
201811중순,214.0,상추,2.0,청,상품,g,100.0,759.0,,1037.0,686.0,778.0,2018,중순,2018-11-11,상추-청,11,11,False,False,False,False,False,False,False,False,False,False,True,False,False,True,False,상추(청),,,,,,
201811하순,214.0,상추,2.0,청,상품,g,100.0,744.0,,935.0,698.0,777.666666666666,2018,하순,2018-11-21,상추-청,11,21,False,False,False,False,False,False,False,False,False,False,True,False,False,False,True,상추(청),,,,,,
201811하순,214.0,상추,2.0,청,상품,g,100.0,744.0,,935.0,698.0,777.666666666666,2018,하순,2018-11-21,상추-청,11,21,False,False,False,False,False,False,False,False,False,False,True,False,False,False,True,상추(청),,,,,,
201811하순,214.0,상추,2.0,청,상품,g,100.0,744.0,,935.0,698.0,777.666666666666,2018,하순,2018-11-21,상추-청,11,21,False,False,False,False,False,False,False,False,False,False,True,False,False,False,True,상추(청),,,,,,
201811하순,214.0,상추,2.0,청,상품,g,100.0,744.0,,935.0,698.0,777.666666666666,2018,하순,2018-11-21,상추-청,11,21,False,False,False,False,False,False,False,False,False,False,True,False,False,False,True,상추(청),,,,,,
201811하순,214.0,상추,2.0,청,상품,g,100.0,744.0,,935.0,698.0,777.666666666666,2018,하순,2018-11-21,상추-청,11,21,False,False,False,False,False,False,False,False,False,False,True,False,False,False,True,상추(청),,,,,,
201811하순,214.0,상추,2.0,청,상품,g,100.0,744.0,,935.0,698.0,777.666666666666,2018,하순,2018-11-21,상추-청,11,21,False,False,False,False,False,False,False,False,False,False,True,False,False,False,True,상추(청),,,,,,
201811하순,214.0,상추,2.0,청,상품,g,100.0,744.0,,935.0,698.0,777.666666666666,2018,하순,2018-11-21,상추-청,11,21,False,False,False,False,False,False,False,False,False,False,True,False,False,False,True,상추(청),,,,,,
201811하순,214.0,상추,2.0,청,상품,g,100.0,744.0,,935.0,698.0,777.666666666666,2018,하순,2018-11-21,상추-청,11,21,False,False,False,False,False,False,False,False,False,False,True,False,False,False,True,상추(청),,,,,,
201811하순,214.0,상추,2.0,청,상품,g,100.0,744.0,,935.0,698.0,777.666666666666,2018,하순,2018-11-21,상추-청,11,21,False,False,False,False,False,False,False,False,False,False,True,False,False,False,True,상추(청),,,,,,
201811하순,214.0,상추,2.0,청,상품,g,100.0,744.0,,935.0,698.0,777.666666666666,2018,하순,2018-11-21,상추-청,11,21,False,False,False,False,False,False,False,False,False,False,True,False,False,False,True,상추(청),,,,,,
201811하순,214.0,상추,2.0,청,상품,g,100.0,744.0,,935.0,698.0,777.666666666666,2018,하순,2018-11-21,상추-청,11,21,False,False,False,False,False,False,False,False,False,False,True,False,False,False,True,상추(청),,,,,,
201811하순,214.0,상추,2.0,청,상품,g,100.0,744.0,,935.0,698.0,777.666666666666,2018,하순,2018-11-21,상추-청,11,21,False,False,False,False,False,False,False,False,False,False,True,False,False,False,True,상추(청),,,,,,
201811하순,214.0,상추,2.0,청,상품,g,100.0,744.0,,935.0,698.0,777.666666666666,2018,하순,2018-11-21,상추-청,11,21,False,False,False,False,False,False,False,False,False,False,True,False,False,False,True,상추(청),,,,,,
201811하순,214.0,상추,2.0,청,상품,g,100.0,744.0,,935.0,698.0,777.666666666666,2018,하순,2018-11-21,상추-청,11,21,False,False,False,False,False,False,False,False,False,False,True,False,False,False,True,상추(청),,,,,,
201811하순,214.0,상추,2.0,청,상품,g,100.0,744.0,,935.0,698.0,777.666666666666,2018,하순,2018-11-21,상추-청,11,21,False,False,False,False,False,False,False,False,False,False,True,False,False,False,True,상추(청),,,,,,
201811하순,214.0,상추,2.0,청,상품,g,100.0,744.0,,935.0,698.0,777.666666666666,2018,하순,2018-11-21,상추-청,11,21,False,False,False,False,False,False,False,False,False,False,True,False,False,False,True,상추(청),,,,,,
201811하순,214.0,상추,2.0,청,상품,g,100.0,744.0,,935.0,698.0,777.666666666666,2018,하순,2018-11-21,상추-청,11,21,False,False,False,False,False,False,False,False,False,False,True,False,False,False,True,상추(청),,,,,,
201811하순,214.0,상추,2.0,청,상품,g,100.0,744.0,,935.0,698.0,777.666666666666,2018,하순,2018-11-21,상추-청,11,21,False,False,False,False,False,False,False,False,False,False,True,False,False,False,True,상추(청),,,,,,
201811하순,214.0,상추,2.0,청,상품,g,100.0,744.0,,935.0,698.0,777.666666666666,2018,하순,2018-11-21,상추-청,11,21,False,False,False,False,False,False,False,False,False,False,True,False,False,False,True,상추(청),,,,,,
201811하순,214.0,상추,2.0,청,상품,g,100.0,744.0,,935.0,698.0,777.666666666666,2018,하순,2018-11-21,상추-청,11,21,False,False,False,False,False,False,False,False,False,False,True,False,False,False,True,상추(청),,,,,,
201811하순,214.0,상추,2.0,청,상품,g,100.0,744.0,,935.0,698.0,777.666666666666,2018,하순,2018-11-21,상추-청,11,21,False,False,False,False,False,False,False,False,False,False,True,False,False,False,True,상추(청),,,,,,
201811하순,214.0,상추,2.0,청,상품,g,100.0,744.0,,935.0,698.0,777.666666666666,2018,하순,2018-11-21,상추-청,11,21,False,False,False,False,False,False,False,False,False,False,True,False,False,False,True,상추(청),,,,,,
201811하순,214.0,상추,2.0,청,상품,g,100.0,744.0,,935.0,698.0,777.666666666666,2018,하순,2018-11-21,상추-청,11,21,False,False,False,False,False,False,False,False,False,False,True,False,False,False,True,상추(청),,,,,,
201812상순,214.0,상추,2.0,청,상품,g,100.0,721.0,,831.0,693.0,724.333333333333,2018,상순,2018-12-01,상추-청,12,1,False,False,False,False,False,False,False,False,False,False,False,True,True,False,False,상추(청),,,,,,
201812상순,214.0,상추,2.0,청,상품,g,100.0,721.0,,831.0,693.0,724.333333333333,2018,상순,2018-12-01,상추-청,12,1,False,False,False,False,False,False,False,False,False,False,False,True,True,False,False,상추(청),,,,,,
201812상순,214.0,상추,2.0,청,상품,g,100.0,721.0,,831.0,693.0,724.333333333333,2018,상순,2018-12-01,상추-청,12,1,False,False,False,False,False,False,False,False,False,False,False,True,True,False,False,상추(청),,,,,,
201812상순,214.0,상추,2.0,청,상품,g,100.0,721.0,,831.0,693.0,724.333333333333,2018,상순,2018-12-01,상추-청,12,1,False,False,False,False,False,False,False,False,False,False,False,True,True,False,False,상추(청),,,,,,
201812상순,214.0,상추,2.0,청,상품,g,100.0,721.0,,831.0,693.0,724.333333333333,2018,상순,2018-12-01,상추-청,12,1,False,False,False,False,False,False,False,False,False,False,False,True,True,False,False,상추(청),,,,,,
201812상순,214.0,상추,2.0,청,상품,g,100.0,721.0,,831.0,693.0,724.333333333333,2018,상순,2018-12-01,상추-청,12,1,False,False,False,False,False,False,False,False,False,False,False,True,True,False,False,상추(청),,,,,,
201812상순,214.0,상추,2.0,청,상품,g,100.0,721.0,,831.0,693.0,724.333333333333,2018,상순,2018-12-01,상추-청,12,1,False,False,False,False,False,False,False,False,False,False,False,True,True,False,False,상추(청),,,,,,
201812상순,214.0,상추,2.0,청,상품,g,100.0,721.0,,831.0,693.0,724.333333333333,2018,상순,2018-12-01,상추-청,12,1,False,False,False,False,False,False,False,False,False,False,False,True,True,False,False,상추(청),,,,,,
201812상순,214.0,상추,2.0,청,상품,g,100.0,721.0,,831.0,693.0,724.333333333333,2018,상순,2018-12-01,상추-청,12,1,False,False,False,False,False,False,False,False,False,False,False,True,True,False,False,상추(청),,,,,,
201812상순,214.0,상추,2.0,청,상품,g,100.0,721.0,,831.0,693.0,724.333333333333,2018,상순,2018-12-01,상추-청,12,1,False,False,False,False,False,False,False,False,False,False,False,True,True,False,False,상추(청),,,,,,
201812상순,214.0,상추,2.0,청,상품,g,100.0,721.0,,831.0,693.0,724.333333333333,2018,상순,2018-12-01,상추-청,12,1,False,False,False,False,False,False,False,False,False,False,False,True,True,False,False,상추(청),,,,,,
201812상순,214.0,상추,2.0,청,상품,g,100.0,721.0,,831.0,693.0,724.333333333333,2018,상순,2018-12-01,상추-청,12,1,False,False,False,False,False,False,False,False,False,False,False,True,True,False,False,상추(청),,,,,,
201812상순,214.0,상추,2.0,청,상품,g,100.0,721.0,,831.0,693.0,724.333333333333,2018,상순,2018-12-01,상추-청,12,1,False,False,False,False,False,False,False,False,False,False,False,True,True,False,False,상추(청),,,,,,
201812상순,214.0,상추,2.0,청,상품,g,100.0,721.0,,831.0,693.0,724.333333333333,2018,상순,2018-12-01,상추-청,12,1,False,False,False,False,False,False,False,False,False,False,False,True,True,False,False,상추(청),,,,,,
201812상순,214.0,상추,2.0,청,상품,g,100.0,721.0,,831.0,693.0,724.333333333333,2018,상순,2018-12-01,상추-청,12,1,False,False,False,False,False,False,False,False,False,False,False,True,True,False,False,상추(청),,,,,,
201812상순,214.0,상추,2.0,청,상품,g,100.0,721.0,,831.0,693.0,724.333333333333,2018,상순,2018-12-01,상추-청,12,1,False,False,False,False,False,False,False,False,False,False,False,True,True,False,False,상추(청),,,,,,
201812상순,214.0,상추,2.0,청,상품,g,100.0,721.0,,831.0,693.0,724.333333333333,2018,상순,2018-12-01,상추-청,12,1,False,False,False,False,False,False,False,False,False,False,False,True,True,False,False,상추(청),,,,,,
201812상순,214.0,상추,2.0,청,상품,g,100.0,721.0,,831.0,693.0,724.333333333333,2018,상순,2018-12-01,상추-청,12,1,False,False,False,False,False,False,False,False,False,False,False,True,True,False,False,상추(청),,,,,,
201812상순,214.0,상추,2.0,청,상품,g,100.0,721.0,,831.0,693.0,724.333333333333,2018,상순,2018-12-01,상추-청,12,1,False,False,False,False,False,False,False,False,False,False,False,True,True,False,False,상추(청),,,,,,
201812상순,214.0,상추,2.0,청,상품,g,100.0,721.0,,831.0,693.0,724.333333333333,2018,상순,2018-12-01,상추-청,12,1,False,False,False,False,False,False,False,False,False,False,False,True,True,False,False,상추(청),,,,,,
201812상순,214.0,상추,2.0,청,상품,g,100.0,721.0,,831.0,693.0,724.333333333333,2018,상순,2018-12-01,상추-청,12,1,False,False,False,False,False,False,False,False,False,False,False,True,True,False,False,상추(청),,,,,,
201812상순,214.0,상추,2.0,청,상품,g,100.0,721.0,,831.0,693.0,724.333333333333,2018,상순,2018-12-01,상추-청,12,1,False,False,False,False,False,False,False,False,False,False,False,True,True,False,False,상추(청),,,,,,
201812상순,214.0,상추,2.0,청,상품,g,100.0,721.0,,831.0,693.0,724.333333333333,2018,상순,2018-12-01,상추-청,12,1,False,False,False,False,False,False,False,False,False,False,False,True,True,False,False,상추(청),,,,,,
201812중순,214.0,상추,2.0,청,상품,g,100.0,711.0,,759.0,682.0,748.666666666666,2018,중순,2018-12-11,상추-청,12,11,False,False,False,False,False,False,False,False,False,False,False,True,False,True,False,상추(청),,,,,,
201812중순,214.0,상추,2.0,청,상품,g,100.0,711.0,,759.0,682.0,748.666666666666,2018,중순,2018-12-11,상추-청,12,11,False,False,False,False,False,False,False,False,False,False,False,True,False,True,False,상추(청),,,,,,
201812중순,214.0,상추,2.0,청,상품,g,100.0,711.0,,759.0,682.0,748.666666666666,2018,중순,2018-12-11,상추-청,12,11,False,False,False,False,False,False,False,False,False,False,False,True,False,True,False,상추(청),,,,,,
201812중순,214.0,상추,2.0,청,상품,g,100.0,711.0,,759.0,682.0,748.666666666666,2018,중순,2018-12-11,상추-청,12,11,False,False,False,False,False,False,False,False,False,False,False,True,False,True,False,상추(청),,,,,,
201812중순,214.0,상추,2.0,청,상품,g,100.0,711.0,,759.0,682.0,748.666666666666,2018,중순,2018-12-11,상추-청,12,11,False,False,False,False,False,False,False,False,False,False,False,True,False,True,False,상추(청),,,,,,
201812중순,214.0,상추,2.0,청,상품,g,100.0,711.0,,759.0,682.0,748.666666666666,2018,중순,2018-12-11,상추-청,12,11,False,False,False,False,False,False,False,False,False,False,False,True,False,True,False,상추(청),,,,,,
201812중순,214.0,상추,2.0,청,상품,g,100.0,711.0,,759.0,682.0,748.666666666666,2018,중순,2018-12-11,상추-청,12,11,False,False,False,False,False,False,False,False,False,False,False,True,False,True,False,상추(청),,,,,,
201812중순,214.0,상추,2.0,청,상품,g,100.0,711.0,,759.0,682.0,748.666666666666,2018,중순,2018-12-11,상추-청,12,11,False,False,False,False,False,False,False,False,False,False,False,True,False,True,False,상추(청),,,,,,
201812중순,214.0,상추,2.0,청,상품,g,100.0,711.0,,759.0,682.0,748.666666666666,2018,중순,2018-12-11,상추-청,12,11,False,False,False,False,False,False,False,False,False,False,False,True,False,True,False,상추(청),,,,,,
201812중순,214.0,상추,2.0,청,상품,g,100.0,711.0,,759.0,682.0,748.666666666666,2018,중순,2018-12-11,상추-청,12,11,False,False,False,False,False,False,False,False,False,False,False,True,False,True,False,상추(청),,,,,,
201812중순,214.0,상추,2.0,청,상품,g,100.0,711.0,,759.0,682.0,748.666666666666,2018,중순,2018-12-11,상추-청,12,11,False,False,False,False,False,False,False,False,False,False,False,True,False,True,False,상추(청),,,,,,
201812중순,214.0,상추,2.0,청,상품,g,100.0,711.0,,759.0,682.0,748.666666666666,2018,중순,2018-12-11,상추-청,12,11,False,False,False,False,False,False,False,False,False,False,False,True,False,True,False,상추(청),,,,,,
201812중순,214.0,상추,2.0,청,상품,g,100.0,711.0,,759.0,682.0,748.666666666666,2018,중순,2018-12-11,상추-청,12,11,False,False,False,False,False,False,False,False,False,False,False,True,False,True,False,상추(청),,,,,,
201812중순,214.0,상추,2.0,청,상품,g,100.0,711.0,,759.0,682.0,748.666666666666,2018,중순,2018-12-11,상추-청,12,11,False,False,False,False,False,False,False,False,False,False,False,True,False,True,False,상추(청),,,,,,
201812중순,214.0,상추,2.0,청,상품,g,100.0,711.0,,759.0,682.0,748.666666666666,2018,중순,2018-12-11,상추-청,12,11,False,False,False,False,False,False,False,False,False,False,False,True,False,True,False,상추(청),,,,,,
201812중순,214.0,상추,2.0,청,상품,g,100.0,711.0,,759.0,682.0,748.666666666666,2018,중순,2018-12-11,상추-청,12,11,False,False,False,False,False,False,False,False,False,False,False,True,False,True,False,상추(청),,,,,,
201812중순,214.0,상추,2.0,청,상품,g,100.0,711.0,,759.0,682.0,748.666666666666,2018,중순,2018-12-11,상추-청,12,11,False,False,False,False,False,False,False,False,False,False,False,True,False,True,False,상추(청),,,,,,
201812중순,214.0,상추,2.0,청,상품,g,100.0,711.0,,759.0,682.0,748.666666666666,2018,중순,2018-12-11,상추-청,12,11,False,False,False,False,False,False,False,False,False,False,False,True,False,True,False,상추(청),,,,,,
201812중순,214.0,상추,2.0,청,상품,g,100.0,711.0,,759.0,682.0,748.666666666666,2018,중순,2018-12-11,상추-청,12,11,False,False,False,False,False,False,False,False,False,False,False,True,False,True,False,상추(청),,,,,,
201812중순,214.0,상추,2.0,청,상품,g,100.0,711.0,,759.0,682.0,748.666666666666,2018,중순,2018-12-11,상추-청,12,11,False,False,False,False,False,False,False,False,False,False,False,True,False,True,False,상추(청),,,,,,
201812중순,214.0,상추,2.0,청,상품,g,100.0,711.0,,759.0,682.0,748.666666666666,2018,중순,2018-12-11,상추-청,12,11,False,False,False,False,False,False,False,False,False,False,False,True,False,True,False,상추(청),,,,,,
201812중순,214.0,상추,2.0,청,상품,g,100.0,711.0,,759.0,682.0,748.666666666666,2018,중순,2018-12-11,상추-청,12,11,False,False,False,False,False,False,False,False,False,False,False,True,False,True,False,상추(청),,,,,,
201812중순,214.0,상추,2.0,청,상품,g,100.0,711.0,,759.0,682.0,748.666666666666,2018,중순,2018-12-11,상추-청,12,11,False,False,False,False,False,False,False,False,False,False,False,True,False,True,False,상추(청),,,,,,
201812중순,214.0,상추,2.0,청,상품,g,100.0,711.0,,759.0,682.0,748.666666666666,2018,중순,2018-12-11,상추-청,12,11,False,False,False,False,False,False,False,False,False,False,False,True,False,True,False,상추(청),,,,,,
201812중순,214.0,상추,2.0,청,상품,g,100.0,711.0,,759.0,682.0,748.666666666666,2018,중순,2018-12-11,상추-청,12,11,False,False,False,False,False,False,False,False,False,False,False,True,False,True,False,상추(청),,,,,,
201812하순,214.0,상추,2.0,청,상품,g,100.0,730.0,,744.0,796.0,905.666666666666,2018,하순,2018-12-21,상추-청,12,21,False,False,False,False,False,False,False,False,False,False,False,True,False,False,True,상추(청),,,,,,
201812하순,214.0,상추,2.0,청,상품,g,100.0,730.0,,744.0,796.0,905.666666666666,2018,하순,2018-12-21,상추-청,12,21,False,False,False,False,False,False,False,False,False,False,False,True,False,False,True,상추(청),,,,,,
201812하순,214.0,상추,2.0,청,상품,g,100.0,730.0,,744.0,796.0,905.666666666666,2018,하순,2018-12-21,상추-청,12,21,False,False,False,False,False,False,False,False,False,False,False,True,False,False,True,상추(청),,,,,,
201812하순,214.0,상추,2.0,청,상품,g,100.0,730.0,,744.0,796.0,905.666666666666,2018,하순,2018-12-21,상추-청,12,21,False,False,False,False,False,False,False,False,False,False,False,True,False,False,True,상추(청),,,,,,
201812하순,214.0,상추,2.0,청,상품,g,100.0,730.0,,744.0,796.0,905.666666666666,2018,하순,2018-12-21,상추-청,12,21,False,False,False,False,False,False,False,False,False,False,False,True,False,False,True,상추(청),,,,,,
201812하순,214.0,상추,2.0,청,상품,g,100.0,730.0,,744.0,796.0,905.666666666666,2018,하순,2018-12-21,상추-청,12,21,False,False,False,False,False,False,False,False,False,False,False,True,False,False,True,상추(청),,,,,,
201812하순,214.0,상추,2.0,청,상품,g,100.0,730.0,,744.0,796.0,905.666666666666,2018,하순,2018-12-21,상추-청,12,21,False,False,False,False,False,False,False,False,False,False,False,True,False,False,True,상추(청),,,,,,
201812하순,214.0,상추,2.0,청,상품,g,100.0,730.0,,744.0,796.0,905.666666666666,2018,하순,2018-12-21,상추-청,12,21,False,False,False,False,False,False,False,False,False,False,False,True,False,False,True,상추(청),,,,,,
201812하순,214.0,상추,2.0,청,상품,g,100.0,730.0,,744.0,796.0,905.666666666666,2018,하순,2018-12-21,상추-청,12,21,False,False,False,False,False,False,False,False,False,False,False,True,False,False,True,상추(청),,,,,,
201812하순,214.0,상추,2.0,청,상품,g,100.0,730.0,,744.0,796.0,905.666666666666,2018,하순,2018-12-21,상추-청,12,21,False,False,False,False,False,False,False,False,False,False,False,True,False,False,True,상추(청),,,,,,
201812하순,214.0,상추,2.0,청,상품,g,100.0,730.0,,744.0,796.0,905.666666666666,2018,하순,2018-12-21,상추-청,12,21,False,False,False,False,False,False,False,False,False,False,False,True,False,False,True,상추(청),,,,,,
201812하순,214.0,상추,2.0,청,상품,g,100.0,730.0,,744.0,796.0,905.666666666666,2018,하순,2018-12-21,상추-청,12,21,False,False,False,False,False,False,False,False,False,False,False,True,False,False,True,상추(청),,,,,,
201812하순,214.0,상추,2.0,청,상품,g,100.0,730.0,,744.0,796.0,905.666666666666,2018,하순,2018-12-21,상추-청,12,21,False,False,False,False,False,False,False,False,False,False,False,True,False,False,True,상추(청),,,,,,
201812하순,214.0,상추,2.0,청,상품,g,100.0,730.0,,744.0,796.0,905.666666666666,2018,하순,2018-12-21,상추-청,12,21,False,False,False,False,False,False,False,False,False,False,False,True,False,False,True,상추(청),,,,,,
201812하순,214.0,상추,2.0,청,상품,g,100.0,730.0,,744.0,796.0,905.666666666666,2018,하순,2018-12-21,상추-청,12,21,False,False,False,False,False,False,False,False,False,False,False,True,False,False,True,상추(청),,,,,,
201812하순,214.0,상추,2.0,청,상품,g,100.0,730.0,,744.0,796.0,905.666666666666,2018,하순,2018-12-21,상추-청,12,21,False,False,False,False,False,False,False,False,False,False,False,True,False,False,True,상추(청),,,,,,
201812하순,214.0,상추,2.0,청,상품,g,100.0,730.0,,744.0,796.0,905.666666666666,2018,하순,2018-12-21,상추-청,12,21,False,False,False,False,False,False,False,False,False,False,False,True,False,False,True,상추(청),,,,,,
201812하순,214.0,상추,2.0,청,상품,g,100.0,730.0,,744.0,796.0,905.666666666666,2018,하순,2018-12-21,상추-청,12,21,False,False,False,False,False,False,False,False,False,False,False,True,False,False,True,상추(청),,,,,,
201812하순,214.0,상추,2.0,청,상품,g,100.0,730.0,,744.0,796.0,905.666666666666,2018,하순,2018-12-21,상추-청,12,21,False,False,False,False,False,False,False,False,False,False,False,True,False,False,True,상추(청),,,,,,
201812하순,214.0,상추,2.0,청,상품,g,100.0,730.0,,744.0,796.0,905.666666666666,2018,하순,2018-12-21,상추-청,12,21,False,False,False,False,False,False,False,False,False,False,False,True,False,False,True,상추(청),,,,,,
201812하순,214.0,상추,2.0,청,상품,g,100.0,730.0,,744.0,796.0,905.666666666666,2018,하순,2018-12-21,상추-청,12,21,False,False,False,False,False,False,False,False,False,False,False,True,False,False,True,상추(청),,,,,,
201812하순,214.0,상추,2.0,청,상품,g,100.0,730.0,,744.0,796.0,905.666666666666,2018,하순,2018-12-21,상추-청,12,21,False,False,False,False,False,False,False,False,False,False,False,True,False,False,True,상추(청),,,,,,
201812하순,214.0,상추,2.0,청,상품,g,100.0,730.0,,744.0,796.0,905.666666666666,2018,하순,2018-12-21,상추-청,12,21,False,False,False,False,False,False,False,False,False,False,False,True,False,False,True,상추(청),,,,,,
201812하순,214.0,상추,2.0,청,상품,g,100.0,730.0,,744.0,796.0,905.666666666666,2018,하순,2018-12-21,상추-청,12,21,False,False,False,False,False,False,False,False,False,False,False,True,False,False,True,상추(청),,,,,,
201812하순,214.0,상추,2.0,청,상품,g,100.0,730.0,,744.0,796.0,905.666666666666,2018,하순,2018-12-21,상추-청,12,21,False,False,False,False,False,False,False,False,False,False,False,True,False,False,True,상추(청),,,,,,
201901상순,214.0,상추,2.0,청,상품,g,100.0,760.0,,721.0,940.0,974.333333333333,2019,상순,2019-01-01,상추-청,1,1,True,False,False,False,False,False,False,False,False,False,False,False,True,False,False,상추(청),,,,,,
201901상순,214.0,상추,2.0,청,상품,g,100.0,760.0,,721.0,940.0,974.333333333333,2019,상순,2019-01-01,상추-청,1,1,True,False,False,False,False,False,False,False,False,False,False,False,True,False,False,상추(청),,,,,,
201901상순,214.0,상추,2.0,청,상품,g,100.0,760.0,,721.0,940.0,974.333333333333,2019,상순,2019-01-01,상추-청,1,1,True,False,False,False,False,False,False,False,False,False,False,False,True,False,False,상추(청),,,,,,
201901상순,214.0,상추,2.0,청,상품,g,100.0,760.0,,721.0,940.0,974.333333333333,2019,상순,2019-01-01,상추-청,1,1,True,False,False,False,False,False,False,False,False,False,False,False,True,False,False,상추(청),,,,,,
201901상순,214.0,상추,2.0,청,상품,g,100.0,760.0,,721.0,940.0,974.333333333333,2019,상순,2019-01-01,상추-청,1,1,True,False,False,False,False,False,False,False,False,False,False,False,True,False,False,상추(청),,,,,,
201901상순,214.0,상추,2.0,청,상품,g,100.0,760.0,,721.0,940.0,974.333333333333,2019,상순,2019-01-01,상추-청,1,1,True,False,False,False,False,False,False,False,False,False,False,False,True,False,False,상추(청),,,,,,
201901상순,214.0,상추,2.0,청,상품,g,100.0,760.0,,721.0,940.0,974.333333333333,2019,상순,2019-01-01,상추-청,1,1,True,False,False,False,False,False,False,False,False,False,False,False,True,False,False,상추(청),,,,,,
201901상순,214.0,상추,2.0,청,상품,g,100.0,760.0,,721.0,940.0,974.333333333333,2019,상순,2019-01-01,상추-청,1,1,True,False,False,False,False,False,False,False,False,False,False,False,True,False,False,상추(청),,,,,,
201901상순,214.0,상추,2.0,청,상품,g,100.0,760.0,,721.0,940.0,974.333333333333,2019,상순,2019-01-01,상추-청,1,1,True,False,False,False,False,False,False,False,False,False,False,False,True,False,False,상추(청),,,,,,
201901상순,214.0,상추,2.0,청,상품,g,100.0,760.0,,721.0,940.0,974.333333333333,2019,상순,2019-01-01,상추-청,1,1,True,False,False,False,False,False,False,False,False,False,False,False,True,False,False,상추(청),,,,,,
201901상순,214.0,상추,2.0,청,상품,g,100.0,760.0,,721.0,940.0,974.333333333333,2019,상순,2019-01-01,상추-청,1,1,True,False,False,False,False,False,False,False,False,False,False,False,True,False,False,상추(청),,,,,,
201901상순,214.0,상추,2.0,청,상품,g,100.0,760.0,,721.0,940.0,974.333333333333,2019,상순,2019-01-01,상추-청,1,1,True,False,False,False,False,False,False,False,False,False,False,False,True,False,False,상추(청),,,,,,
201901상순,214.0,상추,2.0,청,상품,g,100.0,760.0,,721.0,940.0,974.333333333333,2019,상순,2019-01-01,상추-청,1,1,True,False,False,False,False,False,False,False,False,False,False,False,True,False,False,상추(청),,,,,,
201901상순,214.0,상추,2.0,청,상품,g,100.0,760.0,,721.0,940.0,974.333333333333,2019,상순,2019-01-01,상추-청,1,1,True,False,False,False,False,False,False,False,False,False,False,False,True,False,False,상추(청),,,,,,
201901상순,214.0,상추,2.0,청,상품,g,100.0,760.0,,721.0,940.0,974.333333333333,2019,상순,2019-01-01,상추-청,1,1,True,False,False,False,False,False,False,False,False,False,False,False,True,False,False,상추(청),,,,,,
201901상순,214.0,상추,2.0,청,상품,g,100.0,760.0,,721.0,940.0,974.333333333333,2019,상순,2019-01-01,상추-청,1,1,True,False,False,False,False,False,False,False,False,False,False,False,True,False,False,상추(청),,,,,,
201901상순,214.0,상추,2.0,청,상품,g,100.0,760.0,,721.0,940.0,974.333333333333,2019,상순,2019-01-01,상추-청,1,1,True,False,False,False,False,False,False,False,False,False,False,False,True,False,False,상추(청),,,,,,
201901상순,214.0,상추,2.0,청,상품,g,100.0,760.0,,721.0,940.0,974.333333333333,2019,상순,2019-01-01,상추-청,1,1,True,False,False,False,False,False,False,False,False,False,False,False,True,False,False,상추(청),,,,,,
201901상순,214.0,상추,2.0,청,상품,g,100.0,760.0,,721.0,940.0,974.333333333333,2019,상순,2019-01-01,상추-청,1,1,True,False,False,False,False,False,False,False,False,False,False,False,True,False,False,상추(청),,,,,,
201901상순,214.0,상추,2.0,청,상품,g,100.0,760.0,,721.0,940.0,974.333333333333,2019,상순,2019-01-01,상추-청,1,1,True,False,False,False,False,False,False,False,False,False,False,False,True,False,False,상추(청),,,,,,
201901상순,214.0,상추,2.0,청,상품,g,100.0,760.0,,721.0,940.0,974.333333333333,2019,상순,2019-01-01,상추-청,1,1,True,False,False,False,False,False,False,False,False,False,False,False,True,False,False,상추(청),,,,,,
201901상순,214.0,상추,2.0,청,상품,g,100.0,760.0,,721.0,940.0,974.333333333333,2019,상순,2019-01-01,상추-청,1,1,True,False,False,False,False,False,False,False,False,False,False,False,True,False,False,상추(청),,,,,,
201901상순,214.0,상추,2.0,청,상품,g,100.0,760.0,,721.0,940.0,974.333333333333,2019,상순,2019-01-01,상추-청,1,1,True,False,False,False,False,False,False,False,False,False,False,False,True,False,False,상추(청),,,,,,
201901상순,214.0,상추,2.0,청,상품,g,100.0,760.0,,721.0,940.0,974.333333333333,2019,상순,2019-01-01,상추-청,1,1,True,False,False,False,False,False,False,False,False,False,False,False,True,False,False,상추(청),,,,,,
201901상순,214.0,상추,2.0,청,상품,g,100.0,760.0,,721.0,940.0,974.333333333333,2019,상순,2019-01-01,상추-청,1,1,True,False,False,False,False,False,False,False,False,False,False,False,True,False,False,상추(청),,,,,,
201901상순,214.0,상추,2.0,청,상품,g,100.0,760.0,,721.0,940.0,974.333333333333,2019,상순,2019-01-01,상추-청,1,1,True,False,False,False,False,False,False,False,False,False,False,False,True,False,False,상추(청),,,,,,
201901중순,214.0,상추,2.0,청,상품,g,100.0,772.0,,711.0,981.0,904.666666666666,2019,중순,2019-01-11,상추-청,1,11,True,False,False,False,False,False,False,False,False,False,False,False,False,True,False,상추(청),,,,,,
201901중순,214.0,상추,2.0,청,상품,g,100.0,772.0,,711.0,981.0,904.666666666666,2019,중순,2019-01-11,상추-청,1,11,True,False,False,False,False,False,False,False,False,False,False,False,False,True,False,상추(청),,,,,,
201901중순,214.0,상추,2.0,청,상품,g,100.0,772.0,,711.0,981.0,904.666666666666,2019,중순,2019-01-11,상추-청,1,11,True,False,False,False,False,False,False,False,False,False,False,False,False,True,False,상추(청),,,,,,
201901중순,214.0,상추,2.0,청,상품,g,100.0,772.0,,711.0,981.0,904.666666666666,2019,중순,2019-01-11,상추-청,1,11,True,False,False,False,False,False,False,False,False,False,False,False,False,True,False,상추(청),,,,,,
201901중순,214.0,상추,2.0,청,상품,g,100.0,772.0,,711.0,981.0,904.666666666666,2019,중순,2019-01-11,상추-청,1,11,True,False,False,False,False,False,False,False,False,False,False,False,False,True,False,상추(청),,,,,,
201901중순,214.0,상추,2.0,청,상품,g,100.0,772.0,,711.0,981.0,904.666666666666,2019,중순,2019-01-11,상추-청,1,11,True,False,False,False,False,False,False,False,False,False,False,False,False,True,False,상추(청),,,,,,
201901중순,214.0,상추,2.0,청,상품,g,100.0,772.0,,711.0,981.0,904.666666666666,2019,중순,2019-01-11,상추-청,1,11,True,False,False,False,False,False,False,False,False,False,False,False,False,True,False,상추(청),,,,,,
201901중순,214.0,상추,2.0,청,상품,g,100.0,772.0,,711.0,981.0,904.666666666666,2019,중순,2019-01-11,상추-청,1,11,True,False,False,False,False,False,False,False,False,False,False,False,False,True,False,상추(청),,,,,,
201901중순,214.0,상추,2.0,청,상품,g,100.0,772.0,,711.0,981.0,904.666666666666,2019,중순,2019-01-11,상추-청,1,11,True,False,False,False,False,False,False,False,False,False,False,False,False,True,False,상추(청),,,,,,
201901중순,214.0,상추,2.0,청,상품,g,100.0,772.0,,711.0,981.0,904.666666666666,2019,중순,2019-01-11,상추-청,1,11,True,False,False,False,False,False,False,False,False,False,False,False,False,True,False,상추(청),,,,,,
201901중순,214.0,상추,2.0,청,상품,g,100.0,772.0,,711.0,981.0,904.666666666666,2019,중순,2019-01-11,상추-청,1,11,True,False,False,False,False,False,False,False,False,False,False,False,False,True,False,상추(청),,,,,,
201901중순,214.0,상추,2.0,청,상품,g,100.0,772.0,,711.0,981.0,904.666666666666,2019,중순,2019-01-11,상추-청,1,11,True,False,False,False,False,False,False,False,False,False,False,False,False,True,False,상추(청),,,,,,
201901중순,214.0,상추,2.0,청,상품,g,100.0,772.0,,711.0,981.0,904.666666666666,2019,중순,2019-01-11,상추-청,1,11,True,False,False,False,False,False,False,False,False,False,False,False,False,True,False,상추(청),,,,,,
201901중순,214.0,상추,2.0,청,상품,g,100.0,772.0,,711.0,981.0,904.666666666666,2019,중순,2019-01-11,상추-청,1,11,True,False,False,False,False,False,False,False,False,False,False,False,False,True,False,상추(청),,,,,,
201901중순,214.0,상추,2.0,청,상품,g,100.0,772.0,,711.0,981.0,904.666666666666,2019,중순,2019-01-11,상추-청,1,11,True,False,False,False,False,False,False,False,False,False,False,False,False,True,False,상추(청),,,,,,
201901중순,214.0,상추,2.0,청,상품,g,100.0,772.0,,711.0,981.0,904.666666666666,2019,중순,2019-01-11,상추-청,1,11,True,False,False,False,False,False,False,False,False,False,False,False,False,True,False,상추(청),,,,,,
201901중순,214.0,상추,2.0,청,상품,g,100.0,772.0,,711.0,981.0,904.666666666666,2019,중순,2019-01-11,상추-청,1,11,True,False,False,False,False,False,False,False,False,False,False,False,False,True,False,상추(청),,,,,,
201901중순,214.0,상추,2.0,청,상품,g,100.0,772.0,,711.0,981.0,904.666666666666,2019,중순,2019-01-11,상추-청,1,11,True,False,False,False,False,False,False,False,False,False,False,False,False,True,False,상추(청),,,,,,
201901중순,214.0,상추,2.0,청,상품,g,100.0,772.0,,711.0,981.0,904.666666666666,2019,중순,2019-01-11,상추-청,1,11,True,False,False,False,False,False,False,False,False,False,False,False,False,True,False,상추(청),,,,,,
201901중순,214.0,상추,2.0,청,상품,g,100.0,772.0,,711.0,981.0,904.666666666666,2019,중순,2019-01-11,상추-청,1,11,True,False,False,False,False,False,False,False,False,False,False,False,False,True,False,상추(청),,,,,,
201901중순,214.0,상추,2.0,청,상품,g,100.0,772.0,,711.0,981.0,904.666666666666,2019,중순,2019-01-11,상추-청,1,11,True,False,False,False,False,False,False,False,False,False,False,False,False,True,False,상추(청),,,,,,
201901중순,214.0,상추,2.0,청,상품,g,100.0,772.0,,711.0,981.0,904.666666666666,2019,중순,2019-01-11,상추-청,1,11,True,False,False,False,False,False,False,False,False,False,False,False,False,True,False,상추(청),,,,,,
201901중순,214.0,상추,2.0,청,상품,g,100.0,772.0,,711.0,981.0,904.666666666666,2019,중순,2019-01-11,상추-청,1,11,True,False,False,False,False,False,False,False,False,False,False,False,False,True,False,상추(청),,,,,,
201901중순,214.0,상추,2.0,청,상품,g,100.0,772.0,,711.0,981.0,904.666666666666,2019,중순,2019-01-11,상추-청,1,11,True,False,False,False,False,False,False,False,False,False,False,False,False,True,False,상추(청),,,,,,
201901하순,214.0,상추,2.0,청,상품,g,100.0,761.0,,730.0,983.0,853.666666666666,2019,하순,2019-01-21,상추-청,1,21,True,False,False,False,False,False,False,False,False,False,False,False,False,False,True,상추(청),,,,,,
201901하순,214.0,상추,2.0,청,상품,g,100.0,761.0,,730.0,983.0,853.666666666666,2019,하순,2019-01-21,상추-청,1,21,True,False,False,False,False,False,False,False,False,False,False,False,False,False,True,상추(청),,,,,,
201901하순,214.0,상추,2.0,청,상품,g,100.0,761.0,,730.0,983.0,853.666666666666,2019,하순,2019-01-21,상추-청,1,21,True,False,False,False,False,False,False,False,False,False,False,False,False,False,True,상추(청),,,,,,
201901하순,214.0,상추,2.0,청,상품,g,100.0,761.0,,730.0,983.0,853.666666666666,2019,하순,2019-01-21,상추-청,1,21,True,False,False,False,False,False,False,False,False,False,False,False,False,False,True,상추(청),,,,,,
201901하순,214.0,상추,2.0,청,상품,g,100.0,761.0,,730.0,983.0,853.666666666666,2019,하순,2019-01-21,상추-청,1,21,True,False,False,False,False,False,False,False,False,False,False,False,False,False,True,상추(청),,,,,,
201901하순,214.0,상추,2.0,청,상품,g,100.0,761.0,,730.0,983.0,853.666666666666,2019,하순,2019-01-21,상추-청,1,21,True,False,False,False,False,False,False,False,False,False,False,False,False,False,True,상추(청),,,,,,
201901하순,214.0,상추,2.0,청,상품,g,100.0,761.0,,730.0,983.0,853.666666666666,2019,하순,2019-01-21,상추-청,1,21,True,False,False,False,False,False,False,False,False,False,False,False,False,False,True,상추(청),,,,,,
201901하순,214.0,상추,2.0,청,상품,g,100.0,761.0,,730.0,983.0,853.666666666666,2019,하순,2019-01-21,상추-청,1,21,True,False,False,False,False,False,False,False,False,False,False,False,False,False,True,상추(청),,,,,,
201901하순,214.0,상추,2.0,청,상품,g,100.0,761.0,,730.0,983.0,853.666666666666,2019,하순,2019-01-21,상추-청,1,21,True,False,False,False,False,False,False,False,False,False,False,False,False,False,True,상추(청),,,,,,
201901하순,214.0,상추,2.0,청,상품,g,100.0,761.0,,730.0,983.0,853.666666666666,2019,하순,2019-01-21,상추-청,1,21,True,False,False,False,False,False,False,False,False,False,False,False,False,False,True,상추(청),,,,,,
201901하순,214.0,상추,2.0,청,상품,g,100.0,761.0,,730.0,983.0,853.666666666666,2019,하순,2019-01-21,상추-청,1,21,True,False,False,False,False,False,False,False,False,False,False,False,False,False,True,상추(청),,,,,,
201901하순,214.0,상추,2.0,청,상품,g,100.0,761.0,,730.0,983.0,853.666666666666,2019,하순,2019-01-21,상추-청,1,21,True,False,False,False,False,False,False,False,False,False,False,False,False,False,True,상추(청),,,,,,
201901하순,214.0,상추,2.0,청,상품,g,100.0,761.0,,730.0,983.0,853.666666666666,2019,하순,2019-01-21,상추-청,1,21,True,False,False,False,False,False,False,False,False,False,False,False,False,False,True,상추(청),,,,,,
201901하순,214.0,상추,2.0,청,상품,g,100.0,761.0,,730.0,983.0,853.666666666666,2019,하순,2019-01-21,상추-청,1,21,True,False,False,False,False,False,False,False,False,False,False,False,False,False,True,상추(청),,,,,,
201901하순,214.0,상추,2.0,청,상품,g,100.0,761.0,,730.0,983.0,853.666666666666,2019,하순,2019-01-21,상추-청,1,21,True,False,False,False,False,False,False,False,False,False,False,False,False,False,True,상추(청),,,,,,
201901하순,214.0,상추,2.0,청,상품,g,100.0,761.0,,730.0,983.0,853.666666666666,2019,하순,2019-01-21,상추-청,1,21,True,False,False,False,False,False,False,False,False,False,False,False,False,False,True,상추(청),,,,,,
201901하순,214.0,상추,2.0,청,상품,g,100.0,761.0,,730.0,983.0,853.666666666666,2019,하순,2019-01-21,상추-청,1,21,True,False,False,False,False,False,False,False,False,False,False,False,False,False,True,상추(청),,,,,,
201901하순,214.0,상추,2.0,청,상품,g,100.0,761.0,,730.0,983.0,853.666666666666,2019,하순,2019-01-21,상추-청,1,21,True,False,False,False,False,False,False,False,False,False,False,False,False,False,True,상추(청),,,,,,
201901하순,214.0,상추,2.0,청,상품,g,100.0,761.0,,730.0,983.0,853.666666666666,2019,하순,2019-01-21,상추-청,1,21,True,False,False,False,False,False,False,False,False,False,False,False,False,False,True,상추(청),,,,,,
201901하순,214.0,상추,2.0,청,상품,g,100.0,761.0,,730.0,983.0,853.666666666666,2019,하순,2019-01-21,상추-청,1,21,True,False,False,False,False,False,False,False,False,False,False,False,False,False,True,상추(청),,,,,,
201901하순,214.0,상추,2.0,청,상품,g,100.0,761.0,,730.0,983.0,853.666666666666,2019,하순,2019-01-21,상추-청,1,21,True,False,False,False,False,False,False,False,False,False,False,False,False,False,True,상추(청),,,,,,
201901하순,214.0,상추,2.0,청,상품,g,100.0,761.0,,730.0,983.0,853.666666666666,2019,하순,2019-01-21,상추-청,1,21,True,False,False,False,False,False,False,False,False,False,False,False,False,False,True,상추(청),,,,,,
201901하순,214.0,상추,2.0,청,상품,g,100.0,761.0,,730.0,983.0,853.666666666666,2019,하순,2019-01-21,상추-청,1,21,True,False,False,False,False,False,False,False,False,False,False,False,False,False,True,상추(청),,,,,,
201901하순,214.0,상추,2.0,청,상품,g,100.0,761.0,,730.0,983.0,853.666666666666,2019,하순,2019-01-21,상추-청,1,21,True,False,False,False,False,False,False,False,False,False,False,False,False,False,True,상추(청),,,,,,
201902상순,214.0,상추,2.0,청,상품,g,100.0,767.0,,760.0,1009.0,871.0,2019,상순,2019-02-01,상추-청,2,1,False,True,False,False,False,False,False,False,False,False,False,False,True,False,False,상추(청),,,,,,
201902상순,214.0,상추,2.0,청,상품,g,100.0,767.0,,760.0,1009.0,871.0,2019,상순,2019-02-01,상추-청,2,1,False,True,False,False,False,False,False,False,False,False,False,False,True,False,False,상추(청),,,,,,
201902상순,214.0,상추,2.0,청,상품,g,100.0,767.0,,760.0,1009.0,871.0,2019,상순,2019-02-01,상추-청,2,1,False,True,False,False,False,False,False,False,False,False,False,False,True,False,False,상추(청),,,,,,
201902상순,214.0,상추,2.0,청,상품,g,100.0,767.0,,760.0,1009.0,871.0,2019,상순,2019-02-01,상추-청,2,1,False,True,False,False,False,False,False,False,False,False,False,False,True,False,False,상추(청),,,,,,
201902상순,214.0,상추,2.0,청,상품,g,100.0,767.0,,760.0,1009.0,871.0,2019,상순,2019-02-01,상추-청,2,1,False,True,False,False,False,False,False,False,False,False,False,False,True,False,False,상추(청),,,,,,
201902상순,214.0,상추,2.0,청,상품,g,100.0,767.0,,760.0,1009.0,871.0,2019,상순,2019-02-01,상추-청,2,1,False,True,False,False,False,False,False,False,False,False,False,False,True,False,False,상추(청),,,,,,
201902상순,214.0,상추,2.0,청,상품,g,100.0,767.0,,760.0,1009.0,871.0,2019,상순,2019-02-01,상추-청,2,1,False,True,False,False,False,False,False,False,False,False,False,False,True,False,False,상추(청),,,,,,
201902상순,214.0,상추,2.0,청,상품,g,100.0,767.0,,760.0,1009.0,871.0,2019,상순,2019-02-01,상추-청,2,1,False,True,False,False,False,False,False,False,False,False,False,False,True,False,False,상추(청),,,,,,
201902상순,214.0,상추,2.0,청,상품,g,100.0,767.0,,760.0,1009.0,871.0,2019,상순,2019-02-01,상추-청,2,1,False,True,False,False,False,False,False,False,False,False,False,False,True,False,False,상추(청),,,,,,
201902상순,214.0,상추,2.0,청,상품,g,100.0,767.0,,760.0,1009.0,871.0,2019,상순,2019-02-01,상추-청,2,1,False,True,False,False,False,False,False,False,False,False,False,False,True,False,False,상추(청),,,,,,
201902상순,214.0,상추,2.0,청,상품,g,100.0,767.0,,760.0,1009.0,871.0,2019,상순,2019-02-01,상추-청,2,1,False,True,False,False,False,False,False,False,False,False,False,False,True,False,False,상추(청),,,,,,
201902상순,214.0,상추,2.0,청,상품,g,100.0,767.0,,760.0,1009.0,871.0,2019,상순,2019-02-01,상추-청,2,1,False,True,False,False,False,False,False,False,False,False,False,False,True,False,False,상추(청),,,,,,
201902상순,214.0,상추,2.0,청,상품,g,100.0,767.0,,760.0,1009.0,871.0,2019,상순,2019-02-01,상추-청,2,1,False,True,False,False,False,False,False,False,False,False,False,False,True,False,False,상추(청),,,,,,
201902상순,214.0,상추,2.0,청,상품,g,100.0,767.0,,760.0,1009.0,871.0,2019,상순,2019-02-01,상추-청,2,1,False,True,False,False,False,False,False,False,False,False,False,False,True,False,False,상추(청),,,,,,
201902상순,214.0,상추,2.0,청,상품,g,100.0,767.0,,760.0,1009.0,871.0,2019,상순,2019-02-01,상추-청,2,1,False,True,False,False,False,False,False,False,False,False,False,False,True,False,False,상추(청),,,,,,
201902상순,214.0,상추,2.0,청,상품,g,100.0,767.0,,760.0,1009.0,871.0,2019,상순,2019-02-01,상추-청,2,1,False,True,False,False,False,False,False,False,False,False,False,False,True,False,False,상추(청),,,,,,
201902상순,214.0,상추,2.0,청,상품,g,100.0,767.0,,760.0,1009.0,871.0,2019,상순,2019-02-01,상추-청,2,1,False,True,False,False,False,False,False,False,False,False,False,False,True,False,False,상추(청),,,,,,
201902상순,214.0,상추,2.0,청,상품,g,100.0,767.0,,760.0,1009.0,871.0,2019,상순,2019-02-01,상추-청,2,1,False,True,False,False,False,False,False,False,False,False,False,False,True,False,False,상추(청),,,,,,
201902상순,214.0,상추,2.0,청,상품,g,100.0,767.0,,760.0,1009.0,871.0,2019,상순,2019-02-01,상추-청,2,1,False,True,False,False,False,False,False,False,False,False,False,False,True,False,False,상추(청),,,,,,
201902상순,214.0,상추,2.0,청,상품,g,100.0,767.0,,760.0,1009.0,871.0,2019,상순,2019-02-01,상추-청,2,1,False,True,False,False,False,False,False,False,False,False,False,False,True,False,False,상추(청),,,,,,
201902상순,214.0,상추,2.0,청,상품,g,100.0,767.0,,760.0,1009.0,871.0,2019,상순,2019-02-01,상추-청,2,1,False,True,False,False,False,False,False,False,False,False,False,False,True,False,False,상추(청),,,,,,
201902상순,214.0,상추,2.0,청,상품,g,100.0,767.0,,760.0,1009.0,871.0,2019,상순,2019-02-01,상추-청,2,1,False,True,False,False,False,False,False,False,False,False,False,False,True,False,False,상추(청),,,,,,
201902상순,214.0,상추,2.0,청,상품,g,100.0,767.0,,760.0,1009.0,871.0,2019,상순,2019-02-01,상추-청,2,1,False,True,False,False,False,False,False,False,False,False,False,False,True,False,False,상추(청),,,,,,
201902상순,214.0,상추,2.0,청,상품,g,100.0,767.0,,760.0,1009.0,871.0,2019,상순,2019-02-01,상추-청,2,1,False,True,False,False,False,False,False,False,False,False,False,False,True,False,False,상추(청),,,,,,
201902중순,214.0,상추,2.0,청,상품,g,100.0,736.0,,772.0,1022.0,857.666666666666,2019,중순,2019-02-11,상추-청,2,11,False,True,False,False,False,False,False,False,False,False,False,False,False,True,False,상추(청),,,,,,
201902중순,214.0,상추,2.0,청,상품,g,100.0,736.0,,772.0,1022.0,857.666666666666,2019,중순,2019-02-11,상추-청,2,11,False,True,False,False,False,False,False,False,False,False,False,False,False,True,False,상추(청),,,,,,
201902중순,214.0,상추,2.0,청,상품,g,100.0,736.0,,772.0,1022.0,857.666666666666,2019,중순,2019-02-11,상추-청,2,11,False,True,False,False,False,False,False,False,False,False,False,False,False,True,False,상추(청),,,,,,
201902중순,214.0,상추,2.0,청,상품,g,100.0,736.0,,772.0,1022.0,857.666666666666,2019,중순,2019-02-11,상추-청,2,11,False,True,False,False,False,False,False,False,False,False,False,False,False,True,False,상추(청),,,,,,
201902중순,214.0,상추,2.0,청,상품,g,100.0,736.0,,772.0,1022.0,857.666666666666,2019,중순,2019-02-11,상추-청,2,11,False,True,False,False,False,False,False,False,False,False,False,False,False,True,False,상추(청),,,,,,
201902중순,214.0,상추,2.0,청,상품,g,100.0,736.0,,772.0,1022.0,857.666666666666,2019,중순,2019-02-11,상추-청,2,11,False,True,False,False,False,False,False,False,False,False,False,False,False,True,False,상추(청),,,,,,
201902중순,214.0,상추,2.0,청,상품,g,100.0,736.0,,772.0,1022.0,857.666666666666,2019,중순,2019-02-11,상추-청,2,11,False,True,False,False,False,False,False,False,False,False,False,False,False,True,False,상추(청),,,,,,
201902중순,214.0,상추,2.0,청,상품,g,100.0,736.0,,772.0,1022.0,857.666666666666,2019,중순,2019-02-11,상추-청,2,11,False,True,False,False,False,False,False,False,False,False,False,False,False,True,False,상추(청),,,,,,
201902중순,214.0,상추,2.0,청,상품,g,100.0,736.0,,772.0,1022.0,857.666666666666,2019,중순,2019-02-11,상추-청,2,11,False,True,False,False,False,False,False,False,False,False,False,False,False,True,False,상추(청),,,,,,
201902중순,214.0,상추,2.0,청,상품,g,100.0,736.0,,772.0,1022.0,857.666666666666,2019,중순,2019-02-11,상추-청,2,11,False,True,False,False,False,False,False,False,False,False,False,False,False,True,False,상추(청),,,,,,
201902중순,214.0,상추,2.0,청,상품,g,100.0,736.0,,772.0,1022.0,857.666666666666,2019,중순,2019-02-11,상추-청,2,11,False,True,False,False,False,False,False,False,False,False,False,False,False,True,False,상추(청),,,,,,
201902중순,214.0,상추,2.0,청,상품,g,100.0,736.0,,772.0,1022.0,857.666666666666,2019,중순,2019-02-11,상추-청,2,11,False,True,False,False,False,False,False,False,False,False,False,False,False,True,False,상추(청),,,,,,
201902중순,214.0,상추,2.0,청,상품,g,100.0,736.0,,772.0,1022.0,857.666666666666,2019,중순,2019-02-11,상추-청,2,11,False,True,False,False,False,False,False,False,False,False,False,False,False,True,False,상추(청),,,,,,
201902중순,214.0,상추,2.0,청,상품,g,100.0,736.0,,772.0,1022.0,857.666666666666,2019,중순,2019-02-11,상추-청,2,11,False,True,False,False,False,False,False,False,False,False,False,False,False,True,False,상추(청),,,,,,
201902중순,214.0,상추,2.0,청,상품,g,100.0,736.0,,772.0,1022.0,857.666666666666,2019,중순,2019-02-11,상추-청,2,11,False,True,False,False,False,False,False,False,False,False,False,False,False,True,False,상추(청),,,,,,
201902중순,214.0,상추,2.0,청,상품,g,100.0,736.0,,772.0,1022.0,857.666666666666,2019,중순,2019-02-11,상추-청,2,11,False,True,False,False,False,False,False,False,False,False,False,False,False,True,False,상추(청),,,,,,
201902중순,214.0,상추,2.0,청,상품,g,100.0,736.0,,772.0,1022.0,857.666666666666,2019,중순,2019-02-11,상추-청,2,11,False,True,False,False,False,False,False,False,False,False,False,False,False,True,False,상추(청),,,,,,
201902중순,214.0,상추,2.0,청,상품,g,100.0,736.0,,772.0,1022.0,857.666666666666,2019,중순,2019-02-11,상추-청,2,11,False,True,False,False,False,False,False,False,False,False,False,False,False,True,False,상추(청),,,,,,
201902중순,214.0,상추,2.0,청,상품,g,100.0,736.0,,772.0,1022.0,857.666666666666,2019,중순,2019-02-11,상추-청,2,11,False,True,False,False,False,False,False,False,False,False,False,False,False,True,False,상추(청),,,,,,
201902중순,214.0,상추,2.0,청,상품,g,100.0,736.0,,772.0,1022.0,857.666666666666,2019,중순,2019-02-11,상추-청,2,11,False,True,False,False,False,False,False,False,False,False,False,False,False,True,False,상추(청),,,,,,
201902중순,214.0,상추,2.0,청,상품,g,100.0,736.0,,772.0,1022.0,857.666666666666,2019,중순,2019-02-11,상추-청,2,11,False,True,False,False,False,False,False,False,False,False,False,False,False,True,False,상추(청),,,,,,
201902중순,214.0,상추,2.0,청,상품,g,100.0,736.0,,772.0,1022.0,857.666666666666,2019,중순,2019-02-11,상추-청,2,11,False,True,False,False,False,False,False,False,False,False,False,False,False,True,False,상추(청),,,,,,
201902중순,214.0,상추,2.0,청,상품,g,100.0,736.0,,772.0,1022.0,857.666666666666,2019,중순,2019-02-11,상추-청,2,11,False,True,False,False,False,False,False,False,False,False,False,False,False,True,False,상추(청),,,,,,
201902중순,214.0,상추,2.0,청,상품,g,100.0,736.0,,772.0,1022.0,857.666666666666,2019,중순,2019-02-11,상추-청,2,11,False,True,False,False,False,False,False,False,False,False,False,False,False,True,False,상추(청),,,,,,
201902하순,214.0,상추,2.0,청,상품,g,100.0,709.0,,761.0,918.0,752.0,2019,하순,2019-02-21,상추-청,2,21,False,True,False,False,False,False,False,False,False,False,False,False,False,False,True,상추(청),,,,,,
201902하순,214.0,상추,2.0,청,상품,g,100.0,709.0,,761.0,918.0,752.0,2019,하순,2019-02-21,상추-청,2,21,False,True,False,False,False,False,False,False,False,False,False,False,False,False,True,상추(청),,,,,,
201902하순,214.0,상추,2.0,청,상품,g,100.0,709.0,,761.0,918.0,752.0,2019,하순,2019-02-21,상추-청,2,21,False,True,False,False,False,False,False,False,False,False,False,False,False,False,True,상추(청),,,,,,
201902하순,214.0,상추,2.0,청,상품,g,100.0,709.0,,761.0,918.0,752.0,2019,하순,2019-02-21,상추-청,2,21,False,True,False,False,False,False,False,False,False,False,False,False,False,False,True,상추(청),,,,,,
201902하순,214.0,상추,2.0,청,상품,g,100.0,709.0,,761.0,918.0,752.0,2019,하순,2019-02-21,상추-청,2,21,False,True,False,False,False,False,False,False,False,False,False,False,False,False,True,상추(청),,,,,,
201902하순,214.0,상추,2.0,청,상품,g,100.0,709.0,,761.0,918.0,752.0,2019,하순,2019-02-21,상추-청,2,21,False,True,False,False,False,False,False,False,False,False,False,False,False,False,True,상추(청),,,,,,
201902하순,214.0,상추,2.0,청,상품,g,100.0,709.0,,761.0,918.0,752.0,2019,하순,2019-02-21,상추-청,2,21,False,True,False,False,False,False,False,False,False,False,False,False,False,False,True,상추(청),,,,,,
201902하순,214.0,상추,2.0,청,상품,g,100.0,709.0,,761.0,918.0,752.0,2019,하순,2019-02-21,상추-청,2,21,False,True,False,False,False,False,False,False,False,False,False,False,False,False,True,상추(청),,,,,,
201902하순,214.0,상추,2.0,청,상품,g,100.0,709.0,,761.0,918.0,752.0,2019,하순,2019-02-21,상추-청,2,21,False,True,False,False,False,False,False,False,False,False,False,False,False,False,True,상추(청),,,,,,
201902하순,214.0,상추,2.0,청,상품,g,100.0,709.0,,761.0,918.0,752.0,2019,하순,2019-02-21,상추-청,2,21,False,True,False,False,False,False,False,False,False,False,False,False,False,False,True,상추(청),,,,,,
201902하순,214.0,상추,2.0,청,상품,g,100.0,709.0,,761.0,918.0,752.0,2019,하순,2019-02-21,상추-청,2,21,False,True,False,False,False,False,False,False,False,False,False,False,False,False,True,상추(청),,,,,,
201902하순,214.0,상추,2.0,청,상품,g,100.0,709.0,,761.0,918.0,752.0,2019,하순,2019-02-21,상추-청,2,21,False,True,False,False,False,False,False,False,False,False,False,False,False,False,True,상추(청),,,,,,
201902하순,214.0,상추,2.0,청,상품,g,100.0,709.0,,761.0,918.0,752.0,2019,하순,2019-02-21,상추-청,2,21,False,True,False,False,False,False,False,False,False,False,False,False,False,False,True,상추(청),,,,,,
201902하순,214.0,상추,2.0,청,상품,g,100.0,709.0,,761.0,918.0,752.0,2019,하순,2019-02-21,상추-청,2,21,False,True,False,False,False,False,False,False,False,False,False,False,False,False,True,상추(청),,,,,,
201902하순,214.0,상추,2.0,청,상품,g,100.0,709.0,,761.0,918.0,752.0,2019,하순,2019-02-21,상추-청,2,21,False,True,False,False,False,False,False,False,False,False,False,False,False,False,True,상추(청),,,,,,
201902하순,214.0,상추,2.0,청,상품,g,100.0,709.0,,761.0,918.0,752.0,2019,하순,2019-02-21,상추-청,2,21,False,True,False,False,False,False,False,False,False,False,False,False,False,False,True,상추(청),,,,,,
201902하순,214.0,상추,2.0,청,상품,g,100.0,709.0,,761.0,918.0,752.0,2019,하순,2019-02-21,상추-청,2,21,False,True,False,False,False,False,False,False,False,False,False,False,False,False,True,상추(청),,,,,,
201902하순,214.0,상추,2.0,청,상품,g,100.0,709.0,,761.0,918.0,752.0,2019,하순,2019-02-21,상추-청,2,21,False,True,False,False,False,False,False,False,False,False,False,False,False,False,True,상추(청),,,,,,
201902하순,214.0,상추,2.0,청,상품,g,100.0,709.0,,761.0,918.0,752.0,2019,하순,2019-02-21,상추-청,2,21,False,True,False,False,False,False,False,False,False,False,False,False,False,False,True,상추(청),,,,,,
201902하순,214.0,상추,2.0,청,상품,g,100.0,709.0,,761.0,918.0,752.0,2019,하순,2019-02-21,상추-청,2,21,False,True,False,False,False,False,False,False,False,False,False,False,False,False,True,상추(청),,,,,,
201902하순,214.0,상추,2.0,청,상품,g,100.0,709.0,,761.0,918.0,752.0,2019,하순,2019-02-21,상추-청,2,21,False,True,False,False,False,False,False,False,False,False,False,False,False,False,True,상추(청),,,,,,
201902하순,214.0,상추,2.0,청,상품,g,100.0,709.0,,761.0,918.0,752.0,2019,하순,2019-02-21,상추-청,2,21,False,True,False,False,False,False,False,False,False,False,False,False,False,False,True,상추(청),,,,,,
201902하순,214.0,상추,2.0,청,상품,g,100.0,709.0,,761.0,918.0,752.0,2019,하순,2019-02-21,상추-청,2,21,False,True,False,False,False,False,False,False,False,False,False,False,False,False,True,상추(청),,,,,,
201902하순,214.0,상추,2.0,청,상품,g,100.0,709.0,,761.0,918.0,752.0,2019,하순,2019-02-21,상추-청,2,21,False,True,False,False,False,False,False,False,False,False,False,False,False,False,True,상추(청),,,,,,
201903상순,214.0,상추,2.0,청,상품,g,100.0,710.0,,767.0,670.0,638.666666666666,2019,상순,2019-03-01,상추-청,3,1,False,False,True,False,False,False,False,False,False,False,False,False,True,False,False,상추(청),,,,,,
201903상순,214.0,상추,2.0,청,상품,g,100.0,710.0,,767.0,670.0,638.666666666666,2019,상순,2019-03-01,상추-청,3,1,False,False,True,False,False,False,False,False,False,False,False,False,True,False,False,상추(청),,,,,,
201903상순,214.0,상추,2.0,청,상품,g,100.0,710.0,,767.0,670.0,638.666666666666,2019,상순,2019-03-01,상추-청,3,1,False,False,True,False,False,False,False,False,False,False,False,False,True,False,False,상추(청),,,,,,
201903상순,214.0,상추,2.0,청,상품,g,100.0,710.0,,767.0,670.0,638.666666666666,2019,상순,2019-03-01,상추-청,3,1,False,False,True,False,False,False,False,False,False,False,False,False,True,False,False,상추(청),,,,,,
201903상순,214.0,상추,2.0,청,상품,g,100.0,710.0,,767.0,670.0,638.666666666666,2019,상순,2019-03-01,상추-청,3,1,False,False,True,False,False,False,False,False,False,False,False,False,True,False,False,상추(청),,,,,,
201903상순,214.0,상추,2.0,청,상품,g,100.0,710.0,,767.0,670.0,638.666666666666,2019,상순,2019-03-01,상추-청,3,1,False,False,True,False,False,False,False,False,False,False,False,False,True,False,False,상추(청),,,,,,
201903상순,214.0,상추,2.0,청,상품,g,100.0,710.0,,767.0,670.0,638.666666666666,2019,상순,2019-03-01,상추-청,3,1,False,False,True,False,False,False,False,False,False,False,False,False,True,False,False,상추(청),,,,,,
201903상순,214.0,상추,2.0,청,상품,g,100.0,710.0,,767.0,670.0,638.666666666666,2019,상순,2019-03-01,상추-청,3,1,False,False,True,False,False,False,False,False,False,False,False,False,True,False,False,상추(청),,,,,,
201903상순,214.0,상추,2.0,청,상품,g,100.0,710.0,,767.0,670.0,638.666666666666,2019,상순,2019-03-01,상추-청,3,1,False,False,True,False,False,False,False,False,False,False,False,False,True,False,False,상추(청),,,,,,
201903상순,214.0,상추,2.0,청,상품,g,100.0,710.0,,767.0,670.0,638.666666666666,2019,상순,2019-03-01,상추-청,3,1,False,False,True,False,False,False,False,False,False,False,False,False,True,False,False,상추(청),,,,,,
201903상순,214.0,상추,2.0,청,상품,g,100.0,710.0,,767.0,670.0,638.666666666666,2019,상순,2019-03-01,상추-청,3,1,False,False,True,False,False,False,False,False,False,False,False,False,True,False,False,상추(청),,,,,,
201903상순,214.0,상추,2.0,청,상품,g,100.0,710.0,,767.0,670.0,638.666666666666,2019,상순,2019-03-01,상추-청,3,1,False,False,True,False,False,False,False,False,False,False,False,False,True,False,False,상추(청),,,,,,
201903상순,214.0,상추,2.0,청,상품,g,100.0,710.0,,767.0,670.0,638.666666666666,2019,상순,2019-03-01,상추-청,3,1,False,False,True,False,False,False,False,False,False,False,False,False,True,False,False,상추(청),,,,,,
201903상순,214.0,상추,2.0,청,상품,g,100.0,710.0,,767.0,670.0,638.666666666666,2019,상순,2019-03-01,상추-청,3,1,False,False,True,False,False,False,False,False,False,False,False,False,True,False,False,상추(청),,,,,,
201903상순,214.0,상추,2.0,청,상품,g,100.0,710.0,,767.0,670.0,638.666666666666,2019,상순,2019-03-01,상추-청,3,1,False,False,True,False,False,False,False,False,False,False,False,False,True,False,False,상추(청),,,,,,
201903상순,214.0,상추,2.0,청,상품,g,100.0,710.0,,767.0,670.0,638.666666666666,2019,상순,2019-03-01,상추-청,3,1,False,False,True,False,False,False,False,False,False,False,False,False,True,False,False,상추(청),,,,,,
201903상순,214.0,상추,2.0,청,상품,g,100.0,710.0,,767.0,670.0,638.666666666666,2019,상순,2019-03-01,상추-청,3,1,False,False,True,False,False,False,False,False,False,False,False,False,True,False,False,상추(청),,,,,,
201903상순,214.0,상추,2.0,청,상품,g,100.0,710.0,,767.0,670.0,638.666666666666,2019,상순,2019-03-01,상추-청,3,1,False,False,True,False,False,False,False,False,False,False,False,False,True,False,False,상추(청),,,,,,
201903상순,214.0,상추,2.0,청,상품,g,100.0,710.0,,767.0,670.0,638.666666666666,2019,상순,2019-03-01,상추-청,3,1,False,False,True,False,False,False,False,False,False,False,False,False,True,False,False,상추(청),,,,,,
201903상순,214.0,상추,2.0,청,상품,g,100.0,710.0,,767.0,670.0,638.666666666666,2019,상순,2019-03-01,상추-청,3,1,False,False,True,False,False,False,False,False,False,False,False,False,True,False,False,상추(청),,,,,,
201903상순,214.0,상추,2.0,청,상품,g,100.0,710.0,,767.0,670.0,638.666666666666,2019,상순,2019-03-01,상추-청,3,1,False,False,True,False,False,False,False,False,False,False,False,False,True,False,False,상추(청),,,,,,
201903상순,214.0,상추,2.0,청,상품,g,100.0,710.0,,767.0,670.0,638.666666666666,2019,상순,2019-03-01,상추-청,3,1,False,False,True,False,False,False,False,False,False,False,False,False,True,False,False,상추(청),,,,,,
201903상순,214.0,상추,2.0,청,상품,g,100.0,710.0,,767.0,670.0,638.666666666666,2019,상순,2019-03-01,상추-청,3,1,False,False,True,False,False,False,False,False,False,False,False,False,True,False,False,상추(청),,,,,,
201903상순,214.0,상추,2.0,청,상품,g,100.0,710.0,,767.0,670.0,638.666666666666,2019,상순,2019-03-01,상추-청,3,1,False,False,True,False,False,False,False,False,False,False,False,False,True,False,False,상추(청),,,,,,
201903중순,214.0,상추,2.0,청,상품,g,100.0,716.0,,736.0,627.0,614.333333333333,2019,중순,2019-03-11,상추-청,3,11,False,False,True,False,False,False,False,False,False,False,False,False,False,True,False,상추(청),,,,,,
201903중순,214.0,상추,2.0,청,상품,g,100.0,716.0,,736.0,627.0,614.333333333333,2019,중순,2019-03-11,상추-청,3,11,False,False,True,False,False,False,False,False,False,False,False,False,False,True,False,상추(청),,,,,,
201903중순,214.0,상추,2.0,청,상품,g,100.0,716.0,,736.0,627.0,614.333333333333,2019,중순,2019-03-11,상추-청,3,11,False,False,True,False,False,False,False,False,False,False,False,False,False,True,False,상추(청),,,,,,
201903중순,214.0,상추,2.0,청,상품,g,100.0,716.0,,736.0,627.0,614.333333333333,2019,중순,2019-03-11,상추-청,3,11,False,False,True,False,False,False,False,False,False,False,False,False,False,True,False,상추(청),,,,,,
201903중순,214.0,상추,2.0,청,상품,g,100.0,716.0,,736.0,627.0,614.333333333333,2019,중순,2019-03-11,상추-청,3,11,False,False,True,False,False,False,False,False,False,False,False,False,False,True,False,상추(청),,,,,,
201903중순,214.0,상추,2.0,청,상품,g,100.0,716.0,,736.0,627.0,614.333333333333,2019,중순,2019-03-11,상추-청,3,11,False,False,True,False,False,False,False,False,False,False,False,False,False,True,False,상추(청),,,,,,
201903중순,214.0,상추,2.0,청,상품,g,100.0,716.0,,736.0,627.0,614.333333333333,2019,중순,2019-03-11,상추-청,3,11,False,False,True,False,False,False,False,False,False,False,False,False,False,True,False,상추(청),,,,,,
201903중순,214.0,상추,2.0,청,상품,g,100.0,716.0,,736.0,627.0,614.333333333333,2019,중순,2019-03-11,상추-청,3,11,False,False,True,False,False,False,False,False,False,False,False,False,False,True,False,상추(청),,,,,,
201903중순,214.0,상추,2.0,청,상품,g,100.0,716.0,,736.0,627.0,614.333333333333,2019,중순,2019-03-11,상추-청,3,11,False,False,True,False,False,False,False,False,False,False,False,False,False,True,False,상추(청),,,,,,
201903중순,214.0,상추,2.0,청,상품,g,100.0,716.0,,736.0,627.0,614.333333333333,2019,중순,2019-03-11,상추-청,3,11,False,False,True,False,False,False,False,False,False,False,False,False,False,True,False,상추(청),,,,,,
201903중순,214.0,상추,2.0,청,상품,g,100.0,716.0,,736.0,627.0,614.333333333333,2019,중순,2019-03-11,상추-청,3,11,False,False,True,False,False,False,False,False,False,False,False,False,False,True,False,상추(청),,,,,,
201903중순,214.0,상추,2.0,청,상품,g,100.0,716.0,,736.0,627.0,614.333333333333,2019,중순,2019-03-11,상추-청,3,11,False,False,True,False,False,False,False,False,False,False,False,False,False,True,False,상추(청),,,,,,
201903중순,214.0,상추,2.0,청,상품,g,100.0,716.0,,736.0,627.0,614.333333333333,2019,중순,2019-03-11,상추-청,3,11,False,False,True,False,False,False,False,False,False,False,False,False,False,True,False,상추(청),,,,,,
201903중순,214.0,상추,2.0,청,상품,g,100.0,716.0,,736.0,627.0,614.333333333333,2019,중순,2019-03-11,상추-청,3,11,False,False,True,False,False,False,False,False,False,False,False,False,False,True,False,상추(청),,,,,,
201903중순,214.0,상추,2.0,청,상품,g,100.0,716.0,,736.0,627.0,614.333333333333,2019,중순,2019-03-11,상추-청,3,11,False,False,True,False,False,False,False,False,False,False,False,False,False,True,False,상추(청),,,,,,
201903중순,214.0,상추,2.0,청,상품,g,100.0,716.0,,736.0,627.0,614.333333333333,2019,중순,2019-03-11,상추-청,3,11,False,False,True,False,False,False,False,False,False,False,False,False,False,True,False,상추(청),,,,,,
201903중순,214.0,상추,2.0,청,상품,g,100.0,716.0,,736.0,627.0,614.333333333333,2019,중순,2019-03-11,상추-청,3,11,False,False,True,False,False,False,False,False,False,False,False,False,False,True,False,상추(청),,,,,,
201903중순,214.0,상추,2.0,청,상품,g,100.0,716.0,,736.0,627.0,614.333333333333,2019,중순,2019-03-11,상추-청,3,11,False,False,True,False,False,False,False,False,False,False,False,False,False,True,False,상추(청),,,,,,
201903중순,214.0,상추,2.0,청,상품,g,100.0,716.0,,736.0,627.0,614.333333333333,2019,중순,2019-03-11,상추-청,3,11,False,False,True,False,False,False,False,False,False,False,False,False,False,True,False,상추(청),,,,,,
201903중순,214.0,상추,2.0,청,상품,g,100.0,716.0,,736.0,627.0,614.333333333333,2019,중순,2019-03-11,상추-청,3,11,False,False,True,False,False,False,False,False,False,False,False,False,False,True,False,상추(청),,,,,,
201903중순,214.0,상추,2.0,청,상품,g,100.0,716.0,,736.0,627.0,614.333333333333,2019,중순,2019-03-11,상추-청,3,11,False,False,True,False,False,False,False,False,False,False,False,False,False,True,False,상추(청),,,,,,
201903중순,214.0,상추,2.0,청,상품,g,100.0,716.0,,736.0,627.0,614.333333333333,2019,중순,2019-03-11,상추-청,3,11,False,False,True,False,False,False,False,False,False,False,False,False,False,True,False,상추(청),,,,,,
201903중순,214.0,상추,2.0,청,상품,g,100.0,716.0,,736.0,627.0,614.333333333333,2019,중순,2019-03-11,상추-청,3,11,False,False,True,False,False,False,False,False,False,False,False,False,False,True,False,상추(청),,,,,,
201903하순,214.0,상추,2.0,청,상품,g,100.0,715.0,,709.0,623.0,595.333333333333,2019,하순,2019-03-21,상추-청,3,21,False,False,True,False,False,False,False,False,False,False,False,False,False,False,True,상추(청),,,,,,
201903하순,214.0,상추,2.0,청,상품,g,100.0,715.0,,709.0,623.0,595.333333333333,2019,하순,2019-03-21,상추-청,3,21,False,False,True,False,False,False,False,False,False,False,False,False,False,False,True,상추(청),,,,,,
201903하순,214.0,상추,2.0,청,상품,g,100.0,715.0,,709.0,623.0,595.333333333333,2019,하순,2019-03-21,상추-청,3,21,False,False,True,False,False,False,False,False,False,False,False,False,False,False,True,상추(청),,,,,,
201903하순,214.0,상추,2.0,청,상품,g,100.0,715.0,,709.0,623.0,595.333333333333,2019,하순,2019-03-21,상추-청,3,21,False,False,True,False,False,False,False,False,False,False,False,False,False,False,True,상추(청),,,,,,
201903하순,214.0,상추,2.0,청,상품,g,100.0,715.0,,709.0,623.0,595.333333333333,2019,하순,2019-03-21,상추-청,3,21,False,False,True,False,False,False,False,False,False,False,False,False,False,False,True,상추(청),,,,,,
201903하순,214.0,상추,2.0,청,상품,g,100.0,715.0,,709.0,623.0,595.333333333333,2019,하순,2019-03-21,상추-청,3,21,False,False,True,False,False,False,False,False,False,False,False,False,False,False,True,상추(청),,,,,,
201903하순,214.0,상추,2.0,청,상품,g,100.0,715.0,,709.0,623.0,595.333333333333,2019,하순,2019-03-21,상추-청,3,21,False,False,True,False,False,False,False,False,False,False,False,False,False,False,True,상추(청),,,,,,
201903하순,214.0,상추,2.0,청,상품,g,100.0,715.0,,709.0,623.0,595.333333333333,2019,하순,2019-03-21,상추-청,3,21,False,False,True,False,False,False,False,False,False,False,False,False,False,False,True,상추(청),,,,,,
201903하순,214.0,상추,2.0,청,상품,g,100.0,715.0,,709.0,623.0,595.333333333333,2019,하순,2019-03-21,상추-청,3,21,False,False,True,False,False,False,False,False,False,False,False,False,False,False,True,상추(청),,,,,,
201903하순,214.0,상추,2.0,청,상품,g,100.0,715.0,,709.0,623.0,595.333333333333,2019,하순,2019-03-21,상추-청,3,21,False,False,True,False,False,False,False,False,False,False,False,False,False,False,True,상추(청),,,,,,
201903하순,214.0,상추,2.0,청,상품,g,100.0,715.0,,709.0,623.0,595.333333333333,2019,하순,2019-03-21,상추-청,3,21,False,False,True,False,False,False,False,False,False,False,False,False,False,False,True,상추(청),,,,,,
201903하순,214.0,상추,2.0,청,상품,g,100.0,715.0,,709.0,623.0,595.333333333333,2019,하순,2019-03-21,상추-청,3,21,False,False,True,False,False,False,False,False,False,False,False,False,False,False,True,상추(청),,,,,,
201903하순,214.0,상추,2.0,청,상품,g,100.0,715.0,,709.0,623.0,595.333333333333,2019,하순,2019-03-21,상추-청,3,21,False,False,True,False,False,False,False,False,False,False,False,False,False,False,True,상추(청),,,,,,
201903하순,214.0,상추,2.0,청,상품,g,100.0,715.0,,709.0,623.0,595.333333333333,2019,하순,2019-03-21,상추-청,3,21,False,False,True,False,False,False,False,False,False,False,False,False,False,False,True,상추(청),,,,,,
201903하순,214.0,상추,2.0,청,상품,g,100.0,715.0,,709.0,623.0,595.333333333333,2019,하순,2019-03-21,상추-청,3,21,False,False,True,False,False,False,False,False,False,False,False,False,False,False,True,상추(청),,,,,,
201903하순,214.0,상추,2.0,청,상품,g,100.0,715.0,,709.0,623.0,595.333333333333,2019,하순,2019-03-21,상추-청,3,21,False,False,True,False,False,False,False,False,False,False,False,False,False,False,True,상추(청),,,,,,
201903하순,214.0,상추,2.0,청,상품,g,100.0,715.0,,709.0,623.0,595.333333333333,2019,하순,2019-03-21,상추-청,3,21,False,False,True,False,False,False,False,False,False,False,False,False,False,False,True,상추(청),,,,,,
201903하순,214.0,상추,2.0,청,상품,g,100.0,715.0,,709.0,623.0,595.333333333333,2019,하순,2019-03-21,상추-청,3,21,False,False,True,False,False,False,False,False,False,False,False,False,False,False,True,상추(청),,,,,,
201903하순,214.0,상추,2.0,청,상품,g,100.0,715.0,,709.0,623.0,595.333333333333,2019,하순,2019-03-21,상추-청,3,21,False,False,True,False,False,False,False,False,False,False,False,False,False,False,True,상추(청),,,,,,
201903하순,214.0,상추,2.0,청,상품,g,100.0,715.0,,709.0,623.0,595.333333333333,2019,하순,2019-03-21,상추-청,3,21,False,False,True,False,False,False,False,False,False,False,False,False,False,False,True,상추(청),,,,,,
201903하순,214.0,상추,2.0,청,상품,g,100.0,715.0,,709.0,623.0,595.333333333333,2019,하순,2019-03-21,상추-청,3,21,False,False,True,False,False,False,False,False,False,False,False,False,False,False,True,상추(청),,,,,,
201903하순,214.0,상추,2.0,청,상품,g,100.0,715.0,,709.0,623.0,595.333333333333,2019,하순,2019-03-21,상추-청,3,21,False,False,True,False,False,False,False,False,False,False,False,False,False,False,True,상추(청),,,,,,
201903하순,214.0,상추,2.0,청,상품,g,100.0,715.0,,709.0,623.0,595.333333333333,2019,하순,2019-03-21,상추-청,3,21,False,False,True,False,False,False,False,False,False,False,False,False,False,False,True,상추(청),,,,,,
201904상순,214.0,상추,2.0,청,상품,g,100.0,723.0,,710.0,689.0,612.666666666666,2019,상순,2019-04-01,상추-청,4,1,False,False,False,True,False,False,False,False,False,False,False,False,True,False,False,상추(청),,,,,,
201904상순,214.0,상추,2.0,청,상품,g,100.0,723.0,,710.0,689.0,612.666666666666,2019,상순,2019-04-01,상추-청,4,1,False,False,False,True,False,False,False,False,False,False,False,False,True,False,False,상추(청),,,,,,
201904상순,214.0,상추,2.0,청,상품,g,100.0,723.0,,710.0,689.0,612.666666666666,2019,상순,2019-04-01,상추-청,4,1,False,False,False,True,False,False,False,False,False,False,False,False,True,False,False,상추(청),,,,,,
201904상순,214.0,상추,2.0,청,상품,g,100.0,723.0,,710.0,689.0,612.666666666666,2019,상순,2019-04-01,상추-청,4,1,False,False,False,True,False,False,False,False,False,False,False,False,True,False,False,상추(청),,,,,,
201904상순,214.0,상추,2.0,청,상품,g,100.0,723.0,,710.0,689.0,612.666666666666,2019,상순,2019-04-01,상추-청,4,1,False,False,False,True,False,False,False,False,False,False,False,False,True,False,False,상추(청),,,,,,
201904상순,214.0,상추,2.0,청,상품,g,100.0,723.0,,710.0,689.0,612.666666666666,2019,상순,2019-04-01,상추-청,4,1,False,False,False,True,False,False,False,False,False,False,False,False,True,False,False,상추(청),,,,,,
201904상순,214.0,상추,2.0,청,상품,g,100.0,723.0,,710.0,689.0,612.666666666666,2019,상순,2019-04-01,상추-청,4,1,False,False,False,True,False,False,False,False,False,False,False,False,True,False,False,상추(청),,,,,,
201904상순,214.0,상추,2.0,청,상품,g,100.0,723.0,,710.0,689.0,612.666666666666,2019,상순,2019-04-01,상추-청,4,1,False,False,False,True,False,False,False,False,False,False,False,False,True,False,False,상추(청),,,,,,
201904상순,214.0,상추,2.0,청,상품,g,100.0,723.0,,710.0,689.0,612.666666666666,2019,상순,2019-04-01,상추-청,4,1,False,False,False,True,False,False,False,False,False,False,False,False,True,False,False,상추(청),,,,,,
201904상순,214.0,상추,2.0,청,상품,g,100.0,723.0,,710.0,689.0,612.666666666666,2019,상순,2019-04-01,상추-청,4,1,False,False,False,True,False,False,False,False,False,False,False,False,True,False,False,상추(청),,,,,,
201904상순,214.0,상추,2.0,청,상품,g,100.0,723.0,,710.0,689.0,612.666666666666,2019,상순,2019-04-01,상추-청,4,1,False,False,False,True,False,False,False,False,False,False,False,False,True,False,False,상추(청),,,,,,
201904상순,214.0,상추,2.0,청,상품,g,100.0,723.0,,710.0,689.0,612.666666666666,2019,상순,2019-04-01,상추-청,4,1,False,False,False,True,False,False,False,False,False,False,False,False,True,False,False,상추(청),,,,,,
201904상순,214.0,상추,2.0,청,상품,g,100.0,723.0,,710.0,689.0,612.666666666666,2019,상순,2019-04-01,상추-청,4,1,False,False,False,True,False,False,False,False,False,False,False,False,True,False,False,상추(청),,,,,,
201904상순,214.0,상추,2.0,청,상품,g,100.0,723.0,,710.0,689.0,612.666666666666,2019,상순,2019-04-01,상추-청,4,1,False,False,False,True,False,False,False,False,False,False,False,False,True,False,False,상추(청),,,,,,
201904상순,214.0,상추,2.0,청,상품,g,100.0,723.0,,710.0,689.0,612.666666666666,2019,상순,2019-04-01,상추-청,4,1,False,False,False,True,False,False,False,False,False,False,False,False,True,False,False,상추(청),,,,,,
201904상순,214.0,상추,2.0,청,상품,g,100.0,723.0,,710.0,689.0,612.666666666666,2019,상순,2019-04-01,상추-청,4,1,False,False,False,True,False,False,False,False,False,False,False,False,True,False,False,상추(청),,,,,,
201904상순,214.0,상추,2.0,청,상품,g,100.0,723.0,,710.0,689.0,612.666666666666,2019,상순,2019-04-01,상추-청,4,1,False,False,False,True,False,False,False,False,False,False,False,False,True,False,False,상추(청),,,,,,
201904상순,214.0,상추,2.0,청,상품,g,100.0,723.0,,710.0,689.0,612.666666666666,2019,상순,2019-04-01,상추-청,4,1,False,False,False,True,False,False,False,False,False,False,False,False,True,False,False,상추(청),,,,,,
201904상순,214.0,상추,2.0,청,상품,g,100.0,723.0,,710.0,689.0,612.666666666666,2019,상순,2019-04-01,상추-청,4,1,False,False,False,True,False,False,False,False,False,False,False,False,True,False,False,상추(청),,,,,,
201904상순,214.0,상추,2.0,청,상품,g,100.0,723.0,,710.0,689.0,612.666666666666,2019,상순,2019-04-01,상추-청,4,1,False,False,False,True,False,False,False,False,False,False,False,False,True,False,False,상추(청),,,,,,
201904상순,214.0,상추,2.0,청,상품,g,100.0,723.0,,710.0,689.0,612.666666666666,2019,상순,2019-04-01,상추-청,4,1,False,False,False,True,False,False,False,False,False,False,False,False,True,False,False,상추(청),,,,,,
201904상순,214.0,상추,2.0,청,상품,g,100.0,723.0,,710.0,689.0,612.666666666666,2019,상순,2019-04-01,상추-청,4,1,False,False,False,True,False,False,False,False,False,False,False,False,True,False,False,상추(청),,,,,,
201904상순,214.0,상추,2.0,청,상품,g,100.0,723.0,,710.0,689.0,612.666666666666,2019,상순,2019-04-01,상추-청,4,1,False,False,False,True,False,False,False,False,False,False,False,False,True,False,False,상추(청),,,,,,
201904중순,214.0,상추,2.0,청,상품,g,100.0,739.0,,716.0,676.0,617.0,2019,중순,2019-04-11,상추-청,4,11,False,False,False,True,False,False,False,False,False,False,False,False,False,True,False,상추(청),,,,,,
201904중순,214.0,상추,2.0,청,상품,g,100.0,739.0,,716.0,676.0,617.0,2019,중순,2019-04-11,상추-청,4,11,False,False,False,True,False,False,False,False,False,False,False,False,False,True,False,상추(청),,,,,,
201904중순,214.0,상추,2.0,청,상품,g,100.0,739.0,,716.0,676.0,617.0,2019,중순,2019-04-11,상추-청,4,11,False,False,False,True,False,False,False,False,False,False,False,False,False,True,False,상추(청),,,,,,
201904중순,214.0,상추,2.0,청,상품,g,100.0,739.0,,716.0,676.0,617.0,2019,중순,2019-04-11,상추-청,4,11,False,False,False,True,False,False,False,False,False,False,False,False,False,True,False,상추(청),,,,,,
201904중순,214.0,상추,2.0,청,상품,g,100.0,739.0,,716.0,676.0,617.0,2019,중순,2019-04-11,상추-청,4,11,False,False,False,True,False,False,False,False,False,False,False,False,False,True,False,상추(청),,,,,,
201904중순,214.0,상추,2.0,청,상품,g,100.0,739.0,,716.0,676.0,617.0,2019,중순,2019-04-11,상추-청,4,11,False,False,False,True,False,False,False,False,False,False,False,False,False,True,False,상추(청),,,,,,
201904중순,214.0,상추,2.0,청,상품,g,100.0,739.0,,716.0,676.0,617.0,2019,중순,2019-04-11,상추-청,4,11,False,False,False,True,False,False,False,False,False,False,False,False,False,True,False,상추(청),,,,,,
201904중순,214.0,상추,2.0,청,상품,g,100.0,739.0,,716.0,676.0,617.0,2019,중순,2019-04-11,상추-청,4,11,False,False,False,True,False,False,False,False,False,False,False,False,False,True,False,상추(청),,,,,,
201904중순,214.0,상추,2.0,청,상품,g,100.0,739.0,,716.0,676.0,617.0,2019,중순,2019-04-11,상추-청,4,11,False,False,False,True,False,False,False,False,False,False,False,False,False,True,False,상추(청),,,,,,
201904중순,214.0,상추,2.0,청,상품,g,100.0,739.0,,716.0,676.0,617.0,2019,중순,2019-04-11,상추-청,4,11,False,False,False,True,False,False,False,False,False,False,False,False,False,True,False,상추(청),,,,,,
201904중순,214.0,상추,2.0,청,상품,g,100.0,739.0,,716.0,676.0,617.0,2019,중순,2019-04-11,상추-청,4,11,False,False,False,True,False,False,False,False,False,False,False,False,False,True,False,상추(청),,,,,,
201904중순,214.0,상추,2.0,청,상품,g,100.0,739.0,,716.0,676.0,617.0,2019,중순,2019-04-11,상추-청,4,11,False,False,False,True,False,False,False,False,False,False,False,False,False,True,False,상추(청),,,,,,
201904중순,214.0,상추,2.0,청,상품,g,100.0,739.0,,716.0,676.0,617.0,2019,중순,2019-04-11,상추-청,4,11,False,False,False,True,False,False,False,False,False,False,False,False,False,True,False,상추(청),,,,,,
201904중순,214.0,상추,2.0,청,상품,g,100.0,739.0,,716.0,676.0,617.0,2019,중순,2019-04-11,상추-청,4,11,False,False,False,True,False,False,False,False,False,False,False,False,False,True,False,상추(청),,,,,,
201904중순,214.0,상추,2.0,청,상품,g,100.0,739.0,,716.0,676.0,617.0,2019,중순,2019-04-11,상추-청,4,11,False,False,False,True,False,False,False,False,False,False,False,False,False,True,False,상추(청),,,,,,
201904중순,214.0,상추,2.0,청,상품,g,100.0,739.0,,716.0,676.0,617.0,2019,중순,2019-04-11,상추-청,4,11,False,False,False,True,False,False,False,False,False,False,False,False,False,True,False,상추(청),,,,,,
201904중순,214.0,상추,2.0,청,상품,g,100.0,739.0,,716.0,676.0,617.0,2019,중순,2019-04-11,상추-청,4,11,False,False,False,True,False,False,False,False,False,False,False,False,False,True,False,상추(청),,,,,,
201904중순,214.0,상추,2.0,청,상품,g,100.0,739.0,,716.0,676.0,617.0,2019,중순,2019-04-11,상추-청,4,11,False,False,False,True,False,False,False,False,False,False,False,False,False,True,False,상추(청),,,,,,
201904중순,214.0,상추,2.0,청,상품,g,100.0,739.0,,716.0,676.0,617.0,2019,중순,2019-04-11,상추-청,4,11,False,False,False,True,False,False,False,False,False,False,False,False,False,True,False,상추(청),,,,,,
201904중순,214.0,상추,2.0,청,상품,g,100.0,739.0,,716.0,676.0,617.0,2019,중순,2019-04-11,상추-청,4,11,False,False,False,True,False,False,False,False,False,False,False,False,False,True,False,상추(청),,,,,,
201904중순,214.0,상추,2.0,청,상품,g,100.0,739.0,,716.0,676.0,617.0,2019,중순,2019-04-11,상추-청,4,11,False,False,False,True,False,False,False,False,False,False,False,False,False,True,False,상추(청),,,,,,
201904중순,214.0,상추,2.0,청,상품,g,100.0,739.0,,716.0,676.0,617.0,2019,중순,2019-04-11,상추-청,4,11,False,False,False,True,False,False,False,False,False,False,False,False,False,True,False,상추(청),,,,,,
201904중순,214.0,상추,2.0,청,상품,g,100.0,739.0,,716.0,676.0,617.0,2019,중순,2019-04-11,상추-청,4,11,False,False,False,True,False,False,False,False,False,False,False,False,False,True,False,상추(청),,,,,,
201904중순,214.0,상추,2.0,청,상품,g,100.0,739.0,,716.0,676.0,617.0,2019,중순,2019-04-11,상추-청,4,11,False,False,False,True,False,False,False,False,False,False,False,False,False,True,False,상추(청),,,,,,
201904중순,214.0,상추,2.0,청,상품,g,100.0,739.0,,716.0,676.0,617.0,2019,중순,2019-04-11,상추-청,4,11,False,False,False,True,False,False,False,False,False,False,False,False,False,True,False,상추(청),,,,,,
201904하순,214.0,상추,2.0,청,상품,g,100.0,715.0,,715.0,711.0,614.0,2019,하순,2019-04-21,상추-청,4,21,False,False,False,True,False,False,False,False,False,False,False,False,False,False,True,상추(청),,,,,,
201904하순,214.0,상추,2.0,청,상품,g,100.0,715.0,,715.0,711.0,614.0,2019,하순,2019-04-21,상추-청,4,21,False,False,False,True,False,False,False,False,False,False,False,False,False,False,True,상추(청),,,,,,
201904하순,214.0,상추,2.0,청,상품,g,100.0,715.0,,715.0,711.0,614.0,2019,하순,2019-04-21,상추-청,4,21,False,False,False,True,False,False,False,False,False,False,False,False,False,False,True,상추(청),,,,,,
201904하순,214.0,상추,2.0,청,상품,g,100.0,715.0,,715.0,711.0,614.0,2019,하순,2019-04-21,상추-청,4,21,False,False,False,True,False,False,False,False,False,False,False,False,False,False,True,상추(청),,,,,,
201904하순,214.0,상추,2.0,청,상품,g,100.0,715.0,,715.0,711.0,614.0,2019,하순,2019-04-21,상추-청,4,21,False,False,False,True,False,False,False,False,False,False,False,False,False,False,True,상추(청),,,,,,
201904하순,214.0,상추,2.0,청,상품,g,100.0,715.0,,715.0,711.0,614.0,2019,하순,2019-04-21,상추-청,4,21,False,False,False,True,False,False,False,False,False,False,False,False,False,False,True,상추(청),,,,,,
201904하순,214.0,상추,2.0,청,상품,g,100.0,715.0,,715.0,711.0,614.0,2019,하순,2019-04-21,상추-청,4,21,False,False,False,True,False,False,False,False,False,False,False,False,False,False,True,상추(청),,,,,,
201904하순,214.0,상추,2.0,청,상품,g,100.0,715.0,,715.0,711.0,614.0,2019,하순,2019-04-21,상추-청,4,21,False,False,False,True,False,False,False,False,False,False,False,False,False,False,True,상추(청),,,,,,
201904하순,214.0,상추,2.0,청,상품,g,100.0,715.0,,715.0,711.0,614.0,2019,하순,2019-04-21,상추-청,4,21,False,False,False,True,False,False,False,False,False,False,False,False,False,False,True,상추(청),,,,,,
201904하순,214.0,상추,2.0,청,상품,g,100.0,715.0,,715.0,711.0,614.0,2019,하순,2019-04-21,상추-청,4,21,False,False,False,True,False,False,False,False,False,False,False,False,False,False,True,상추(청),,,,,,
201904하순,214.0,상추,2.0,청,상품,g,100.0,715.0,,715.0,711.0,614.0,2019,하순,2019-04-21,상추-청,4,21,False,False,False,True,False,False,False,False,False,False,False,False,False,False,True,상추(청),,,,,,
201904하순,214.0,상추,2.0,청,상품,g,100.0,715.0,,715.0,711.0,614.0,2019,하순,2019-04-21,상추-청,4,21,False,False,False,True,False,False,False,False,False,False,False,False,False,False,True,상추(청),,,,,,
201904하순,214.0,상추,2.0,청,상품,g,100.0,715.0,,715.0,711.0,614.0,2019,하순,2019-04-21,상추-청,4,21,False,False,False,True,False,False,False,False,False,False,False,False,False,False,True,상추(청),,,,,,
201904하순,214.0,상추,2.0,청,상품,g,100.0,715.0,,715.0,711.0,614.0,2019,하순,2019-04-21,상추-청,4,21,False,False,False,True,False,False,False,False,False,False,False,False,False,False,True,상추(청),,,,,,
201904하순,214.0,상추,2.0,청,상품,g,100.0,715.0,,715.0,711.0,614.0,2019,하순,2019-04-21,상추-청,4,21,False,False,False,True,False,False,False,False,False,False,False,False,False,False,True,상추(청),,,,,,
201904하순,214.0,상추,2.0,청,상품,g,100.0,715.0,,715.0,711.0,614.0,2019,하순,2019-04-21,상추-청,4,21,False,False,False,True,False,False,False,False,False,False,False,False,False,False,True,상추(청),,,,,,
201904하순,214.0,상추,2.0,청,상품,g,100.0,715.0,,715.0,711.0,614.0,2019,하순,2019-04-21,상추-청,4,21,False,False,False,True,False,False,False,False,False,False,False,False,False,False,True,상추(청),,,,,,
201904하순,214.0,상추,2.0,청,상품,g,100.0,715.0,,715.0,711.0,614.0,2019,하순,2019-04-21,상추-청,4,21,False,False,False,True,False,False,False,False,False,False,False,False,False,False,True,상추(청),,,,,,
201904하순,214.0,상추,2.0,청,상품,g,100.0,715.0,,715.0,711.0,614.0,2019,하순,2019-04-21,상추-청,4,21,False,False,False,True,False,False,False,False,False,False,False,False,False,False,True,상추(청),,,,,,
201904하순,214.0,상추,2.0,청,상품,g,100.0,715.0,,715.0,711.0,614.0,2019,하순,2019-04-21,상추-청,4,21,False,False,False,True,False,False,False,False,False,False,False,False,False,False,True,상추(청),,,,,,
201904하순,214.0,상추,2.0,청,상품,g,100.0,715.0,,715.0,711.0,614.0,2019,하순,2019-04-21,상추-청,4,21,False,False,False,True,False,False,False,False,False,False,False,False,False,False,True,상추(청),,,,,,
201904하순,214.0,상추,2.0,청,상품,g,100.0,715.0,,715.0,711.0,614.0,2019,하순,2019-04-21,상추-청,4,21,False,False,False,True,False,False,False,False,False,False,False,False,False,False,True,상추(청),,,,,,
201904하순,214.0,상추,2.0,청,상품,g,100.0,715.0,,715.0,711.0,614.0,2019,하순,2019-04-21,상추-청,4,21,False,False,False,True,False,False,False,False,False,False,False,False,False,False,True,상추(청),,,,,,
201904하순,214.0,상추,2.0,청,상품,g,100.0,715.0,,715.0,711.0,614.0,2019,하순,2019-04-21,상추-청,4,21,False,False,False,True,False,False,False,False,False,False,False,False,False,False,True,상추(청),,,,,,
201904하순,214.0,상추,2.0,청,상품,g,100.0,715.0,,715.0,711.0,614.0,2019,하순,2019-04-21,상추-청,4,21,False,False,False,True,False,False,False,False,False,False,False,False,False,False,True,상추(청),,,,,,
201905상순,214.0,상추,2.0,청,상품,g,100.0,767.0,,723.0,707.0,629.333333333333,2019,상순,2019-05-01,상추-청,5,1,False,False,False,False,True,False,False,False,False,False,False,False,True,False,False,상추(청),,,,,,
201905상순,214.0,상추,2.0,청,상품,g,100.0,767.0,,723.0,707.0,629.333333333333,2019,상순,2019-05-01,상추-청,5,1,False,False,False,False,True,False,False,False,False,False,False,False,True,False,False,상추(청),,,,,,
201905상순,214.0,상추,2.0,청,상품,g,100.0,767.0,,723.0,707.0,629.333333333333,2019,상순,2019-05-01,상추-청,5,1,False,False,False,False,True,False,False,False,False,False,False,False,True,False,False,상추(청),,,,,,
201905상순,214.0,상추,2.0,청,상품,g,100.0,767.0,,723.0,707.0,629.333333333333,2019,상순,2019-05-01,상추-청,5,1,False,False,False,False,True,False,False,False,False,False,False,False,True,False,False,상추(청),,,,,,
201905상순,214.0,상추,2.0,청,상품,g,100.0,767.0,,723.0,707.0,629.333333333333,2019,상순,2019-05-01,상추-청,5,1,False,False,False,False,True,False,False,False,False,False,False,False,True,False,False,상추(청),,,,,,
201905상순,214.0,상추,2.0,청,상품,g,100.0,767.0,,723.0,707.0,629.333333333333,2019,상순,2019-05-01,상추-청,5,1,False,False,False,False,True,False,False,False,False,False,False,False,True,False,False,상추(청),,,,,,
201905상순,214.0,상추,2.0,청,상품,g,100.0,767.0,,723.0,707.0,629.333333333333,2019,상순,2019-05-01,상추-청,5,1,False,False,False,False,True,False,False,False,False,False,False,False,True,False,False,상추(청),,,,,,
201905상순,214.0,상추,2.0,청,상품,g,100.0,767.0,,723.0,707.0,629.333333333333,2019,상순,2019-05-01,상추-청,5,1,False,False,False,False,True,False,False,False,False,False,False,False,True,False,False,상추(청),,,,,,
201905상순,214.0,상추,2.0,청,상품,g,100.0,767.0,,723.0,707.0,629.333333333333,2019,상순,2019-05-01,상추-청,5,1,False,False,False,False,True,False,False,False,False,False,False,False,True,False,False,상추(청),,,,,,
201905상순,214.0,상추,2.0,청,상품,g,100.0,767.0,,723.0,707.0,629.333333333333,2019,상순,2019-05-01,상추-청,5,1,False,False,False,False,True,False,False,False,False,False,False,False,True,False,False,상추(청),,,,,,
201905상순,214.0,상추,2.0,청,상품,g,100.0,767.0,,723.0,707.0,629.333333333333,2019,상순,2019-05-01,상추-청,5,1,False,False,False,False,True,False,False,False,False,False,False,False,True,False,False,상추(청),,,,,,
201905상순,214.0,상추,2.0,청,상품,g,100.0,767.0,,723.0,707.0,629.333333333333,2019,상순,2019-05-01,상추-청,5,1,False,False,False,False,True,False,False,False,False,False,False,False,True,False,False,상추(청),,,,,,
201905상순,214.0,상추,2.0,청,상품,g,100.0,767.0,,723.0,707.0,629.333333333333,2019,상순,2019-05-01,상추-청,5,1,False,False,False,False,True,False,False,False,False,False,False,False,True,False,False,상추(청),,,,,,
201905상순,214.0,상추,2.0,청,상품,g,100.0,767.0,,723.0,707.0,629.333333333333,2019,상순,2019-05-01,상추-청,5,1,False,False,False,False,True,False,False,False,False,False,False,False,True,False,False,상추(청),,,,,,
201905상순,214.0,상추,2.0,청,상품,g,100.0,767.0,,723.0,707.0,629.333333333333,2019,상순,2019-05-01,상추-청,5,1,False,False,False,False,True,False,False,False,False,False,False,False,True,False,False,상추(청),,,,,,
201905상순,214.0,상추,2.0,청,상품,g,100.0,767.0,,723.0,707.0,629.333333333333,2019,상순,2019-05-01,상추-청,5,1,False,False,False,False,True,False,False,False,False,False,False,False,True,False,False,상추(청),,,,,,
201905상순,214.0,상추,2.0,청,상품,g,100.0,767.0,,723.0,707.0,629.333333333333,2019,상순,2019-05-01,상추-청,5,1,False,False,False,False,True,False,False,False,False,False,False,False,True,False,False,상추(청),,,,,,
201905상순,214.0,상추,2.0,청,상품,g,100.0,767.0,,723.0,707.0,629.333333333333,2019,상순,2019-05-01,상추-청,5,1,False,False,False,False,True,False,False,False,False,False,False,False,True,False,False,상추(청),,,,,,
201905상순,214.0,상추,2.0,청,상품,g,100.0,767.0,,723.0,707.0,629.333333333333,2019,상순,2019-05-01,상추-청,5,1,False,False,False,False,True,False,False,False,False,False,False,False,True,False,False,상추(청),,,,,,
201905상순,214.0,상추,2.0,청,상품,g,100.0,767.0,,723.0,707.0,629.333333333333,2019,상순,2019-05-01,상추-청,5,1,False,False,False,False,True,False,False,False,False,False,False,False,True,False,False,상추(청),,,,,,
201905상순,214.0,상추,2.0,청,상품,g,100.0,767.0,,723.0,707.0,629.333333333333,2019,상순,2019-05-01,상추-청,5,1,False,False,False,False,True,False,False,False,False,False,False,False,True,False,False,상추(청),,,,,,
201905상순,214.0,상추,2.0,청,상품,g,100.0,767.0,,723.0,707.0,629.333333333333,2019,상순,2019-05-01,상추-청,5,1,False,False,False,False,True,False,False,False,False,False,False,False,True,False,False,상추(청),,,,,,
201905상순,214.0,상추,2.0,청,상품,g,100.0,767.0,,723.0,707.0,629.333333333333,2019,상순,2019-05-01,상추-청,5,1,False,False,False,False,True,False,False,False,False,False,False,False,True,False,False,상추(청),,,,,,
201905중순,214.0,상추,2.0,청,상품,g,100.0,861.0,,739.0,672.0,661.333333333333,2019,중순,2019-05-11,상추-청,5,11,False,False,False,False,True,False,False,False,False,False,False,False,False,True,False,상추(청),,,,,,
201905중순,214.0,상추,2.0,청,상품,g,100.0,861.0,,739.0,672.0,661.333333333333,2019,중순,2019-05-11,상추-청,5,11,False,False,False,False,True,False,False,False,False,False,False,False,False,True,False,상추(청),,,,,,
201905중순,214.0,상추,2.0,청,상품,g,100.0,861.0,,739.0,672.0,661.333333333333,2019,중순,2019-05-11,상추-청,5,11,False,False,False,False,True,False,False,False,False,False,False,False,False,True,False,상추(청),,,,,,
201905중순,214.0,상추,2.0,청,상품,g,100.0,861.0,,739.0,672.0,661.333333333333,2019,중순,2019-05-11,상추-청,5,11,False,False,False,False,True,False,False,False,False,False,False,False,False,True,False,상추(청),,,,,,
201905중순,214.0,상추,2.0,청,상품,g,100.0,861.0,,739.0,672.0,661.333333333333,2019,중순,2019-05-11,상추-청,5,11,False,False,False,False,True,False,False,False,False,False,False,False,False,True,False,상추(청),,,,,,
201905중순,214.0,상추,2.0,청,상품,g,100.0,861.0,,739.0,672.0,661.333333333333,2019,중순,2019-05-11,상추-청,5,11,False,False,False,False,True,False,False,False,False,False,False,False,False,True,False,상추(청),,,,,,
201905중순,214.0,상추,2.0,청,상품,g,100.0,861.0,,739.0,672.0,661.333333333333,2019,중순,2019-05-11,상추-청,5,11,False,False,False,False,True,False,False,False,False,False,False,False,False,True,False,상추(청),,,,,,
201905중순,214.0,상추,2.0,청,상품,g,100.0,861.0,,739.0,672.0,661.333333333333,2019,중순,2019-05-11,상추-청,5,11,False,False,False,False,True,False,False,False,False,False,False,False,False,True,False,상추(청),,,,,,
201905중순,214.0,상추,2.0,청,상품,g,100.0,861.0,,739.0,672.0,661.333333333333,2019,중순,2019-05-11,상추-청,5,11,False,False,False,False,True,False,False,False,False,False,False,False,False,True,False,상추(청),,,,,,
201905중순,214.0,상추,2.0,청,상품,g,100.0,861.0,,739.0,672.0,661.333333333333,2019,중순,2019-05-11,상추-청,5,11,False,False,False,False,True,False,False,False,False,False,False,False,False,True,False,상추(청),,,,,,
201905중순,214.0,상추,2.0,청,상품,g,100.0,861.0,,739.0,672.0,661.333333333333,2019,중순,2019-05-11,상추-청,5,11,False,False,False,False,True,False,False,False,False,False,False,False,False,True,False,상추(청),,,,,,
201905중순,214.0,상추,2.0,청,상품,g,100.0,861.0,,739.0,672.0,661.333333333333,2019,중순,2019-05-11,상추-청,5,11,False,False,False,False,True,False,False,False,False,False,False,False,False,True,False,상추(청),,,,,,
201905중순,214.0,상추,2.0,청,상품,g,100.0,861.0,,739.0,672.0,661.333333333333,2019,중순,2019-05-11,상추-청,5,11,False,False,False,False,True,False,False,False,False,False,False,False,False,True,False,상추(청),,,,,,
201905중순,214.0,상추,2.0,청,상품,g,100.0,861.0,,739.0,672.0,661.333333333333,2019,중순,2019-05-11,상추-청,5,11,False,False,False,False,True,False,False,False,False,False,False,False,False,True,False,상추(청),,,,,,
201905중순,214.0,상추,2.0,청,상품,g,100.0,861.0,,739.0,672.0,661.333333333333,2019,중순,2019-05-11,상추-청,5,11,False,False,False,False,True,False,False,False,False,False,False,False,False,True,False,상추(청),,,,,,
201905중순,214.0,상추,2.0,청,상품,g,100.0,861.0,,739.0,672.0,661.333333333333,2019,중순,2019-05-11,상추-청,5,11,False,False,False,False,True,False,False,False,False,False,False,False,False,True,False,상추(청),,,,,,
201905중순,214.0,상추,2.0,청,상품,g,100.0,861.0,,739.0,672.0,661.333333333333,2019,중순,2019-05-11,상추-청,5,11,False,False,False,False,True,False,False,False,False,False,False,False,False,True,False,상추(청),,,,,,
201905중순,214.0,상추,2.0,청,상품,g,100.0,861.0,,739.0,672.0,661.333333333333,2019,중순,2019-05-11,상추-청,5,11,False,False,False,False,True,False,False,False,False,False,False,False,False,True,False,상추(청),,,,,,
201905중순,214.0,상추,2.0,청,상품,g,100.0,861.0,,739.0,672.0,661.333333333333,2019,중순,2019-05-11,상추-청,5,11,False,False,False,False,True,False,False,False,False,False,False,False,False,True,False,상추(청),,,,,,
201905중순,214.0,상추,2.0,청,상품,g,100.0,861.0,,739.0,672.0,661.333333333333,2019,중순,2019-05-11,상추-청,5,11,False,False,False,False,True,False,False,False,False,False,False,False,False,True,False,상추(청),,,,,,
201905중순,214.0,상추,2.0,청,상품,g,100.0,861.0,,739.0,672.0,661.333333333333,2019,중순,2019-05-11,상추-청,5,11,False,False,False,False,True,False,False,False,False,False,False,False,False,True,False,상추(청),,,,,,
201905중순,214.0,상추,2.0,청,상품,g,100.0,861.0,,739.0,672.0,661.333333333333,2019,중순,2019-05-11,상추-청,5,11,False,False,False,False,True,False,False,False,False,False,False,False,False,True,False,상추(청),,,,,,
201905중순,214.0,상추,2.0,청,상품,g,100.0,861.0,,739.0,672.0,661.333333333333,2019,중순,2019-05-11,상추-청,5,11,False,False,False,False,True,False,False,False,False,False,False,False,False,True,False,상추(청),,,,,,
201905하순,214.0,상추,2.0,청,상품,g,100.0,803.0,,715.0,698.0,638.333333333333,2019,하순,2019-05-21,상추-청,5,21,False,False,False,False,True,False,False,False,False,False,False,False,False,False,True,상추(청),,,,,,
201905하순,214.0,상추,2.0,청,상품,g,100.0,803.0,,715.0,698.0,638.333333333333,2019,하순,2019-05-21,상추-청,5,21,False,False,False,False,True,False,False,False,False,False,False,False,False,False,True,상추(청),,,,,,
201905하순,214.0,상추,2.0,청,상품,g,100.0,803.0,,715.0,698.0,638.333333333333,2019,하순,2019-05-21,상추-청,5,21,False,False,False,False,True,False,False,False,False,False,False,False,False,False,True,상추(청),,,,,,
201905하순,214.0,상추,2.0,청,상품,g,100.0,803.0,,715.0,698.0,638.333333333333,2019,하순,2019-05-21,상추-청,5,21,False,False,False,False,True,False,False,False,False,False,False,False,False,False,True,상추(청),,,,,,
201905하순,214.0,상추,2.0,청,상품,g,100.0,803.0,,715.0,698.0,638.333333333333,2019,하순,2019-05-21,상추-청,5,21,False,False,False,False,True,False,False,False,False,False,False,False,False,False,True,상추(청),,,,,,
201905하순,214.0,상추,2.0,청,상품,g,100.0,803.0,,715.0,698.0,638.333333333333,2019,하순,2019-05-21,상추-청,5,21,False,False,False,False,True,False,False,False,False,False,False,False,False,False,True,상추(청),,,,,,
201905하순,214.0,상추,2.0,청,상품,g,100.0,803.0,,715.0,698.0,638.333333333333,2019,하순,2019-05-21,상추-청,5,21,False,False,False,False,True,False,False,False,False,False,False,False,False,False,True,상추(청),,,,,,
201905하순,214.0,상추,2.0,청,상품,g,100.0,803.0,,715.0,698.0,638.333333333333,2019,하순,2019-05-21,상추-청,5,21,False,False,False,False,True,False,False,False,False,False,False,False,False,False,True,상추(청),,,,,,
201905하순,214.0,상추,2.0,청,상품,g,100.0,803.0,,715.0,698.0,638.333333333333,2019,하순,2019-05-21,상추-청,5,21,False,False,False,False,True,False,False,False,False,False,False,False,False,False,True,상추(청),,,,,,
201905하순,214.0,상추,2.0,청,상품,g,100.0,803.0,,715.0,698.0,638.333333333333,2019,하순,2019-05-21,상추-청,5,21,False,False,False,False,True,False,False,False,False,False,False,False,False,False,True,상추(청),,,,,,
201905하순,214.0,상추,2.0,청,상품,g,100.0,803.0,,715.0,698.0,638.333333333333,2019,하순,2019-05-21,상추-청,5,21,False,False,False,False,True,False,False,False,False,False,False,False,False,False,True,상추(청),,,,,,
201905하순,214.0,상추,2.0,청,상품,g,100.0,803.0,,715.0,698.0,638.333333333333,2019,하순,2019-05-21,상추-청,5,21,False,False,False,False,True,False,False,False,False,False,False,False,False,False,True,상추(청),,,,,,
201905하순,214.0,상추,2.0,청,상품,g,100.0,803.0,,715.0,698.0,638.333333333333,2019,하순,2019-05-21,상추-청,5,21,False,False,False,False,True,False,False,False,False,False,False,False,False,False,True,상추(청),,,,,,
201905하순,214.0,상추,2.0,청,상품,g,100.0,803.0,,715.0,698.0,638.333333333333,2019,하순,2019-05-21,상추-청,5,21,False,False,False,False,True,False,False,False,False,False,False,False,False,False,True,상추(청),,,,,,
201905하순,214.0,상추,2.0,청,상품,g,100.0,803.0,,715.0,698.0,638.333333333333,2019,하순,2019-05-21,상추-청,5,21,False,False,False,False,True,False,False,False,False,False,False,False,False,False,True,상추(청),,,,,,
201905하순,214.0,상추,2.0,청,상품,g,100.0,803.0,,715.0,698.0,638.333333333333,2019,하순,2019-05-21,상추-청,5,21,False,False,False,False,True,False,False,False,False,False,False,False,False,False,True,상추(청),,,,,,
201905하순,214.0,상추,2.0,청,상품,g,100.0,803.0,,715.0,698.0,638.333333333333,2019,하순,2019-05-21,상추-청,5,21,False,False,False,False,True,False,False,False,False,False,False,False,False,False,True,상추(청),,,,,,
201905하순,214.0,상추,2.0,청,상품,g,100.0,803.0,,715.0,698.0,638.333333333333,2019,하순,2019-05-21,상추-청,5,21,False,False,False,False,True,False,False,False,False,False,False,False,False,False,True,상추(청),,,,,,
201905하순,214.0,상추,2.0,청,상품,g,100.0,803.0,,715.0,698.0,638.333333333333,2019,하순,2019-05-21,상추-청,5,21,False,False,False,False,True,False,False,False,False,False,False,False,False,False,True,상추(청),,,,,,
201905하순,214.0,상추,2.0,청,상품,g,100.0,803.0,,715.0,698.0,638.333333333333,2019,하순,2019-05-21,상추-청,5,21,False,False,False,False,True,False,False,False,False,False,False,False,False,False,True,상추(청),,,,,,
201905하순,214.0,상추,2.0,청,상품,g,100.0,803.0,,715.0,698.0,638.333333333333,2019,하순,2019-05-21,상추-청,5,21,False,False,False,False,True,False,False,False,False,False,False,False,False,False,True,상추(청),,,,,,
201905하순,214.0,상추,2.0,청,상품,g,100.0,803.0,,715.0,698.0,638.333333333333,2019,하순,2019-05-21,상추-청,5,21,False,False,False,False,True,False,False,False,False,False,False,False,False,False,True,상추(청),,,,,,
201905하순,214.0,상추,2.0,청,상품,g,100.0,803.0,,715.0,698.0,638.333333333333,2019,하순,2019-05-21,상추-청,5,21,False,False,False,False,True,False,False,False,False,False,False,False,False,False,True,상추(청),,,,,,
201905하순,214.0,상추,2.0,청,상품,g,100.0,803.0,,715.0,698.0,638.333333333333,2019,하순,2019-05-21,상추-청,5,21,False,False,False,False,True,False,False,False,False,False,False,False,False,False,True,상추(청),,,,,,
201905하순,214.0,상추,2.0,청,상품,g,100.0,803.0,,715.0,698.0,638.333333333333,2019,하순,2019-05-21,상추-청,5,21,False,False,False,False,True,False,False,False,False,False,False,False,False,False,True,상추(청),,,,,,
201905하순,214.0,상추,2.0,청,상품,g,100.0,803.0,,715.0,698.0,638.333333333333,2019,하순,2019-05-21,상추-청,5,21,False,False,False,False,True,False,False,False,False,False,False,False,False,False,True,상추(청),,,,,,
201905하순,214.0,상추,2.0,청,상품,g,100.0,803.0,,715.0,698.0,638.333333333333,2019,하순,2019-05-21,상추-청,5,21,False,False,False,False,True,False,False,False,False,False,False,False,False,False,True,상추(청),,,,,,
201906상순,214.0,상추,2.0,청,상품,g,100.0,766.0,,767.0,741.0,628.666666666666,2019,상순,2019-06-01,상추-청,6,1,False,False,False,False,False,True,False,False,False,False,False,False,True,False,False,상추(청),,,,,,
201906상순,214.0,상추,2.0,청,상품,g,100.0,766.0,,767.0,741.0,628.666666666666,2019,상순,2019-06-01,상추-청,6,1,False,False,False,False,False,True,False,False,False,False,False,False,True,False,False,상추(청),,,,,,
201906상순,214.0,상추,2.0,청,상품,g,100.0,766.0,,767.0,741.0,628.666666666666,2019,상순,2019-06-01,상추-청,6,1,False,False,False,False,False,True,False,False,False,False,False,False,True,False,False,상추(청),,,,,,
201906상순,214.0,상추,2.0,청,상품,g,100.0,766.0,,767.0,741.0,628.666666666666,2019,상순,2019-06-01,상추-청,6,1,False,False,False,False,False,True,False,False,False,False,False,False,True,False,False,상추(청),,,,,,
201906상순,214.0,상추,2.0,청,상품,g,100.0,766.0,,767.0,741.0,628.666666666666,2019,상순,2019-06-01,상추-청,6,1,False,False,False,False,False,True,False,False,False,False,False,False,True,False,False,상추(청),,,,,,
201906상순,214.0,상추,2.0,청,상품,g,100.0,766.0,,767.0,741.0,628.666666666666,2019,상순,2019-06-01,상추-청,6,1,False,False,False,False,False,True,False,False,False,False,False,False,True,False,False,상추(청),,,,,,
201906상순,214.0,상추,2.0,청,상품,g,100.0,766.0,,767.0,741.0,628.666666666666,2019,상순,2019-06-01,상추-청,6,1,False,False,False,False,False,True,False,False,False,False,False,False,True,False,False,상추(청),,,,,,
201906상순,214.0,상추,2.0,청,상품,g,100.0,766.0,,767.0,741.0,628.666666666666,2019,상순,2019-06-01,상추-청,6,1,False,False,False,False,False,True,False,False,False,False,False,False,True,False,False,상추(청),,,,,,
201906상순,214.0,상추,2.0,청,상품,g,100.0,766.0,,767.0,741.0,628.666666666666,2019,상순,2019-06-01,상추-청,6,1,False,False,False,False,False,True,False,False,False,False,False,False,True,False,False,상추(청),,,,,,
201906상순,214.0,상추,2.0,청,상품,g,100.0,766.0,,767.0,741.0,628.666666666666,2019,상순,2019-06-01,상추-청,6,1,False,False,False,False,False,True,False,False,False,False,False,False,True,False,False,상추(청),,,,,,
201906상순,214.0,상추,2.0,청,상품,g,100.0,766.0,,767.0,741.0,628.666666666666,2019,상순,2019-06-01,상추-청,6,1,False,False,False,False,False,True,False,False,False,False,False,False,True,False,False,상추(청),,,,,,
201906상순,214.0,상추,2.0,청,상품,g,100.0,766.0,,767.0,741.0,628.666666666666,2019,상순,2019-06-01,상추-청,6,1,False,False,False,False,False,True,False,False,False,False,False,False,True,False,False,상추(청),,,,,,
201906상순,214.0,상추,2.0,청,상품,g,100.0,766.0,,767.0,741.0,628.666666666666,2019,상순,2019-06-01,상추-청,6,1,False,False,False,False,False,True,False,False,False,False,False,False,True,False,False,상추(청),,,,,,
201906상순,214.0,상추,2.0,청,상품,g,100.0,766.0,,767.0,741.0,628.666666666666,2019,상순,2019-06-01,상추-청,6,1,False,False,False,False,False,True,False,False,False,False,False,False,True,False,False,상추(청),,,,,,
201906상순,214.0,상추,2.0,청,상품,g,100.0,766.0,,767.0,741.0,628.666666666666,2019,상순,2019-06-01,상추-청,6,1,False,False,False,False,False,True,False,False,False,False,False,False,True,False,False,상추(청),,,,,,
201906상순,214.0,상추,2.0,청,상품,g,100.0,766.0,,767.0,741.0,628.666666666666,2019,상순,2019-06-01,상추-청,6,1,False,False,False,False,False,True,False,False,False,False,False,False,True,False,False,상추(청),,,,,,
201906상순,214.0,상추,2.0,청,상품,g,100.0,766.0,,767.0,741.0,628.666666666666,2019,상순,2019-06-01,상추-청,6,1,False,False,False,False,False,True,False,False,False,False,False,False,True,False,False,상추(청),,,,,,
201906상순,214.0,상추,2.0,청,상품,g,100.0,766.0,,767.0,741.0,628.666666666666,2019,상순,2019-06-01,상추-청,6,1,False,False,False,False,False,True,False,False,False,False,False,False,True,False,False,상추(청),,,,,,
201906상순,214.0,상추,2.0,청,상품,g,100.0,766.0,,767.0,741.0,628.666666666666,2019,상순,2019-06-01,상추-청,6,1,False,False,False,False,False,True,False,False,False,False,False,False,True,False,False,상추(청),,,,,,
201906상순,214.0,상추,2.0,청,상품,g,100.0,766.0,,767.0,741.0,628.666666666666,2019,상순,2019-06-01,상추-청,6,1,False,False,False,False,False,True,False,False,False,False,False,False,True,False,False,상추(청),,,,,,
201906상순,214.0,상추,2.0,청,상품,g,100.0,766.0,,767.0,741.0,628.666666666666,2019,상순,2019-06-01,상추-청,6,1,False,False,False,False,False,True,False,False,False,False,False,False,True,False,False,상추(청),,,,,,
201906상순,214.0,상추,2.0,청,상품,g,100.0,766.0,,767.0,741.0,628.666666666666,2019,상순,2019-06-01,상추-청,6,1,False,False,False,False,False,True,False,False,False,False,False,False,True,False,False,상추(청),,,,,,
201906상순,214.0,상추,2.0,청,상품,g,100.0,766.0,,767.0,741.0,628.666666666666,2019,상순,2019-06-01,상추-청,6,1,False,False,False,False,False,True,False,False,False,False,False,False,True,False,False,상추(청),,,,,,
201906중순,214.0,상추,2.0,청,상품,g,100.0,708.0,,861.0,699.0,644.0,2019,중순,2019-06-11,상추-청,6,11,False,False,False,False,False,True,False,False,False,False,False,False,False,True,False,상추(청),,,,,,
201906중순,214.0,상추,2.0,청,상품,g,100.0,708.0,,861.0,699.0,644.0,2019,중순,2019-06-11,상추-청,6,11,False,False,False,False,False,True,False,False,False,False,False,False,False,True,False,상추(청),,,,,,
201906중순,214.0,상추,2.0,청,상품,g,100.0,708.0,,861.0,699.0,644.0,2019,중순,2019-06-11,상추-청,6,11,False,False,False,False,False,True,False,False,False,False,False,False,False,True,False,상추(청),,,,,,
201906중순,214.0,상추,2.0,청,상품,g,100.0,708.0,,861.0,699.0,644.0,2019,중순,2019-06-11,상추-청,6,11,False,False,False,False,False,True,False,False,False,False,False,False,False,True,False,상추(청),,,,,,
201906중순,214.0,상추,2.0,청,상품,g,100.0,708.0,,861.0,699.0,644.0,2019,중순,2019-06-11,상추-청,6,11,False,False,False,False,False,True,False,False,False,False,False,False,False,True,False,상추(청),,,,,,
201906중순,214.0,상추,2.0,청,상품,g,100.0,708.0,,861.0,699.0,644.0,2019,중순,2019-06-11,상추-청,6,11,False,False,False,False,False,True,False,False,False,False,False,False,False,True,False,상추(청),,,,,,
201906중순,214.0,상추,2.0,청,상품,g,100.0,708.0,,861.0,699.0,644.0,2019,중순,2019-06-11,상추-청,6,11,False,False,False,False,False,True,False,False,False,False,False,False,False,True,False,상추(청),,,,,,
201906중순,214.0,상추,2.0,청,상품,g,100.0,708.0,,861.0,699.0,644.0,2019,중순,2019-06-11,상추-청,6,11,False,False,False,False,False,True,False,False,False,False,False,False,False,True,False,상추(청),,,,,,
201906중순,214.0,상추,2.0,청,상품,g,100.0,708.0,,861.0,699.0,644.0,2019,중순,2019-06-11,상추-청,6,11,False,False,False,False,False,True,False,False,False,False,False,False,False,True,False,상추(청),,,,,,
201906중순,214.0,상추,2.0,청,상품,g,100.0,708.0,,861.0,699.0,644.0,2019,중순,2019-06-11,상추-청,6,11,False,False,False,False,False,True,False,False,False,False,False,False,False,True,False,상추(청),,,,,,
201906중순,214.0,상추,2.0,청,상품,g,100.0,708.0,,861.0,699.0,644.0,2019,중순,2019-06-11,상추-청,6,11,False,False,False,False,False,True,False,False,False,False,False,False,False,True,False,상추(청),,,,,,
201906중순,214.0,상추,2.0,청,상품,g,100.0,708.0,,861.0,699.0,644.0,2019,중순,2019-06-11,상추-청,6,11,False,False,False,False,False,True,False,False,False,False,False,False,False,True,False,상추(청),,,,,,
201906중순,214.0,상추,2.0,청,상품,g,100.0,708.0,,861.0,699.0,644.0,2019,중순,2019-06-11,상추-청,6,11,False,False,False,False,False,True,False,False,False,False,False,False,False,True,False,상추(청),,,,,,
201906중순,214.0,상추,2.0,청,상품,g,100.0,708.0,,861.0,699.0,644.0,2019,중순,2019-06-11,상추-청,6,11,False,False,False,False,False,True,False,False,False,False,False,False,False,True,False,상추(청),,,,,,
201906중순,214.0,상추,2.0,청,상품,g,100.0,708.0,,861.0,699.0,644.0,2019,중순,2019-06-11,상추-청,6,11,False,False,False,False,False,True,False,False,False,False,False,False,False,True,False,상추(청),,,,,,
201906중순,214.0,상추,2.0,청,상품,g,100.0,708.0,,861.0,699.0,644.0,2019,중순,2019-06-11,상추-청,6,11,False,False,False,False,False,True,False,False,False,False,False,False,False,True,False,상추(청),,,,,,
201906중순,214.0,상추,2.0,청,상품,g,100.0,708.0,,861.0,699.0,644.0,2019,중순,2019-06-11,상추-청,6,11,False,False,False,False,False,True,False,False,False,False,False,False,False,True,False,상추(청),,,,,,
201906중순,214.0,상추,2.0,청,상품,g,100.0,708.0,,861.0,699.0,644.0,2019,중순,2019-06-11,상추-청,6,11,False,False,False,False,False,True,False,False,False,False,False,False,False,True,False,상추(청),,,,,,
201906중순,214.0,상추,2.0,청,상품,g,100.0,708.0,,861.0,699.0,644.0,2019,중순,2019-06-11,상추-청,6,11,False,False,False,False,False,True,False,False,False,False,False,False,False,True,False,상추(청),,,,,,
201906중순,214.0,상추,2.0,청,상품,g,100.0,708.0,,861.0,699.0,644.0,2019,중순,2019-06-11,상추-청,6,11,False,False,False,False,False,True,False,False,False,False,False,False,False,True,False,상추(청),,,,,,
201906중순,214.0,상추,2.0,청,상품,g,100.0,708.0,,861.0,699.0,644.0,2019,중순,2019-06-11,상추-청,6,11,False,False,False,False,False,True,False,False,False,False,False,False,False,True,False,상추(청),,,,,,
201906중순,214.0,상추,2.0,청,상품,g,100.0,708.0,,861.0,699.0,644.0,2019,중순,2019-06-11,상추-청,6,11,False,False,False,False,False,True,False,False,False,False,False,False,False,True,False,상추(청),,,,,,
201906중순,214.0,상추,2.0,청,상품,g,100.0,708.0,,861.0,699.0,644.0,2019,중순,2019-06-11,상추-청,6,11,False,False,False,False,False,True,False,False,False,False,False,False,False,True,False,상추(청),,,,,,
201906하순,214.0,상추,2.0,청,상품,g,100.0,726.0,,803.0,664.0,643.333333333333,2019,하순,2019-06-21,상추-청,6,21,False,False,False,False,False,True,False,False,False,False,False,False,False,False,True,상추(청),,,,,,
201906하순,214.0,상추,2.0,청,상품,g,100.0,726.0,,803.0,664.0,643.333333333333,2019,하순,2019-06-21,상추-청,6,21,False,False,False,False,False,True,False,False,False,False,False,False,False,False,True,상추(청),,,,,,
201906하순,214.0,상추,2.0,청,상품,g,100.0,726.0,,803.0,664.0,643.333333333333,2019,하순,2019-06-21,상추-청,6,21,False,False,False,False,False,True,False,False,False,False,False,False,False,False,True,상추(청),,,,,,
201906하순,214.0,상추,2.0,청,상품,g,100.0,726.0,,803.0,664.0,643.333333333333,2019,하순,2019-06-21,상추-청,6,21,False,False,False,False,False,True,False,False,False,False,False,False,False,False,True,상추(청),,,,,,
201906하순,214.0,상추,2.0,청,상품,g,100.0,726.0,,803.0,664.0,643.333333333333,2019,하순,2019-06-21,상추-청,6,21,False,False,False,False,False,True,False,False,False,False,False,False,False,False,True,상추(청),,,,,,
201906하순,214.0,상추,2.0,청,상품,g,100.0,726.0,,803.0,664.0,643.333333333333,2019,하순,2019-06-21,상추-청,6,21,False,False,False,False,False,True,False,False,False,False,False,False,False,False,True,상추(청),,,,,,
201906하순,214.0,상추,2.0,청,상품,g,100.0,726.0,,803.0,664.0,643.333333333333,2019,하순,2019-06-21,상추-청,6,21,False,False,False,False,False,True,False,False,False,False,False,False,False,False,True,상추(청),,,,,,
201906하순,214.0,상추,2.0,청,상품,g,100.0,726.0,,803.0,664.0,643.333333333333,2019,하순,2019-06-21,상추-청,6,21,False,False,False,False,False,True,False,False,False,False,False,False,False,False,True,상추(청),,,,,,
201906하순,214.0,상추,2.0,청,상품,g,100.0,726.0,,803.0,664.0,643.333333333333,2019,하순,2019-06-21,상추-청,6,21,False,False,False,False,False,True,False,False,False,False,False,False,False,False,True,상추(청),,,,,,
201906하순,214.0,상추,2.0,청,상품,g,100.0,726.0,,803.0,664.0,643.333333333333,2019,하순,2019-06-21,상추-청,6,21,False,False,False,False,False,True,False,False,False,False,False,False,False,False,True,상추(청),,,,,,
201906하순,214.0,상추,2.0,청,상품,g,100.0,726.0,,803.0,664.0,643.333333333333,2019,하순,2019-06-21,상추-청,6,21,False,False,False,False,False,True,False,False,False,False,False,False,False,False,True,상추(청),,,,,,
201906하순,214.0,상추,2.0,청,상품,g,100.0,726.0,,803.0,664.0,643.333333333333,2019,하순,2019-06-21,상추-청,6,21,False,False,False,False,False,True,False,False,False,False,False,False,False,False,True,상추(청),,,,,,
201906하순,214.0,상추,2.0,청,상품,g,100.0,726.0,,803.0,664.0,643.333333333333,2019,하순,2019-06-21,상추-청,6,21,False,False,False,False,False,True,False,False,False,False,False,False,False,False,True,상추(청),,,,,,
201906하순,214.0,상추,2.0,청,상품,g,100.0,726.0,,803.0,664.0,643.333333333333,2019,하순,2019-06-21,상추-청,6,21,False,False,False,False,False,True,False,False,False,False,False,False,False,False,True,상추(청),,,,,,
201906하순,214.0,상추,2.0,청,상품,g,100.0,726.0,,803.0,664.0,643.333333333333,2019,하순,2019-06-21,상추-청,6,21,False,False,False,False,False,True,False,False,False,False,False,False,False,False,True,상추(청),,,,,,
201906하순,214.0,상추,2.0,청,상품,g,100.0,726.0,,803.0,664.0,643.333333333333,2019,하순,2019-06-21,상추-청,6,21,False,False,False,False,False,True,False,False,False,False,False,False,False,False,True,상추(청),,,,,,
201906하순,214.0,상추,2.0,청,상품,g,100.0,726.0,,803.0,664.0,643.333333333333,2019,하순,2019-06-21,상추-청,6,21,False,False,False,False,False,True,False,False,False,False,False,False,False,False,True,상추(청),,,,,,
201906하순,214.0,상추,2.0,청,상품,g,100.0,726.0,,803.0,664.0,643.333333333333,2019,하순,2019-06-21,상추-청,6,21,False,False,False,False,False,True,False,False,False,False,False,False,False,False,True,상추(청),,,,,,
201906하순,214.0,상추,2.0,청,상품,g,100.0,726.0,,803.0,664.0,643.333333333333,2019,하순,2019-06-21,상추-청,6,21,False,False,False,False,False,True,False,False,False,False,False,False,False,False,True,상추(청),,,,,,
201906하순,214.0,상추,2.0,청,상품,g,100.0,726.0,,803.0,664.0,643.333333333333,2019,하순,2019-06-21,상추-청,6,21,False,False,False,False,False,True,False,False,False,False,False,False,False,False,True,상추(청),,,,,,
201906하순,214.0,상추,2.0,청,상품,g,100.0,726.0,,803.0,664.0,643.333333333333,2019,하순,2019-06-21,상추-청,6,21,False,False,False,False,False,True,False,False,False,False,False,False,False,False,True,상추(청),,,,,,
201906하순,214.0,상추,2.0,청,상품,g,100.0,726.0,,803.0,664.0,643.333333333333,2019,하순,2019-06-21,상추-청,6,21,False,False,False,False,False,True,False,False,False,False,False,False,False,False,True,상추(청),,,,,,
201906하순,214.0,상추,2.0,청,상품,g,100.0,726.0,,803.0,664.0,643.333333333333,2019,하순,2019-06-21,상추-청,6,21,False,False,False,False,False,True,False,False,False,False,False,False,False,False,True,상추(청),,,,,,
201907상순,214.0,상추,2.0,청,상품,g,100.0,800.0,,766.0,700.0,684.333333333333,2019,상순,2019-07-01,상추-청,7,1,False,False,False,False,False,False,True,False,False,False,False,False,True,False,False,상추(청),,,,,,
201907상순,214.0,상추,2.0,청,상품,g,100.0,800.0,,766.0,700.0,684.333333333333,2019,상순,2019-07-01,상추-청,7,1,False,False,False,False,False,False,True,False,False,False,False,False,True,False,False,상추(청),,,,,,
201907상순,214.0,상추,2.0,청,상품,g,100.0,800.0,,766.0,700.0,684.333333333333,2019,상순,2019-07-01,상추-청,7,1,False,False,False,False,False,False,True,False,False,False,False,False,True,False,False,상추(청),,,,,,
201907상순,214.0,상추,2.0,청,상품,g,100.0,800.0,,766.0,700.0,684.333333333333,2019,상순,2019-07-01,상추-청,7,1,False,False,False,False,False,False,True,False,False,False,False,False,True,False,False,상추(청),,,,,,
201907상순,214.0,상추,2.0,청,상품,g,100.0,800.0,,766.0,700.0,684.333333333333,2019,상순,2019-07-01,상추-청,7,1,False,False,False,False,False,False,True,False,False,False,False,False,True,False,False,상추(청),,,,,,
201907상순,214.0,상추,2.0,청,상품,g,100.0,800.0,,766.0,700.0,684.333333333333,2019,상순,2019-07-01,상추-청,7,1,False,False,False,False,False,False,True,False,False,False,False,False,True,False,False,상추(청),,,,,,
201907상순,214.0,상추,2.0,청,상품,g,100.0,800.0,,766.0,700.0,684.333333333333,2019,상순,2019-07-01,상추-청,7,1,False,False,False,False,False,False,True,False,False,False,False,False,True,False,False,상추(청),,,,,,
201907상순,214.0,상추,2.0,청,상품,g,100.0,800.0,,766.0,700.0,684.333333333333,2019,상순,2019-07-01,상추-청,7,1,False,False,False,False,False,False,True,False,False,False,False,False,True,False,False,상추(청),,,,,,
201907상순,214.0,상추,2.0,청,상품,g,100.0,800.0,,766.0,700.0,684.333333333333,2019,상순,2019-07-01,상추-청,7,1,False,False,False,False,False,False,True,False,False,False,False,False,True,False,False,상추(청),,,,,,
201907상순,214.0,상추,2.0,청,상품,g,100.0,800.0,,766.0,700.0,684.333333333333,2019,상순,2019-07-01,상추-청,7,1,False,False,False,False,False,False,True,False,False,False,False,False,True,False,False,상추(청),,,,,,
201907상순,214.0,상추,2.0,청,상품,g,100.0,800.0,,766.0,700.0,684.333333333333,2019,상순,2019-07-01,상추-청,7,1,False,False,False,False,False,False,True,False,False,False,False,False,True,False,False,상추(청),,,,,,
201907상순,214.0,상추,2.0,청,상품,g,100.0,800.0,,766.0,700.0,684.333333333333,2019,상순,2019-07-01,상추-청,7,1,False,False,False,False,False,False,True,False,False,False,False,False,True,False,False,상추(청),,,,,,
201907상순,214.0,상추,2.0,청,상품,g,100.0,800.0,,766.0,700.0,684.333333333333,2019,상순,2019-07-01,상추-청,7,1,False,False,False,False,False,False,True,False,False,False,False,False,True,False,False,상추(청),,,,,,
201907상순,214.0,상추,2.0,청,상품,g,100.0,800.0,,766.0,700.0,684.333333333333,2019,상순,2019-07-01,상추-청,7,1,False,False,False,False,False,False,True,False,False,False,False,False,True,False,False,상추(청),,,,,,
201907상순,214.0,상추,2.0,청,상품,g,100.0,800.0,,766.0,700.0,684.333333333333,2019,상순,2019-07-01,상추-청,7,1,False,False,False,False,False,False,True,False,False,False,False,False,True,False,False,상추(청),,,,,,
201907상순,214.0,상추,2.0,청,상품,g,100.0,800.0,,766.0,700.0,684.333333333333,2019,상순,2019-07-01,상추-청,7,1,False,False,False,False,False,False,True,False,False,False,False,False,True,False,False,상추(청),,,,,,
201907상순,214.0,상추,2.0,청,상품,g,100.0,800.0,,766.0,700.0,684.333333333333,2019,상순,2019-07-01,상추-청,7,1,False,False,False,False,False,False,True,False,False,False,False,False,True,False,False,상추(청),,,,,,
201907상순,214.0,상추,2.0,청,상품,g,100.0,800.0,,766.0,700.0,684.333333333333,2019,상순,2019-07-01,상추-청,7,1,False,False,False,False,False,False,True,False,False,False,False,False,True,False,False,상추(청),,,,,,
201907상순,214.0,상추,2.0,청,상품,g,100.0,800.0,,766.0,700.0,684.333333333333,2019,상순,2019-07-01,상추-청,7,1,False,False,False,False,False,False,True,False,False,False,False,False,True,False,False,상추(청),,,,,,
201907상순,214.0,상추,2.0,청,상품,g,100.0,800.0,,766.0,700.0,684.333333333333,2019,상순,2019-07-01,상추-청,7,1,False,False,False,False,False,False,True,False,False,False,False,False,True,False,False,상추(청),,,,,,
201907상순,214.0,상추,2.0,청,상품,g,100.0,800.0,,766.0,700.0,684.333333333333,2019,상순,2019-07-01,상추-청,7,1,False,False,False,False,False,False,True,False,False,False,False,False,True,False,False,상추(청),,,,,,
201907상순,214.0,상추,2.0,청,상품,g,100.0,800.0,,766.0,700.0,684.333333333333,2019,상순,2019-07-01,상추-청,7,1,False,False,False,False,False,False,True,False,False,False,False,False,True,False,False,상추(청),,,,,,
201907상순,214.0,상추,2.0,청,상품,g,100.0,800.0,,766.0,700.0,684.333333333333,2019,상순,2019-07-01,상추-청,7,1,False,False,False,False,False,False,True,False,False,False,False,False,True,False,False,상추(청),,,,,,
201907중순,214.0,상추,2.0,청,상품,g,100.0,929.0,,708.0,1046.0,985.666666666666,2019,중순,2019-07-11,상추-청,7,11,False,False,False,False,False,False,True,False,False,False,False,False,False,True,False,상추(청),,,,,,
201907중순,214.0,상추,2.0,청,상품,g,100.0,929.0,,708.0,1046.0,985.666666666666,2019,중순,2019-07-11,상추-청,7,11,False,False,False,False,False,False,True,False,False,False,False,False,False,True,False,상추(청),,,,,,
201907중순,214.0,상추,2.0,청,상품,g,100.0,929.0,,708.0,1046.0,985.666666666666,2019,중순,2019-07-11,상추-청,7,11,False,False,False,False,False,False,True,False,False,False,False,False,False,True,False,상추(청),,,,,,
201907중순,214.0,상추,2.0,청,상품,g,100.0,929.0,,708.0,1046.0,985.666666666666,2019,중순,2019-07-11,상추-청,7,11,False,False,False,False,False,False,True,False,False,False,False,False,False,True,False,상추(청),,,,,,
201907중순,214.0,상추,2.0,청,상품,g,100.0,929.0,,708.0,1046.0,985.666666666666,2019,중순,2019-07-11,상추-청,7,11,False,False,False,False,False,False,True,False,False,False,False,False,False,True,False,상추(청),,,,,,
201907중순,214.0,상추,2.0,청,상품,g,100.0,929.0,,708.0,1046.0,985.666666666666,2019,중순,2019-07-11,상추-청,7,11,False,False,False,False,False,False,True,False,False,False,False,False,False,True,False,상추(청),,,,,,
201907중순,214.0,상추,2.0,청,상품,g,100.0,929.0,,708.0,1046.0,985.666666666666,2019,중순,2019-07-11,상추-청,7,11,False,False,False,False,False,False,True,False,False,False,False,False,False,True,False,상추(청),,,,,,
201907중순,214.0,상추,2.0,청,상품,g,100.0,929.0,,708.0,1046.0,985.666666666666,2019,중순,2019-07-11,상추-청,7,11,False,False,False,False,False,False,True,False,False,False,False,False,False,True,False,상추(청),,,,,,
201907중순,214.0,상추,2.0,청,상품,g,100.0,929.0,,708.0,1046.0,985.666666666666,2019,중순,2019-07-11,상추-청,7,11,False,False,False,False,False,False,True,False,False,False,False,False,False,True,False,상추(청),,,,,,
201907중순,214.0,상추,2.0,청,상품,g,100.0,929.0,,708.0,1046.0,985.666666666666,2019,중순,2019-07-11,상추-청,7,11,False,False,False,False,False,False,True,False,False,False,False,False,False,True,False,상추(청),,,,,,
201907중순,214.0,상추,2.0,청,상품,g,100.0,929.0,,708.0,1046.0,985.666666666666,2019,중순,2019-07-11,상추-청,7,11,False,False,False,False,False,False,True,False,False,False,False,False,False,True,False,상추(청),,,,,,
201907중순,214.0,상추,2.0,청,상품,g,100.0,929.0,,708.0,1046.0,985.666666666666,2019,중순,2019-07-11,상추-청,7,11,False,False,False,False,False,False,True,False,False,False,False,False,False,True,False,상추(청),,,,,,
201907중순,214.0,상추,2.0,청,상품,g,100.0,929.0,,708.0,1046.0,985.666666666666,2019,중순,2019-07-11,상추-청,7,11,False,False,False,False,False,False,True,False,False,False,False,False,False,True,False,상추(청),,,,,,
201907중순,214.0,상추,2.0,청,상품,g,100.0,929.0,,708.0,1046.0,985.666666666666,2019,중순,2019-07-11,상추-청,7,11,False,False,False,False,False,False,True,False,False,False,False,False,False,True,False,상추(청),,,,,,
201907중순,214.0,상추,2.0,청,상품,g,100.0,929.0,,708.0,1046.0,985.666666666666,2019,중순,2019-07-11,상추-청,7,11,False,False,False,False,False,False,True,False,False,False,False,False,False,True,False,상추(청),,,,,,
201907중순,214.0,상추,2.0,청,상품,g,100.0,929.0,,708.0,1046.0,985.666666666666,2019,중순,2019-07-11,상추-청,7,11,False,False,False,False,False,False,True,False,False,False,False,False,False,True,False,상추(청),,,,,,
201907중순,214.0,상추,2.0,청,상품,g,100.0,929.0,,708.0,1046.0,985.666666666666,2019,중순,2019-07-11,상추-청,7,11,False,False,False,False,False,False,True,False,False,False,False,False,False,True,False,상추(청),,,,,,
201907중순,214.0,상추,2.0,청,상품,g,100.0,929.0,,708.0,1046.0,985.666666666666,2019,중순,2019-07-11,상추-청,7,11,False,False,False,False,False,False,True,False,False,False,False,False,False,True,False,상추(청),,,,,,
201907중순,214.0,상추,2.0,청,상품,g,100.0,929.0,,708.0,1046.0,985.666666666666,2019,중순,2019-07-11,상추-청,7,11,False,False,False,False,False,False,True,False,False,False,False,False,False,True,False,상추(청),,,,,,
201907중순,214.0,상추,2.0,청,상품,g,100.0,929.0,,708.0,1046.0,985.666666666666,2019,중순,2019-07-11,상추-청,7,11,False,False,False,False,False,False,True,False,False,False,False,False,False,True,False,상추(청),,,,,,
201907중순,214.0,상추,2.0,청,상품,g,100.0,929.0,,708.0,1046.0,985.666666666666,2019,중순,2019-07-11,상추-청,7,11,False,False,False,False,False,False,True,False,False,False,False,False,False,True,False,상추(청),,,,,,
201907중순,214.0,상추,2.0,청,상품,g,100.0,929.0,,708.0,1046.0,985.666666666666,2019,중순,2019-07-11,상추-청,7,11,False,False,False,False,False,False,True,False,False,False,False,False,False,True,False,상추(청),,,,,,
201907중순,214.0,상추,2.0,청,상품,g,100.0,929.0,,708.0,1046.0,985.666666666666,2019,중순,2019-07-11,상추-청,7,11,False,False,False,False,False,False,True,False,False,False,False,False,False,True,False,상추(청),,,,,,
201907하순,214.0,상추,2.0,청,상품,g,100.0,950.0,,726.0,977.0,997.0,2019,하순,2019-07-21,상추-청,7,21,False,False,False,False,False,False,True,False,False,False,False,False,False,False,True,상추(청),,,,,,
201907하순,214.0,상추,2.0,청,상품,g,100.0,950.0,,726.0,977.0,997.0,2019,하순,2019-07-21,상추-청,7,21,False,False,False,False,False,False,True,False,False,False,False,False,False,False,True,상추(청),,,,,,
201907하순,214.0,상추,2.0,청,상품,g,100.0,950.0,,726.0,977.0,997.0,2019,하순,2019-07-21,상추-청,7,21,False,False,False,False,False,False,True,False,False,False,False,False,False,False,True,상추(청),,,,,,
201907하순,214.0,상추,2.0,청,상품,g,100.0,950.0,,726.0,977.0,997.0,2019,하순,2019-07-21,상추-청,7,21,False,False,False,False,False,False,True,False,False,False,False,False,False,False,True,상추(청),,,,,,
201907하순,214.0,상추,2.0,청,상품,g,100.0,950.0,,726.0,977.0,997.0,2019,하순,2019-07-21,상추-청,7,21,False,False,False,False,False,False,True,False,False,False,False,False,False,False,True,상추(청),,,,,,
201907하순,214.0,상추,2.0,청,상품,g,100.0,950.0,,726.0,977.0,997.0,2019,하순,2019-07-21,상추-청,7,21,False,False,False,False,False,False,True,False,False,False,False,False,False,False,True,상추(청),,,,,,
201907하순,214.0,상추,2.0,청,상품,g,100.0,950.0,,726.0,977.0,997.0,2019,하순,2019-07-21,상추-청,7,21,False,False,False,False,False,False,True,False,False,False,False,False,False,False,True,상추(청),,,,,,
201907하순,214.0,상추,2.0,청,상품,g,100.0,950.0,,726.0,977.0,997.0,2019,하순,2019-07-21,상추-청,7,21,False,False,False,False,False,False,True,False,False,False,False,False,False,False,True,상추(청),,,,,,
201907하순,214.0,상추,2.0,청,상품,g,100.0,950.0,,726.0,977.0,997.0,2019,하순,2019-07-21,상추-청,7,21,False,False,False,False,False,False,True,False,False,False,False,False,False,False,True,상추(청),,,,,,
201907하순,214.0,상추,2.0,청,상품,g,100.0,950.0,,726.0,977.0,997.0,2019,하순,2019-07-21,상추-청,7,21,False,False,False,False,False,False,True,False,False,False,False,False,False,False,True,상추(청),,,,,,
201907하순,214.0,상추,2.0,청,상품,g,100.0,950.0,,726.0,977.0,997.0,2019,하순,2019-07-21,상추-청,7,21,False,False,False,False,False,False,True,False,False,False,False,False,False,False,True,상추(청),,,,,,
201907하순,214.0,상추,2.0,청,상품,g,100.0,950.0,,726.0,977.0,997.0,2019,하순,2019-07-21,상추-청,7,21,False,False,False,False,False,False,True,False,False,False,False,False,False,False,True,상추(청),,,,,,
201907하순,214.0,상추,2.0,청,상품,g,100.0,950.0,,726.0,977.0,997.0,2019,하순,2019-07-21,상추-청,7,21,False,False,False,False,False,False,True,False,False,False,False,False,False,False,True,상추(청),,,,,,
201907하순,214.0,상추,2.0,청,상품,g,100.0,950.0,,726.0,977.0,997.0,2019,하순,2019-07-21,상추-청,7,21,False,False,False,False,False,False,True,False,False,False,False,False,False,False,True,상추(청),,,,,,
201907하순,214.0,상추,2.0,청,상품,g,100.0,950.0,,726.0,977.0,997.0,2019,하순,2019-07-21,상추-청,7,21,False,False,False,False,False,False,True,False,False,False,False,False,False,False,True,상추(청),,,,,,
201907하순,214.0,상추,2.0,청,상품,g,100.0,950.0,,726.0,977.0,997.0,2019,하순,2019-07-21,상추-청,7,21,False,False,False,False,False,False,True,False,False,False,False,False,False,False,True,상추(청),,,,,,
201907하순,214.0,상추,2.0,청,상품,g,100.0,950.0,,726.0,977.0,997.0,2019,하순,2019-07-21,상추-청,7,21,False,False,False,False,False,False,True,False,False,False,False,False,False,False,True,상추(청),,,,,,
201907하순,214.0,상추,2.0,청,상품,g,100.0,950.0,,726.0,977.0,997.0,2019,하순,2019-07-21,상추-청,7,21,False,False,False,False,False,False,True,False,False,False,False,False,False,False,True,상추(청),,,,,,
201907하순,214.0,상추,2.0,청,상품,g,100.0,950.0,,726.0,977.0,997.0,2019,하순,2019-07-21,상추-청,7,21,False,False,False,False,False,False,True,False,False,False,False,False,False,False,True,상추(청),,,,,,
201907하순,214.0,상추,2.0,청,상품,g,100.0,950.0,,726.0,977.0,997.0,2019,하순,2019-07-21,상추-청,7,21,False,False,False,False,False,False,True,False,False,False,False,False,False,False,True,상추(청),,,,,,
201907하순,214.0,상추,2.0,청,상품,g,100.0,950.0,,726.0,977.0,997.0,2019,하순,2019-07-21,상추-청,7,21,False,False,False,False,False,False,True,False,False,False,False,False,False,False,True,상추(청),,,,,,
201907하순,214.0,상추,2.0,청,상품,g,100.0,950.0,,726.0,977.0,997.0,2019,하순,2019-07-21,상추-청,7,21,False,False,False,False,False,False,True,False,False,False,False,False,False,False,True,상추(청),,,,,,
201907하순,214.0,상추,2.0,청,상품,g,100.0,950.0,,726.0,977.0,997.0,2019,하순,2019-07-21,상추-청,7,21,False,False,False,False,False,False,True,False,False,False,False,False,False,False,True,상추(청),,,,,,
201907하순,214.0,상추,2.0,청,상품,g,100.0,950.0,,726.0,977.0,997.0,2019,하순,2019-07-21,상추-청,7,21,False,False,False,False,False,False,True,False,False,False,False,False,False,False,True,상추(청),,,,,,
201907하순,214.0,상추,2.0,청,상품,g,100.0,950.0,,726.0,977.0,997.0,2019,하순,2019-07-21,상추-청,7,21,False,False,False,False,False,False,True,False,False,False,False,False,False,False,True,상추(청),,,,,,
201907하순,214.0,상추,2.0,청,상품,g,100.0,950.0,,726.0,977.0,997.0,2019,하순,2019-07-21,상추-청,7,21,False,False,False,False,False,False,True,False,False,False,False,False,False,False,True,상추(청),,,,,,
201907하순,214.0,상추,2.0,청,상품,g,100.0,950.0,,726.0,977.0,997.0,2019,하순,2019-07-21,상추-청,7,21,False,False,False,False,False,False,True,False,False,False,False,False,False,False,True,상추(청),,,,,,
201908상순,214.0,상추,2.0,청,상품,g,100.0,1549.0,,800.0,969.0,1035.66666666666,2019,상순,2019-08-01,상추-청,8,1,False,False,False,False,False,False,False,True,False,False,False,False,True,False,False,상추(청),,,,,,
201908상순,214.0,상추,2.0,청,상품,g,100.0,1549.0,,800.0,969.0,1035.66666666666,2019,상순,2019-08-01,상추-청,8,1,False,False,False,False,False,False,False,True,False,False,False,False,True,False,False,상추(청),,,,,,
201908상순,214.0,상추,2.0,청,상품,g,100.0,1549.0,,800.0,969.0,1035.66666666666,2019,상순,2019-08-01,상추-청,8,1,False,False,False,False,False,False,False,True,False,False,False,False,True,False,False,상추(청),,,,,,
201908상순,214.0,상추,2.0,청,상품,g,100.0,1549.0,,800.0,969.0,1035.66666666666,2019,상순,2019-08-01,상추-청,8,1,False,False,False,False,False,False,False,True,False,False,False,False,True,False,False,상추(청),,,,,,
201908상순,214.0,상추,2.0,청,상품,g,100.0,1549.0,,800.0,969.0,1035.66666666666,2019,상순,2019-08-01,상추-청,8,1,False,False,False,False,False,False,False,True,False,False,False,False,True,False,False,상추(청),,,,,,
201908상순,214.0,상추,2.0,청,상품,g,100.0,1549.0,,800.0,969.0,1035.66666666666,2019,상순,2019-08-01,상추-청,8,1,False,False,False,False,False,False,False,True,False,False,False,False,True,False,False,상추(청),,,,,,
201908상순,214.0,상추,2.0,청,상품,g,100.0,1549.0,,800.0,969.0,1035.66666666666,2019,상순,2019-08-01,상추-청,8,1,False,False,False,False,False,False,False,True,False,False,False,False,True,False,False,상추(청),,,,,,
201908상순,214.0,상추,2.0,청,상품,g,100.0,1549.0,,800.0,969.0,1035.66666666666,2019,상순,2019-08-01,상추-청,8,1,False,False,False,False,False,False,False,True,False,False,False,False,True,False,False,상추(청),,,,,,
201908상순,214.0,상추,2.0,청,상품,g,100.0,1549.0,,800.0,969.0,1035.66666666666,2019,상순,2019-08-01,상추-청,8,1,False,False,False,False,False,False,False,True,False,False,False,False,True,False,False,상추(청),,,,,,
201908상순,214.0,상추,2.0,청,상품,g,100.0,1549.0,,800.0,969.0,1035.66666666666,2019,상순,2019-08-01,상추-청,8,1,False,False,False,False,False,False,False,True,False,False,False,False,True,False,False,상추(청),,,,,,
201908상순,214.0,상추,2.0,청,상품,g,100.0,1549.0,,800.0,969.0,1035.66666666666,2019,상순,2019-08-01,상추-청,8,1,False,False,False,False,False,False,False,True,False,False,False,False,True,False,False,상추(청),,,,,,
201908상순,214.0,상추,2.0,청,상품,g,100.0,1549.0,,800.0,969.0,1035.66666666666,2019,상순,2019-08-01,상추-청,8,1,False,False,False,False,False,False,False,True,False,False,False,False,True,False,False,상추(청),,,,,,
201908상순,214.0,상추,2.0,청,상품,g,100.0,1549.0,,800.0,969.0,1035.66666666666,2019,상순,2019-08-01,상추-청,8,1,False,False,False,False,False,False,False,True,False,False,False,False,True,False,False,상추(청),,,,,,
201908상순,214.0,상추,2.0,청,상품,g,100.0,1549.0,,800.0,969.0,1035.66666666666,2019,상순,2019-08-01,상추-청,8,1,False,False,False,False,False,False,False,True,False,False,False,False,True,False,False,상추(청),,,,,,
201908상순,214.0,상추,2.0,청,상품,g,100.0,1549.0,,800.0,969.0,1035.66666666666,2019,상순,2019-08-01,상추-청,8,1,False,False,False,False,False,False,False,True,False,False,False,False,True,False,False,상추(청),,,,,,
201908상순,214.0,상추,2.0,청,상품,g,100.0,1549.0,,800.0,969.0,1035.66666666666,2019,상순,2019-08-01,상추-청,8,1,False,False,False,False,False,False,False,True,False,False,False,False,True,False,False,상추(청),,,,,,
201908상순,214.0,상추,2.0,청,상품,g,100.0,1549.0,,800.0,969.0,1035.66666666666,2019,상순,2019-08-01,상추-청,8,1,False,False,False,False,False,False,False,True,False,False,False,False,True,False,False,상추(청),,,,,,
201908상순,214.0,상추,2.0,청,상품,g,100.0,1549.0,,800.0,969.0,1035.66666666666,2019,상순,2019-08-01,상추-청,8,1,False,False,False,False,False,False,False,True,False,False,False,False,True,False,False,상추(청),,,,,,
201908상순,214.0,상추,2.0,청,상품,g,100.0,1549.0,,800.0,969.0,1035.66666666666,2019,상순,2019-08-01,상추-청,8,1,False,False,False,False,False,False,False,True,False,False,False,False,True,False,False,상추(청),,,,,,
201908상순,214.0,상추,2.0,청,상품,g,100.0,1549.0,,800.0,969.0,1035.66666666666,2019,상순,2019-08-01,상추-청,8,1,False,False,False,False,False,False,False,True,False,False,False,False,True,False,False,상추(청),,,,,,
201908상순,214.0,상추,2.0,청,상품,g,100.0,1549.0,,800.0,969.0,1035.66666666666,2019,상순,2019-08-01,상추-청,8,1,False,False,False,False,False,False,False,True,False,False,False,False,True,False,False,상추(청),,,,,,
201908상순,214.0,상추,2.0,청,상품,g,100.0,1549.0,,800.0,969.0,1035.66666666666,2019,상순,2019-08-01,상추-청,8,1,False,False,False,False,False,False,False,True,False,False,False,False,True,False,False,상추(청),,,,,,
201908상순,214.0,상추,2.0,청,상품,g,100.0,1549.0,,800.0,969.0,1035.66666666666,2019,상순,2019-08-01,상추-청,8,1,False,False,False,False,False,False,False,True,False,False,False,False,True,False,False,상추(청),,,,,,
201908상순,214.0,상추,2.0,청,상품,g,100.0,1549.0,,800.0,969.0,1035.66666666666,2019,상순,2019-08-01,상추-청,8,1,False,False,False,False,False,False,False,True,False,False,False,False,True,False,False,상추(청),,,,,,
201908상순,214.0,상추,2.0,청,상품,g,100.0,1549.0,,800.0,969.0,1035.66666666666,2019,상순,2019-08-01,상추-청,8,1,False,False,False,False,False,False,False,True,False,False,False,False,True,False,False,상추(청),,,,,,
201908중순,214.0,상추,2.0,청,상품,g,100.0,1675.0,,929.0,1223.0,1156.66666666666,2019,중순,2019-08-11,상추-청,8,11,False,False,False,False,False,False,False,True,False,False,False,False,False,True,False,상추(청),,,,,,
201908중순,214.0,상추,2.0,청,상품,g,100.0,1675.0,,929.0,1223.0,1156.66666666666,2019,중순,2019-08-11,상추-청,8,11,False,False,False,False,False,False,False,True,False,False,False,False,False,True,False,상추(청),,,,,,
201908중순,214.0,상추,2.0,청,상품,g,100.0,1675.0,,929.0,1223.0,1156.66666666666,2019,중순,2019-08-11,상추-청,8,11,False,False,False,False,False,False,False,True,False,False,False,False,False,True,False,상추(청),,,,,,
201908중순,214.0,상추,2.0,청,상품,g,100.0,1675.0,,929.0,1223.0,1156.66666666666,2019,중순,2019-08-11,상추-청,8,11,False,False,False,False,False,False,False,True,False,False,False,False,False,True,False,상추(청),,,,,,
201908중순,214.0,상추,2.0,청,상품,g,100.0,1675.0,,929.0,1223.0,1156.66666666666,2019,중순,2019-08-11,상추-청,8,11,False,False,False,False,False,False,False,True,False,False,False,False,False,True,False,상추(청),,,,,,
201908중순,214.0,상추,2.0,청,상품,g,100.0,1675.0,,929.0,1223.0,1156.66666666666,2019,중순,2019-08-11,상추-청,8,11,False,False,False,False,False,False,False,True,False,False,False,False,False,True,False,상추(청),,,,,,
201908중순,214.0,상추,2.0,청,상품,g,100.0,1675.0,,929.0,1223.0,1156.66666666666,2019,중순,2019-08-11,상추-청,8,11,False,False,False,False,False,False,False,True,False,False,False,False,False,True,False,상추(청),,,,,,
201908중순,214.0,상추,2.0,청,상품,g,100.0,1675.0,,929.0,1223.0,1156.66666666666,2019,중순,2019-08-11,상추-청,8,11,False,False,False,False,False,False,False,True,False,False,False,False,False,True,False,상추(청),,,,,,
201908중순,214.0,상추,2.0,청,상품,g,100.0,1675.0,,929.0,1223.0,1156.66666666666,2019,중순,2019-08-11,상추-청,8,11,False,False,False,False,False,False,False,True,False,False,False,False,False,True,False,상추(청),,,,,,
201908중순,214.0,상추,2.0,청,상품,g,100.0,1675.0,,929.0,1223.0,1156.66666666666,2019,중순,2019-08-11,상추-청,8,11,False,False,False,False,False,False,False,True,False,False,False,False,False,True,False,상추(청),,,,,,
201908중순,214.0,상추,2.0,청,상품,g,100.0,1675.0,,929.0,1223.0,1156.66666666666,2019,중순,2019-08-11,상추-청,8,11,False,False,False,False,False,False,False,True,False,False,False,False,False,True,False,상추(청),,,,,,
201908중순,214.0,상추,2.0,청,상품,g,100.0,1675.0,,929.0,1223.0,1156.66666666666,2019,중순,2019-08-11,상추-청,8,11,False,False,False,False,False,False,False,True,False,False,False,False,False,True,False,상추(청),,,,,,
201908중순,214.0,상추,2.0,청,상품,g,100.0,1675.0,,929.0,1223.0,1156.66666666666,2019,중순,2019-08-11,상추-청,8,11,False,False,False,False,False,False,False,True,False,False,False,False,False,True,False,상추(청),,,,,,
201908중순,214.0,상추,2.0,청,상품,g,100.0,1675.0,,929.0,1223.0,1156.66666666666,2019,중순,2019-08-11,상추-청,8,11,False,False,False,False,False,False,False,True,False,False,False,False,False,True,False,상추(청),,,,,,
201908중순,214.0,상추,2.0,청,상품,g,100.0,1675.0,,929.0,1223.0,1156.66666666666,2019,중순,2019-08-11,상추-청,8,11,False,False,False,False,False,False,False,True,False,False,False,False,False,True,False,상추(청),,,,,,
201908중순,214.0,상추,2.0,청,상품,g,100.0,1675.0,,929.0,1223.0,1156.66666666666,2019,중순,2019-08-11,상추-청,8,11,False,False,False,False,False,False,False,True,False,False,False,False,False,True,False,상추(청),,,,,,
201908중순,214.0,상추,2.0,청,상품,g,100.0,1675.0,,929.0,1223.0,1156.66666666666,2019,중순,2019-08-11,상추-청,8,11,False,False,False,False,False,False,False,True,False,False,False,False,False,True,False,상추(청),,,,,,
201908중순,214.0,상추,2.0,청,상품,g,100.0,1675.0,,929.0,1223.0,1156.66666666666,2019,중순,2019-08-11,상추-청,8,11,False,False,False,False,False,False,False,True,False,False,False,False,False,True,False,상추(청),,,,,,
201908중순,214.0,상추,2.0,청,상품,g,100.0,1675.0,,929.0,1223.0,1156.66666666666,2019,중순,2019-08-11,상추-청,8,11,False,False,False,False,False,False,False,True,False,False,False,False,False,True,False,상추(청),,,,,,
201908중순,214.0,상추,2.0,청,상품,g,100.0,1675.0,,929.0,1223.0,1156.66666666666,2019,중순,2019-08-11,상추-청,8,11,False,False,False,False,False,False,False,True,False,False,False,False,False,True,False,상추(청),,,,,,
201908중순,214.0,상추,2.0,청,상품,g,100.0,1675.0,,929.0,1223.0,1156.66666666666,2019,중순,2019-08-11,상추-청,8,11,False,False,False,False,False,False,False,True,False,False,False,False,False,True,False,상추(청),,,,,,
201908중순,214.0,상추,2.0,청,상품,g,100.0,1675.0,,929.0,1223.0,1156.66666666666,2019,중순,2019-08-11,상추-청,8,11,False,False,False,False,False,False,False,True,False,False,False,False,False,True,False,상추(청),,,,,,
201908중순,214.0,상추,2.0,청,상품,g,100.0,1675.0,,929.0,1223.0,1156.66666666666,2019,중순,2019-08-11,상추-청,8,11,False,False,False,False,False,False,False,True,False,False,False,False,False,True,False,상추(청),,,,,,
201908중순,214.0,상추,2.0,청,상품,g,100.0,1675.0,,929.0,1223.0,1156.66666666666,2019,중순,2019-08-11,상추-청,8,11,False,False,False,False,False,False,False,True,False,False,False,False,False,True,False,상추(청),,,,,,
201908중순,214.0,상추,2.0,청,상품,g,100.0,1675.0,,929.0,1223.0,1156.66666666666,2019,중순,2019-08-11,상추-청,8,11,False,False,False,False,False,False,False,True,False,False,False,False,False,True,False,상추(청),,,,,,
201908중순,214.0,상추,2.0,청,상품,g,100.0,1675.0,,929.0,1223.0,1156.66666666666,2019,중순,2019-08-11,상추-청,8,11,False,False,False,False,False,False,False,True,False,False,False,False,False,True,False,상추(청),,,,,,
201908중순,214.0,상추,2.0,청,상품,g,100.0,1675.0,,929.0,1223.0,1156.66666666666,2019,중순,2019-08-11,상추-청,8,11,False,False,False,False,False,False,False,True,False,False,False,False,False,True,False,상추(청),,,,,,
201908하순,214.0,상추,2.0,청,상품,g,100.0,1339.0,,950.0,1556.0,1296.0,2019,하순,2019-08-21,상추-청,8,21,False,False,False,False,False,False,False,True,False,False,False,False,False,False,True,상추(청),,,,,,
201908하순,214.0,상추,2.0,청,상품,g,100.0,1339.0,,950.0,1556.0,1296.0,2019,하순,2019-08-21,상추-청,8,21,False,False,False,False,False,False,False,True,False,False,False,False,False,False,True,상추(청),,,,,,
201908하순,214.0,상추,2.0,청,상품,g,100.0,1339.0,,950.0,1556.0,1296.0,2019,하순,2019-08-21,상추-청,8,21,False,False,False,False,False,False,False,True,False,False,False,False,False,False,True,상추(청),,,,,,
201908하순,214.0,상추,2.0,청,상품,g,100.0,1339.0,,950.0,1556.0,1296.0,2019,하순,2019-08-21,상추-청,8,21,False,False,False,False,False,False,False,True,False,False,False,False,False,False,True,상추(청),,,,,,
201908하순,214.0,상추,2.0,청,상품,g,100.0,1339.0,,950.0,1556.0,1296.0,2019,하순,2019-08-21,상추-청,8,21,False,False,False,False,False,False,False,True,False,False,False,False,False,False,True,상추(청),,,,,,
201908하순,214.0,상추,2.0,청,상품,g,100.0,1339.0,,950.0,1556.0,1296.0,2019,하순,2019-08-21,상추-청,8,21,False,False,False,False,False,False,False,True,False,False,False,False,False,False,True,상추(청),,,,,,
201908하순,214.0,상추,2.0,청,상품,g,100.0,1339.0,,950.0,1556.0,1296.0,2019,하순,2019-08-21,상추-청,8,21,False,False,False,False,False,False,False,True,False,False,False,False,False,False,True,상추(청),,,,,,
201908하순,214.0,상추,2.0,청,상품,g,100.0,1339.0,,950.0,1556.0,1296.0,2019,하순,2019-08-21,상추-청,8,21,False,False,False,False,False,False,False,True,False,False,False,False,False,False,True,상추(청),,,,,,
201908하순,214.0,상추,2.0,청,상품,g,100.0,1339.0,,950.0,1556.0,1296.0,2019,하순,2019-08-21,상추-청,8,21,False,False,False,False,False,False,False,True,False,False,False,False,False,False,True,상추(청),,,,,,
201908하순,214.0,상추,2.0,청,상품,g,100.0,1339.0,,950.0,1556.0,1296.0,2019,하순,2019-08-21,상추-청,8,21,False,False,False,False,False,False,False,True,False,False,False,False,False,False,True,상추(청),,,,,,
201908하순,214.0,상추,2.0,청,상품,g,100.0,1339.0,,950.0,1556.0,1296.0,2019,하순,2019-08-21,상추-청,8,21,False,False,False,False,False,False,False,True,False,False,False,False,False,False,True,상추(청),,,,,,
201908하순,214.0,상추,2.0,청,상품,g,100.0,1339.0,,950.0,1556.0,1296.0,2019,하순,2019-08-21,상추-청,8,21,False,False,False,False,False,False,False,True,False,False,False,False,False,False,True,상추(청),,,,,,
201908하순,214.0,상추,2.0,청,상품,g,100.0,1339.0,,950.0,1556.0,1296.0,2019,하순,2019-08-21,상추-청,8,21,False,False,False,False,False,False,False,True,False,False,False,False,False,False,True,상추(청),,,,,,
201908하순,214.0,상추,2.0,청,상품,g,100.0,1339.0,,950.0,1556.0,1296.0,2019,하순,2019-08-21,상추-청,8,21,False,False,False,False,False,False,False,True,False,False,False,False,False,False,True,상추(청),,,,,,
201908하순,214.0,상추,2.0,청,상품,g,100.0,1339.0,,950.0,1556.0,1296.0,2019,하순,2019-08-21,상추-청,8,21,False,False,False,False,False,False,False,True,False,False,False,False,False,False,True,상추(청),,,,,,
201908하순,214.0,상추,2.0,청,상품,g,100.0,1339.0,,950.0,1556.0,1296.0,2019,하순,2019-08-21,상추-청,8,21,False,False,False,False,False,False,False,True,False,False,False,False,False,False,True,상추(청),,,,,,
201908하순,214.0,상추,2.0,청,상품,g,100.0,1339.0,,950.0,1556.0,1296.0,2019,하순,2019-08-21,상추-청,8,21,False,False,False,False,False,False,False,True,False,False,False,False,False,False,True,상추(청),,,,,,
201908하순,214.0,상추,2.0,청,상품,g,100.0,1339.0,,950.0,1556.0,1296.0,2019,하순,2019-08-21,상추-청,8,21,False,False,False,False,False,False,False,True,False,False,False,False,False,False,True,상추(청),,,,,,
201908하순,214.0,상추,2.0,청,상품,g,100.0,1339.0,,950.0,1556.0,1296.0,2019,하순,2019-08-21,상추-청,8,21,False,False,False,False,False,False,False,True,False,False,False,False,False,False,True,상추(청),,,,,,
201908하순,214.0,상추,2.0,청,상품,g,100.0,1339.0,,950.0,1556.0,1296.0,2019,하순,2019-08-21,상추-청,8,21,False,False,False,False,False,False,False,True,False,False,False,False,False,False,True,상추(청),,,,,,
201908하순,214.0,상추,2.0,청,상품,g,100.0,1339.0,,950.0,1556.0,1296.0,2019,하순,2019-08-21,상추-청,8,21,False,False,False,False,False,False,False,True,False,False,False,False,False,False,True,상추(청),,,,,,
201908하순,214.0,상추,2.0,청,상품,g,100.0,1339.0,,950.0,1556.0,1296.0,2019,하순,2019-08-21,상추-청,8,21,False,False,False,False,False,False,False,True,False,False,False,False,False,False,True,상추(청),,,,,,
201908하순,214.0,상추,2.0,청,상품,g,100.0,1339.0,,950.0,1556.0,1296.0,2019,하순,2019-08-21,상추-청,8,21,False,False,False,False,False,False,False,True,False,False,False,False,False,False,True,상추(청),,,,,,
201908하순,214.0,상추,2.0,청,상품,g,100.0,1339.0,,950.0,1556.0,1296.0,2019,하순,2019-08-21,상추-청,8,21,False,False,False,False,False,False,False,True,False,False,False,False,False,False,True,상추(청),,,,,,
201908하순,214.0,상추,2.0,청,상품,g,100.0,1339.0,,950.0,1556.0,1296.0,2019,하순,2019-08-21,상추-청,8,21,False,False,False,False,False,False,False,True,False,False,False,False,False,False,True,상추(청),,,,,,
201908하순,214.0,상추,2.0,청,상품,g,100.0,1339.0,,950.0,1556.0,1296.0,2019,하순,2019-08-21,상추-청,8,21,False,False,False,False,False,False,False,True,False,False,False,False,False,False,True,상추(청),,,,,,
201908하순,214.0,상추,2.0,청,상품,g,100.0,1339.0,,950.0,1556.0,1296.0,2019,하순,2019-08-21,상추-청,8,21,False,False,False,False,False,False,False,True,False,False,False,False,False,False,True,상추(청),,,,,,
201908하순,214.0,상추,2.0,청,상품,g,100.0,1339.0,,950.0,1556.0,1296.0,2019,하순,2019-08-21,상추-청,8,21,False,False,False,False,False,False,False,True,False,False,False,False,False,False,True,상추(청),,,,,,
201909상순,214.0,상추,2.0,청,상품,g,100.0,1225.0,,1549.0,1908.0,1417.0,2019,상순,2019-09-01,상추-청,9,1,False,False,False,False,False,False,False,False,True,False,False,False,True,False,False,상추(청),,,,,,
201909상순,214.0,상추,2.0,청,상품,g,100.0,1225.0,,1549.0,1908.0,1417.0,2019,상순,2019-09-01,상추-청,9,1,False,False,False,False,False,False,False,False,True,False,False,False,True,False,False,상추(청),,,,,,
201909상순,214.0,상추,2.0,청,상품,g,100.0,1225.0,,1549.0,1908.0,1417.0,2019,상순,2019-09-01,상추-청,9,1,False,False,False,False,False,False,False,False,True,False,False,False,True,False,False,상추(청),,,,,,
201909상순,214.0,상추,2.0,청,상품,g,100.0,1225.0,,1549.0,1908.0,1417.0,2019,상순,2019-09-01,상추-청,9,1,False,False,False,False,False,False,False,False,True,False,False,False,True,False,False,상추(청),,,,,,
201909상순,214.0,상추,2.0,청,상품,g,100.0,1225.0,,1549.0,1908.0,1417.0,2019,상순,2019-09-01,상추-청,9,1,False,False,False,False,False,False,False,False,True,False,False,False,True,False,False,상추(청),,,,,,
201909상순,214.0,상추,2.0,청,상품,g,100.0,1225.0,,1549.0,1908.0,1417.0,2019,상순,2019-09-01,상추-청,9,1,False,False,False,False,False,False,False,False,True,False,False,False,True,False,False,상추(청),,,,,,
201909상순,214.0,상추,2.0,청,상품,g,100.0,1225.0,,1549.0,1908.0,1417.0,2019,상순,2019-09-01,상추-청,9,1,False,False,False,False,False,False,False,False,True,False,False,False,True,False,False,상추(청),,,,,,
201909상순,214.0,상추,2.0,청,상품,g,100.0,1225.0,,1549.0,1908.0,1417.0,2019,상순,2019-09-01,상추-청,9,1,False,False,False,False,False,False,False,False,True,False,False,False,True,False,False,상추(청),,,,,,
201909상순,214.0,상추,2.0,청,상품,g,100.0,1225.0,,1549.0,1908.0,1417.0,2019,상순,2019-09-01,상추-청,9,1,False,False,False,False,False,False,False,False,True,False,False,False,True,False,False,상추(청),,,,,,
201909상순,214.0,상추,2.0,청,상품,g,100.0,1225.0,,1549.0,1908.0,1417.0,2019,상순,2019-09-01,상추-청,9,1,False,False,False,False,False,False,False,False,True,False,False,False,True,False,False,상추(청),,,,,,
201909상순,214.0,상추,2.0,청,상품,g,100.0,1225.0,,1549.0,1908.0,1417.0,2019,상순,2019-09-01,상추-청,9,1,False,False,False,False,False,False,False,False,True,False,False,False,True,False,False,상추(청),,,,,,
201909상순,214.0,상추,2.0,청,상품,g,100.0,1225.0,,1549.0,1908.0,1417.0,2019,상순,2019-09-01,상추-청,9,1,False,False,False,False,False,False,False,False,True,False,False,False,True,False,False,상추(청),,,,,,
201909상순,214.0,상추,2.0,청,상품,g,100.0,1225.0,,1549.0,1908.0,1417.0,2019,상순,2019-09-01,상추-청,9,1,False,False,False,False,False,False,False,False,True,False,False,False,True,False,False,상추(청),,,,,,
201909상순,214.0,상추,2.0,청,상품,g,100.0,1225.0,,1549.0,1908.0,1417.0,2019,상순,2019-09-01,상추-청,9,1,False,False,False,False,False,False,False,False,True,False,False,False,True,False,False,상추(청),,,,,,
201909상순,214.0,상추,2.0,청,상품,g,100.0,1225.0,,1549.0,1908.0,1417.0,2019,상순,2019-09-01,상추-청,9,1,False,False,False,False,False,False,False,False,True,False,False,False,True,False,False,상추(청),,,,,,
201909상순,214.0,상추,2.0,청,상품,g,100.0,1225.0,,1549.0,1908.0,1417.0,2019,상순,2019-09-01,상추-청,9,1,False,False,False,False,False,False,False,False,True,False,False,False,True,False,False,상추(청),,,,,,
201909상순,214.0,상추,2.0,청,상품,g,100.0,1225.0,,1549.0,1908.0,1417.0,2019,상순,2019-09-01,상추-청,9,1,False,False,False,False,False,False,False,False,True,False,False,False,True,False,False,상추(청),,,,,,
201909상순,214.0,상추,2.0,청,상품,g,100.0,1225.0,,1549.0,1908.0,1417.0,2019,상순,2019-09-01,상추-청,9,1,False,False,False,False,False,False,False,False,True,False,False,False,True,False,False,상추(청),,,,,,
201909상순,214.0,상추,2.0,청,상품,g,100.0,1225.0,,1549.0,1908.0,1417.0,2019,상순,2019-09-01,상추-청,9,1,False,False,False,False,False,False,False,False,True,False,False,False,True,False,False,상추(청),,,,,,
201909상순,214.0,상추,2.0,청,상품,g,100.0,1225.0,,1549.0,1908.0,1417.0,2019,상순,2019-09-01,상추-청,9,1,False,False,False,False,False,False,False,False,True,False,False,False,True,False,False,상추(청),,,,,,
201909상순,214.0,상추,2.0,청,상품,g,100.0,1225.0,,1549.0,1908.0,1417.0,2019,상순,2019-09-01,상추-청,9,1,False,False,False,False,False,False,False,False,True,False,False,False,True,False,False,상추(청),,,,,,
201909상순,214.0,상추,2.0,청,상품,g,100.0,1225.0,,1549.0,1908.0,1417.0,2019,상순,2019-09-01,상추-청,9,1,False,False,False,False,False,False,False,False,True,False,False,False,True,False,False,상추(청),,,,,,
201909상순,214.0,상추,2.0,청,상품,g,100.0,1225.0,,1549.0,1908.0,1417.0,2019,상순,2019-09-01,상추-청,9,1,False,False,False,False,False,False,False,False,True,False,False,False,True,False,False,상추(청),,,,,,
201909상순,214.0,상추,2.0,청,상품,g,100.0,1225.0,,1549.0,1908.0,1417.0,2019,상순,2019-09-01,상추-청,9,1,False,False,False,False,False,False,False,False,True,False,False,False,True,False,False,상추(청),,,,,,
201909상순,214.0,상추,2.0,청,상품,g,100.0,1225.0,,1549.0,1908.0,1417.0,2019,상순,2019-09-01,상추-청,9,1,False,False,False,False,False,False,False,False,True,False,False,False,True,False,False,상추(청),,,,,,
201909상순,214.0,상추,2.0,청,상품,g,100.0,1225.0,,1549.0,1908.0,1417.0,2019,상순,2019-09-01,상추-청,9,1,False,False,False,False,False,False,False,False,True,False,False,False,True,False,False,상추(청),,,,,,
201909중순,214.0,상추,2.0,청,상품,g,100.0,1339.0,,1675.0,2071.0,1305.0,2019,중순,2019-09-11,상추-청,9,11,False,False,False,False,False,False,False,False,True,False,False,False,False,True,False,상추(청),,,,,,
201909중순,214.0,상추,2.0,청,상품,g,100.0,1339.0,,1675.0,2071.0,1305.0,2019,중순,2019-09-11,상추-청,9,11,False,False,False,False,False,False,False,False,True,False,False,False,False,True,False,상추(청),,,,,,
201909중순,214.0,상추,2.0,청,상품,g,100.0,1339.0,,1675.0,2071.0,1305.0,2019,중순,2019-09-11,상추-청,9,11,False,False,False,False,False,False,False,False,True,False,False,False,False,True,False,상추(청),,,,,,
201909중순,214.0,상추,2.0,청,상품,g,100.0,1339.0,,1675.0,2071.0,1305.0,2019,중순,2019-09-11,상추-청,9,11,False,False,False,False,False,False,False,False,True,False,False,False,False,True,False,상추(청),,,,,,
201909중순,214.0,상추,2.0,청,상품,g,100.0,1339.0,,1675.0,2071.0,1305.0,2019,중순,2019-09-11,상추-청,9,11,False,False,False,False,False,False,False,False,True,False,False,False,False,True,False,상추(청),,,,,,
201909중순,214.0,상추,2.0,청,상품,g,100.0,1339.0,,1675.0,2071.0,1305.0,2019,중순,2019-09-11,상추-청,9,11,False,False,False,False,False,False,False,False,True,False,False,False,False,True,False,상추(청),,,,,,
201909중순,214.0,상추,2.0,청,상품,g,100.0,1339.0,,1675.0,2071.0,1305.0,2019,중순,2019-09-11,상추-청,9,11,False,False,False,False,False,False,False,False,True,False,False,False,False,True,False,상추(청),,,,,,
201909중순,214.0,상추,2.0,청,상품,g,100.0,1339.0,,1675.0,2071.0,1305.0,2019,중순,2019-09-11,상추-청,9,11,False,False,False,False,False,False,False,False,True,False,False,False,False,True,False,상추(청),,,,,,
201909중순,214.0,상추,2.0,청,상품,g,100.0,1339.0,,1675.0,2071.0,1305.0,2019,중순,2019-09-11,상추-청,9,11,False,False,False,False,False,False,False,False,True,False,False,False,False,True,False,상추(청),,,,,,
201909중순,214.0,상추,2.0,청,상품,g,100.0,1339.0,,1675.0,2071.0,1305.0,2019,중순,2019-09-11,상추-청,9,11,False,False,False,False,False,False,False,False,True,False,False,False,False,True,False,상추(청),,,,,,
201909중순,214.0,상추,2.0,청,상품,g,100.0,1339.0,,1675.0,2071.0,1305.0,2019,중순,2019-09-11,상추-청,9,11,False,False,False,False,False,False,False,False,True,False,False,False,False,True,False,상추(청),,,,,,
201909중순,214.0,상추,2.0,청,상품,g,100.0,1339.0,,1675.0,2071.0,1305.0,2019,중순,2019-09-11,상추-청,9,11,False,False,False,False,False,False,False,False,True,False,False,False,False,True,False,상추(청),,,,,,
201909중순,214.0,상추,2.0,청,상품,g,100.0,1339.0,,1675.0,2071.0,1305.0,2019,중순,2019-09-11,상추-청,9,11,False,False,False,False,False,False,False,False,True,False,False,False,False,True,False,상추(청),,,,,,
201909중순,214.0,상추,2.0,청,상품,g,100.0,1339.0,,1675.0,2071.0,1305.0,2019,중순,2019-09-11,상추-청,9,11,False,False,False,False,False,False,False,False,True,False,False,False,False,True,False,상추(청),,,,,,
201909중순,214.0,상추,2.0,청,상품,g,100.0,1339.0,,1675.0,2071.0,1305.0,2019,중순,2019-09-11,상추-청,9,11,False,False,False,False,False,False,False,False,True,False,False,False,False,True,False,상추(청),,,,,,
201909중순,214.0,상추,2.0,청,상품,g,100.0,1339.0,,1675.0,2071.0,1305.0,2019,중순,2019-09-11,상추-청,9,11,False,False,False,False,False,False,False,False,True,False,False,False,False,True,False,상추(청),,,,,,
201909중순,214.0,상추,2.0,청,상품,g,100.0,1339.0,,1675.0,2071.0,1305.0,2019,중순,2019-09-11,상추-청,9,11,False,False,False,False,False,False,False,False,True,False,False,False,False,True,False,상추(청),,,,,,
201909중순,214.0,상추,2.0,청,상품,g,100.0,1339.0,,1675.0,2071.0,1305.0,2019,중순,2019-09-11,상추-청,9,11,False,False,False,False,False,False,False,False,True,False,False,False,False,True,False,상추(청),,,,,,
201909중순,214.0,상추,2.0,청,상품,g,100.0,1339.0,,1675.0,2071.0,1305.0,2019,중순,2019-09-11,상추-청,9,11,False,False,False,False,False,False,False,False,True,False,False,False,False,True,False,상추(청),,,,,,
201909중순,214.0,상추,2.0,청,상품,g,100.0,1339.0,,1675.0,2071.0,1305.0,2019,중순,2019-09-11,상추-청,9,11,False,False,False,False,False,False,False,False,True,False,False,False,False,True,False,상추(청),,,,,,
201909중순,214.0,상추,2.0,청,상품,g,100.0,1339.0,,1675.0,2071.0,1305.0,2019,중순,2019-09-11,상추-청,9,11,False,False,False,False,False,False,False,False,True,False,False,False,False,True,False,상추(청),,,,,,
201909중순,214.0,상추,2.0,청,상품,g,100.0,1339.0,,1675.0,2071.0,1305.0,2019,중순,2019-09-11,상추-청,9,11,False,False,False,False,False,False,False,False,True,False,False,False,False,True,False,상추(청),,,,,,
201909중순,214.0,상추,2.0,청,상품,g,100.0,1339.0,,1675.0,2071.0,1305.0,2019,중순,2019-09-11,상추-청,9,11,False,False,False,False,False,False,False,False,True,False,False,False,False,True,False,상추(청),,,,,,
201909중순,214.0,상추,2.0,청,상품,g,100.0,1339.0,,1675.0,2071.0,1305.0,2019,중순,2019-09-11,상추-청,9,11,False,False,False,False,False,False,False,False,True,False,False,False,False,True,False,상추(청),,,,,,
201909중순,214.0,상추,2.0,청,상품,g,100.0,1339.0,,1675.0,2071.0,1305.0,2019,중순,2019-09-11,상추-청,9,11,False,False,False,False,False,False,False,False,True,False,False,False,False,True,False,상추(청),,,,,,
201909하순,214.0,상추,2.0,청,상품,g,100.0,1518.0,,1339.0,1634.0,1004.66666666666,2019,하순,2019-09-21,상추-청,9,21,False,False,False,False,False,False,False,False,True,False,False,False,False,False,True,상추(청),,,,,,
201909하순,214.0,상추,2.0,청,상품,g,100.0,1518.0,,1339.0,1634.0,1004.66666666666,2019,하순,2019-09-21,상추-청,9,21,False,False,False,False,False,False,False,False,True,False,False,False,False,False,True,상추(청),,,,,,
201909하순,214.0,상추,2.0,청,상품,g,100.0,1518.0,,1339.0,1634.0,1004.66666666666,2019,하순,2019-09-21,상추-청,9,21,False,False,False,False,False,False,False,False,True,False,False,False,False,False,True,상추(청),,,,,,
201909하순,214.0,상추,2.0,청,상품,g,100.0,1518.0,,1339.0,1634.0,1004.66666666666,2019,하순,2019-09-21,상추-청,9,21,False,False,False,False,False,False,False,False,True,False,False,False,False,False,True,상추(청),,,,,,
201909하순,214.0,상추,2.0,청,상품,g,100.0,1518.0,,1339.0,1634.0,1004.66666666666,2019,하순,2019-09-21,상추-청,9,21,False,False,False,False,False,False,False,False,True,False,False,False,False,False,True,상추(청),,,,,,
201909하순,214.0,상추,2.0,청,상품,g,100.0,1518.0,,1339.0,1634.0,1004.66666666666,2019,하순,2019-09-21,상추-청,9,21,False,False,False,False,False,False,False,False,True,False,False,False,False,False,True,상추(청),,,,,,
201909하순,214.0,상추,2.0,청,상품,g,100.0,1518.0,,1339.0,1634.0,1004.66666666666,2019,하순,2019-09-21,상추-청,9,21,False,False,False,False,False,False,False,False,True,False,False,False,False,False,True,상추(청),,,,,,
201909하순,214.0,상추,2.0,청,상품,g,100.0,1518.0,,1339.0,1634.0,1004.66666666666,2019,하순,2019-09-21,상추-청,9,21,False,False,False,False,False,False,False,False,True,False,False,False,False,False,True,상추(청),,,,,,
201909하순,214.0,상추,2.0,청,상품,g,100.0,1518.0,,1339.0,1634.0,1004.66666666666,2019,하순,2019-09-21,상추-청,9,21,False,False,False,False,False,False,False,False,True,False,False,False,False,False,True,상추(청),,,,,,
201909하순,214.0,상추,2.0,청,상품,g,100.0,1518.0,,1339.0,1634.0,1004.66666666666,2019,하순,2019-09-21,상추-청,9,21,False,False,False,False,False,False,False,False,True,False,False,False,False,False,True,상추(청),,,,,,
201909하순,214.0,상추,2.0,청,상품,g,100.0,1518.0,,1339.0,1634.0,1004.66666666666,2019,하순,2019-09-21,상추-청,9,21,False,False,False,False,False,False,False,False,True,False,False,False,False,False,True,상추(청),,,,,,
201909하순,214.0,상추,2.0,청,상품,g,100.0,1518.0,,1339.0,1634.0,1004.66666666666,2019,하순,2019-09-21,상추-청,9,21,False,False,False,False,False,False,False,False,True,False,False,False,False,False,True,상추(청),,,,,,
201909하순,214.0,상추,2.0,청,상품,g,100.0,1518.0,,1339.0,1634.0,1004.66666666666,2019,하순,2019-09-21,상추-청,9,21,False,False,False,False,False,False,False,False,True,False,False,False,False,False,True,상추(청),,,,,,
201909하순,214.0,상추,2.0,청,상품,g,100.0,1518.0,,1339.0,1634.0,1004.66666666666,2019,하순,2019-09-21,상추-청,9,21,False,False,False,False,False,False,False,False,True,False,False,False,False,False,True,상추(청),,,,,,
201909하순,214.0,상추,2.0,청,상품,g,100.0,1518.0,,1339.0,1634.0,1004.66666666666,2019,하순,2019-09-21,상추-청,9,21,False,False,False,False,False,False,False,False,True,False,False,False,False,False,True,상추(청),,,,,,
201909하순,214.0,상추,2.0,청,상품,g,100.0,1518.0,,1339.0,1634.0,1004.66666666666,2019,하순,2019-09-21,상추-청,9,21,False,False,False,False,False,False,False,False,True,False,False,False,False,False,True,상추(청),,,,,,
201909하순,214.0,상추,2.0,청,상품,g,100.0,1518.0,,1339.0,1634.0,1004.66666666666,2019,하순,2019-09-21,상추-청,9,21,False,False,False,False,False,False,False,False,True,False,False,False,False,False,True,상추(청),,,,,,
201909하순,214.0,상추,2.0,청,상품,g,100.0,1518.0,,1339.0,1634.0,1004.66666666666,2019,하순,2019-09-21,상추-청,9,21,False,False,False,False,False,False,False,False,True,False,False,False,False,False,True,상추(청),,,,,,
201909하순,214.0,상추,2.0,청,상품,g,100.0,1518.0,,1339.0,1634.0,1004.66666666666,2019,하순,2019-09-21,상추-청,9,21,False,False,False,False,False,False,False,False,True,False,False,False,False,False,True,상추(청),,,,,,
201909하순,214.0,상추,2.0,청,상품,g,100.0,1518.0,,1339.0,1634.0,1004.66666666666,2019,하순,2019-09-21,상추-청,9,21,False,False,False,False,False,False,False,False,True,False,False,False,False,False,True,상추(청),,,,,,
201909하순,214.0,상추,2.0,청,상품,g,100.0,1518.0,,1339.0,1634.0,1004.66666666666,2019,하순,2019-09-21,상추-청,9,21,False,False,False,False,False,False,False,False,True,False,False,False,False,False,True,상추(청),,,,,,
201909하순,214.0,상추,2.0,청,상품,g,100.0,1518.0,,1339.0,1634.0,1004.66666666666,2019,하순,2019-09-21,상추-청,9,21,False,False,False,False,False,False,False,False,True,False,False,False,False,False,True,상추(청),,,,,,
201909하순,214.0,상추,2.0,청,상품,g,100.0,1518.0,,1339.0,1634.0,1004.66666666666,2019,하순,2019-09-21,상추-청,9,21,False,False,False,False,False,False,False,False,True,False,False,False,False,False,True,상추(청),,,,,,
201910상순,214.0,상추,2.0,청,상품,g,100.0,1469.0,,1225.0,1410.0,902.666666666666,2019,상순,2019-10-01,상추-청,10,1,False,False,False,False,False,False,False,False,False,True,False,False,True,False,False,상추(청),,,,,,
201910상순,214.0,상추,2.0,청,상품,g,100.0,1469.0,,1225.0,1410.0,902.666666666666,2019,상순,2019-10-01,상추-청,10,1,False,False,False,False,False,False,False,False,False,True,False,False,True,False,False,상추(청),,,,,,
201910상순,214.0,상추,2.0,청,상품,g,100.0,1469.0,,1225.0,1410.0,902.666666666666,2019,상순,2019-10-01,상추-청,10,1,False,False,False,False,False,False,False,False,False,True,False,False,True,False,False,상추(청),,,,,,
201910상순,214.0,상추,2.0,청,상품,g,100.0,1469.0,,1225.0,1410.0,902.666666666666,2019,상순,2019-10-01,상추-청,10,1,False,False,False,False,False,False,False,False,False,True,False,False,True,False,False,상추(청),,,,,,
201910상순,214.0,상추,2.0,청,상품,g,100.0,1469.0,,1225.0,1410.0,902.666666666666,2019,상순,2019-10-01,상추-청,10,1,False,False,False,False,False,False,False,False,False,True,False,False,True,False,False,상추(청),,,,,,
201910상순,214.0,상추,2.0,청,상품,g,100.0,1469.0,,1225.0,1410.0,902.666666666666,2019,상순,2019-10-01,상추-청,10,1,False,False,False,False,False,False,False,False,False,True,False,False,True,False,False,상추(청),,,,,,
201910상순,214.0,상추,2.0,청,상품,g,100.0,1469.0,,1225.0,1410.0,902.666666666666,2019,상순,2019-10-01,상추-청,10,1,False,False,False,False,False,False,False,False,False,True,False,False,True,False,False,상추(청),,,,,,
201910상순,214.0,상추,2.0,청,상품,g,100.0,1469.0,,1225.0,1410.0,902.666666666666,2019,상순,2019-10-01,상추-청,10,1,False,False,False,False,False,False,False,False,False,True,False,False,True,False,False,상추(청),,,,,,
201910상순,214.0,상추,2.0,청,상품,g,100.0,1469.0,,1225.0,1410.0,902.666666666666,2019,상순,2019-10-01,상추-청,10,1,False,False,False,False,False,False,False,False,False,True,False,False,True,False,False,상추(청),,,,,,
201910상순,214.0,상추,2.0,청,상품,g,100.0,1469.0,,1225.0,1410.0,902.666666666666,2019,상순,2019-10-01,상추-청,10,1,False,False,False,False,False,False,False,False,False,True,False,False,True,False,False,상추(청),,,,,,
201910상순,214.0,상추,2.0,청,상품,g,100.0,1469.0,,1225.0,1410.0,902.666666666666,2019,상순,2019-10-01,상추-청,10,1,False,False,False,False,False,False,False,False,False,True,False,False,True,False,False,상추(청),,,,,,
201910상순,214.0,상추,2.0,청,상품,g,100.0,1469.0,,1225.0,1410.0,902.666666666666,2019,상순,2019-10-01,상추-청,10,1,False,False,False,False,False,False,False,False,False,True,False,False,True,False,False,상추(청),,,,,,
201910상순,214.0,상추,2.0,청,상품,g,100.0,1469.0,,1225.0,1410.0,902.666666666666,2019,상순,2019-10-01,상추-청,10,1,False,False,False,False,False,False,False,False,False,True,False,False,True,False,False,상추(청),,,,,,
201910상순,214.0,상추,2.0,청,상품,g,100.0,1469.0,,1225.0,1410.0,902.666666666666,2019,상순,2019-10-01,상추-청,10,1,False,False,False,False,False,False,False,False,False,True,False,False,True,False,False,상추(청),,,,,,
201910상순,214.0,상추,2.0,청,상품,g,100.0,1469.0,,1225.0,1410.0,902.666666666666,2019,상순,2019-10-01,상추-청,10,1,False,False,False,False,False,False,False,False,False,True,False,False,True,False,False,상추(청),,,,,,
201910상순,214.0,상추,2.0,청,상품,g,100.0,1469.0,,1225.0,1410.0,902.666666666666,2019,상순,2019-10-01,상추-청,10,1,False,False,False,False,False,False,False,False,False,True,False,False,True,False,False,상추(청),,,,,,
201910상순,214.0,상추,2.0,청,상품,g,100.0,1469.0,,1225.0,1410.0,902.666666666666,2019,상순,2019-10-01,상추-청,10,1,False,False,False,False,False,False,False,False,False,True,False,False,True,False,False,상추(청),,,,,,
201910상순,214.0,상추,2.0,청,상품,g,100.0,1469.0,,1225.0,1410.0,902.666666666666,2019,상순,2019-10-01,상추-청,10,1,False,False,False,False,False,False,False,False,False,True,False,False,True,False,False,상추(청),,,,,,
201910상순,214.0,상추,2.0,청,상품,g,100.0,1469.0,,1225.0,1410.0,902.666666666666,2019,상순,2019-10-01,상추-청,10,1,False,False,False,False,False,False,False,False,False,True,False,False,True,False,False,상추(청),,,,,,
201910상순,214.0,상추,2.0,청,상품,g,100.0,1469.0,,1225.0,1410.0,902.666666666666,2019,상순,2019-10-01,상추-청,10,1,False,False,False,False,False,False,False,False,False,True,False,False,True,False,False,상추(청),,,,,,
201910상순,214.0,상추,2.0,청,상품,g,100.0,1469.0,,1225.0,1410.0,902.666666666666,2019,상순,2019-10-01,상추-청,10,1,False,False,False,False,False,False,False,False,False,True,False,False,True,False,False,상추(청),,,,,,
201910상순,214.0,상추,2.0,청,상품,g,100.0,1469.0,,1225.0,1410.0,902.666666666666,2019,상순,2019-10-01,상추-청,10,1,False,False,False,False,False,False,False,False,False,True,False,False,True,False,False,상추(청),,,,,,
201910상순,214.0,상추,2.0,청,상품,g,100.0,1469.0,,1225.0,1410.0,902.666666666666,2019,상순,2019-10-01,상추-청,10,1,False,False,False,False,False,False,False,False,False,True,False,False,True,False,False,상추(청),,,,,,
201910중순,214.0,상추,2.0,청,상품,g,100.0,1689.0,,1339.0,1037.0,837.666666666666,2019,중순,2019-10-11,상추-청,10,11,False,False,False,False,False,False,False,False,False,True,False,False,False,True,False,상추(청),,,,,,
201910중순,214.0,상추,2.0,청,상품,g,100.0,1689.0,,1339.0,1037.0,837.666666666666,2019,중순,2019-10-11,상추-청,10,11,False,False,False,False,False,False,False,False,False,True,False,False,False,True,False,상추(청),,,,,,
201910중순,214.0,상추,2.0,청,상품,g,100.0,1689.0,,1339.0,1037.0,837.666666666666,2019,중순,2019-10-11,상추-청,10,11,False,False,False,False,False,False,False,False,False,True,False,False,False,True,False,상추(청),,,,,,
201910중순,214.0,상추,2.0,청,상품,g,100.0,1689.0,,1339.0,1037.0,837.666666666666,2019,중순,2019-10-11,상추-청,10,11,False,False,False,False,False,False,False,False,False,True,False,False,False,True,False,상추(청),,,,,,
201910중순,214.0,상추,2.0,청,상품,g,100.0,1689.0,,1339.0,1037.0,837.666666666666,2019,중순,2019-10-11,상추-청,10,11,False,False,False,False,False,False,False,False,False,True,False,False,False,True,False,상추(청),,,,,,
201910중순,214.0,상추,2.0,청,상품,g,100.0,1689.0,,1339.0,1037.0,837.666666666666,2019,중순,2019-10-11,상추-청,10,11,False,False,False,False,False,False,False,False,False,True,False,False,False,True,False,상추(청),,,,,,
201910중순,214.0,상추,2.0,청,상품,g,100.0,1689.0,,1339.0,1037.0,837.666666666666,2019,중순,2019-10-11,상추-청,10,11,False,False,False,False,False,False,False,False,False,True,False,False,False,True,False,상추(청),,,,,,
201910중순,214.0,상추,2.0,청,상품,g,100.0,1689.0,,1339.0,1037.0,837.666666666666,2019,중순,2019-10-11,상추-청,10,11,False,False,False,False,False,False,False,False,False,True,False,False,False,True,False,상추(청),,,,,,
201910중순,214.0,상추,2.0,청,상품,g,100.0,1689.0,,1339.0,1037.0,837.666666666666,2019,중순,2019-10-11,상추-청,10,11,False,False,False,False,False,False,False,False,False,True,False,False,False,True,False,상추(청),,,,,,
201910중순,214.0,상추,2.0,청,상품,g,100.0,1689.0,,1339.0,1037.0,837.666666666666,2019,중순,2019-10-11,상추-청,10,11,False,False,False,False,False,False,False,False,False,True,False,False,False,True,False,상추(청),,,,,,
201910중순,214.0,상추,2.0,청,상품,g,100.0,1689.0,,1339.0,1037.0,837.666666666666,2019,중순,2019-10-11,상추-청,10,11,False,False,False,False,False,False,False,False,False,True,False,False,False,True,False,상추(청),,,,,,
201910중순,214.0,상추,2.0,청,상품,g,100.0,1689.0,,1339.0,1037.0,837.666666666666,2019,중순,2019-10-11,상추-청,10,11,False,False,False,False,False,False,False,False,False,True,False,False,False,True,False,상추(청),,,,,,
201910중순,214.0,상추,2.0,청,상품,g,100.0,1689.0,,1339.0,1037.0,837.666666666666,2019,중순,2019-10-11,상추-청,10,11,False,False,False,False,False,False,False,False,False,True,False,False,False,True,False,상추(청),,,,,,
201910중순,214.0,상추,2.0,청,상품,g,100.0,1689.0,,1339.0,1037.0,837.666666666666,2019,중순,2019-10-11,상추-청,10,11,False,False,False,False,False,False,False,False,False,True,False,False,False,True,False,상추(청),,,,,,
201910중순,214.0,상추,2.0,청,상품,g,100.0,1689.0,,1339.0,1037.0,837.666666666666,2019,중순,2019-10-11,상추-청,10,11,False,False,False,False,False,False,False,False,False,True,False,False,False,True,False,상추(청),,,,,,
201910중순,214.0,상추,2.0,청,상품,g,100.0,1689.0,,1339.0,1037.0,837.666666666666,2019,중순,2019-10-11,상추-청,10,11,False,False,False,False,False,False,False,False,False,True,False,False,False,True,False,상추(청),,,,,,
201910중순,214.0,상추,2.0,청,상품,g,100.0,1689.0,,1339.0,1037.0,837.666666666666,2019,중순,2019-10-11,상추-청,10,11,False,False,False,False,False,False,False,False,False,True,False,False,False,True,False,상추(청),,,,,,
201910중순,214.0,상추,2.0,청,상품,g,100.0,1689.0,,1339.0,1037.0,837.666666666666,2019,중순,2019-10-11,상추-청,10,11,False,False,False,False,False,False,False,False,False,True,False,False,False,True,False,상추(청),,,,,,
201910중순,214.0,상추,2.0,청,상품,g,100.0,1689.0,,1339.0,1037.0,837.666666666666,2019,중순,2019-10-11,상추-청,10,11,False,False,False,False,False,False,False,False,False,True,False,False,False,True,False,상추(청),,,,,,
201910중순,214.0,상추,2.0,청,상품,g,100.0,1689.0,,1339.0,1037.0,837.666666666666,2019,중순,2019-10-11,상추-청,10,11,False,False,False,False,False,False,False,False,False,True,False,False,False,True,False,상추(청),,,,,,
201910중순,214.0,상추,2.0,청,상품,g,100.0,1689.0,,1339.0,1037.0,837.666666666666,2019,중순,2019-10-11,상추-청,10,11,False,False,False,False,False,False,False,False,False,True,False,False,False,True,False,상추(청),,,,,,
201910중순,214.0,상추,2.0,청,상품,g,100.0,1689.0,,1339.0,1037.0,837.666666666666,2019,중순,2019-10-11,상추-청,10,11,False,False,False,False,False,False,False,False,False,True,False,False,False,True,False,상추(청),,,,,,
201910중순,214.0,상추,2.0,청,상품,g,100.0,1689.0,,1339.0,1037.0,837.666666666666,2019,중순,2019-10-11,상추-청,10,11,False,False,False,False,False,False,False,False,False,True,False,False,False,True,False,상추(청),,,,,,
201910하순,214.0,상추,2.0,청,상품,g,100.0,1530.0,,1518.0,935.0,797.0,2019,하순,2019-10-21,상추-청,10,21,False,False,False,False,False,False,False,False,False,True,False,False,False,False,True,상추(청),,,,,,
201910하순,214.0,상추,2.0,청,상품,g,100.0,1530.0,,1518.0,935.0,797.0,2019,하순,2019-10-21,상추-청,10,21,False,False,False,False,False,False,False,False,False,True,False,False,False,False,True,상추(청),,,,,,
201910하순,214.0,상추,2.0,청,상품,g,100.0,1530.0,,1518.0,935.0,797.0,2019,하순,2019-10-21,상추-청,10,21,False,False,False,False,False,False,False,False,False,True,False,False,False,False,True,상추(청),,,,,,
201910하순,214.0,상추,2.0,청,상품,g,100.0,1530.0,,1518.0,935.0,797.0,2019,하순,2019-10-21,상추-청,10,21,False,False,False,False,False,False,False,False,False,True,False,False,False,False,True,상추(청),,,,,,
201910하순,214.0,상추,2.0,청,상품,g,100.0,1530.0,,1518.0,935.0,797.0,2019,하순,2019-10-21,상추-청,10,21,False,False,False,False,False,False,False,False,False,True,False,False,False,False,True,상추(청),,,,,,
201910하순,214.0,상추,2.0,청,상품,g,100.0,1530.0,,1518.0,935.0,797.0,2019,하순,2019-10-21,상추-청,10,21,False,False,False,False,False,False,False,False,False,True,False,False,False,False,True,상추(청),,,,,,
201910하순,214.0,상추,2.0,청,상품,g,100.0,1530.0,,1518.0,935.0,797.0,2019,하순,2019-10-21,상추-청,10,21,False,False,False,False,False,False,False,False,False,True,False,False,False,False,True,상추(청),,,,,,
201910하순,214.0,상추,2.0,청,상품,g,100.0,1530.0,,1518.0,935.0,797.0,2019,하순,2019-10-21,상추-청,10,21,False,False,False,False,False,False,False,False,False,True,False,False,False,False,True,상추(청),,,,,,
201910하순,214.0,상추,2.0,청,상품,g,100.0,1530.0,,1518.0,935.0,797.0,2019,하순,2019-10-21,상추-청,10,21,False,False,False,False,False,False,False,False,False,True,False,False,False,False,True,상추(청),,,,,,
201910하순,214.0,상추,2.0,청,상품,g,100.0,1530.0,,1518.0,935.0,797.0,2019,하순,2019-10-21,상추-청,10,21,False,False,False,False,False,False,False,False,False,True,False,False,False,False,True,상추(청),,,,,,
201910하순,214.0,상추,2.0,청,상품,g,100.0,1530.0,,1518.0,935.0,797.0,2019,하순,2019-10-21,상추-청,10,21,False,False,False,False,False,False,False,False,False,True,False,False,False,False,True,상추(청),,,,,,
201910하순,214.0,상추,2.0,청,상품,g,100.0,1530.0,,1518.0,935.0,797.0,2019,하순,2019-10-21,상추-청,10,21,False,False,False,False,False,False,False,False,False,True,False,False,False,False,True,상추(청),,,,,,
201910하순,214.0,상추,2.0,청,상품,g,100.0,1530.0,,1518.0,935.0,797.0,2019,하순,2019-10-21,상추-청,10,21,False,False,False,False,False,False,False,False,False,True,False,False,False,False,True,상추(청),,,,,,
201910하순,214.0,상추,2.0,청,상품,g,100.0,1530.0,,1518.0,935.0,797.0,2019,하순,2019-10-21,상추-청,10,21,False,False,False,False,False,False,False,False,False,True,False,False,False,False,True,상추(청),,,,,,
201910하순,214.0,상추,2.0,청,상품,g,100.0,1530.0,,1518.0,935.0,797.0,2019,하순,2019-10-21,상추-청,10,21,False,False,False,False,False,False,False,False,False,True,False,False,False,False,True,상추(청),,,,,,
201910하순,214.0,상추,2.0,청,상품,g,100.0,1530.0,,1518.0,935.0,797.0,2019,하순,2019-10-21,상추-청,10,21,False,False,False,False,False,False,False,False,False,True,False,False,False,False,True,상추(청),,,,,,
201910하순,214.0,상추,2.0,청,상품,g,100.0,1530.0,,1518.0,935.0,797.0,2019,하순,2019-10-21,상추-청,10,21,False,False,False,False,False,False,False,False,False,True,False,False,False,False,True,상추(청),,,,,,
201910하순,214.0,상추,2.0,청,상품,g,100.0,1530.0,,1518.0,935.0,797.0,2019,하순,2019-10-21,상추-청,10,21,False,False,False,False,False,False,False,False,False,True,False,False,False,False,True,상추(청),,,,,,
201910하순,214.0,상추,2.0,청,상품,g,100.0,1530.0,,1518.0,935.0,797.0,2019,하순,2019-10-21,상추-청,10,21,False,False,False,False,False,False,False,False,False,True,False,False,False,False,True,상추(청),,,,,,
201910하순,214.0,상추,2.0,청,상품,g,100.0,1530.0,,1518.0,935.0,797.0,2019,하순,2019-10-21,상추-청,10,21,False,False,False,False,False,False,False,False,False,True,False,False,False,False,True,상추(청),,,,,,
201910하순,214.0,상추,2.0,청,상품,g,100.0,1530.0,,1518.0,935.0,797.0,2019,하순,2019-10-21,상추-청,10,21,False,False,False,False,False,False,False,False,False,True,False,False,False,False,True,상추(청),,,,,,
201910하순,214.0,상추,2.0,청,상품,g,100.0,1530.0,,1518.0,935.0,797.0,2019,하순,2019-10-21,상추-청,10,21,False,False,False,False,False,False,False,False,False,True,False,False,False,False,True,상추(청),,,,,,
201910하순,214.0,상추,2.0,청,상품,g,100.0,1530.0,,1518.0,935.0,797.0,2019,하순,2019-10-21,상추-청,10,21,False,False,False,False,False,False,False,False,False,True,False,False,False,False,True,상추(청),,,,,,
201910하순,214.0,상추,2.0,청,상품,g,100.0,1530.0,,1518.0,935.0,797.0,2019,하순,2019-10-21,상추-청,10,21,False,False,False,False,False,False,False,False,False,True,False,False,False,False,True,상추(청),,,,,,
201911상순,214.0,상추,2.0,청,상품,g,100.0,1219.0,,1469.0,831.0,746.0,2019,상순,2019-11-01,상추-청,11,1,False,False,False,False,False,False,False,False,False,False,True,False,True,False,False,상추(청),,,,,,
201911상순,214.0,상추,2.0,청,상품,g,100.0,1219.0,,1469.0,831.0,746.0,2019,상순,2019-11-01,상추-청,11,1,False,False,False,False,False,False,False,False,False,False,True,False,True,False,False,상추(청),,,,,,
201911상순,214.0,상추,2.0,청,상품,g,100.0,1219.0,,1469.0,831.0,746.0,2019,상순,2019-11-01,상추-청,11,1,False,False,False,False,False,False,False,False,False,False,True,False,True,False,False,상추(청),,,,,,
201911상순,214.0,상추,2.0,청,상품,g,100.0,1219.0,,1469.0,831.0,746.0,2019,상순,2019-11-01,상추-청,11,1,False,False,False,False,False,False,False,False,False,False,True,False,True,False,False,상추(청),,,,,,
201911상순,214.0,상추,2.0,청,상품,g,100.0,1219.0,,1469.0,831.0,746.0,2019,상순,2019-11-01,상추-청,11,1,False,False,False,False,False,False,False,False,False,False,True,False,True,False,False,상추(청),,,,,,
201911상순,214.0,상추,2.0,청,상품,g,100.0,1219.0,,1469.0,831.0,746.0,2019,상순,2019-11-01,상추-청,11,1,False,False,False,False,False,False,False,False,False,False,True,False,True,False,False,상추(청),,,,,,
201911상순,214.0,상추,2.0,청,상품,g,100.0,1219.0,,1469.0,831.0,746.0,2019,상순,2019-11-01,상추-청,11,1,False,False,False,False,False,False,False,False,False,False,True,False,True,False,False,상추(청),,,,,,
201911상순,214.0,상추,2.0,청,상품,g,100.0,1219.0,,1469.0,831.0,746.0,2019,상순,2019-11-01,상추-청,11,1,False,False,False,False,False,False,False,False,False,False,True,False,True,False,False,상추(청),,,,,,
201911상순,214.0,상추,2.0,청,상품,g,100.0,1219.0,,1469.0,831.0,746.0,2019,상순,2019-11-01,상추-청,11,1,False,False,False,False,False,False,False,False,False,False,True,False,True,False,False,상추(청),,,,,,
201911상순,214.0,상추,2.0,청,상품,g,100.0,1219.0,,1469.0,831.0,746.0,2019,상순,2019-11-01,상추-청,11,1,False,False,False,False,False,False,False,False,False,False,True,False,True,False,False,상추(청),,,,,,
201911상순,214.0,상추,2.0,청,상품,g,100.0,1219.0,,1469.0,831.0,746.0,2019,상순,2019-11-01,상추-청,11,1,False,False,False,False,False,False,False,False,False,False,True,False,True,False,False,상추(청),,,,,,
201911상순,214.0,상추,2.0,청,상품,g,100.0,1219.0,,1469.0,831.0,746.0,2019,상순,2019-11-01,상추-청,11,1,False,False,False,False,False,False,False,False,False,False,True,False,True,False,False,상추(청),,,,,,
201911상순,214.0,상추,2.0,청,상품,g,100.0,1219.0,,1469.0,831.0,746.0,2019,상순,2019-11-01,상추-청,11,1,False,False,False,False,False,False,False,False,False,False,True,False,True,False,False,상추(청),,,,,,
201911상순,214.0,상추,2.0,청,상품,g,100.0,1219.0,,1469.0,831.0,746.0,2019,상순,2019-11-01,상추-청,11,1,False,False,False,False,False,False,False,False,False,False,True,False,True,False,False,상추(청),,,,,,
201911상순,214.0,상추,2.0,청,상품,g,100.0,1219.0,,1469.0,831.0,746.0,2019,상순,2019-11-01,상추-청,11,1,False,False,False,False,False,False,False,False,False,False,True,False,True,False,False,상추(청),,,,,,
201911상순,214.0,상추,2.0,청,상품,g,100.0,1219.0,,1469.0,831.0,746.0,2019,상순,2019-11-01,상추-청,11,1,False,False,False,False,False,False,False,False,False,False,True,False,True,False,False,상추(청),,,,,,
201911상순,214.0,상추,2.0,청,상품,g,100.0,1219.0,,1469.0,831.0,746.0,2019,상순,2019-11-01,상추-청,11,1,False,False,False,False,False,False,False,False,False,False,True,False,True,False,False,상추(청),,,,,,
201911상순,214.0,상추,2.0,청,상품,g,100.0,1219.0,,1469.0,831.0,746.0,2019,상순,2019-11-01,상추-청,11,1,False,False,False,False,False,False,False,False,False,False,True,False,True,False,False,상추(청),,,,,,
201911상순,214.0,상추,2.0,청,상품,g,100.0,1219.0,,1469.0,831.0,746.0,2019,상순,2019-11-01,상추-청,11,1,False,False,False,False,False,False,False,False,False,False,True,False,True,False,False,상추(청),,,,,,
201911상순,214.0,상추,2.0,청,상품,g,100.0,1219.0,,1469.0,831.0,746.0,2019,상순,2019-11-01,상추-청,11,1,False,False,False,False,False,False,False,False,False,False,True,False,True,False,False,상추(청),,,,,,
201911상순,214.0,상추,2.0,청,상품,g,100.0,1219.0,,1469.0,831.0,746.0,2019,상순,2019-11-01,상추-청,11,1,False,False,False,False,False,False,False,False,False,False,True,False,True,False,False,상추(청),,,,,,
201911상순,214.0,상추,2.0,청,상품,g,100.0,1219.0,,1469.0,831.0,746.0,2019,상순,2019-11-01,상추-청,11,1,False,False,False,False,False,False,False,False,False,False,True,False,True,False,False,상추(청),,,,,,
201911상순,214.0,상추,2.0,청,상품,g,100.0,1219.0,,1469.0,831.0,746.0,2019,상순,2019-11-01,상추-청,11,1,False,False,False,False,False,False,False,False,False,False,True,False,True,False,False,상추(청),,,,,,
201911상순,214.0,상추,2.0,청,상품,g,100.0,1219.0,,1469.0,831.0,746.0,2019,상순,2019-11-01,상추-청,11,1,False,False,False,False,False,False,False,False,False,False,True,False,True,False,False,상추(청),,,,,,
201911상순,214.0,상추,2.0,청,상품,g,100.0,1219.0,,1469.0,831.0,746.0,2019,상순,2019-11-01,상추-청,11,1,False,False,False,False,False,False,False,False,False,False,True,False,True,False,False,상추(청),,,,,,
201911상순,214.0,상추,2.0,청,상품,g,100.0,1219.0,,1469.0,831.0,746.0,2019,상순,2019-11-01,상추-청,11,1,False,False,False,False,False,False,False,False,False,False,True,False,True,False,False,상추(청),,,,,,
201911상순,214.0,상추,2.0,청,상품,g,100.0,1219.0,,1469.0,831.0,746.0,2019,상순,2019-11-01,상추-청,11,1,False,False,False,False,False,False,False,False,False,False,True,False,True,False,False,상추(청),,,,,,
201911중순,214.0,상추,2.0,청,상품,g,100.0,1047.0,,1689.0,759.0,765.0,2019,중순,2019-11-11,상추-청,11,11,False,False,False,False,False,False,False,False,False,False,True,False,False,True,False,상추(청),,,,,,
201911중순,214.0,상추,2.0,청,상품,g,100.0,1047.0,,1689.0,759.0,765.0,2019,중순,2019-11-11,상추-청,11,11,False,False,False,False,False,False,False,False,False,False,True,False,False,True,False,상추(청),,,,,,
201911중순,214.0,상추,2.0,청,상품,g,100.0,1047.0,,1689.0,759.0,765.0,2019,중순,2019-11-11,상추-청,11,11,False,False,False,False,False,False,False,False,False,False,True,False,False,True,False,상추(청),,,,,,
201911중순,214.0,상추,2.0,청,상품,g,100.0,1047.0,,1689.0,759.0,765.0,2019,중순,2019-11-11,상추-청,11,11,False,False,False,False,False,False,False,False,False,False,True,False,False,True,False,상추(청),,,,,,
201911중순,214.0,상추,2.0,청,상품,g,100.0,1047.0,,1689.0,759.0,765.0,2019,중순,2019-11-11,상추-청,11,11,False,False,False,False,False,False,False,False,False,False,True,False,False,True,False,상추(청),,,,,,
201911중순,214.0,상추,2.0,청,상품,g,100.0,1047.0,,1689.0,759.0,765.0,2019,중순,2019-11-11,상추-청,11,11,False,False,False,False,False,False,False,False,False,False,True,False,False,True,False,상추(청),,,,,,
201911중순,214.0,상추,2.0,청,상품,g,100.0,1047.0,,1689.0,759.0,765.0,2019,중순,2019-11-11,상추-청,11,11,False,False,False,False,False,False,False,False,False,False,True,False,False,True,False,상추(청),,,,,,
201911중순,214.0,상추,2.0,청,상품,g,100.0,1047.0,,1689.0,759.0,765.0,2019,중순,2019-11-11,상추-청,11,11,False,False,False,False,False,False,False,False,False,False,True,False,False,True,False,상추(청),,,,,,
201911중순,214.0,상추,2.0,청,상품,g,100.0,1047.0,,1689.0,759.0,765.0,2019,중순,2019-11-11,상추-청,11,11,False,False,False,False,False,False,False,False,False,False,True,False,False,True,False,상추(청),,,,,,
201911중순,214.0,상추,2.0,청,상품,g,100.0,1047.0,,1689.0,759.0,765.0,2019,중순,2019-11-11,상추-청,11,11,False,False,False,False,False,False,False,False,False,False,True,False,False,True,False,상추(청),,,,,,
201911중순,214.0,상추,2.0,청,상품,g,100.0,1047.0,,1689.0,759.0,765.0,2019,중순,2019-11-11,상추-청,11,11,False,False,False,False,False,False,False,False,False,False,True,False,False,True,False,상추(청),,,,,,
201911중순,214.0,상추,2.0,청,상품,g,100.0,1047.0,,1689.0,759.0,765.0,2019,중순,2019-11-11,상추-청,11,11,False,False,False,False,False,False,False,False,False,False,True,False,False,True,False,상추(청),,,,,,
201911중순,214.0,상추,2.0,청,상품,g,100.0,1047.0,,1689.0,759.0,765.0,2019,중순,2019-11-11,상추-청,11,11,False,False,False,False,False,False,False,False,False,False,True,False,False,True,False,상추(청),,,,,,
201911중순,214.0,상추,2.0,청,상품,g,100.0,1047.0,,1689.0,759.0,765.0,2019,중순,2019-11-11,상추-청,11,11,False,False,False,False,False,False,False,False,False,False,True,False,False,True,False,상추(청),,,,,,
201911중순,214.0,상추,2.0,청,상품,g,100.0,1047.0,,1689.0,759.0,765.0,2019,중순,2019-11-11,상추-청,11,11,False,False,False,False,False,False,False,False,False,False,True,False,False,True,False,상추(청),,,,,,
201911중순,214.0,상추,2.0,청,상품,g,100.0,1047.0,,1689.0,759.0,765.0,2019,중순,2019-11-11,상추-청,11,11,False,False,False,False,False,False,False,False,False,False,True,False,False,True,False,상추(청),,,,,,
201911중순,214.0,상추,2.0,청,상품,g,100.0,1047.0,,1689.0,759.0,765.0,2019,중순,2019-11-11,상추-청,11,11,False,False,False,False,False,False,False,False,False,False,True,False,False,True,False,상추(청),,,,,,
201911중순,214.0,상추,2.0,청,상품,g,100.0,1047.0,,1689.0,759.0,765.0,2019,중순,2019-11-11,상추-청,11,11,False,False,False,False,False,False,False,False,False,False,True,False,False,True,False,상추(청),,,,,,
201911중순,214.0,상추,2.0,청,상품,g,100.0,1047.0,,1689.0,759.0,765.0,2019,중순,2019-11-11,상추-청,11,11,False,False,False,False,False,False,False,False,False,False,True,False,False,True,False,상추(청),,,,,,
201911중순,214.0,상추,2.0,청,상품,g,100.0,1047.0,,1689.0,759.0,765.0,2019,중순,2019-11-11,상추-청,11,11,False,False,False,False,False,False,False,False,False,False,True,False,False,True,False,상추(청),,,,,,
201911중순,214.0,상추,2.0,청,상품,g,100.0,1047.0,,1689.0,759.0,765.0,2019,중순,2019-11-11,상추-청,11,11,False,False,False,False,False,False,False,False,False,False,True,False,False,True,False,상추(청),,,,,,
201911중순,214.0,상추,2.0,청,상품,g,100.0,1047.0,,1689.0,759.0,765.0,2019,중순,2019-11-11,상추-청,11,11,False,False,False,False,False,False,False,False,False,False,True,False,False,True,False,상추(청),,,,,,
201911중순,214.0,상추,2.0,청,상품,g,100.0,1047.0,,1689.0,759.0,765.0,2019,중순,2019-11-11,상추-청,11,11,False,False,False,False,False,False,False,False,False,False,True,False,False,True,False,상추(청),,,,,,
201911중순,214.0,상추,2.0,청,상품,g,100.0,1047.0,,1689.0,759.0,765.0,2019,중순,2019-11-11,상추-청,11,11,False,False,False,False,False,False,False,False,False,False,True,False,False,True,False,상추(청),,,,,,
201911중순,214.0,상추,2.0,청,상품,g,100.0,1047.0,,1689.0,759.0,765.0,2019,중순,2019-11-11,상추-청,11,11,False,False,False,False,False,False,False,False,False,False,True,False,False,True,False,상추(청),,,,,,
201911하순,214.0,상추,2.0,청,상품,g,100.0,965.0,,1530.0,744.0,768.666666666666,2019,하순,2019-11-21,상추-청,11,21,False,False,False,False,False,False,False,False,False,False,True,False,False,False,True,상추(청),,,,,,
201911하순,214.0,상추,2.0,청,상품,g,100.0,965.0,,1530.0,744.0,768.666666666666,2019,하순,2019-11-21,상추-청,11,21,False,False,False,False,False,False,False,False,False,False,True,False,False,False,True,상추(청),,,,,,
201911하순,214.0,상추,2.0,청,상품,g,100.0,965.0,,1530.0,744.0,768.666666666666,2019,하순,2019-11-21,상추-청,11,21,False,False,False,False,False,False,False,False,False,False,True,False,False,False,True,상추(청),,,,,,
201911하순,214.0,상추,2.0,청,상품,g,100.0,965.0,,1530.0,744.0,768.666666666666,2019,하순,2019-11-21,상추-청,11,21,False,False,False,False,False,False,False,False,False,False,True,False,False,False,True,상추(청),,,,,,
201911하순,214.0,상추,2.0,청,상품,g,100.0,965.0,,1530.0,744.0,768.666666666666,2019,하순,2019-11-21,상추-청,11,21,False,False,False,False,False,False,False,False,False,False,True,False,False,False,True,상추(청),,,,,,
201911하순,214.0,상추,2.0,청,상품,g,100.0,965.0,,1530.0,744.0,768.666666666666,2019,하순,2019-11-21,상추-청,11,21,False,False,False,False,False,False,False,False,False,False,True,False,False,False,True,상추(청),,,,,,
201911하순,214.0,상추,2.0,청,상품,g,100.0,965.0,,1530.0,744.0,768.666666666666,2019,하순,2019-11-21,상추-청,11,21,False,False,False,False,False,False,False,False,False,False,True,False,False,False,True,상추(청),,,,,,
201911하순,214.0,상추,2.0,청,상품,g,100.0,965.0,,1530.0,744.0,768.666666666666,2019,하순,2019-11-21,상추-청,11,21,False,False,False,False,False,False,False,False,False,False,True,False,False,False,True,상추(청),,,,,,
201911하순,214.0,상추,2.0,청,상품,g,100.0,965.0,,1530.0,744.0,768.666666666666,2019,하순,2019-11-21,상추-청,11,21,False,False,False,False,False,False,False,False,False,False,True,False,False,False,True,상추(청),,,,,,
201911하순,214.0,상추,2.0,청,상품,g,100.0,965.0,,1530.0,744.0,768.666666666666,2019,하순,2019-11-21,상추-청,11,21,False,False,False,False,False,False,False,False,False,False,True,False,False,False,True,상추(청),,,,,,
201911하순,214.0,상추,2.0,청,상품,g,100.0,965.0,,1530.0,744.0,768.666666666666,2019,하순,2019-11-21,상추-청,11,21,False,False,False,False,False,False,False,False,False,False,True,False,False,False,True,상추(청),,,,,,
201911하순,214.0,상추,2.0,청,상품,g,100.0,965.0,,1530.0,744.0,768.666666666666,2019,하순,2019-11-21,상추-청,11,21,False,False,False,False,False,False,False,False,False,False,True,False,False,False,True,상추(청),,,,,,
201911하순,214.0,상추,2.0,청,상품,g,100.0,965.0,,1530.0,744.0,768.666666666666,2019,하순,2019-11-21,상추-청,11,21,False,False,False,False,False,False,False,False,False,False,True,False,False,False,True,상추(청),,,,,,
201911하순,214.0,상추,2.0,청,상품,g,100.0,965.0,,1530.0,744.0,768.666666666666,2019,하순,2019-11-21,상추-청,11,21,False,False,False,False,False,False,False,False,False,False,True,False,False,False,True,상추(청),,,,,,
201911하순,214.0,상추,2.0,청,상품,g,100.0,965.0,,1530.0,744.0,768.666666666666,2019,하순,2019-11-21,상추-청,11,21,False,False,False,False,False,False,False,False,False,False,True,False,False,False,True,상추(청),,,,,,
201911하순,214.0,상추,2.0,청,상품,g,100.0,965.0,,1530.0,744.0,768.666666666666,2019,하순,2019-11-21,상추-청,11,21,False,False,False,False,False,False,False,False,False,False,True,False,False,False,True,상추(청),,,,,,
201911하순,214.0,상추,2.0,청,상품,g,100.0,965.0,,1530.0,744.0,768.666666666666,2019,하순,2019-11-21,상추-청,11,21,False,False,False,False,False,False,False,False,False,False,True,False,False,False,True,상추(청),,,,,,
201911하순,214.0,상추,2.0,청,상품,g,100.0,965.0,,1530.0,744.0,768.666666666666,2019,하순,2019-11-21,상추-청,11,21,False,False,False,False,False,False,False,False,False,False,True,False,False,False,True,상추(청),,,,,,
201911하순,214.0,상추,2.0,청,상품,g,100.0,965.0,,1530.0,744.0,768.666666666666,2019,하순,2019-11-21,상추-청,11,21,False,False,False,False,False,False,False,False,False,False,True,False,False,False,True,상추(청),,,,,,
201911하순,214.0,상추,2.0,청,상품,g,100.0,965.0,,1530.0,744.0,768.666666666666,2019,하순,2019-11-21,상추-청,11,21,False,False,False,False,False,False,False,False,False,False,True,False,False,False,True,상추(청),,,,,,
201911하순,214.0,상추,2.0,청,상품,g,100.0,965.0,,1530.0,744.0,768.666666666666,2019,하순,2019-11-21,상추-청,11,21,False,False,False,False,False,False,False,False,False,False,True,False,False,False,True,상추(청),,,,,,
201911하순,214.0,상추,2.0,청,상품,g,100.0,965.0,,1530.0,744.0,768.666666666666,2019,하순,2019-11-21,상추-청,11,21,False,False,False,False,False,False,False,False,False,False,True,False,False,False,True,상추(청),,,,,,
201911하순,214.0,상추,2.0,청,상품,g,100.0,965.0,,1530.0,744.0,768.666666666666,2019,하순,2019-11-21,상추-청,11,21,False,False,False,False,False,False,False,False,False,False,True,False,False,False,True,상추(청),,,,,,
201912상순,214.0,상추,2.0,청,상품,g,100.0,974.0,,1219.0,721.0,713.0,2019,상순,2019-12-01,상추-청,12,1,False,False,False,False,False,False,False,False,False,False,False,True,True,False,False,상추(청),,,,,,
201912상순,214.0,상추,2.0,청,상품,g,100.0,974.0,,1219.0,721.0,713.0,2019,상순,2019-12-01,상추-청,12,1,False,False,False,False,False,False,False,False,False,False,False,True,True,False,False,상추(청),,,,,,
201912상순,214.0,상추,2.0,청,상품,g,100.0,974.0,,1219.0,721.0,713.0,2019,상순,2019-12-01,상추-청,12,1,False,False,False,False,False,False,False,False,False,False,False,True,True,False,False,상추(청),,,,,,
201912상순,214.0,상추,2.0,청,상품,g,100.0,974.0,,1219.0,721.0,713.0,2019,상순,2019-12-01,상추-청,12,1,False,False,False,False,False,False,False,False,False,False,False,True,True,False,False,상추(청),,,,,,
201912상순,214.0,상추,2.0,청,상품,g,100.0,974.0,,1219.0,721.0,713.0,2019,상순,2019-12-01,상추-청,12,1,False,False,False,False,False,False,False,False,False,False,False,True,True,False,False,상추(청),,,,,,
201912상순,214.0,상추,2.0,청,상품,g,100.0,974.0,,1219.0,721.0,713.0,2019,상순,2019-12-01,상추-청,12,1,False,False,False,False,False,False,False,False,False,False,False,True,True,False,False,상추(청),,,,,,
201912상순,214.0,상추,2.0,청,상품,g,100.0,974.0,,1219.0,721.0,713.0,2019,상순,2019-12-01,상추-청,12,1,False,False,False,False,False,False,False,False,False,False,False,True,True,False,False,상추(청),,,,,,
201912상순,214.0,상추,2.0,청,상품,g,100.0,974.0,,1219.0,721.0,713.0,2019,상순,2019-12-01,상추-청,12,1,False,False,False,False,False,False,False,False,False,False,False,True,True,False,False,상추(청),,,,,,
201912상순,214.0,상추,2.0,청,상품,g,100.0,974.0,,1219.0,721.0,713.0,2019,상순,2019-12-01,상추-청,12,1,False,False,False,False,False,False,False,False,False,False,False,True,True,False,False,상추(청),,,,,,
201912상순,214.0,상추,2.0,청,상품,g,100.0,974.0,,1219.0,721.0,713.0,2019,상순,2019-12-01,상추-청,12,1,False,False,False,False,False,False,False,False,False,False,False,True,True,False,False,상추(청),,,,,,
201912상순,214.0,상추,2.0,청,상품,g,100.0,974.0,,1219.0,721.0,713.0,2019,상순,2019-12-01,상추-청,12,1,False,False,False,False,False,False,False,False,False,False,False,True,True,False,False,상추(청),,,,,,
201912상순,214.0,상추,2.0,청,상품,g,100.0,974.0,,1219.0,721.0,713.0,2019,상순,2019-12-01,상추-청,12,1,False,False,False,False,False,False,False,False,False,False,False,True,True,False,False,상추(청),,,,,,
201912상순,214.0,상추,2.0,청,상품,g,100.0,974.0,,1219.0,721.0,713.0,2019,상순,2019-12-01,상추-청,12,1,False,False,False,False,False,False,False,False,False,False,False,True,True,False,False,상추(청),,,,,,
201912상순,214.0,상추,2.0,청,상품,g,100.0,974.0,,1219.0,721.0,713.0,2019,상순,2019-12-01,상추-청,12,1,False,False,False,False,False,False,False,False,False,False,False,True,True,False,False,상추(청),,,,,,
201912상순,214.0,상추,2.0,청,상품,g,100.0,974.0,,1219.0,721.0,713.0,2019,상순,2019-12-01,상추-청,12,1,False,False,False,False,False,False,False,False,False,False,False,True,True,False,False,상추(청),,,,,,
201912상순,214.0,상추,2.0,청,상품,g,100.0,974.0,,1219.0,721.0,713.0,2019,상순,2019-12-01,상추-청,12,1,False,False,False,False,False,False,False,False,False,False,False,True,True,False,False,상추(청),,,,,,
201912상순,214.0,상추,2.0,청,상품,g,100.0,974.0,,1219.0,721.0,713.0,2019,상순,2019-12-01,상추-청,12,1,False,False,False,False,False,False,False,False,False,False,False,True,True,False,False,상추(청),,,,,,
201912상순,214.0,상추,2.0,청,상품,g,100.0,974.0,,1219.0,721.0,713.0,2019,상순,2019-12-01,상추-청,12,1,False,False,False,False,False,False,False,False,False,False,False,True,True,False,False,상추(청),,,,,,
201912상순,214.0,상추,2.0,청,상품,g,100.0,974.0,,1219.0,721.0,713.0,2019,상순,2019-12-01,상추-청,12,1,False,False,False,False,False,False,False,False,False,False,False,True,True,False,False,상추(청),,,,,,
201912상순,214.0,상추,2.0,청,상품,g,100.0,974.0,,1219.0,721.0,713.0,2019,상순,2019-12-01,상추-청,12,1,False,False,False,False,False,False,False,False,False,False,False,True,True,False,False,상추(청),,,,,,
201912상순,214.0,상추,2.0,청,상품,g,100.0,974.0,,1219.0,721.0,713.0,2019,상순,2019-12-01,상추-청,12,1,False,False,False,False,False,False,False,False,False,False,False,True,True,False,False,상추(청),,,,,,
201912상순,214.0,상추,2.0,청,상품,g,100.0,974.0,,1219.0,721.0,713.0,2019,상순,2019-12-01,상추-청,12,1,False,False,False,False,False,False,False,False,False,False,False,True,True,False,False,상추(청),,,,,,
201912상순,214.0,상추,2.0,청,상품,g,100.0,974.0,,1219.0,721.0,713.0,2019,상순,2019-12-01,상추-청,12,1,False,False,False,False,False,False,False,False,False,False,False,True,True,False,False,상추(청),,,,,,
201912중순,214.0,상추,2.0,청,상품,g,100.0,947.0,,1047.0,711.0,751.333333333333,2019,중순,2019-12-11,상추-청,12,11,False,False,False,False,False,False,False,False,False,False,False,True,False,True,False,상추(청),,,,,,
201912중순,214.0,상추,2.0,청,상품,g,100.0,947.0,,1047.0,711.0,751.333333333333,2019,중순,2019-12-11,상추-청,12,11,False,False,False,False,False,False,False,False,False,False,False,True,False,True,False,상추(청),,,,,,
201912중순,214.0,상추,2.0,청,상품,g,100.0,947.0,,1047.0,711.0,751.333333333333,2019,중순,2019-12-11,상추-청,12,11,False,False,False,False,False,False,False,False,False,False,False,True,False,True,False,상추(청),,,,,,
201912중순,214.0,상추,2.0,청,상품,g,100.0,947.0,,1047.0,711.0,751.333333333333,2019,중순,2019-12-11,상추-청,12,11,False,False,False,False,False,False,False,False,False,False,False,True,False,True,False,상추(청),,,,,,
201912중순,214.0,상추,2.0,청,상품,g,100.0,947.0,,1047.0,711.0,751.333333333333,2019,중순,2019-12-11,상추-청,12,11,False,False,False,False,False,False,False,False,False,False,False,True,False,True,False,상추(청),,,,,,
201912중순,214.0,상추,2.0,청,상품,g,100.0,947.0,,1047.0,711.0,751.333333333333,2019,중순,2019-12-11,상추-청,12,11,False,False,False,False,False,False,False,False,False,False,False,True,False,True,False,상추(청),,,,,,
201912중순,214.0,상추,2.0,청,상품,g,100.0,947.0,,1047.0,711.0,751.333333333333,2019,중순,2019-12-11,상추-청,12,11,False,False,False,False,False,False,False,False,False,False,False,True,False,True,False,상추(청),,,,,,
201912중순,214.0,상추,2.0,청,상품,g,100.0,947.0,,1047.0,711.0,751.333333333333,2019,중순,2019-12-11,상추-청,12,11,False,False,False,False,False,False,False,False,False,False,False,True,False,True,False,상추(청),,,,,,
201912중순,214.0,상추,2.0,청,상품,g,100.0,947.0,,1047.0,711.0,751.333333333333,2019,중순,2019-12-11,상추-청,12,11,False,False,False,False,False,False,False,False,False,False,False,True,False,True,False,상추(청),,,,,,
201912중순,214.0,상추,2.0,청,상품,g,100.0,947.0,,1047.0,711.0,751.333333333333,2019,중순,2019-12-11,상추-청,12,11,False,False,False,False,False,False,False,False,False,False,False,True,False,True,False,상추(청),,,,,,
201912중순,214.0,상추,2.0,청,상품,g,100.0,947.0,,1047.0,711.0,751.333333333333,2019,중순,2019-12-11,상추-청,12,11,False,False,False,False,False,False,False,False,False,False,False,True,False,True,False,상추(청),,,,,,
201912중순,214.0,상추,2.0,청,상품,g,100.0,947.0,,1047.0,711.0,751.333333333333,2019,중순,2019-12-11,상추-청,12,11,False,False,False,False,False,False,False,False,False,False,False,True,False,True,False,상추(청),,,,,,
201912중순,214.0,상추,2.0,청,상품,g,100.0,947.0,,1047.0,711.0,751.333333333333,2019,중순,2019-12-11,상추-청,12,11,False,False,False,False,False,False,False,False,False,False,False,True,False,True,False,상추(청),,,,,,
201912중순,214.0,상추,2.0,청,상품,g,100.0,947.0,,1047.0,711.0,751.333333333333,2019,중순,2019-12-11,상추-청,12,11,False,False,False,False,False,False,False,False,False,False,False,True,False,True,False,상추(청),,,,,,
201912중순,214.0,상추,2.0,청,상품,g,100.0,947.0,,1047.0,711.0,751.333333333333,2019,중순,2019-12-11,상추-청,12,11,False,False,False,False,False,False,False,False,False,False,False,True,False,True,False,상추(청),,,,,,
201912중순,214.0,상추,2.0,청,상품,g,100.0,947.0,,1047.0,711.0,751.333333333333,2019,중순,2019-12-11,상추-청,12,11,False,False,False,False,False,False,False,False,False,False,False,True,False,True,False,상추(청),,,,,,
201912중순,214.0,상추,2.0,청,상품,g,100.0,947.0,,1047.0,711.0,751.333333333333,2019,중순,2019-12-11,상추-청,12,11,False,False,False,False,False,False,False,False,False,False,False,True,False,True,False,상추(청),,,,,,
201912중순,214.0,상추,2.0,청,상품,g,100.0,947.0,,1047.0,711.0,751.333333333333,2019,중순,2019-12-11,상추-청,12,11,False,False,False,False,False,False,False,False,False,False,False,True,False,True,False,상추(청),,,,,,
201912중순,214.0,상추,2.0,청,상품,g,100.0,947.0,,1047.0,711.0,751.333333333333,2019,중순,2019-12-11,상추-청,12,11,False,False,False,False,False,False,False,False,False,False,False,True,False,True,False,상추(청),,,,,,
201912중순,214.0,상추,2.0,청,상품,g,100.0,947.0,,1047.0,711.0,751.333333333333,2019,중순,2019-12-11,상추-청,12,11,False,False,False,False,False,False,False,False,False,False,False,True,False,True,False,상추(청),,,,,,
201912중순,214.0,상추,2.0,청,상품,g,100.0,947.0,,1047.0,711.0,751.333333333333,2019,중순,2019-12-11,상추-청,12,11,False,False,False,False,False,False,False,False,False,False,False,True,False,True,False,상추(청),,,,,,
201912중순,214.0,상추,2.0,청,상품,g,100.0,947.0,,1047.0,711.0,751.333333333333,2019,중순,2019-12-11,상추-청,12,11,False,False,False,False,False,False,False,False,False,False,False,True,False,True,False,상추(청),,,,,,
201912중순,214.0,상추,2.0,청,상품,g,100.0,947.0,,1047.0,711.0,751.333333333333,2019,중순,2019-12-11,상추-청,12,11,False,False,False,False,False,False,False,False,False,False,False,True,False,True,False,상추(청),,,,,,
201912하순,214.0,상추,2.0,청,상품,g,100.0,970.0,,965.0,730.0,909.333333333333,2019,하순,2019-12-21,상추-청,12,21,False,False,False,False,False,False,False,False,False,False,False,True,False,False,True,상추(청),,,,,,
201912하순,214.0,상추,2.0,청,상품,g,100.0,970.0,,965.0,730.0,909.333333333333,2019,하순,2019-12-21,상추-청,12,21,False,False,False,False,False,False,False,False,False,False,False,True,False,False,True,상추(청),,,,,,
201912하순,214.0,상추,2.0,청,상품,g,100.0,970.0,,965.0,730.0,909.333333333333,2019,하순,2019-12-21,상추-청,12,21,False,False,False,False,False,False,False,False,False,False,False,True,False,False,True,상추(청),,,,,,
201912하순,214.0,상추,2.0,청,상품,g,100.0,970.0,,965.0,730.0,909.333333333333,2019,하순,2019-12-21,상추-청,12,21,False,False,False,False,False,False,False,False,False,False,False,True,False,False,True,상추(청),,,,,,
201912하순,214.0,상추,2.0,청,상품,g,100.0,970.0,,965.0,730.0,909.333333333333,2019,하순,2019-12-21,상추-청,12,21,False,False,False,False,False,False,False,False,False,False,False,True,False,False,True,상추(청),,,,,,
201912하순,214.0,상추,2.0,청,상품,g,100.0,970.0,,965.0,730.0,909.333333333333,2019,하순,2019-12-21,상추-청,12,21,False,False,False,False,False,False,False,False,False,False,False,True,False,False,True,상추(청),,,,,,
201912하순,214.0,상추,2.0,청,상품,g,100.0,970.0,,965.0,730.0,909.333333333333,2019,하순,2019-12-21,상추-청,12,21,False,False,False,False,False,False,False,False,False,False,False,True,False,False,True,상추(청),,,,,,
201912하순,214.0,상추,2.0,청,상품,g,100.0,970.0,,965.0,730.0,909.333333333333,2019,하순,2019-12-21,상추-청,12,21,False,False,False,False,False,False,False,False,False,False,False,True,False,False,True,상추(청),,,,,,
201912하순,214.0,상추,2.0,청,상품,g,100.0,970.0,,965.0,730.0,909.333333333333,2019,하순,2019-12-21,상추-청,12,21,False,False,False,False,False,False,False,False,False,False,False,True,False,False,True,상추(청),,,,,,
201912하순,214.0,상추,2.0,청,상품,g,100.0,970.0,,965.0,730.0,909.333333333333,2019,하순,2019-12-21,상추-청,12,21,False,False,False,False,False,False,False,False,False,False,False,True,False,False,True,상추(청),,,,,,
201912하순,214.0,상추,2.0,청,상품,g,100.0,970.0,,965.0,730.0,909.333333333333,2019,하순,2019-12-21,상추-청,12,21,False,False,False,False,False,False,False,False,False,False,False,True,False,False,True,상추(청),,,,,,
201912하순,214.0,상추,2.0,청,상품,g,100.0,970.0,,965.0,730.0,909.333333333333,2019,하순,2019-12-21,상추-청,12,21,False,False,False,False,False,False,False,False,False,False,False,True,False,False,True,상추(청),,,,,,
201912하순,214.0,상추,2.0,청,상품,g,100.0,970.0,,965.0,730.0,909.333333333333,2019,하순,2019-12-21,상추-청,12,21,False,False,False,False,False,False,False,False,False,False,False,True,False,False,True,상추(청),,,,,,
201912하순,214.0,상추,2.0,청,상품,g,100.0,970.0,,965.0,730.0,909.333333333333,2019,하순,2019-12-21,상추-청,12,21,False,False,False,False,False,False,False,False,False,False,False,True,False,False,True,상추(청),,,,,,
201912하순,214.0,상추,2.0,청,상품,g,100.0,970.0,,965.0,730.0,909.333333333333,2019,하순,2019-12-21,상추-청,12,21,False,False,False,False,False,False,False,False,False,False,False,True,False,False,True,상추(청),,,,,,
201912하순,214.0,상추,2.0,청,상품,g,100.0,970.0,,965.0,730.0,909.333333333333,2019,하순,2019-12-21,상추-청,12,21,False,False,False,False,False,False,False,False,False,False,False,True,False,False,True,상추(청),,,,,,
201912하순,214.0,상추,2.0,청,상품,g,100.0,970.0,,965.0,730.0,909.333333333333,2019,하순,2019-12-21,상추-청,12,21,False,False,False,False,False,False,False,False,False,False,False,True,False,False,True,상추(청),,,,,,
201912하순,214.0,상추,2.0,청,상품,g,100.0,970.0,,965.0,730.0,909.333333333333,2019,하순,2019-12-21,상추-청,12,21,False,False,False,False,False,False,False,False,False,False,False,True,False,False,True,상추(청),,,,,,
201912하순,214.0,상추,2.0,청,상품,g,100.0,970.0,,965.0,730.0,909.333333333333,2019,하순,2019-12-21,상추-청,12,21,False,False,False,False,False,False,False,False,False,False,False,True,False,False,True,상추(청),,,,,,
201912하순,214.0,상추,2.0,청,상품,g,100.0,970.0,,965.0,730.0,909.333333333333,2019,하순,2019-12-21,상추-청,12,21,False,False,False,False,False,False,False,False,False,False,False,True,False,False,True,상추(청),,,,,,
201912하순,214.0,상추,2.0,청,상품,g,100.0,970.0,,965.0,730.0,909.333333333333,2019,하순,2019-12-21,상추-청,12,21,False,False,False,False,False,False,False,False,False,False,False,True,False,False,True,상추(청),,,,,,
201912하순,214.0,상추,2.0,청,상품,g,100.0,970.0,,965.0,730.0,909.333333333333,2019,하순,2019-12-21,상추-청,12,21,False,False,False,False,False,False,False,False,False,False,False,True,False,False,True,상추(청),,,,,,
201912하순,214.0,상추,2.0,청,상품,g,100.0,970.0,,965.0,730.0,909.333333333333,2019,하순,2019-12-21,상추-청,12,21,False,False,False,False,False,False,False,False,False,False,False,True,False,False,True,상추(청),,,,,,
202001상순,214.0,상추,2.0,청,상품,g,100.0,1127.0,,974.0,760.0,983.0,2020,상순,2020-01-01,상추-청,1,1,True,False,False,False,False,False,False,False,False,False,False,False,True,False,False,상추(청),,,,,,
202001상순,214.0,상추,2.0,청,상품,g,100.0,1127.0,,974.0,760.0,983.0,2020,상순,2020-01-01,상추-청,1,1,True,False,False,False,False,False,False,False,False,False,False,False,True,False,False,상추(청),,,,,,
202001상순,214.0,상추,2.0,청,상품,g,100.0,1127.0,,974.0,760.0,983.0,2020,상순,2020-01-01,상추-청,1,1,True,False,False,False,False,False,False,False,False,False,False,False,True,False,False,상추(청),,,,,,
202001상순,214.0,상추,2.0,청,상품,g,100.0,1127.0,,974.0,760.0,983.0,2020,상순,2020-01-01,상추-청,1,1,True,False,False,False,False,False,False,False,False,False,False,False,True,False,False,상추(청),,,,,,
202001상순,214.0,상추,2.0,청,상품,g,100.0,1127.0,,974.0,760.0,983.0,2020,상순,2020-01-01,상추-청,1,1,True,False,False,False,False,False,False,False,False,False,False,False,True,False,False,상추(청),,,,,,
202001상순,214.0,상추,2.0,청,상품,g,100.0,1127.0,,974.0,760.0,983.0,2020,상순,2020-01-01,상추-청,1,1,True,False,False,False,False,False,False,False,False,False,False,False,True,False,False,상추(청),,,,,,
202001상순,214.0,상추,2.0,청,상품,g,100.0,1127.0,,974.0,760.0,983.0,2020,상순,2020-01-01,상추-청,1,1,True,False,False,False,False,False,False,False,False,False,False,False,True,False,False,상추(청),,,,,,
202001상순,214.0,상추,2.0,청,상품,g,100.0,1127.0,,974.0,760.0,983.0,2020,상순,2020-01-01,상추-청,1,1,True,False,False,False,False,False,False,False,False,False,False,False,True,False,False,상추(청),,,,,,
202001상순,214.0,상추,2.0,청,상품,g,100.0,1127.0,,974.0,760.0,983.0,2020,상순,2020-01-01,상추-청,1,1,True,False,False,False,False,False,False,False,False,False,False,False,True,False,False,상추(청),,,,,,
202001상순,214.0,상추,2.0,청,상품,g,100.0,1127.0,,974.0,760.0,983.0,2020,상순,2020-01-01,상추-청,1,1,True,False,False,False,False,False,False,False,False,False,False,False,True,False,False,상추(청),,,,,,
202001상순,214.0,상추,2.0,청,상품,g,100.0,1127.0,,974.0,760.0,983.0,2020,상순,2020-01-01,상추-청,1,1,True,False,False,False,False,False,False,False,False,False,False,False,True,False,False,상추(청),,,,,,
202001상순,214.0,상추,2.0,청,상품,g,100.0,1127.0,,974.0,760.0,983.0,2020,상순,2020-01-01,상추-청,1,1,True,False,False,False,False,False,False,False,False,False,False,False,True,False,False,상추(청),,,,,,
202001상순,214.0,상추,2.0,청,상품,g,100.0,1127.0,,974.0,760.0,983.0,2020,상순,2020-01-01,상추-청,1,1,True,False,False,False,False,False,False,False,False,False,False,False,True,False,False,상추(청),,,,,,
202001상순,214.0,상추,2.0,청,상품,g,100.0,1127.0,,974.0,760.0,983.0,2020,상순,2020-01-01,상추-청,1,1,True,False,False,False,False,False,False,False,False,False,False,False,True,False,False,상추(청),,,,,,
202001상순,214.0,상추,2.0,청,상품,g,100.0,1127.0,,974.0,760.0,983.0,2020,상순,2020-01-01,상추-청,1,1,True,False,False,False,False,False,False,False,False,False,False,False,True,False,False,상추(청),,,,,,
202001상순,214.0,상추,2.0,청,상품,g,100.0,1127.0,,974.0,760.0,983.0,2020,상순,2020-01-01,상추-청,1,1,True,False,False,False,False,False,False,False,False,False,False,False,True,False,False,상추(청),,,,,,
202001상순,214.0,상추,2.0,청,상품,g,100.0,1127.0,,974.0,760.0,983.0,2020,상순,2020-01-01,상추-청,1,1,True,False,False,False,False,False,False,False,False,False,False,False,True,False,False,상추(청),,,,,,
202001상순,214.0,상추,2.0,청,상품,g,100.0,1127.0,,974.0,760.0,983.0,2020,상순,2020-01-01,상추-청,1,1,True,False,False,False,False,False,False,False,False,False,False,False,True,False,False,상추(청),,,,,,
202001상순,214.0,상추,2.0,청,상품,g,100.0,1127.0,,974.0,760.0,983.0,2020,상순,2020-01-01,상추-청,1,1,True,False,False,False,False,False,False,False,False,False,False,False,True,False,False,상추(청),,,,,,
202001상순,214.0,상추,2.0,청,상품,g,100.0,1127.0,,974.0,760.0,983.0,2020,상순,2020-01-01,상추-청,1,1,True,False,False,False,False,False,False,False,False,False,False,False,True,False,False,상추(청),,,,,,
202001상순,214.0,상추,2.0,청,상품,g,100.0,1127.0,,974.0,760.0,983.0,2020,상순,2020-01-01,상추-청,1,1,True,False,False,False,False,False,False,False,False,False,False,False,True,False,False,상추(청),,,,,,
202001상순,214.0,상추,2.0,청,상품,g,100.0,1127.0,,974.0,760.0,983.0,2020,상순,2020-01-01,상추-청,1,1,True,False,False,False,False,False,False,False,False,False,False,False,True,False,False,상추(청),,,,,,
202001상순,214.0,상추,2.0,청,상품,g,100.0,1127.0,,974.0,760.0,983.0,2020,상순,2020-01-01,상추-청,1,1,True,False,False,False,False,False,False,False,False,False,False,False,True,False,False,상추(청),,,,,,
202001상순,214.0,상추,2.0,청,상품,g,100.0,1127.0,,974.0,760.0,983.0,2020,상순,2020-01-01,상추-청,1,1,True,False,False,False,False,False,False,False,False,False,False,False,True,False,False,상추(청),,,,,,
202001상순,214.0,상추,2.0,청,상품,g,100.0,1127.0,,974.0,760.0,983.0,2020,상순,2020-01-01,상추-청,1,1,True,False,False,False,False,False,False,False,False,False,False,False,True,False,False,상추(청),,,,,,
202001상순,214.0,상추,2.0,청,상품,g,100.0,1127.0,,974.0,760.0,983.0,2020,상순,2020-01-01,상추-청,1,1,True,False,False,False,False,False,False,False,False,False,False,False,True,False,False,상추(청),,,,,,
202001상순,214.0,상추,2.0,청,상품,g,100.0,1127.0,,974.0,760.0,983.0,2020,상순,2020-01-01,상추-청,1,1,True,False,False,False,False,False,False,False,False,False,False,False,True,False,False,상추(청),,,,,,
202001중순,214.0,상추,2.0,청,상품,g,100.0,1316.0,,947.0,772.0,935.666666666666,2020,중순,2020-01-11,상추-청,1,11,True,False,False,False,False,False,False,False,False,False,False,False,False,True,False,상추(청),,,,,,
202001중순,214.0,상추,2.0,청,상품,g,100.0,1316.0,,947.0,772.0,935.666666666666,2020,중순,2020-01-11,상추-청,1,11,True,False,False,False,False,False,False,False,False,False,False,False,False,True,False,상추(청),,,,,,
202001중순,214.0,상추,2.0,청,상품,g,100.0,1316.0,,947.0,772.0,935.666666666666,2020,중순,2020-01-11,상추-청,1,11,True,False,False,False,False,False,False,False,False,False,False,False,False,True,False,상추(청),,,,,,
202001중순,214.0,상추,2.0,청,상품,g,100.0,1316.0,,947.0,772.0,935.666666666666,2020,중순,2020-01-11,상추-청,1,11,True,False,False,False,False,False,False,False,False,False,False,False,False,True,False,상추(청),,,,,,
202001중순,214.0,상추,2.0,청,상품,g,100.0,1316.0,,947.0,772.0,935.666666666666,2020,중순,2020-01-11,상추-청,1,11,True,False,False,False,False,False,False,False,False,False,False,False,False,True,False,상추(청),,,,,,
202001중순,214.0,상추,2.0,청,상품,g,100.0,1316.0,,947.0,772.0,935.666666666666,2020,중순,2020-01-11,상추-청,1,11,True,False,False,False,False,False,False,False,False,False,False,False,False,True,False,상추(청),,,,,,
202001중순,214.0,상추,2.0,청,상품,g,100.0,1316.0,,947.0,772.0,935.666666666666,2020,중순,2020-01-11,상추-청,1,11,True,False,False,False,False,False,False,False,False,False,False,False,False,True,False,상추(청),,,,,,
202001중순,214.0,상추,2.0,청,상품,g,100.0,1316.0,,947.0,772.0,935.666666666666,2020,중순,2020-01-11,상추-청,1,11,True,False,False,False,False,False,False,False,False,False,False,False,False,True,False,상추(청),,,,,,
202001중순,214.0,상추,2.0,청,상품,g,100.0,1316.0,,947.0,772.0,935.666666666666,2020,중순,2020-01-11,상추-청,1,11,True,False,False,False,False,False,False,False,False,False,False,False,False,True,False,상추(청),,,,,,
202001중순,214.0,상추,2.0,청,상품,g,100.0,1316.0,,947.0,772.0,935.666666666666,2020,중순,2020-01-11,상추-청,1,11,True,False,False,False,False,False,False,False,False,False,False,False,False,True,False,상추(청),,,,,,
202001중순,214.0,상추,2.0,청,상품,g,100.0,1316.0,,947.0,772.0,935.666666666666,2020,중순,2020-01-11,상추-청,1,11,True,False,False,False,False,False,False,False,False,False,False,False,False,True,False,상추(청),,,,,,
202001중순,214.0,상추,2.0,청,상품,g,100.0,1316.0,,947.0,772.0,935.666666666666,2020,중순,2020-01-11,상추-청,1,11,True,False,False,False,False,False,False,False,False,False,False,False,False,True,False,상추(청),,,,,,
202001중순,214.0,상추,2.0,청,상품,g,100.0,1316.0,,947.0,772.0,935.666666666666,2020,중순,2020-01-11,상추-청,1,11,True,False,False,False,False,False,False,False,False,False,False,False,False,True,False,상추(청),,,,,,
202001중순,214.0,상추,2.0,청,상품,g,100.0,1316.0,,947.0,772.0,935.666666666666,2020,중순,2020-01-11,상추-청,1,11,True,False,False,False,False,False,False,False,False,False,False,False,False,True,False,상추(청),,,,,,
202001중순,214.0,상추,2.0,청,상품,g,100.0,1316.0,,947.0,772.0,935.666666666666,2020,중순,2020-01-11,상추-청,1,11,True,False,False,False,False,False,False,False,False,False,False,False,False,True,False,상추(청),,,,,,
202001중순,214.0,상추,2.0,청,상품,g,100.0,1316.0,,947.0,772.0,935.666666666666,2020,중순,2020-01-11,상추-청,1,11,True,False,False,False,False,False,False,False,False,False,False,False,False,True,False,상추(청),,,,,,
202001중순,214.0,상추,2.0,청,상품,g,100.0,1316.0,,947.0,772.0,935.666666666666,2020,중순,2020-01-11,상추-청,1,11,True,False,False,False,False,False,False,False,False,False,False,False,False,True,False,상추(청),,,,,,
202001중순,214.0,상추,2.0,청,상품,g,100.0,1316.0,,947.0,772.0,935.666666666666,2020,중순,2020-01-11,상추-청,1,11,True,False,False,False,False,False,False,False,False,False,False,False,False,True,False,상추(청),,,,,,
202001중순,214.0,상추,2.0,청,상품,g,100.0,1316.0,,947.0,772.0,935.666666666666,2020,중순,2020-01-11,상추-청,1,11,True,False,False,False,False,False,False,False,False,False,False,False,False,True,False,상추(청),,,,,,
202001중순,214.0,상추,2.0,청,상품,g,100.0,1316.0,,947.0,772.0,935.666666666666,2020,중순,2020-01-11,상추-청,1,11,True,False,False,False,False,False,False,False,False,False,False,False,False,True,False,상추(청),,,,,,
202001중순,214.0,상추,2.0,청,상품,g,100.0,1316.0,,947.0,772.0,935.666666666666,2020,중순,2020-01-11,상추-청,1,11,True,False,False,False,False,False,False,False,False,False,False,False,False,True,False,상추(청),,,,,,
202001중순,214.0,상추,2.0,청,상품,g,100.0,1316.0,,947.0,772.0,935.666666666666,2020,중순,2020-01-11,상추-청,1,11,True,False,False,False,False,False,False,False,False,False,False,False,False,True,False,상추(청),,,,,,
202001중순,214.0,상추,2.0,청,상품,g,100.0,1316.0,,947.0,772.0,935.666666666666,2020,중순,2020-01-11,상추-청,1,11,True,False,False,False,False,False,False,False,False,False,False,False,False,True,False,상추(청),,,,,,
202001하순,214.0,상추,2.0,청,상품,g,100.0,1377.0,,970.0,761.0,888.0,2020,하순,2020-01-21,상추-청,1,21,True,False,False,False,False,False,False,False,False,False,False,False,False,False,True,상추(청),,,,,,
202001하순,214.0,상추,2.0,청,상품,g,100.0,1377.0,,970.0,761.0,888.0,2020,하순,2020-01-21,상추-청,1,21,True,False,False,False,False,False,False,False,False,False,False,False,False,False,True,상추(청),,,,,,
202001하순,214.0,상추,2.0,청,상품,g,100.0,1377.0,,970.0,761.0,888.0,2020,하순,2020-01-21,상추-청,1,21,True,False,False,False,False,False,False,False,False,False,False,False,False,False,True,상추(청),,,,,,
202001하순,214.0,상추,2.0,청,상품,g,100.0,1377.0,,970.0,761.0,888.0,2020,하순,2020-01-21,상추-청,1,21,True,False,False,False,False,False,False,False,False,False,False,False,False,False,True,상추(청),,,,,,
202001하순,214.0,상추,2.0,청,상품,g,100.0,1377.0,,970.0,761.0,888.0,2020,하순,2020-01-21,상추-청,1,21,True,False,False,False,False,False,False,False,False,False,False,False,False,False,True,상추(청),,,,,,
202001하순,214.0,상추,2.0,청,상품,g,100.0,1377.0,,970.0,761.0,888.0,2020,하순,2020-01-21,상추-청,1,21,True,False,False,False,False,False,False,False,False,False,False,False,False,False,True,상추(청),,,,,,
202001하순,214.0,상추,2.0,청,상품,g,100.0,1377.0,,970.0,761.0,888.0,2020,하순,2020-01-21,상추-청,1,21,True,False,False,False,False,False,False,False,False,False,False,False,False,False,True,상추(청),,,,,,
202001하순,214.0,상추,2.0,청,상품,g,100.0,1377.0,,970.0,761.0,888.0,2020,하순,2020-01-21,상추-청,1,21,True,False,False,False,False,False,False,False,False,False,False,False,False,False,True,상추(청),,,,,,
202001하순,214.0,상추,2.0,청,상품,g,100.0,1377.0,,970.0,761.0,888.0,2020,하순,2020-01-21,상추-청,1,21,True,False,False,False,False,False,False,False,False,False,False,False,False,False,True,상추(청),,,,,,
202001하순,214.0,상추,2.0,청,상품,g,100.0,1377.0,,970.0,761.0,888.0,2020,하순,2020-01-21,상추-청,1,21,True,False,False,False,False,False,False,False,False,False,False,False,False,False,True,상추(청),,,,,,
202001하순,214.0,상추,2.0,청,상품,g,100.0,1377.0,,970.0,761.0,888.0,2020,하순,2020-01-21,상추-청,1,21,True,False,False,False,False,False,False,False,False,False,False,False,False,False,True,상추(청),,,,,,
202001하순,214.0,상추,2.0,청,상품,g,100.0,1377.0,,970.0,761.0,888.0,2020,하순,2020-01-21,상추-청,1,21,True,False,False,False,False,False,False,False,False,False,False,False,False,False,True,상추(청),,,,,,
202001하순,214.0,상추,2.0,청,상품,g,100.0,1377.0,,970.0,761.0,888.0,2020,하순,2020-01-21,상추-청,1,21,True,False,False,False,False,False,False,False,False,False,False,False,False,False,True,상추(청),,,,,,
202001하순,214.0,상추,2.0,청,상품,g,100.0,1377.0,,970.0,761.0,888.0,2020,하순,2020-01-21,상추-청,1,21,True,False,False,False,False,False,False,False,False,False,False,False,False,False,True,상추(청),,,,,,
202001하순,214.0,상추,2.0,청,상품,g,100.0,1377.0,,970.0,761.0,888.0,2020,하순,2020-01-21,상추-청,1,21,True,False,False,False,False,False,False,False,False,False,False,False,False,False,True,상추(청),,,,,,
202001하순,214.0,상추,2.0,청,상품,g,100.0,1377.0,,970.0,761.0,888.0,2020,하순,2020-01-21,상추-청,1,21,True,False,False,False,False,False,False,False,False,False,False,False,False,False,True,상추(청),,,,,,
202001하순,214.0,상추,2.0,청,상품,g,100.0,1377.0,,970.0,761.0,888.0,2020,하순,2020-01-21,상추-청,1,21,True,False,False,False,False,False,False,False,False,False,False,False,False,False,True,상추(청),,,,,,
202001하순,214.0,상추,2.0,청,상품,g,100.0,1377.0,,970.0,761.0,888.0,2020,하순,2020-01-21,상추-청,1,21,True,False,False,False,False,False,False,False,False,False,False,False,False,False,True,상추(청),,,,,,
202001하순,214.0,상추,2.0,청,상품,g,100.0,1377.0,,970.0,761.0,888.0,2020,하순,2020-01-21,상추-청,1,21,True,False,False,False,False,False,False,False,False,False,False,False,False,False,True,상추(청),,,,,,
202001하순,214.0,상추,2.0,청,상품,g,100.0,1377.0,,970.0,761.0,888.0,2020,하순,2020-01-21,상추-청,1,21,True,False,False,False,False,False,False,False,False,False,False,False,False,False,True,상추(청),,,,,,
202001하순,214.0,상추,2.0,청,상품,g,100.0,1377.0,,970.0,761.0,888.0,2020,하순,2020-01-21,상추-청,1,21,True,False,False,False,False,False,False,False,False,False,False,False,False,False,True,상추(청),,,,,,
202001하순,214.0,상추,2.0,청,상품,g,100.0,1377.0,,970.0,761.0,888.0,2020,하순,2020-01-21,상추-청,1,21,True,False,False,False,False,False,False,False,False,False,False,False,False,False,True,상추(청),,,,,,
202001하순,214.0,상추,2.0,청,상품,g,100.0,1377.0,,970.0,761.0,888.0,2020,하순,2020-01-21,상추-청,1,21,True,False,False,False,False,False,False,False,False,False,False,False,False,False,True,상추(청),,,,,,
202002상순,214.0,상추,2.0,청,상품,g,100.0,1143.0,,1127.0,767.0,911.333333333333,2020,상순,2020-02-01,상추-청,2,1,False,True,False,False,False,False,False,False,False,False,False,False,True,False,False,상추(청),,,,,,
202002상순,214.0,상추,2.0,청,상품,g,100.0,1143.0,,1127.0,767.0,911.333333333333,2020,상순,2020-02-01,상추-청,2,1,False,True,False,False,False,False,False,False,False,False,False,False,True,False,False,상추(청),,,,,,
202002상순,214.0,상추,2.0,청,상품,g,100.0,1143.0,,1127.0,767.0,911.333333333333,2020,상순,2020-02-01,상추-청,2,1,False,True,False,False,False,False,False,False,False,False,False,False,True,False,False,상추(청),,,,,,
202002상순,214.0,상추,2.0,청,상품,g,100.0,1143.0,,1127.0,767.0,911.333333333333,2020,상순,2020-02-01,상추-청,2,1,False,True,False,False,False,False,False,False,False,False,False,False,True,False,False,상추(청),,,,,,
202002상순,214.0,상추,2.0,청,상품,g,100.0,1143.0,,1127.0,767.0,911.333333333333,2020,상순,2020-02-01,상추-청,2,1,False,True,False,False,False,False,False,False,False,False,False,False,True,False,False,상추(청),,,,,,
202002상순,214.0,상추,2.0,청,상품,g,100.0,1143.0,,1127.0,767.0,911.333333333333,2020,상순,2020-02-01,상추-청,2,1,False,True,False,False,False,False,False,False,False,False,False,False,True,False,False,상추(청),,,,,,
202002상순,214.0,상추,2.0,청,상품,g,100.0,1143.0,,1127.0,767.0,911.333333333333,2020,상순,2020-02-01,상추-청,2,1,False,True,False,False,False,False,False,False,False,False,False,False,True,False,False,상추(청),,,,,,
202002상순,214.0,상추,2.0,청,상품,g,100.0,1143.0,,1127.0,767.0,911.333333333333,2020,상순,2020-02-01,상추-청,2,1,False,True,False,False,False,False,False,False,False,False,False,False,True,False,False,상추(청),,,,,,
202002상순,214.0,상추,2.0,청,상품,g,100.0,1143.0,,1127.0,767.0,911.333333333333,2020,상순,2020-02-01,상추-청,2,1,False,True,False,False,False,False,False,False,False,False,False,False,True,False,False,상추(청),,,,,,
202002상순,214.0,상추,2.0,청,상품,g,100.0,1143.0,,1127.0,767.0,911.333333333333,2020,상순,2020-02-01,상추-청,2,1,False,True,False,False,False,False,False,False,False,False,False,False,True,False,False,상추(청),,,,,,
202002상순,214.0,상추,2.0,청,상품,g,100.0,1143.0,,1127.0,767.0,911.333333333333,2020,상순,2020-02-01,상추-청,2,1,False,True,False,False,False,False,False,False,False,False,False,False,True,False,False,상추(청),,,,,,
202002상순,214.0,상추,2.0,청,상품,g,100.0,1143.0,,1127.0,767.0,911.333333333333,2020,상순,2020-02-01,상추-청,2,1,False,True,False,False,False,False,False,False,False,False,False,False,True,False,False,상추(청),,,,,,
202002상순,214.0,상추,2.0,청,상품,g,100.0,1143.0,,1127.0,767.0,911.333333333333,2020,상순,2020-02-01,상추-청,2,1,False,True,False,False,False,False,False,False,False,False,False,False,True,False,False,상추(청),,,,,,
202002상순,214.0,상추,2.0,청,상품,g,100.0,1143.0,,1127.0,767.0,911.333333333333,2020,상순,2020-02-01,상추-청,2,1,False,True,False,False,False,False,False,False,False,False,False,False,True,False,False,상추(청),,,,,,
202002상순,214.0,상추,2.0,청,상품,g,100.0,1143.0,,1127.0,767.0,911.333333333333,2020,상순,2020-02-01,상추-청,2,1,False,True,False,False,False,False,False,False,False,False,False,False,True,False,False,상추(청),,,,,,
202002상순,214.0,상추,2.0,청,상품,g,100.0,1143.0,,1127.0,767.0,911.333333333333,2020,상순,2020-02-01,상추-청,2,1,False,True,False,False,False,False,False,False,False,False,False,False,True,False,False,상추(청),,,,,,
202002상순,214.0,상추,2.0,청,상품,g,100.0,1143.0,,1127.0,767.0,911.333333333333,2020,상순,2020-02-01,상추-청,2,1,False,True,False,False,False,False,False,False,False,False,False,False,True,False,False,상추(청),,,,,,
202002상순,214.0,상추,2.0,청,상품,g,100.0,1143.0,,1127.0,767.0,911.333333333333,2020,상순,2020-02-01,상추-청,2,1,False,True,False,False,False,False,False,False,False,False,False,False,True,False,False,상추(청),,,,,,
202002상순,214.0,상추,2.0,청,상품,g,100.0,1143.0,,1127.0,767.0,911.333333333333,2020,상순,2020-02-01,상추-청,2,1,False,True,False,False,False,False,False,False,False,False,False,False,True,False,False,상추(청),,,,,,
202002상순,214.0,상추,2.0,청,상품,g,100.0,1143.0,,1127.0,767.0,911.333333333333,2020,상순,2020-02-01,상추-청,2,1,False,True,False,False,False,False,False,False,False,False,False,False,True,False,False,상추(청),,,,,,
202002상순,214.0,상추,2.0,청,상품,g,100.0,1143.0,,1127.0,767.0,911.333333333333,2020,상순,2020-02-01,상추-청,2,1,False,True,False,False,False,False,False,False,False,False,False,False,True,False,False,상추(청),,,,,,
202002상순,214.0,상추,2.0,청,상품,g,100.0,1143.0,,1127.0,767.0,911.333333333333,2020,상순,2020-02-01,상추-청,2,1,False,True,False,False,False,False,False,False,False,False,False,False,True,False,False,상추(청),,,,,,
202002상순,214.0,상추,2.0,청,상품,g,100.0,1143.0,,1127.0,767.0,911.333333333333,2020,상순,2020-02-01,상추-청,2,1,False,True,False,False,False,False,False,False,False,False,False,False,True,False,False,상추(청),,,,,,
202002중순,214.0,상추,2.0,청,상품,g,100.0,932.0,,1316.0,736.0,876.666666666666,2020,중순,2020-02-11,상추-청,2,11,False,True,False,False,False,False,False,False,False,False,False,False,False,True,False,상추(청),,,,,,
202002중순,214.0,상추,2.0,청,상품,g,100.0,932.0,,1316.0,736.0,876.666666666666,2020,중순,2020-02-11,상추-청,2,11,False,True,False,False,False,False,False,False,False,False,False,False,False,True,False,상추(청),,,,,,
202002중순,214.0,상추,2.0,청,상품,g,100.0,932.0,,1316.0,736.0,876.666666666666,2020,중순,2020-02-11,상추-청,2,11,False,True,False,False,False,False,False,False,False,False,False,False,False,True,False,상추(청),,,,,,
202002중순,214.0,상추,2.0,청,상품,g,100.0,932.0,,1316.0,736.0,876.666666666666,2020,중순,2020-02-11,상추-청,2,11,False,True,False,False,False,False,False,False,False,False,False,False,False,True,False,상추(청),,,,,,
202002중순,214.0,상추,2.0,청,상품,g,100.0,932.0,,1316.0,736.0,876.666666666666,2020,중순,2020-02-11,상추-청,2,11,False,True,False,False,False,False,False,False,False,False,False,False,False,True,False,상추(청),,,,,,
202002중순,214.0,상추,2.0,청,상품,g,100.0,932.0,,1316.0,736.0,876.666666666666,2020,중순,2020-02-11,상추-청,2,11,False,True,False,False,False,False,False,False,False,False,False,False,False,True,False,상추(청),,,,,,
202002중순,214.0,상추,2.0,청,상품,g,100.0,932.0,,1316.0,736.0,876.666666666666,2020,중순,2020-02-11,상추-청,2,11,False,True,False,False,False,False,False,False,False,False,False,False,False,True,False,상추(청),,,,,,
202002중순,214.0,상추,2.0,청,상품,g,100.0,932.0,,1316.0,736.0,876.666666666666,2020,중순,2020-02-11,상추-청,2,11,False,True,False,False,False,False,False,False,False,False,False,False,False,True,False,상추(청),,,,,,
202002중순,214.0,상추,2.0,청,상품,g,100.0,932.0,,1316.0,736.0,876.666666666666,2020,중순,2020-02-11,상추-청,2,11,False,True,False,False,False,False,False,False,False,False,False,False,False,True,False,상추(청),,,,,,
202002중순,214.0,상추,2.0,청,상품,g,100.0,932.0,,1316.0,736.0,876.666666666666,2020,중순,2020-02-11,상추-청,2,11,False,True,False,False,False,False,False,False,False,False,False,False,False,True,False,상추(청),,,,,,
202002중순,214.0,상추,2.0,청,상품,g,100.0,932.0,,1316.0,736.0,876.666666666666,2020,중순,2020-02-11,상추-청,2,11,False,True,False,False,False,False,False,False,False,False,False,False,False,True,False,상추(청),,,,,,
202002중순,214.0,상추,2.0,청,상품,g,100.0,932.0,,1316.0,736.0,876.666666666666,2020,중순,2020-02-11,상추-청,2,11,False,True,False,False,False,False,False,False,False,False,False,False,False,True,False,상추(청),,,,,,
202002중순,214.0,상추,2.0,청,상품,g,100.0,932.0,,1316.0,736.0,876.666666666666,2020,중순,2020-02-11,상추-청,2,11,False,True,False,False,False,False,False,False,False,False,False,False,False,True,False,상추(청),,,,,,
202002중순,214.0,상추,2.0,청,상품,g,100.0,932.0,,1316.0,736.0,876.666666666666,2020,중순,2020-02-11,상추-청,2,11,False,True,False,False,False,False,False,False,False,False,False,False,False,True,False,상추(청),,,,,,
202002중순,214.0,상추,2.0,청,상품,g,100.0,932.0,,1316.0,736.0,876.666666666666,2020,중순,2020-02-11,상추-청,2,11,False,True,False,False,False,False,False,False,False,False,False,False,False,True,False,상추(청),,,,,,
202002중순,214.0,상추,2.0,청,상품,g,100.0,932.0,,1316.0,736.0,876.666666666666,2020,중순,2020-02-11,상추-청,2,11,False,True,False,False,False,False,False,False,False,False,False,False,False,True,False,상추(청),,,,,,
202002중순,214.0,상추,2.0,청,상품,g,100.0,932.0,,1316.0,736.0,876.666666666666,2020,중순,2020-02-11,상추-청,2,11,False,True,False,False,False,False,False,False,False,False,False,False,False,True,False,상추(청),,,,,,
202002중순,214.0,상추,2.0,청,상품,g,100.0,932.0,,1316.0,736.0,876.666666666666,2020,중순,2020-02-11,상추-청,2,11,False,True,False,False,False,False,False,False,False,False,False,False,False,True,False,상추(청),,,,,,
202002중순,214.0,상추,2.0,청,상품,g,100.0,932.0,,1316.0,736.0,876.666666666666,2020,중순,2020-02-11,상추-청,2,11,False,True,False,False,False,False,False,False,False,False,False,False,False,True,False,상추(청),,,,,,
202002중순,214.0,상추,2.0,청,상품,g,100.0,932.0,,1316.0,736.0,876.666666666666,2020,중순,2020-02-11,상추-청,2,11,False,True,False,False,False,False,False,False,False,False,False,False,False,True,False,상추(청),,,,,,
202002중순,214.0,상추,2.0,청,상품,g,100.0,932.0,,1316.0,736.0,876.666666666666,2020,중순,2020-02-11,상추-청,2,11,False,True,False,False,False,False,False,False,False,False,False,False,False,True,False,상추(청),,,,,,
202002중순,214.0,상추,2.0,청,상품,g,100.0,932.0,,1316.0,736.0,876.666666666666,2020,중순,2020-02-11,상추-청,2,11,False,True,False,False,False,False,False,False,False,False,False,False,False,True,False,상추(청),,,,,,
202002중순,214.0,상추,2.0,청,상품,g,100.0,932.0,,1316.0,736.0,876.666666666666,2020,중순,2020-02-11,상추-청,2,11,False,True,False,False,False,False,False,False,False,False,False,False,False,True,False,상추(청),,,,,,
202002하순,214.0,상추,2.0,청,상품,g,100.0,851.0,,1377.0,709.0,764.0,2020,하순,2020-02-21,상추-청,2,21,False,True,False,False,False,False,False,False,False,False,False,False,False,False,True,상추(청),,,,,,
202002하순,214.0,상추,2.0,청,상품,g,100.0,851.0,,1377.0,709.0,764.0,2020,하순,2020-02-21,상추-청,2,21,False,True,False,False,False,False,False,False,False,False,False,False,False,False,True,상추(청),,,,,,
202002하순,214.0,상추,2.0,청,상품,g,100.0,851.0,,1377.0,709.0,764.0,2020,하순,2020-02-21,상추-청,2,21,False,True,False,False,False,False,False,False,False,False,False,False,False,False,True,상추(청),,,,,,
202002하순,214.0,상추,2.0,청,상품,g,100.0,851.0,,1377.0,709.0,764.0,2020,하순,2020-02-21,상추-청,2,21,False,True,False,False,False,False,False,False,False,False,False,False,False,False,True,상추(청),,,,,,
202002하순,214.0,상추,2.0,청,상품,g,100.0,851.0,,1377.0,709.0,764.0,2020,하순,2020-02-21,상추-청,2,21,False,True,False,False,False,False,False,False,False,False,False,False,False,False,True,상추(청),,,,,,
202002하순,214.0,상추,2.0,청,상품,g,100.0,851.0,,1377.0,709.0,764.0,2020,하순,2020-02-21,상추-청,2,21,False,True,False,False,False,False,False,False,False,False,False,False,False,False,True,상추(청),,,,,,
202002하순,214.0,상추,2.0,청,상품,g,100.0,851.0,,1377.0,709.0,764.0,2020,하순,2020-02-21,상추-청,2,21,False,True,False,False,False,False,False,False,False,False,False,False,False,False,True,상추(청),,,,,,
202002하순,214.0,상추,2.0,청,상품,g,100.0,851.0,,1377.0,709.0,764.0,2020,하순,2020-02-21,상추-청,2,21,False,True,False,False,False,False,False,False,False,False,False,False,False,False,True,상추(청),,,,,,
202002하순,214.0,상추,2.0,청,상품,g,100.0,851.0,,1377.0,709.0,764.0,2020,하순,2020-02-21,상추-청,2,21,False,True,False,False,False,False,False,False,False,False,False,False,False,False,True,상추(청),,,,,,
202002하순,214.0,상추,2.0,청,상품,g,100.0,851.0,,1377.0,709.0,764.0,2020,하순,2020-02-21,상추-청,2,21,False,True,False,False,False,False,False,False,False,False,False,False,False,False,True,상추(청),,,,,,
202002하순,214.0,상추,2.0,청,상품,g,100.0,851.0,,1377.0,709.0,764.0,2020,하순,2020-02-21,상추-청,2,21,False,True,False,False,False,False,False,False,False,False,False,False,False,False,True,상추(청),,,,,,
202002하순,214.0,상추,2.0,청,상품,g,100.0,851.0,,1377.0,709.0,764.0,2020,하순,2020-02-21,상추-청,2,21,False,True,False,False,False,False,False,False,False,False,False,False,False,False,True,상추(청),,,,,,
202002하순,214.0,상추,2.0,청,상품,g,100.0,851.0,,1377.0,709.0,764.0,2020,하순,2020-02-21,상추-청,2,21,False,True,False,False,False,False,False,False,False,False,False,False,False,False,True,상추(청),,,,,,
202002하순,214.0,상추,2.0,청,상품,g,100.0,851.0,,1377.0,709.0,764.0,2020,하순,2020-02-21,상추-청,2,21,False,True,False,False,False,False,False,False,False,False,False,False,False,False,True,상추(청),,,,,,
202002하순,214.0,상추,2.0,청,상품,g,100.0,851.0,,1377.0,709.0,764.0,2020,하순,2020-02-21,상추-청,2,21,False,True,False,False,False,False,False,False,False,False,False,False,False,False,True,상추(청),,,,,,
202002하순,214.0,상추,2.0,청,상품,g,100.0,851.0,,1377.0,709.0,764.0,2020,하순,2020-02-21,상추-청,2,21,False,True,False,False,False,False,False,False,False,False,False,False,False,False,True,상추(청),,,,,,
202002하순,214.0,상추,2.0,청,상품,g,100.0,851.0,,1377.0,709.0,764.0,2020,하순,2020-02-21,상추-청,2,21,False,True,False,False,False,False,False,False,False,False,False,False,False,False,True,상추(청),,,,,,
202002하순,214.0,상추,2.0,청,상품,g,100.0,851.0,,1377.0,709.0,764.0,2020,하순,2020-02-21,상추-청,2,21,False,True,False,False,False,False,False,False,False,False,False,False,False,False,True,상추(청),,,,,,
202002하순,214.0,상추,2.0,청,상품,g,100.0,851.0,,1377.0,709.0,764.0,2020,하순,2020-02-21,상추-청,2,21,False,True,False,False,False,False,False,False,False,False,False,False,False,False,True,상추(청),,,,,,
202002하순,214.0,상추,2.0,청,상품,g,100.0,851.0,,1377.0,709.0,764.0,2020,하순,2020-02-21,상추-청,2,21,False,True,False,False,False,False,False,False,False,False,False,False,False,False,True,상추(청),,,,,,
202002하순,214.0,상추,2.0,청,상품,g,100.0,851.0,,1377.0,709.0,764.0,2020,하순,2020-02-21,상추-청,2,21,False,True,False,False,False,False,False,False,False,False,False,False,False,False,True,상추(청),,,,,,
202002하순,214.0,상추,2.0,청,상품,g,100.0,851.0,,1377.0,709.0,764.0,2020,하순,2020-02-21,상추-청,2,21,False,True,False,False,False,False,False,False,False,False,False,False,False,False,True,상추(청),,,,,,
202002하순,214.0,상추,2.0,청,상품,g,100.0,851.0,,1377.0,709.0,764.0,2020,하순,2020-02-21,상추-청,2,21,False,True,False,False,False,False,False,False,False,False,False,False,False,False,True,상추(청),,,,,,
202003상순,214.0,상추,2.0,청,상품,g,100.0,811.0,,1143.0,710.0,679.666666666666,2020,상순,2020-03-01,상추-청,3,1,False,False,True,False,False,False,False,False,False,False,False,False,True,False,False,상추(청),,,,,,
202003상순,214.0,상추,2.0,청,상품,g,100.0,811.0,,1143.0,710.0,679.666666666666,2020,상순,2020-03-01,상추-청,3,1,False,False,True,False,False,False,False,False,False,False,False,False,True,False,False,상추(청),,,,,,
202003상순,214.0,상추,2.0,청,상품,g,100.0,811.0,,1143.0,710.0,679.666666666666,2020,상순,2020-03-01,상추-청,3,1,False,False,True,False,False,False,False,False,False,False,False,False,True,False,False,상추(청),,,,,,
202003상순,214.0,상추,2.0,청,상품,g,100.0,811.0,,1143.0,710.0,679.666666666666,2020,상순,2020-03-01,상추-청,3,1,False,False,True,False,False,False,False,False,False,False,False,False,True,False,False,상추(청),,,,,,
202003상순,214.0,상추,2.0,청,상품,g,100.0,811.0,,1143.0,710.0,679.666666666666,2020,상순,2020-03-01,상추-청,3,1,False,False,True,False,False,False,False,False,False,False,False,False,True,False,False,상추(청),,,,,,
202003상순,214.0,상추,2.0,청,상품,g,100.0,811.0,,1143.0,710.0,679.666666666666,2020,상순,2020-03-01,상추-청,3,1,False,False,True,False,False,False,False,False,False,False,False,False,True,False,False,상추(청),,,,,,
202003상순,214.0,상추,2.0,청,상품,g,100.0,811.0,,1143.0,710.0,679.666666666666,2020,상순,2020-03-01,상추-청,3,1,False,False,True,False,False,False,False,False,False,False,False,False,True,False,False,상추(청),,,,,,
202003상순,214.0,상추,2.0,청,상품,g,100.0,811.0,,1143.0,710.0,679.666666666666,2020,상순,2020-03-01,상추-청,3,1,False,False,True,False,False,False,False,False,False,False,False,False,True,False,False,상추(청),,,,,,
202003상순,214.0,상추,2.0,청,상품,g,100.0,811.0,,1143.0,710.0,679.666666666666,2020,상순,2020-03-01,상추-청,3,1,False,False,True,False,False,False,False,False,False,False,False,False,True,False,False,상추(청),,,,,,
202003상순,214.0,상추,2.0,청,상품,g,100.0,811.0,,1143.0,710.0,679.666666666666,2020,상순,2020-03-01,상추-청,3,1,False,False,True,False,False,False,False,False,False,False,False,False,True,False,False,상추(청),,,,,,
202003상순,214.0,상추,2.0,청,상품,g,100.0,811.0,,1143.0,710.0,679.666666666666,2020,상순,2020-03-01,상추-청,3,1,False,False,True,False,False,False,False,False,False,False,False,False,True,False,False,상추(청),,,,,,
202003상순,214.0,상추,2.0,청,상품,g,100.0,811.0,,1143.0,710.0,679.666666666666,2020,상순,2020-03-01,상추-청,3,1,False,False,True,False,False,False,False,False,False,False,False,False,True,False,False,상추(청),,,,,,
202003상순,214.0,상추,2.0,청,상품,g,100.0,811.0,,1143.0,710.0,679.666666666666,2020,상순,2020-03-01,상추-청,3,1,False,False,True,False,False,False,False,False,False,False,False,False,True,False,False,상추(청),,,,,,
202003상순,214.0,상추,2.0,청,상품,g,100.0,811.0,,1143.0,710.0,679.666666666666,2020,상순,2020-03-01,상추-청,3,1,False,False,True,False,False,False,False,False,False,False,False,False,True,False,False,상추(청),,,,,,
202003상순,214.0,상추,2.0,청,상품,g,100.0,811.0,,1143.0,710.0,679.666666666666,2020,상순,2020-03-01,상추-청,3,1,False,False,True,False,False,False,False,False,False,False,False,False,True,False,False,상추(청),,,,,,
202003상순,214.0,상추,2.0,청,상품,g,100.0,811.0,,1143.0,710.0,679.666666666666,2020,상순,2020-03-01,상추-청,3,1,False,False,True,False,False,False,False,False,False,False,False,False,True,False,False,상추(청),,,,,,
202003상순,214.0,상추,2.0,청,상품,g,100.0,811.0,,1143.0,710.0,679.666666666666,2020,상순,2020-03-01,상추-청,3,1,False,False,True,False,False,False,False,False,False,False,False,False,True,False,False,상추(청),,,,,,
202003상순,214.0,상추,2.0,청,상품,g,100.0,811.0,,1143.0,710.0,679.666666666666,2020,상순,2020-03-01,상추-청,3,1,False,False,True,False,False,False,False,False,False,False,False,False,True,False,False,상추(청),,,,,,
202003상순,214.0,상추,2.0,청,상품,g,100.0,811.0,,1143.0,710.0,679.666666666666,2020,상순,2020-03-01,상추-청,3,1,False,False,True,False,False,False,False,False,False,False,False,False,True,False,False,상추(청),,,,,,
202003상순,214.0,상추,2.0,청,상품,g,100.0,811.0,,1143.0,710.0,679.666666666666,2020,상순,2020-03-01,상추-청,3,1,False,False,True,False,False,False,False,False,False,False,False,False,True,False,False,상추(청),,,,,,
202003상순,214.0,상추,2.0,청,상품,g,100.0,811.0,,1143.0,710.0,679.666666666666,2020,상순,2020-03-01,상추-청,3,1,False,False,True,False,False,False,False,False,False,False,False,False,True,False,False,상추(청),,,,,,
202003상순,214.0,상추,2.0,청,상품,g,100.0,811.0,,1143.0,710.0,679.666666666666,2020,상순,2020-03-01,상추-청,3,1,False,False,True,False,False,False,False,False,False,False,False,False,True,False,False,상추(청),,,,,,
202003상순,214.0,상추,2.0,청,상품,g,100.0,811.0,,1143.0,710.0,679.666666666666,2020,상순,2020-03-01,상추-청,3,1,False,False,True,False,False,False,False,False,False,False,False,False,True,False,False,상추(청),,,,,,
202003중순,214.0,상추,2.0,청,상품,g,100.0,796.0,,932.0,716.0,653.0,2020,중순,2020-03-11,상추-청,3,11,False,False,True,False,False,False,False,False,False,False,False,False,False,True,False,상추(청),,,,,,
202003중순,214.0,상추,2.0,청,상품,g,100.0,796.0,,932.0,716.0,653.0,2020,중순,2020-03-11,상추-청,3,11,False,False,True,False,False,False,False,False,False,False,False,False,False,True,False,상추(청),,,,,,
202003중순,214.0,상추,2.0,청,상품,g,100.0,796.0,,932.0,716.0,653.0,2020,중순,2020-03-11,상추-청,3,11,False,False,True,False,False,False,False,False,False,False,False,False,False,True,False,상추(청),,,,,,
202003중순,214.0,상추,2.0,청,상품,g,100.0,796.0,,932.0,716.0,653.0,2020,중순,2020-03-11,상추-청,3,11,False,False,True,False,False,False,False,False,False,False,False,False,False,True,False,상추(청),,,,,,
202003중순,214.0,상추,2.0,청,상품,g,100.0,796.0,,932.0,716.0,653.0,2020,중순,2020-03-11,상추-청,3,11,False,False,True,False,False,False,False,False,False,False,False,False,False,True,False,상추(청),,,,,,
202003중순,214.0,상추,2.0,청,상품,g,100.0,796.0,,932.0,716.0,653.0,2020,중순,2020-03-11,상추-청,3,11,False,False,True,False,False,False,False,False,False,False,False,False,False,True,False,상추(청),,,,,,
202003중순,214.0,상추,2.0,청,상품,g,100.0,796.0,,932.0,716.0,653.0,2020,중순,2020-03-11,상추-청,3,11,False,False,True,False,False,False,False,False,False,False,False,False,False,True,False,상추(청),,,,,,
202003중순,214.0,상추,2.0,청,상품,g,100.0,796.0,,932.0,716.0,653.0,2020,중순,2020-03-11,상추-청,3,11,False,False,True,False,False,False,False,False,False,False,False,False,False,True,False,상추(청),,,,,,
202003중순,214.0,상추,2.0,청,상품,g,100.0,796.0,,932.0,716.0,653.0,2020,중순,2020-03-11,상추-청,3,11,False,False,True,False,False,False,False,False,False,False,False,False,False,True,False,상추(청),,,,,,
202003중순,214.0,상추,2.0,청,상품,g,100.0,796.0,,932.0,716.0,653.0,2020,중순,2020-03-11,상추-청,3,11,False,False,True,False,False,False,False,False,False,False,False,False,False,True,False,상추(청),,,,,,
202003중순,214.0,상추,2.0,청,상품,g,100.0,796.0,,932.0,716.0,653.0,2020,중순,2020-03-11,상추-청,3,11,False,False,True,False,False,False,False,False,False,False,False,False,False,True,False,상추(청),,,,,,
202003중순,214.0,상추,2.0,청,상품,g,100.0,796.0,,932.0,716.0,653.0,2020,중순,2020-03-11,상추-청,3,11,False,False,True,False,False,False,False,False,False,False,False,False,False,True,False,상추(청),,,,,,
202003중순,214.0,상추,2.0,청,상품,g,100.0,796.0,,932.0,716.0,653.0,2020,중순,2020-03-11,상추-청,3,11,False,False,True,False,False,False,False,False,False,False,False,False,False,True,False,상추(청),,,,,,
202003중순,214.0,상추,2.0,청,상품,g,100.0,796.0,,932.0,716.0,653.0,2020,중순,2020-03-11,상추-청,3,11,False,False,True,False,False,False,False,False,False,False,False,False,False,True,False,상추(청),,,,,,
202003중순,214.0,상추,2.0,청,상품,g,100.0,796.0,,932.0,716.0,653.0,2020,중순,2020-03-11,상추-청,3,11,False,False,True,False,False,False,False,False,False,False,False,False,False,True,False,상추(청),,,,,,
202003중순,214.0,상추,2.0,청,상품,g,100.0,796.0,,932.0,716.0,653.0,2020,중순,2020-03-11,상추-청,3,11,False,False,True,False,False,False,False,False,False,False,False,False,False,True,False,상추(청),,,,,,
202003중순,214.0,상추,2.0,청,상품,g,100.0,796.0,,932.0,716.0,653.0,2020,중순,2020-03-11,상추-청,3,11,False,False,True,False,False,False,False,False,False,False,False,False,False,True,False,상추(청),,,,,,
202003중순,214.0,상추,2.0,청,상품,g,100.0,796.0,,932.0,716.0,653.0,2020,중순,2020-03-11,상추-청,3,11,False,False,True,False,False,False,False,False,False,False,False,False,False,True,False,상추(청),,,,,,
202003중순,214.0,상추,2.0,청,상품,g,100.0,796.0,,932.0,716.0,653.0,2020,중순,2020-03-11,상추-청,3,11,False,False,True,False,False,False,False,False,False,False,False,False,False,True,False,상추(청),,,,,,
202003중순,214.0,상추,2.0,청,상품,g,100.0,796.0,,932.0,716.0,653.0,2020,중순,2020-03-11,상추-청,3,11,False,False,True,False,False,False,False,False,False,False,False,False,False,True,False,상추(청),,,,,,
202003중순,214.0,상추,2.0,청,상품,g,100.0,796.0,,932.0,716.0,653.0,2020,중순,2020-03-11,상추-청,3,11,False,False,True,False,False,False,False,False,False,False,False,False,False,True,False,상추(청),,,,,,
202003중순,214.0,상추,2.0,청,상품,g,100.0,796.0,,932.0,716.0,653.0,2020,중순,2020-03-11,상추-청,3,11,False,False,True,False,False,False,False,False,False,False,False,False,False,True,False,상추(청),,,,,,
202003중순,214.0,상추,2.0,청,상품,g,100.0,796.0,,932.0,716.0,653.0,2020,중순,2020-03-11,상추-청,3,11,False,False,True,False,False,False,False,False,False,False,False,False,False,True,False,상추(청),,,,,,
202003하순,214.0,상추,2.0,청,상품,g,100.0,786.0,,851.0,715.0,638.0,2020,하순,2020-03-21,상추-청,3,21,False,False,True,False,False,False,False,False,False,False,False,False,False,False,True,상추(청),,,,,,
202003하순,214.0,상추,2.0,청,상품,g,100.0,786.0,,851.0,715.0,638.0,2020,하순,2020-03-21,상추-청,3,21,False,False,True,False,False,False,False,False,False,False,False,False,False,False,True,상추(청),,,,,,
202003하순,214.0,상추,2.0,청,상품,g,100.0,786.0,,851.0,715.0,638.0,2020,하순,2020-03-21,상추-청,3,21,False,False,True,False,False,False,False,False,False,False,False,False,False,False,True,상추(청),,,,,,
202003하순,214.0,상추,2.0,청,상품,g,100.0,786.0,,851.0,715.0,638.0,2020,하순,2020-03-21,상추-청,3,21,False,False,True,False,False,False,False,False,False,False,False,False,False,False,True,상추(청),,,,,,
202003하순,214.0,상추,2.0,청,상품,g,100.0,786.0,,851.0,715.0,638.0,2020,하순,2020-03-21,상추-청,3,21,False,False,True,False,False,False,False,False,False,False,False,False,False,False,True,상추(청),,,,,,
202003하순,214.0,상추,2.0,청,상품,g,100.0,786.0,,851.0,715.0,638.0,2020,하순,2020-03-21,상추-청,3,21,False,False,True,False,False,False,False,False,False,False,False,False,False,False,True,상추(청),,,,,,
202003하순,214.0,상추,2.0,청,상품,g,100.0,786.0,,851.0,715.0,638.0,2020,하순,2020-03-21,상추-청,3,21,False,False,True,False,False,False,False,False,False,False,False,False,False,False,True,상추(청),,,,,,
202003하순,214.0,상추,2.0,청,상품,g,100.0,786.0,,851.0,715.0,638.0,2020,하순,2020-03-21,상추-청,3,21,False,False,True,False,False,False,False,False,False,False,False,False,False,False,True,상추(청),,,,,,
202003하순,214.0,상추,2.0,청,상품,g,100.0,786.0,,851.0,715.0,638.0,2020,하순,2020-03-21,상추-청,3,21,False,False,True,False,False,False,False,False,False,False,False,False,False,False,True,상추(청),,,,,,
202003하순,214.0,상추,2.0,청,상품,g,100.0,786.0,,851.0,715.0,638.0,2020,하순,2020-03-21,상추-청,3,21,False,False,True,False,False,False,False,False,False,False,False,False,False,False,True,상추(청),,,,,,
202003하순,214.0,상추,2.0,청,상품,g,100.0,786.0,,851.0,715.0,638.0,2020,하순,2020-03-21,상추-청,3,21,False,False,True,False,False,False,False,False,False,False,False,False,False,False,True,상추(청),,,,,,
202003하순,214.0,상추,2.0,청,상품,g,100.0,786.0,,851.0,715.0,638.0,2020,하순,2020-03-21,상추-청,3,21,False,False,True,False,False,False,False,False,False,False,False,False,False,False,True,상추(청),,,,,,
202003하순,214.0,상추,2.0,청,상품,g,100.0,786.0,,851.0,715.0,638.0,2020,하순,2020-03-21,상추-청,3,21,False,False,True,False,False,False,False,False,False,False,False,False,False,False,True,상추(청),,,,,,
202003하순,214.0,상추,2.0,청,상품,g,100.0,786.0,,851.0,715.0,638.0,2020,하순,2020-03-21,상추-청,3,21,False,False,True,False,False,False,False,False,False,False,False,False,False,False,True,상추(청),,,,,,
202003하순,214.0,상추,2.0,청,상품,g,100.0,786.0,,851.0,715.0,638.0,2020,하순,2020-03-21,상추-청,3,21,False,False,True,False,False,False,False,False,False,False,False,False,False,False,True,상추(청),,,,,,
202003하순,214.0,상추,2.0,청,상품,g,100.0,786.0,,851.0,715.0,638.0,2020,하순,2020-03-21,상추-청,3,21,False,False,True,False,False,False,False,False,False,False,False,False,False,False,True,상추(청),,,,,,
202003하순,214.0,상추,2.0,청,상품,g,100.0,786.0,,851.0,715.0,638.0,2020,하순,2020-03-21,상추-청,3,21,False,False,True,False,False,False,False,False,False,False,False,False,False,False,True,상추(청),,,,,,
202003하순,214.0,상추,2.0,청,상품,g,100.0,786.0,,851.0,715.0,638.0,2020,하순,2020-03-21,상추-청,3,21,False,False,True,False,False,False,False,False,False,False,False,False,False,False,True,상추(청),,,,,,
202003하순,214.0,상추,2.0,청,상품,g,100.0,786.0,,851.0,715.0,638.0,2020,하순,2020-03-21,상추-청,3,21,False,False,True,False,False,False,False,False,False,False,False,False,False,False,True,상추(청),,,,,,
202003하순,214.0,상추,2.0,청,상품,g,100.0,786.0,,851.0,715.0,638.0,2020,하순,2020-03-21,상추-청,3,21,False,False,True,False,False,False,False,False,False,False,False,False,False,False,True,상추(청),,,,,,
202003하순,214.0,상추,2.0,청,상품,g,100.0,786.0,,851.0,715.0,638.0,2020,하순,2020-03-21,상추-청,3,21,False,False,True,False,False,False,False,False,False,False,False,False,False,False,True,상추(청),,,,,,
202003하순,214.0,상추,2.0,청,상품,g,100.0,786.0,,851.0,715.0,638.0,2020,하순,2020-03-21,상추-청,3,21,False,False,True,False,False,False,False,False,False,False,False,False,False,False,True,상추(청),,,,,,
202003하순,214.0,상추,2.0,청,상품,g,100.0,786.0,,851.0,715.0,638.0,2020,하순,2020-03-21,상추-청,3,21,False,False,True,False,False,False,False,False,False,False,False,False,False,False,True,상추(청),,,,,,
202004상순,214.0,상추,2.0,청,상품,g,100.0,713.0,,811.0,723.0,644.333333333333,2020,상순,2020-04-01,상추-청,4,1,False,False,False,True,False,False,False,False,False,False,False,False,True,False,False,상추(청),,,,,,
202004상순,214.0,상추,2.0,청,상품,g,100.0,713.0,,811.0,723.0,644.333333333333,2020,상순,2020-04-01,상추-청,4,1,False,False,False,True,False,False,False,False,False,False,False,False,True,False,False,상추(청),,,,,,
202004상순,214.0,상추,2.0,청,상품,g,100.0,713.0,,811.0,723.0,644.333333333333,2020,상순,2020-04-01,상추-청,4,1,False,False,False,True,False,False,False,False,False,False,False,False,True,False,False,상추(청),,,,,,
202004상순,214.0,상추,2.0,청,상품,g,100.0,713.0,,811.0,723.0,644.333333333333,2020,상순,2020-04-01,상추-청,4,1,False,False,False,True,False,False,False,False,False,False,False,False,True,False,False,상추(청),,,,,,
202004상순,214.0,상추,2.0,청,상품,g,100.0,713.0,,811.0,723.0,644.333333333333,2020,상순,2020-04-01,상추-청,4,1,False,False,False,True,False,False,False,False,False,False,False,False,True,False,False,상추(청),,,,,,
202004상순,214.0,상추,2.0,청,상품,g,100.0,713.0,,811.0,723.0,644.333333333333,2020,상순,2020-04-01,상추-청,4,1,False,False,False,True,False,False,False,False,False,False,False,False,True,False,False,상추(청),,,,,,
202004상순,214.0,상추,2.0,청,상품,g,100.0,713.0,,811.0,723.0,644.333333333333,2020,상순,2020-04-01,상추-청,4,1,False,False,False,True,False,False,False,False,False,False,False,False,True,False,False,상추(청),,,,,,
202004상순,214.0,상추,2.0,청,상품,g,100.0,713.0,,811.0,723.0,644.333333333333,2020,상순,2020-04-01,상추-청,4,1,False,False,False,True,False,False,False,False,False,False,False,False,True,False,False,상추(청),,,,,,
202004상순,214.0,상추,2.0,청,상품,g,100.0,713.0,,811.0,723.0,644.333333333333,2020,상순,2020-04-01,상추-청,4,1,False,False,False,True,False,False,False,False,False,False,False,False,True,False,False,상추(청),,,,,,
202004상순,214.0,상추,2.0,청,상품,g,100.0,713.0,,811.0,723.0,644.333333333333,2020,상순,2020-04-01,상추-청,4,1,False,False,False,True,False,False,False,False,False,False,False,False,True,False,False,상추(청),,,,,,
202004상순,214.0,상추,2.0,청,상품,g,100.0,713.0,,811.0,723.0,644.333333333333,2020,상순,2020-04-01,상추-청,4,1,False,False,False,True,False,False,False,False,False,False,False,False,True,False,False,상추(청),,,,,,
202004상순,214.0,상추,2.0,청,상품,g,100.0,713.0,,811.0,723.0,644.333333333333,2020,상순,2020-04-01,상추-청,4,1,False,False,False,True,False,False,False,False,False,False,False,False,True,False,False,상추(청),,,,,,
202004상순,214.0,상추,2.0,청,상품,g,100.0,713.0,,811.0,723.0,644.333333333333,2020,상순,2020-04-01,상추-청,4,1,False,False,False,True,False,False,False,False,False,False,False,False,True,False,False,상추(청),,,,,,
202004상순,214.0,상추,2.0,청,상품,g,100.0,713.0,,811.0,723.0,644.333333333333,2020,상순,2020-04-01,상추-청,4,1,False,False,False,True,False,False,False,False,False,False,False,False,True,False,False,상추(청),,,,,,
202004상순,214.0,상추,2.0,청,상품,g,100.0,713.0,,811.0,723.0,644.333333333333,2020,상순,2020-04-01,상추-청,4,1,False,False,False,True,False,False,False,False,False,False,False,False,True,False,False,상추(청),,,,,,
202004상순,214.0,상추,2.0,청,상품,g,100.0,713.0,,811.0,723.0,644.333333333333,2020,상순,2020-04-01,상추-청,4,1,False,False,False,True,False,False,False,False,False,False,False,False,True,False,False,상추(청),,,,,,
202004상순,214.0,상추,2.0,청,상품,g,100.0,713.0,,811.0,723.0,644.333333333333,2020,상순,2020-04-01,상추-청,4,1,False,False,False,True,False,False,False,False,False,False,False,False,True,False,False,상추(청),,,,,,
202004상순,214.0,상추,2.0,청,상품,g,100.0,713.0,,811.0,723.0,644.333333333333,2020,상순,2020-04-01,상추-청,4,1,False,False,False,True,False,False,False,False,False,False,False,False,True,False,False,상추(청),,,,,,
202004상순,214.0,상추,2.0,청,상품,g,100.0,713.0,,811.0,723.0,644.333333333333,2020,상순,2020-04-01,상추-청,4,1,False,False,False,True,False,False,False,False,False,False,False,False,True,False,False,상추(청),,,,,,
202004상순,214.0,상추,2.0,청,상품,g,100.0,713.0,,811.0,723.0,644.333333333333,2020,상순,2020-04-01,상추-청,4,1,False,False,False,True,False,False,False,False,False,False,False,False,True,False,False,상추(청),,,,,,
202004상순,214.0,상추,2.0,청,상품,g,100.0,713.0,,811.0,723.0,644.333333333333,2020,상순,2020-04-01,상추-청,4,1,False,False,False,True,False,False,False,False,False,False,False,False,True,False,False,상추(청),,,,,,
202004상순,214.0,상추,2.0,청,상품,g,100.0,713.0,,811.0,723.0,644.333333333333,2020,상순,2020-04-01,상추-청,4,1,False,False,False,True,False,False,False,False,False,False,False,False,True,False,False,상추(청),,,,,,
202004상순,214.0,상추,2.0,청,상품,g,100.0,713.0,,811.0,723.0,644.333333333333,2020,상순,2020-04-01,상추-청,4,1,False,False,False,True,False,False,False,False,False,False,False,False,True,False,False,상추(청),,,,,,
202004중순,214.0,상추,2.0,청,상품,g,100.0,695.0,,796.0,739.0,639.0,2020,중순,2020-04-11,상추-청,4,11,False,False,False,True,False,False,False,False,False,False,False,False,False,True,False,상추(청),,,,,,
202004중순,214.0,상추,2.0,청,상품,g,100.0,695.0,,796.0,739.0,639.0,2020,중순,2020-04-11,상추-청,4,11,False,False,False,True,False,False,False,False,False,False,False,False,False,True,False,상추(청),,,,,,
202004중순,214.0,상추,2.0,청,상품,g,100.0,695.0,,796.0,739.0,639.0,2020,중순,2020-04-11,상추-청,4,11,False,False,False,True,False,False,False,False,False,False,False,False,False,True,False,상추(청),,,,,,
202004중순,214.0,상추,2.0,청,상품,g,100.0,695.0,,796.0,739.0,639.0,2020,중순,2020-04-11,상추-청,4,11,False,False,False,True,False,False,False,False,False,False,False,False,False,True,False,상추(청),,,,,,
202004중순,214.0,상추,2.0,청,상품,g,100.0,695.0,,796.0,739.0,639.0,2020,중순,2020-04-11,상추-청,4,11,False,False,False,True,False,False,False,False,False,False,False,False,False,True,False,상추(청),,,,,,
202004중순,214.0,상추,2.0,청,상품,g,100.0,695.0,,796.0,739.0,639.0,2020,중순,2020-04-11,상추-청,4,11,False,False,False,True,False,False,False,False,False,False,False,False,False,True,False,상추(청),,,,,,
202004중순,214.0,상추,2.0,청,상품,g,100.0,695.0,,796.0,739.0,639.0,2020,중순,2020-04-11,상추-청,4,11,False,False,False,True,False,False,False,False,False,False,False,False,False,True,False,상추(청),,,,,,
202004중순,214.0,상추,2.0,청,상품,g,100.0,695.0,,796.0,739.0,639.0,2020,중순,2020-04-11,상추-청,4,11,False,False,False,True,False,False,False,False,False,False,False,False,False,True,False,상추(청),,,,,,
202004중순,214.0,상추,2.0,청,상품,g,100.0,695.0,,796.0,739.0,639.0,2020,중순,2020-04-11,상추-청,4,11,False,False,False,True,False,False,False,False,False,False,False,False,False,True,False,상추(청),,,,,,
202004중순,214.0,상추,2.0,청,상품,g,100.0,695.0,,796.0,739.0,639.0,2020,중순,2020-04-11,상추-청,4,11,False,False,False,True,False,False,False,False,False,False,False,False,False,True,False,상추(청),,,,,,
202004중순,214.0,상추,2.0,청,상품,g,100.0,695.0,,796.0,739.0,639.0,2020,중순,2020-04-11,상추-청,4,11,False,False,False,True,False,False,False,False,False,False,False,False,False,True,False,상추(청),,,,,,
202004중순,214.0,상추,2.0,청,상품,g,100.0,695.0,,796.0,739.0,639.0,2020,중순,2020-04-11,상추-청,4,11,False,False,False,True,False,False,False,False,False,False,False,False,False,True,False,상추(청),,,,,,
202004중순,214.0,상추,2.0,청,상품,g,100.0,695.0,,796.0,739.0,639.0,2020,중순,2020-04-11,상추-청,4,11,False,False,False,True,False,False,False,False,False,False,False,False,False,True,False,상추(청),,,,,,
202004중순,214.0,상추,2.0,청,상품,g,100.0,695.0,,796.0,739.0,639.0,2020,중순,2020-04-11,상추-청,4,11,False,False,False,True,False,False,False,False,False,False,False,False,False,True,False,상추(청),,,,,,
202004중순,214.0,상추,2.0,청,상품,g,100.0,695.0,,796.0,739.0,639.0,2020,중순,2020-04-11,상추-청,4,11,False,False,False,True,False,False,False,False,False,False,False,False,False,True,False,상추(청),,,,,,
202004중순,214.0,상추,2.0,청,상품,g,100.0,695.0,,796.0,739.0,639.0,2020,중순,2020-04-11,상추-청,4,11,False,False,False,True,False,False,False,False,False,False,False,False,False,True,False,상추(청),,,,,,
202004중순,214.0,상추,2.0,청,상품,g,100.0,695.0,,796.0,739.0,639.0,2020,중순,2020-04-11,상추-청,4,11,False,False,False,True,False,False,False,False,False,False,False,False,False,True,False,상추(청),,,,,,
202004중순,214.0,상추,2.0,청,상품,g,100.0,695.0,,796.0,739.0,639.0,2020,중순,2020-04-11,상추-청,4,11,False,False,False,True,False,False,False,False,False,False,False,False,False,True,False,상추(청),,,,,,
202004중순,214.0,상추,2.0,청,상품,g,100.0,695.0,,796.0,739.0,639.0,2020,중순,2020-04-11,상추-청,4,11,False,False,False,True,False,False,False,False,False,False,False,False,False,True,False,상추(청),,,,,,
202004중순,214.0,상추,2.0,청,상품,g,100.0,695.0,,796.0,739.0,639.0,2020,중순,2020-04-11,상추-청,4,11,False,False,False,True,False,False,False,False,False,False,False,False,False,True,False,상추(청),,,,,,
202004중순,214.0,상추,2.0,청,상품,g,100.0,695.0,,796.0,739.0,639.0,2020,중순,2020-04-11,상추-청,4,11,False,False,False,True,False,False,False,False,False,False,False,False,False,True,False,상추(청),,,,,,
202004중순,214.0,상추,2.0,청,상품,g,100.0,695.0,,796.0,739.0,639.0,2020,중순,2020-04-11,상추-청,4,11,False,False,False,True,False,False,False,False,False,False,False,False,False,True,False,상추(청),,,,,,
202004중순,214.0,상추,2.0,청,상품,g,100.0,695.0,,796.0,739.0,639.0,2020,중순,2020-04-11,상추-청,4,11,False,False,False,True,False,False,False,False,False,False,False,False,False,True,False,상추(청),,,,,,
202004중순,214.0,상추,2.0,청,상품,g,100.0,695.0,,796.0,739.0,639.0,2020,중순,2020-04-11,상추-청,4,11,False,False,False,True,False,False,False,False,False,False,False,False,False,True,False,상추(청),,,,,,
202004중순,214.0,상추,2.0,청,상품,g,100.0,695.0,,796.0,739.0,639.0,2020,중순,2020-04-11,상추-청,4,11,False,False,False,True,False,False,False,False,False,False,False,False,False,True,False,상추(청),,,,,,
202004하순,214.0,상추,2.0,청,상품,g,100.0,693.0,,786.0,715.0,648.666666666666,2020,하순,2020-04-21,상추-청,4,21,False,False,False,True,False,False,False,False,False,False,False,False,False,False,True,상추(청),,,,,,
202004하순,214.0,상추,2.0,청,상품,g,100.0,693.0,,786.0,715.0,648.666666666666,2020,하순,2020-04-21,상추-청,4,21,False,False,False,True,False,False,False,False,False,False,False,False,False,False,True,상추(청),,,,,,
202004하순,214.0,상추,2.0,청,상품,g,100.0,693.0,,786.0,715.0,648.666666666666,2020,하순,2020-04-21,상추-청,4,21,False,False,False,True,False,False,False,False,False,False,False,False,False,False,True,상추(청),,,,,,
202004하순,214.0,상추,2.0,청,상품,g,100.0,693.0,,786.0,715.0,648.666666666666,2020,하순,2020-04-21,상추-청,4,21,False,False,False,True,False,False,False,False,False,False,False,False,False,False,True,상추(청),,,,,,
202004하순,214.0,상추,2.0,청,상품,g,100.0,693.0,,786.0,715.0,648.666666666666,2020,하순,2020-04-21,상추-청,4,21,False,False,False,True,False,False,False,False,False,False,False,False,False,False,True,상추(청),,,,,,
202004하순,214.0,상추,2.0,청,상품,g,100.0,693.0,,786.0,715.0,648.666666666666,2020,하순,2020-04-21,상추-청,4,21,False,False,False,True,False,False,False,False,False,False,False,False,False,False,True,상추(청),,,,,,
202004하순,214.0,상추,2.0,청,상품,g,100.0,693.0,,786.0,715.0,648.666666666666,2020,하순,2020-04-21,상추-청,4,21,False,False,False,True,False,False,False,False,False,False,False,False,False,False,True,상추(청),,,,,,
202004하순,214.0,상추,2.0,청,상품,g,100.0,693.0,,786.0,715.0,648.666666666666,2020,하순,2020-04-21,상추-청,4,21,False,False,False,True,False,False,False,False,False,False,False,False,False,False,True,상추(청),,,,,,
202004하순,214.0,상추,2.0,청,상품,g,100.0,693.0,,786.0,715.0,648.666666666666,2020,하순,2020-04-21,상추-청,4,21,False,False,False,True,False,False,False,False,False,False,False,False,False,False,True,상추(청),,,,,,
202004하순,214.0,상추,2.0,청,상품,g,100.0,693.0,,786.0,715.0,648.666666666666,2020,하순,2020-04-21,상추-청,4,21,False,False,False,True,False,False,False,False,False,False,False,False,False,False,True,상추(청),,,,,,
202004하순,214.0,상추,2.0,청,상품,g,100.0,693.0,,786.0,715.0,648.666666666666,2020,하순,2020-04-21,상추-청,4,21,False,False,False,True,False,False,False,False,False,False,False,False,False,False,True,상추(청),,,,,,
202004하순,214.0,상추,2.0,청,상품,g,100.0,693.0,,786.0,715.0,648.666666666666,2020,하순,2020-04-21,상추-청,4,21,False,False,False,True,False,False,False,False,False,False,False,False,False,False,True,상추(청),,,,,,
202004하순,214.0,상추,2.0,청,상품,g,100.0,693.0,,786.0,715.0,648.666666666666,2020,하순,2020-04-21,상추-청,4,21,False,False,False,True,False,False,False,False,False,False,False,False,False,False,True,상추(청),,,,,,
202004하순,214.0,상추,2.0,청,상품,g,100.0,693.0,,786.0,715.0,648.666666666666,2020,하순,2020-04-21,상추-청,4,21,False,False,False,True,False,False,False,False,False,False,False,False,False,False,True,상추(청),,,,,,
202004하순,214.0,상추,2.0,청,상품,g,100.0,693.0,,786.0,715.0,648.666666666666,2020,하순,2020-04-21,상추-청,4,21,False,False,False,True,False,False,False,False,False,False,False,False,False,False,True,상추(청),,,,,,
202004하순,214.0,상추,2.0,청,상품,g,100.0,693.0,,786.0,715.0,648.666666666666,2020,하순,2020-04-21,상추-청,4,21,False,False,False,True,False,False,False,False,False,False,False,False,False,False,True,상추(청),,,,,,
202004하순,214.0,상추,2.0,청,상품,g,100.0,693.0,,786.0,715.0,648.666666666666,2020,하순,2020-04-21,상추-청,4,21,False,False,False,True,False,False,False,False,False,False,False,False,False,False,True,상추(청),,,,,,
202004하순,214.0,상추,2.0,청,상품,g,100.0,693.0,,786.0,715.0,648.666666666666,2020,하순,2020-04-21,상추-청,4,21,False,False,False,True,False,False,False,False,False,False,False,False,False,False,True,상추(청),,,,,,
202004하순,214.0,상추,2.0,청,상품,g,100.0,693.0,,786.0,715.0,648.666666666666,2020,하순,2020-04-21,상추-청,4,21,False,False,False,True,False,False,False,False,False,False,False,False,False,False,True,상추(청),,,,,,
202004하순,214.0,상추,2.0,청,상품,g,100.0,693.0,,786.0,715.0,648.666666666666,2020,하순,2020-04-21,상추-청,4,21,False,False,False,True,False,False,False,False,False,False,False,False,False,False,True,상추(청),,,,,,
202004하순,214.0,상추,2.0,청,상품,g,100.0,693.0,,786.0,715.0,648.666666666666,2020,하순,2020-04-21,상추-청,4,21,False,False,False,True,False,False,False,False,False,False,False,False,False,False,True,상추(청),,,,,,
202004하순,214.0,상추,2.0,청,상품,g,100.0,693.0,,786.0,715.0,648.666666666666,2020,하순,2020-04-21,상추-청,4,21,False,False,False,True,False,False,False,False,False,False,False,False,False,False,True,상추(청),,,,,,
202004하순,214.0,상추,2.0,청,상품,g,100.0,693.0,,786.0,715.0,648.666666666666,2020,하순,2020-04-21,상추-청,4,21,False,False,False,True,False,False,False,False,False,False,False,False,False,False,True,상추(청),,,,,,
202005상순,214.0,상추,2.0,청,상품,g,100.0,689.0,,713.0,767.0,663.666666666666,2020,상순,2020-05-01,상추-청,5,1,False,False,False,False,True,False,False,False,False,False,False,False,True,False,False,상추(청),,,,,,
202005상순,214.0,상추,2.0,청,상품,g,100.0,689.0,,713.0,767.0,663.666666666666,2020,상순,2020-05-01,상추-청,5,1,False,False,False,False,True,False,False,False,False,False,False,False,True,False,False,상추(청),,,,,,
202005상순,214.0,상추,2.0,청,상품,g,100.0,689.0,,713.0,767.0,663.666666666666,2020,상순,2020-05-01,상추-청,5,1,False,False,False,False,True,False,False,False,False,False,False,False,True,False,False,상추(청),,,,,,
202005상순,214.0,상추,2.0,청,상품,g,100.0,689.0,,713.0,767.0,663.666666666666,2020,상순,2020-05-01,상추-청,5,1,False,False,False,False,True,False,False,False,False,False,False,False,True,False,False,상추(청),,,,,,
202005상순,214.0,상추,2.0,청,상품,g,100.0,689.0,,713.0,767.0,663.666666666666,2020,상순,2020-05-01,상추-청,5,1,False,False,False,False,True,False,False,False,False,False,False,False,True,False,False,상추(청),,,,,,
202005상순,214.0,상추,2.0,청,상품,g,100.0,689.0,,713.0,767.0,663.666666666666,2020,상순,2020-05-01,상추-청,5,1,False,False,False,False,True,False,False,False,False,False,False,False,True,False,False,상추(청),,,,,,
202005상순,214.0,상추,2.0,청,상품,g,100.0,689.0,,713.0,767.0,663.666666666666,2020,상순,2020-05-01,상추-청,5,1,False,False,False,False,True,False,False,False,False,False,False,False,True,False,False,상추(청),,,,,,
202005상순,214.0,상추,2.0,청,상품,g,100.0,689.0,,713.0,767.0,663.666666666666,2020,상순,2020-05-01,상추-청,5,1,False,False,False,False,True,False,False,False,False,False,False,False,True,False,False,상추(청),,,,,,
202005상순,214.0,상추,2.0,청,상품,g,100.0,689.0,,713.0,767.0,663.666666666666,2020,상순,2020-05-01,상추-청,5,1,False,False,False,False,True,False,False,False,False,False,False,False,True,False,False,상추(청),,,,,,
202005상순,214.0,상추,2.0,청,상품,g,100.0,689.0,,713.0,767.0,663.666666666666,2020,상순,2020-05-01,상추-청,5,1,False,False,False,False,True,False,False,False,False,False,False,False,True,False,False,상추(청),,,,,,
202005상순,214.0,상추,2.0,청,상품,g,100.0,689.0,,713.0,767.0,663.666666666666,2020,상순,2020-05-01,상추-청,5,1,False,False,False,False,True,False,False,False,False,False,False,False,True,False,False,상추(청),,,,,,
202005상순,214.0,상추,2.0,청,상품,g,100.0,689.0,,713.0,767.0,663.666666666666,2020,상순,2020-05-01,상추-청,5,1,False,False,False,False,True,False,False,False,False,False,False,False,True,False,False,상추(청),,,,,,
202005상순,214.0,상추,2.0,청,상품,g,100.0,689.0,,713.0,767.0,663.666666666666,2020,상순,2020-05-01,상추-청,5,1,False,False,False,False,True,False,False,False,False,False,False,False,True,False,False,상추(청),,,,,,
202005상순,214.0,상추,2.0,청,상품,g,100.0,689.0,,713.0,767.0,663.666666666666,2020,상순,2020-05-01,상추-청,5,1,False,False,False,False,True,False,False,False,False,False,False,False,True,False,False,상추(청),,,,,,
202005상순,214.0,상추,2.0,청,상품,g,100.0,689.0,,713.0,767.0,663.666666666666,2020,상순,2020-05-01,상추-청,5,1,False,False,False,False,True,False,False,False,False,False,False,False,True,False,False,상추(청),,,,,,
202005상순,214.0,상추,2.0,청,상품,g,100.0,689.0,,713.0,767.0,663.666666666666,2020,상순,2020-05-01,상추-청,5,1,False,False,False,False,True,False,False,False,False,False,False,False,True,False,False,상추(청),,,,,,
202005상순,214.0,상추,2.0,청,상품,g,100.0,689.0,,713.0,767.0,663.666666666666,2020,상순,2020-05-01,상추-청,5,1,False,False,False,False,True,False,False,False,False,False,False,False,True,False,False,상추(청),,,,,,
202005상순,214.0,상추,2.0,청,상품,g,100.0,689.0,,713.0,767.0,663.666666666666,2020,상순,2020-05-01,상추-청,5,1,False,False,False,False,True,False,False,False,False,False,False,False,True,False,False,상추(청),,,,,,
202005상순,214.0,상추,2.0,청,상품,g,100.0,689.0,,713.0,767.0,663.666666666666,2020,상순,2020-05-01,상추-청,5,1,False,False,False,False,True,False,False,False,False,False,False,False,True,False,False,상추(청),,,,,,
202005상순,214.0,상추,2.0,청,상품,g,100.0,689.0,,713.0,767.0,663.666666666666,2020,상순,2020-05-01,상추-청,5,1,False,False,False,False,True,False,False,False,False,False,False,False,True,False,False,상추(청),,,,,,
202005상순,214.0,상추,2.0,청,상품,g,100.0,689.0,,713.0,767.0,663.666666666666,2020,상순,2020-05-01,상추-청,5,1,False,False,False,False,True,False,False,False,False,False,False,False,True,False,False,상추(청),,,,,,
202005상순,214.0,상추,2.0,청,상품,g,100.0,689.0,,713.0,767.0,663.666666666666,2020,상순,2020-05-01,상추-청,5,1,False,False,False,False,True,False,False,False,False,False,False,False,True,False,False,상추(청),,,,,,
202005상순,214.0,상추,2.0,청,상품,g,100.0,689.0,,713.0,767.0,663.666666666666,2020,상순,2020-05-01,상추-청,5,1,False,False,False,False,True,False,False,False,False,False,False,False,True,False,False,상추(청),,,,,,
202005중순,214.0,상추,2.0,청,상품,g,100.0,691.0,,695.0,861.0,665.666666666666,2020,중순,2020-05-11,상추-청,5,11,False,False,False,False,True,False,False,False,False,False,False,False,False,True,False,상추(청),,,,,,
202005중순,214.0,상추,2.0,청,상품,g,100.0,691.0,,695.0,861.0,665.666666666666,2020,중순,2020-05-11,상추-청,5,11,False,False,False,False,True,False,False,False,False,False,False,False,False,True,False,상추(청),,,,,,
202005중순,214.0,상추,2.0,청,상품,g,100.0,691.0,,695.0,861.0,665.666666666666,2020,중순,2020-05-11,상추-청,5,11,False,False,False,False,True,False,False,False,False,False,False,False,False,True,False,상추(청),,,,,,
202005중순,214.0,상추,2.0,청,상품,g,100.0,691.0,,695.0,861.0,665.666666666666,2020,중순,2020-05-11,상추-청,5,11,False,False,False,False,True,False,False,False,False,False,False,False,False,True,False,상추(청),,,,,,
202005중순,214.0,상추,2.0,청,상품,g,100.0,691.0,,695.0,861.0,665.666666666666,2020,중순,2020-05-11,상추-청,5,11,False,False,False,False,True,False,False,False,False,False,False,False,False,True,False,상추(청),,,,,,
202005중순,214.0,상추,2.0,청,상품,g,100.0,691.0,,695.0,861.0,665.666666666666,2020,중순,2020-05-11,상추-청,5,11,False,False,False,False,True,False,False,False,False,False,False,False,False,True,False,상추(청),,,,,,
202005중순,214.0,상추,2.0,청,상품,g,100.0,691.0,,695.0,861.0,665.666666666666,2020,중순,2020-05-11,상추-청,5,11,False,False,False,False,True,False,False,False,False,False,False,False,False,True,False,상추(청),,,,,,
202005중순,214.0,상추,2.0,청,상품,g,100.0,691.0,,695.0,861.0,665.666666666666,2020,중순,2020-05-11,상추-청,5,11,False,False,False,False,True,False,False,False,False,False,False,False,False,True,False,상추(청),,,,,,
202005중순,214.0,상추,2.0,청,상품,g,100.0,691.0,,695.0,861.0,665.666666666666,2020,중순,2020-05-11,상추-청,5,11,False,False,False,False,True,False,False,False,False,False,False,False,False,True,False,상추(청),,,,,,
202005중순,214.0,상추,2.0,청,상품,g,100.0,691.0,,695.0,861.0,665.666666666666,2020,중순,2020-05-11,상추-청,5,11,False,False,False,False,True,False,False,False,False,False,False,False,False,True,False,상추(청),,,,,,
202005중순,214.0,상추,2.0,청,상품,g,100.0,691.0,,695.0,861.0,665.666666666666,2020,중순,2020-05-11,상추-청,5,11,False,False,False,False,True,False,False,False,False,False,False,False,False,True,False,상추(청),,,,,,
202005중순,214.0,상추,2.0,청,상품,g,100.0,691.0,,695.0,861.0,665.666666666666,2020,중순,2020-05-11,상추-청,5,11,False,False,False,False,True,False,False,False,False,False,False,False,False,True,False,상추(청),,,,,,
202005중순,214.0,상추,2.0,청,상품,g,100.0,691.0,,695.0,861.0,665.666666666666,2020,중순,2020-05-11,상추-청,5,11,False,False,False,False,True,False,False,False,False,False,False,False,False,True,False,상추(청),,,,,,
202005중순,214.0,상추,2.0,청,상품,g,100.0,691.0,,695.0,861.0,665.666666666666,2020,중순,2020-05-11,상추-청,5,11,False,False,False,False,True,False,False,False,False,False,False,False,False,True,False,상추(청),,,,,,
202005중순,214.0,상추,2.0,청,상품,g,100.0,691.0,,695.0,861.0,665.666666666666,2020,중순,2020-05-11,상추-청,5,11,False,False,False,False,True,False,False,False,False,False,False,False,False,True,False,상추(청),,,,,,
202005중순,214.0,상추,2.0,청,상품,g,100.0,691.0,,695.0,861.0,665.666666666666,2020,중순,2020-05-11,상추-청,5,11,False,False,False,False,True,False,False,False,False,False,False,False,False,True,False,상추(청),,,,,,
202005중순,214.0,상추,2.0,청,상품,g,100.0,691.0,,695.0,861.0,665.666666666666,2020,중순,2020-05-11,상추-청,5,11,False,False,False,False,True,False,False,False,False,False,False,False,False,True,False,상추(청),,,,,,
202005중순,214.0,상추,2.0,청,상품,g,100.0,691.0,,695.0,861.0,665.666666666666,2020,중순,2020-05-11,상추-청,5,11,False,False,False,False,True,False,False,False,False,False,False,False,False,True,False,상추(청),,,,,,
202005중순,214.0,상추,2.0,청,상품,g,100.0,691.0,,695.0,861.0,665.666666666666,2020,중순,2020-05-11,상추-청,5,11,False,False,False,False,True,False,False,False,False,False,False,False,False,True,False,상추(청),,,,,,
202005중순,214.0,상추,2.0,청,상품,g,100.0,691.0,,695.0,861.0,665.666666666666,2020,중순,2020-05-11,상추-청,5,11,False,False,False,False,True,False,False,False,False,False,False,False,False,True,False,상추(청),,,,,,
202005중순,214.0,상추,2.0,청,상품,g,100.0,691.0,,695.0,861.0,665.666666666666,2020,중순,2020-05-11,상추-청,5,11,False,False,False,False,True,False,False,False,False,False,False,False,False,True,False,상추(청),,,,,,
202005중순,214.0,상추,2.0,청,상품,g,100.0,691.0,,695.0,861.0,665.666666666666,2020,중순,2020-05-11,상추-청,5,11,False,False,False,False,True,False,False,False,False,False,False,False,False,True,False,상추(청),,,,,,
202005중순,214.0,상추,2.0,청,상품,g,100.0,691.0,,695.0,861.0,665.666666666666,2020,중순,2020-05-11,상추-청,5,11,False,False,False,False,True,False,False,False,False,False,False,False,False,True,False,상추(청),,,,,,
202005중순,214.0,상추,2.0,청,상품,g,100.0,691.0,,695.0,861.0,665.666666666666,2020,중순,2020-05-11,상추-청,5,11,False,False,False,False,True,False,False,False,False,False,False,False,False,True,False,상추(청),,,,,,
202005중순,214.0,상추,2.0,청,상품,g,100.0,691.0,,695.0,861.0,665.666666666666,2020,중순,2020-05-11,상추-청,5,11,False,False,False,False,True,False,False,False,False,False,False,False,False,True,False,상추(청),,,,,,
202005중순,214.0,상추,2.0,청,상품,g,100.0,691.0,,695.0,861.0,665.666666666666,2020,중순,2020-05-11,상추-청,5,11,False,False,False,False,True,False,False,False,False,False,False,False,False,True,False,상추(청),,,,,,
202005중순,214.0,상추,2.0,청,상품,g,100.0,691.0,,695.0,861.0,665.666666666666,2020,중순,2020-05-11,상추-청,5,11,False,False,False,False,True,False,False,False,False,False,False,False,False,True,False,상추(청),,,,,,
202005하순,214.0,상추,2.0,청,상품,g,100.0,726.0,,693.0,803.0,644.333333333333,2020,하순,2020-05-21,상추-청,5,21,False,False,False,False,True,False,False,False,False,False,False,False,False,False,True,상추(청),,,,,,
202005하순,214.0,상추,2.0,청,상품,g,100.0,726.0,,693.0,803.0,644.333333333333,2020,하순,2020-05-21,상추-청,5,21,False,False,False,False,True,False,False,False,False,False,False,False,False,False,True,상추(청),,,,,,
202005하순,214.0,상추,2.0,청,상품,g,100.0,726.0,,693.0,803.0,644.333333333333,2020,하순,2020-05-21,상추-청,5,21,False,False,False,False,True,False,False,False,False,False,False,False,False,False,True,상추(청),,,,,,
202005하순,214.0,상추,2.0,청,상품,g,100.0,726.0,,693.0,803.0,644.333333333333,2020,하순,2020-05-21,상추-청,5,21,False,False,False,False,True,False,False,False,False,False,False,False,False,False,True,상추(청),,,,,,
202005하순,214.0,상추,2.0,청,상품,g,100.0,726.0,,693.0,803.0,644.333333333333,2020,하순,2020-05-21,상추-청,5,21,False,False,False,False,True,False,False,False,False,False,False,False,False,False,True,상추(청),,,,,,
202005하순,214.0,상추,2.0,청,상품,g,100.0,726.0,,693.0,803.0,644.333333333333,2020,하순,2020-05-21,상추-청,5,21,False,False,False,False,True,False,False,False,False,False,False,False,False,False,True,상추(청),,,,,,
202005하순,214.0,상추,2.0,청,상품,g,100.0,726.0,,693.0,803.0,644.333333333333,2020,하순,2020-05-21,상추-청,5,21,False,False,False,False,True,False,False,False,False,False,False,False,False,False,True,상추(청),,,,,,
202005하순,214.0,상추,2.0,청,상품,g,100.0,726.0,,693.0,803.0,644.333333333333,2020,하순,2020-05-21,상추-청,5,21,False,False,False,False,True,False,False,False,False,False,False,False,False,False,True,상추(청),,,,,,
202005하순,214.0,상추,2.0,청,상품,g,100.0,726.0,,693.0,803.0,644.333333333333,2020,하순,2020-05-21,상추-청,5,21,False,False,False,False,True,False,False,False,False,False,False,False,False,False,True,상추(청),,,,,,
202005하순,214.0,상추,2.0,청,상품,g,100.0,726.0,,693.0,803.0,644.333333333333,2020,하순,2020-05-21,상추-청,5,21,False,False,False,False,True,False,False,False,False,False,False,False,False,False,True,상추(청),,,,,,
202005하순,214.0,상추,2.0,청,상품,g,100.0,726.0,,693.0,803.0,644.333333333333,2020,하순,2020-05-21,상추-청,5,21,False,False,False,False,True,False,False,False,False,False,False,False,False,False,True,상추(청),,,,,,
202005하순,214.0,상추,2.0,청,상품,g,100.0,726.0,,693.0,803.0,644.333333333333,2020,하순,2020-05-21,상추-청,5,21,False,False,False,False,True,False,False,False,False,False,False,False,False,False,True,상추(청),,,,,,
202005하순,214.0,상추,2.0,청,상품,g,100.0,726.0,,693.0,803.0,644.333333333333,2020,하순,2020-05-21,상추-청,5,21,False,False,False,False,True,False,False,False,False,False,False,False,False,False,True,상추(청),,,,,,
202005하순,214.0,상추,2.0,청,상품,g,100.0,726.0,,693.0,803.0,644.333333333333,2020,하순,2020-05-21,상추-청,5,21,False,False,False,False,True,False,False,False,False,False,False,False,False,False,True,상추(청),,,,,,
202005하순,214.0,상추,2.0,청,상품,g,100.0,726.0,,693.0,803.0,644.333333333333,2020,하순,2020-05-21,상추-청,5,21,False,False,False,False,True,False,False,False,False,False,False,False,False,False,True,상추(청),,,,,,
202005하순,214.0,상추,2.0,청,상품,g,100.0,726.0,,693.0,803.0,644.333333333333,2020,하순,2020-05-21,상추-청,5,21,False,False,False,False,True,False,False,False,False,False,False,False,False,False,True,상추(청),,,,,,
202005하순,214.0,상추,2.0,청,상품,g,100.0,726.0,,693.0,803.0,644.333333333333,2020,하순,2020-05-21,상추-청,5,21,False,False,False,False,True,False,False,False,False,False,False,False,False,False,True,상추(청),,,,,,
202005하순,214.0,상추,2.0,청,상품,g,100.0,726.0,,693.0,803.0,644.333333333333,2020,하순,2020-05-21,상추-청,5,21,False,False,False,False,True,False,False,False,False,False,False,False,False,False,True,상추(청),,,,,,
202005하순,214.0,상추,2.0,청,상품,g,100.0,726.0,,693.0,803.0,644.333333333333,2020,하순,2020-05-21,상추-청,5,21,False,False,False,False,True,False,False,False,False,False,False,False,False,False,True,상추(청),,,,,,
202005하순,214.0,상추,2.0,청,상품,g,100.0,726.0,,693.0,803.0,644.333333333333,2020,하순,2020-05-21,상추-청,5,21,False,False,False,False,True,False,False,False,False,False,False,False,False,False,True,상추(청),,,,,,
202005하순,214.0,상추,2.0,청,상품,g,100.0,726.0,,693.0,803.0,644.333333333333,2020,하순,2020-05-21,상추-청,5,21,False,False,False,False,True,False,False,False,False,False,False,False,False,False,True,상추(청),,,,,,
202005하순,214.0,상추,2.0,청,상품,g,100.0,726.0,,693.0,803.0,644.333333333333,2020,하순,2020-05-21,상추-청,5,21,False,False,False,False,True,False,False,False,False,False,False,False,False,False,True,상추(청),,,,,,
202005하순,214.0,상추,2.0,청,상품,g,100.0,726.0,,693.0,803.0,644.333333333333,2020,하순,2020-05-21,상추-청,5,21,False,False,False,False,True,False,False,False,False,False,False,False,False,False,True,상추(청),,,,,,
202005하순,214.0,상추,2.0,청,상품,g,100.0,726.0,,693.0,803.0,644.333333333333,2020,하순,2020-05-21,상추-청,5,21,False,False,False,False,True,False,False,False,False,False,False,False,False,False,True,상추(청),,,,,,
202005하순,214.0,상추,2.0,청,상품,g,100.0,726.0,,693.0,803.0,644.333333333333,2020,하순,2020-05-21,상추-청,5,21,False,False,False,False,True,False,False,False,False,False,False,False,False,False,True,상추(청),,,,,,
202006상순,214.0,상추,2.0,청,상품,g,100.0,754.0,,689.0,766.0,650.333333333333,2020,상순,2020-06-01,상추-청,6,1,False,False,False,False,False,True,False,False,False,False,False,False,True,False,False,상추(청),,,,,,
202006상순,214.0,상추,2.0,청,상품,g,100.0,754.0,,689.0,766.0,650.333333333333,2020,상순,2020-06-01,상추-청,6,1,False,False,False,False,False,True,False,False,False,False,False,False,True,False,False,상추(청),,,,,,
202006상순,214.0,상추,2.0,청,상품,g,100.0,754.0,,689.0,766.0,650.333333333333,2020,상순,2020-06-01,상추-청,6,1,False,False,False,False,False,True,False,False,False,False,False,False,True,False,False,상추(청),,,,,,
202006상순,214.0,상추,2.0,청,상품,g,100.0,754.0,,689.0,766.0,650.333333333333,2020,상순,2020-06-01,상추-청,6,1,False,False,False,False,False,True,False,False,False,False,False,False,True,False,False,상추(청),,,,,,
202006상순,214.0,상추,2.0,청,상품,g,100.0,754.0,,689.0,766.0,650.333333333333,2020,상순,2020-06-01,상추-청,6,1,False,False,False,False,False,True,False,False,False,False,False,False,True,False,False,상추(청),,,,,,
202006상순,214.0,상추,2.0,청,상품,g,100.0,754.0,,689.0,766.0,650.333333333333,2020,상순,2020-06-01,상추-청,6,1,False,False,False,False,False,True,False,False,False,False,False,False,True,False,False,상추(청),,,,,,
202006상순,214.0,상추,2.0,청,상품,g,100.0,754.0,,689.0,766.0,650.333333333333,2020,상순,2020-06-01,상추-청,6,1,False,False,False,False,False,True,False,False,False,False,False,False,True,False,False,상추(청),,,,,,
202006상순,214.0,상추,2.0,청,상품,g,100.0,754.0,,689.0,766.0,650.333333333333,2020,상순,2020-06-01,상추-청,6,1,False,False,False,False,False,True,False,False,False,False,False,False,True,False,False,상추(청),,,,,,
202006상순,214.0,상추,2.0,청,상품,g,100.0,754.0,,689.0,766.0,650.333333333333,2020,상순,2020-06-01,상추-청,6,1,False,False,False,False,False,True,False,False,False,False,False,False,True,False,False,상추(청),,,,,,
202006상순,214.0,상추,2.0,청,상품,g,100.0,754.0,,689.0,766.0,650.333333333333,2020,상순,2020-06-01,상추-청,6,1,False,False,False,False,False,True,False,False,False,False,False,False,True,False,False,상추(청),,,,,,
202006상순,214.0,상추,2.0,청,상품,g,100.0,754.0,,689.0,766.0,650.333333333333,2020,상순,2020-06-01,상추-청,6,1,False,False,False,False,False,True,False,False,False,False,False,False,True,False,False,상추(청),,,,,,
202006상순,214.0,상추,2.0,청,상품,g,100.0,754.0,,689.0,766.0,650.333333333333,2020,상순,2020-06-01,상추-청,6,1,False,False,False,False,False,True,False,False,False,False,False,False,True,False,False,상추(청),,,,,,
202006상순,214.0,상추,2.0,청,상품,g,100.0,754.0,,689.0,766.0,650.333333333333,2020,상순,2020-06-01,상추-청,6,1,False,False,False,False,False,True,False,False,False,False,False,False,True,False,False,상추(청),,,,,,
202006상순,214.0,상추,2.0,청,상품,g,100.0,754.0,,689.0,766.0,650.333333333333,2020,상순,2020-06-01,상추-청,6,1,False,False,False,False,False,True,False,False,False,False,False,False,True,False,False,상추(청),,,,,,
202006상순,214.0,상추,2.0,청,상품,g,100.0,754.0,,689.0,766.0,650.333333333333,2020,상순,2020-06-01,상추-청,6,1,False,False,False,False,False,True,False,False,False,False,False,False,True,False,False,상추(청),,,,,,
202006상순,214.0,상추,2.0,청,상품,g,100.0,754.0,,689.0,766.0,650.333333333333,2020,상순,2020-06-01,상추-청,6,1,False,False,False,False,False,True,False,False,False,False,False,False,True,False,False,상추(청),,,,,,
202006상순,214.0,상추,2.0,청,상품,g,100.0,754.0,,689.0,766.0,650.333333333333,2020,상순,2020-06-01,상추-청,6,1,False,False,False,False,False,True,False,False,False,False,False,False,True,False,False,상추(청),,,,,,
202006상순,214.0,상추,2.0,청,상품,g,100.0,754.0,,689.0,766.0,650.333333333333,2020,상순,2020-06-01,상추-청,6,1,False,False,False,False,False,True,False,False,False,False,False,False,True,False,False,상추(청),,,,,,
202006상순,214.0,상추,2.0,청,상품,g,100.0,754.0,,689.0,766.0,650.333333333333,2020,상순,2020-06-01,상추-청,6,1,False,False,False,False,False,True,False,False,False,False,False,False,True,False,False,상추(청),,,,,,
202006상순,214.0,상추,2.0,청,상품,g,100.0,754.0,,689.0,766.0,650.333333333333,2020,상순,2020-06-01,상추-청,6,1,False,False,False,False,False,True,False,False,False,False,False,False,True,False,False,상추(청),,,,,,
202006상순,214.0,상추,2.0,청,상품,g,100.0,754.0,,689.0,766.0,650.333333333333,2020,상순,2020-06-01,상추-청,6,1,False,False,False,False,False,True,False,False,False,False,False,False,True,False,False,상추(청),,,,,,
202006상순,214.0,상추,2.0,청,상품,g,100.0,754.0,,689.0,766.0,650.333333333333,2020,상순,2020-06-01,상추-청,6,1,False,False,False,False,False,True,False,False,False,False,False,False,True,False,False,상추(청),,,,,,
202006상순,214.0,상추,2.0,청,상품,g,100.0,754.0,,689.0,766.0,650.333333333333,2020,상순,2020-06-01,상추-청,6,1,False,False,False,False,False,True,False,False,False,False,False,False,True,False,False,상추(청),,,,,,
202006상순,214.0,상추,2.0,청,상품,g,100.0,754.0,,689.0,766.0,650.333333333333,2020,상순,2020-06-01,상추-청,6,1,False,False,False,False,False,True,False,False,False,False,False,False,True,False,False,상추(청),,,,,,
202006상순,214.0,상추,2.0,청,상품,g,100.0,754.0,,689.0,766.0,650.333333333333,2020,상순,2020-06-01,상추-청,6,1,False,False,False,False,False,True,False,False,False,False,False,False,True,False,False,상추(청),,,,,,
202006중순,214.0,상추,2.0,청,상품,g,100.0,799.0,,691.0,708.0,646.666666666666,2020,중순,2020-06-11,상추-청,6,11,False,False,False,False,False,True,False,False,False,False,False,False,False,True,False,상추(청),,,,,,
202006중순,214.0,상추,2.0,청,상품,g,100.0,799.0,,691.0,708.0,646.666666666666,2020,중순,2020-06-11,상추-청,6,11,False,False,False,False,False,True,False,False,False,False,False,False,False,True,False,상추(청),,,,,,
202006중순,214.0,상추,2.0,청,상품,g,100.0,799.0,,691.0,708.0,646.666666666666,2020,중순,2020-06-11,상추-청,6,11,False,False,False,False,False,True,False,False,False,False,False,False,False,True,False,상추(청),,,,,,
202006중순,214.0,상추,2.0,청,상품,g,100.0,799.0,,691.0,708.0,646.666666666666,2020,중순,2020-06-11,상추-청,6,11,False,False,False,False,False,True,False,False,False,False,False,False,False,True,False,상추(청),,,,,,
202006중순,214.0,상추,2.0,청,상품,g,100.0,799.0,,691.0,708.0,646.666666666666,2020,중순,2020-06-11,상추-청,6,11,False,False,False,False,False,True,False,False,False,False,False,False,False,True,False,상추(청),,,,,,
202006중순,214.0,상추,2.0,청,상품,g,100.0,799.0,,691.0,708.0,646.666666666666,2020,중순,2020-06-11,상추-청,6,11,False,False,False,False,False,True,False,False,False,False,False,False,False,True,False,상추(청),,,,,,
202006중순,214.0,상추,2.0,청,상품,g,100.0,799.0,,691.0,708.0,646.666666666666,2020,중순,2020-06-11,상추-청,6,11,False,False,False,False,False,True,False,False,False,False,False,False,False,True,False,상추(청),,,,,,
202006중순,214.0,상추,2.0,청,상품,g,100.0,799.0,,691.0,708.0,646.666666666666,2020,중순,2020-06-11,상추-청,6,11,False,False,False,False,False,True,False,False,False,False,False,False,False,True,False,상추(청),,,,,,
202006중순,214.0,상추,2.0,청,상품,g,100.0,799.0,,691.0,708.0,646.666666666666,2020,중순,2020-06-11,상추-청,6,11,False,False,False,False,False,True,False,False,False,False,False,False,False,True,False,상추(청),,,,,,
202006중순,214.0,상추,2.0,청,상품,g,100.0,799.0,,691.0,708.0,646.666666666666,2020,중순,2020-06-11,상추-청,6,11,False,False,False,False,False,True,False,False,False,False,False,False,False,True,False,상추(청),,,,,,
202006중순,214.0,상추,2.0,청,상품,g,100.0,799.0,,691.0,708.0,646.666666666666,2020,중순,2020-06-11,상추-청,6,11,False,False,False,False,False,True,False,False,False,False,False,False,False,True,False,상추(청),,,,,,
202006중순,214.0,상추,2.0,청,상품,g,100.0,799.0,,691.0,708.0,646.666666666666,2020,중순,2020-06-11,상추-청,6,11,False,False,False,False,False,True,False,False,False,False,False,False,False,True,False,상추(청),,,,,,
202006중순,214.0,상추,2.0,청,상품,g,100.0,799.0,,691.0,708.0,646.666666666666,2020,중순,2020-06-11,상추-청,6,11,False,False,False,False,False,True,False,False,False,False,False,False,False,True,False,상추(청),,,,,,
202006중순,214.0,상추,2.0,청,상품,g,100.0,799.0,,691.0,708.0,646.666666666666,2020,중순,2020-06-11,상추-청,6,11,False,False,False,False,False,True,False,False,False,False,False,False,False,True,False,상추(청),,,,,,
202006중순,214.0,상추,2.0,청,상품,g,100.0,799.0,,691.0,708.0,646.666666666666,2020,중순,2020-06-11,상추-청,6,11,False,False,False,False,False,True,False,False,False,False,False,False,False,True,False,상추(청),,,,,,
202006중순,214.0,상추,2.0,청,상품,g,100.0,799.0,,691.0,708.0,646.666666666666,2020,중순,2020-06-11,상추-청,6,11,False,False,False,False,False,True,False,False,False,False,False,False,False,True,False,상추(청),,,,,,
202006중순,214.0,상추,2.0,청,상품,g,100.0,799.0,,691.0,708.0,646.666666666666,2020,중순,2020-06-11,상추-청,6,11,False,False,False,False,False,True,False,False,False,False,False,False,False,True,False,상추(청),,,,,,
202006중순,214.0,상추,2.0,청,상품,g,100.0,799.0,,691.0,708.0,646.666666666666,2020,중순,2020-06-11,상추-청,6,11,False,False,False,False,False,True,False,False,False,False,False,False,False,True,False,상추(청),,,,,,
202006중순,214.0,상추,2.0,청,상품,g,100.0,799.0,,691.0,708.0,646.666666666666,2020,중순,2020-06-11,상추-청,6,11,False,False,False,False,False,True,False,False,False,False,False,False,False,True,False,상추(청),,,,,,
202006중순,214.0,상추,2.0,청,상품,g,100.0,799.0,,691.0,708.0,646.666666666666,2020,중순,2020-06-11,상추-청,6,11,False,False,False,False,False,True,False,False,False,False,False,False,False,True,False,상추(청),,,,,,
202006중순,214.0,상추,2.0,청,상품,g,100.0,799.0,,691.0,708.0,646.666666666666,2020,중순,2020-06-11,상추-청,6,11,False,False,False,False,False,True,False,False,False,False,False,False,False,True,False,상추(청),,,,,,
202006중순,214.0,상추,2.0,청,상품,g,100.0,799.0,,691.0,708.0,646.666666666666,2020,중순,2020-06-11,상추-청,6,11,False,False,False,False,False,True,False,False,False,False,False,False,False,True,False,상추(청),,,,,,
202006중순,214.0,상추,2.0,청,상품,g,100.0,799.0,,691.0,708.0,646.666666666666,2020,중순,2020-06-11,상추-청,6,11,False,False,False,False,False,True,False,False,False,False,False,False,False,True,False,상추(청),,,,,,
202006중순,214.0,상추,2.0,청,상품,g,100.0,799.0,,691.0,708.0,646.666666666666,2020,중순,2020-06-11,상추-청,6,11,False,False,False,False,False,True,False,False,False,False,False,False,False,True,False,상추(청),,,,,,
202006중순,214.0,상추,2.0,청,상품,g,100.0,799.0,,691.0,708.0,646.666666666666,2020,중순,2020-06-11,상추-청,6,11,False,False,False,False,False,True,False,False,False,False,False,False,False,True,False,상추(청),,,,,,
202006하순,214.0,상추,2.0,청,상품,g,100.0,1078.0,,726.0,726.0,643.333333333333,2020,하순,2020-06-21,상추-청,6,21,False,False,False,False,False,True,False,False,False,False,False,False,False,False,True,상추(청),,,,,,
202006하순,214.0,상추,2.0,청,상품,g,100.0,1078.0,,726.0,726.0,643.333333333333,2020,하순,2020-06-21,상추-청,6,21,False,False,False,False,False,True,False,False,False,False,False,False,False,False,True,상추(청),,,,,,
202006하순,214.0,상추,2.0,청,상품,g,100.0,1078.0,,726.0,726.0,643.333333333333,2020,하순,2020-06-21,상추-청,6,21,False,False,False,False,False,True,False,False,False,False,False,False,False,False,True,상추(청),,,,,,
202006하순,214.0,상추,2.0,청,상품,g,100.0,1078.0,,726.0,726.0,643.333333333333,2020,하순,2020-06-21,상추-청,6,21,False,False,False,False,False,True,False,False,False,False,False,False,False,False,True,상추(청),,,,,,
202006하순,214.0,상추,2.0,청,상품,g,100.0,1078.0,,726.0,726.0,643.333333333333,2020,하순,2020-06-21,상추-청,6,21,False,False,False,False,False,True,False,False,False,False,False,False,False,False,True,상추(청),,,,,,
202006하순,214.0,상추,2.0,청,상품,g,100.0,1078.0,,726.0,726.0,643.333333333333,2020,하순,2020-06-21,상추-청,6,21,False,False,False,False,False,True,False,False,False,False,False,False,False,False,True,상추(청),,,,,,
202006하순,214.0,상추,2.0,청,상품,g,100.0,1078.0,,726.0,726.0,643.333333333333,2020,하순,2020-06-21,상추-청,6,21,False,False,False,False,False,True,False,False,False,False,False,False,False,False,True,상추(청),,,,,,
202006하순,214.0,상추,2.0,청,상품,g,100.0,1078.0,,726.0,726.0,643.333333333333,2020,하순,2020-06-21,상추-청,6,21,False,False,False,False,False,True,False,False,False,False,False,False,False,False,True,상추(청),,,,,,
202006하순,214.0,상추,2.0,청,상품,g,100.0,1078.0,,726.0,726.0,643.333333333333,2020,하순,2020-06-21,상추-청,6,21,False,False,False,False,False,True,False,False,False,False,False,False,False,False,True,상추(청),,,,,,
202006하순,214.0,상추,2.0,청,상품,g,100.0,1078.0,,726.0,726.0,643.333333333333,2020,하순,2020-06-21,상추-청,6,21,False,False,False,False,False,True,False,False,False,False,False,False,False,False,True,상추(청),,,,,,
202006하순,214.0,상추,2.0,청,상품,g,100.0,1078.0,,726.0,726.0,643.333333333333,2020,하순,2020-06-21,상추-청,6,21,False,False,False,False,False,True,False,False,False,False,False,False,False,False,True,상추(청),,,,,,
202006하순,214.0,상추,2.0,청,상품,g,100.0,1078.0,,726.0,726.0,643.333333333333,2020,하순,2020-06-21,상추-청,6,21,False,False,False,False,False,True,False,False,False,False,False,False,False,False,True,상추(청),,,,,,
202006하순,214.0,상추,2.0,청,상품,g,100.0,1078.0,,726.0,726.0,643.333333333333,2020,하순,2020-06-21,상추-청,6,21,False,False,False,False,False,True,False,False,False,False,False,False,False,False,True,상추(청),,,,,,
202006하순,214.0,상추,2.0,청,상품,g,100.0,1078.0,,726.0,726.0,643.333333333333,2020,하순,2020-06-21,상추-청,6,21,False,False,False,False,False,True,False,False,False,False,False,False,False,False,True,상추(청),,,,,,
202006하순,214.0,상추,2.0,청,상품,g,100.0,1078.0,,726.0,726.0,643.333333333333,2020,하순,2020-06-21,상추-청,6,21,False,False,False,False,False,True,False,False,False,False,False,False,False,False,True,상추(청),,,,,,
202006하순,214.0,상추,2.0,청,상품,g,100.0,1078.0,,726.0,726.0,643.333333333333,2020,하순,2020-06-21,상추-청,6,21,False,False,False,False,False,True,False,False,False,False,False,False,False,False,True,상추(청),,,,,,
202006하순,214.0,상추,2.0,청,상품,g,100.0,1078.0,,726.0,726.0,643.333333333333,2020,하순,2020-06-21,상추-청,6,21,False,False,False,False,False,True,False,False,False,False,False,False,False,False,True,상추(청),,,,,,
202006하순,214.0,상추,2.0,청,상품,g,100.0,1078.0,,726.0,726.0,643.333333333333,2020,하순,2020-06-21,상추-청,6,21,False,False,False,False,False,True,False,False,False,False,False,False,False,False,True,상추(청),,,,,,
202006하순,214.0,상추,2.0,청,상품,g,100.0,1078.0,,726.0,726.0,643.333333333333,2020,하순,2020-06-21,상추-청,6,21,False,False,False,False,False,True,False,False,False,False,False,False,False,False,True,상추(청),,,,,,
202006하순,214.0,상추,2.0,청,상품,g,100.0,1078.0,,726.0,726.0,643.333333333333,2020,하순,2020-06-21,상추-청,6,21,False,False,False,False,False,True,False,False,False,False,False,False,False,False,True,상추(청),,,,,,
202006하순,214.0,상추,2.0,청,상품,g,100.0,1078.0,,726.0,726.0,643.333333333333,2020,하순,2020-06-21,상추-청,6,21,False,False,False,False,False,True,False,False,False,False,False,False,False,False,True,상추(청),,,,,,
202006하순,214.0,상추,2.0,청,상품,g,100.0,1078.0,,726.0,726.0,643.333333333333,2020,하순,2020-06-21,상추-청,6,21,False,False,False,False,False,True,False,False,False,False,False,False,False,False,True,상추(청),,,,,,
202006하순,214.0,상추,2.0,청,상품,g,100.0,1078.0,,726.0,726.0,643.333333333333,2020,하순,2020-06-21,상추-청,6,21,False,False,False,False,False,True,False,False,False,False,False,False,False,False,True,상추(청),,,,,,
202007상순,214.0,상추,2.0,청,상품,g,100.0,1209.0,,754.0,800.0,716.666666666666,2020,상순,2020-07-01,상추-청,7,1,False,False,False,False,False,False,True,False,False,False,False,False,True,False,False,상추(청),,,,,,
202007상순,214.0,상추,2.0,청,상품,g,100.0,1209.0,,754.0,800.0,716.666666666666,2020,상순,2020-07-01,상추-청,7,1,False,False,False,False,False,False,True,False,False,False,False,False,True,False,False,상추(청),,,,,,
202007상순,214.0,상추,2.0,청,상품,g,100.0,1209.0,,754.0,800.0,716.666666666666,2020,상순,2020-07-01,상추-청,7,1,False,False,False,False,False,False,True,False,False,False,False,False,True,False,False,상추(청),,,,,,
202007상순,214.0,상추,2.0,청,상품,g,100.0,1209.0,,754.0,800.0,716.666666666666,2020,상순,2020-07-01,상추-청,7,1,False,False,False,False,False,False,True,False,False,False,False,False,True,False,False,상추(청),,,,,,
202007상순,214.0,상추,2.0,청,상품,g,100.0,1209.0,,754.0,800.0,716.666666666666,2020,상순,2020-07-01,상추-청,7,1,False,False,False,False,False,False,True,False,False,False,False,False,True,False,False,상추(청),,,,,,
202007상순,214.0,상추,2.0,청,상품,g,100.0,1209.0,,754.0,800.0,716.666666666666,2020,상순,2020-07-01,상추-청,7,1,False,False,False,False,False,False,True,False,False,False,False,False,True,False,False,상추(청),,,,,,
202007상순,214.0,상추,2.0,청,상품,g,100.0,1209.0,,754.0,800.0,716.666666666666,2020,상순,2020-07-01,상추-청,7,1,False,False,False,False,False,False,True,False,False,False,False,False,True,False,False,상추(청),,,,,,
202007상순,214.0,상추,2.0,청,상품,g,100.0,1209.0,,754.0,800.0,716.666666666666,2020,상순,2020-07-01,상추-청,7,1,False,False,False,False,False,False,True,False,False,False,False,False,True,False,False,상추(청),,,,,,
202007상순,214.0,상추,2.0,청,상품,g,100.0,1209.0,,754.0,800.0,716.666666666666,2020,상순,2020-07-01,상추-청,7,1,False,False,False,False,False,False,True,False,False,False,False,False,True,False,False,상추(청),,,,,,
202007상순,214.0,상추,2.0,청,상품,g,100.0,1209.0,,754.0,800.0,716.666666666666,2020,상순,2020-07-01,상추-청,7,1,False,False,False,False,False,False,True,False,False,False,False,False,True,False,False,상추(청),,,,,,
202007상순,214.0,상추,2.0,청,상품,g,100.0,1209.0,,754.0,800.0,716.666666666666,2020,상순,2020-07-01,상추-청,7,1,False,False,False,False,False,False,True,False,False,False,False,False,True,False,False,상추(청),,,,,,
202007상순,214.0,상추,2.0,청,상품,g,100.0,1209.0,,754.0,800.0,716.666666666666,2020,상순,2020-07-01,상추-청,7,1,False,False,False,False,False,False,True,False,False,False,False,False,True,False,False,상추(청),,,,,,
202007상순,214.0,상추,2.0,청,상품,g,100.0,1209.0,,754.0,800.0,716.666666666666,2020,상순,2020-07-01,상추-청,7,1,False,False,False,False,False,False,True,False,False,False,False,False,True,False,False,상추(청),,,,,,
202007상순,214.0,상추,2.0,청,상품,g,100.0,1209.0,,754.0,800.0,716.666666666666,2020,상순,2020-07-01,상추-청,7,1,False,False,False,False,False,False,True,False,False,False,False,False,True,False,False,상추(청),,,,,,
202007상순,214.0,상추,2.0,청,상품,g,100.0,1209.0,,754.0,800.0,716.666666666666,2020,상순,2020-07-01,상추-청,7,1,False,False,False,False,False,False,True,False,False,False,False,False,True,False,False,상추(청),,,,,,
202007상순,214.0,상추,2.0,청,상품,g,100.0,1209.0,,754.0,800.0,716.666666666666,2020,상순,2020-07-01,상추-청,7,1,False,False,False,False,False,False,True,False,False,False,False,False,True,False,False,상추(청),,,,,,
202007상순,214.0,상추,2.0,청,상품,g,100.0,1209.0,,754.0,800.0,716.666666666666,2020,상순,2020-07-01,상추-청,7,1,False,False,False,False,False,False,True,False,False,False,False,False,True,False,False,상추(청),,,,,,
202007상순,214.0,상추,2.0,청,상품,g,100.0,1209.0,,754.0,800.0,716.666666666666,2020,상순,2020-07-01,상추-청,7,1,False,False,False,False,False,False,True,False,False,False,False,False,True,False,False,상추(청),,,,,,
202007상순,214.0,상추,2.0,청,상품,g,100.0,1209.0,,754.0,800.0,716.666666666666,2020,상순,2020-07-01,상추-청,7,1,False,False,False,False,False,False,True,False,False,False,False,False,True,False,False,상추(청),,,,,,
202007상순,214.0,상추,2.0,청,상품,g,100.0,1209.0,,754.0,800.0,716.666666666666,2020,상순,2020-07-01,상추-청,7,1,False,False,False,False,False,False,True,False,False,False,False,False,True,False,False,상추(청),,,,,,
202007상순,214.0,상추,2.0,청,상품,g,100.0,1209.0,,754.0,800.0,716.666666666666,2020,상순,2020-07-01,상추-청,7,1,False,False,False,False,False,False,True,False,False,False,False,False,True,False,False,상추(청),,,,,,
202007상순,214.0,상추,2.0,청,상품,g,100.0,1209.0,,754.0,800.0,716.666666666666,2020,상순,2020-07-01,상추-청,7,1,False,False,False,False,False,False,True,False,False,False,False,False,True,False,False,상추(청),,,,,,
202007상순,214.0,상추,2.0,청,상품,g,100.0,1209.0,,754.0,800.0,716.666666666666,2020,상순,2020-07-01,상추-청,7,1,False,False,False,False,False,False,True,False,False,False,False,False,True,False,False,상추(청),,,,,,
202007중순,214.0,상추,2.0,청,상품,g,100.0,1348.0,,799.0,929.0,1051.66666666666,2020,중순,2020-07-11,상추-청,7,11,False,False,False,False,False,False,True,False,False,False,False,False,False,True,False,상추(청),,,,,,
202007중순,214.0,상추,2.0,청,상품,g,100.0,1348.0,,799.0,929.0,1051.66666666666,2020,중순,2020-07-11,상추-청,7,11,False,False,False,False,False,False,True,False,False,False,False,False,False,True,False,상추(청),,,,,,
202007중순,214.0,상추,2.0,청,상품,g,100.0,1348.0,,799.0,929.0,1051.66666666666,2020,중순,2020-07-11,상추-청,7,11,False,False,False,False,False,False,True,False,False,False,False,False,False,True,False,상추(청),,,,,,
202007중순,214.0,상추,2.0,청,상품,g,100.0,1348.0,,799.0,929.0,1051.66666666666,2020,중순,2020-07-11,상추-청,7,11,False,False,False,False,False,False,True,False,False,False,False,False,False,True,False,상추(청),,,,,,
202007중순,214.0,상추,2.0,청,상품,g,100.0,1348.0,,799.0,929.0,1051.66666666666,2020,중순,2020-07-11,상추-청,7,11,False,False,False,False,False,False,True,False,False,False,False,False,False,True,False,상추(청),,,,,,
202007중순,214.0,상추,2.0,청,상품,g,100.0,1348.0,,799.0,929.0,1051.66666666666,2020,중순,2020-07-11,상추-청,7,11,False,False,False,False,False,False,True,False,False,False,False,False,False,True,False,상추(청),,,,,,
202007중순,214.0,상추,2.0,청,상품,g,100.0,1348.0,,799.0,929.0,1051.66666666666,2020,중순,2020-07-11,상추-청,7,11,False,False,False,False,False,False,True,False,False,False,False,False,False,True,False,상추(청),,,,,,
202007중순,214.0,상추,2.0,청,상품,g,100.0,1348.0,,799.0,929.0,1051.66666666666,2020,중순,2020-07-11,상추-청,7,11,False,False,False,False,False,False,True,False,False,False,False,False,False,True,False,상추(청),,,,,,
202007중순,214.0,상추,2.0,청,상품,g,100.0,1348.0,,799.0,929.0,1051.66666666666,2020,중순,2020-07-11,상추-청,7,11,False,False,False,False,False,False,True,False,False,False,False,False,False,True,False,상추(청),,,,,,
202007중순,214.0,상추,2.0,청,상품,g,100.0,1348.0,,799.0,929.0,1051.66666666666,2020,중순,2020-07-11,상추-청,7,11,False,False,False,False,False,False,True,False,False,False,False,False,False,True,False,상추(청),,,,,,
202007중순,214.0,상추,2.0,청,상품,g,100.0,1348.0,,799.0,929.0,1051.66666666666,2020,중순,2020-07-11,상추-청,7,11,False,False,False,False,False,False,True,False,False,False,False,False,False,True,False,상추(청),,,,,,
202007중순,214.0,상추,2.0,청,상품,g,100.0,1348.0,,799.0,929.0,1051.66666666666,2020,중순,2020-07-11,상추-청,7,11,False,False,False,False,False,False,True,False,False,False,False,False,False,True,False,상추(청),,,,,,
202007중순,214.0,상추,2.0,청,상품,g,100.0,1348.0,,799.0,929.0,1051.66666666666,2020,중순,2020-07-11,상추-청,7,11,False,False,False,False,False,False,True,False,False,False,False,False,False,True,False,상추(청),,,,,,
202007중순,214.0,상추,2.0,청,상품,g,100.0,1348.0,,799.0,929.0,1051.66666666666,2020,중순,2020-07-11,상추-청,7,11,False,False,False,False,False,False,True,False,False,False,False,False,False,True,False,상추(청),,,,,,
202007중순,214.0,상추,2.0,청,상품,g,100.0,1348.0,,799.0,929.0,1051.66666666666,2020,중순,2020-07-11,상추-청,7,11,False,False,False,False,False,False,True,False,False,False,False,False,False,True,False,상추(청),,,,,,
202007중순,214.0,상추,2.0,청,상품,g,100.0,1348.0,,799.0,929.0,1051.66666666666,2020,중순,2020-07-11,상추-청,7,11,False,False,False,False,False,False,True,False,False,False,False,False,False,True,False,상추(청),,,,,,
202007중순,214.0,상추,2.0,청,상품,g,100.0,1348.0,,799.0,929.0,1051.66666666666,2020,중순,2020-07-11,상추-청,7,11,False,False,False,False,False,False,True,False,False,False,False,False,False,True,False,상추(청),,,,,,
202007중순,214.0,상추,2.0,청,상품,g,100.0,1348.0,,799.0,929.0,1051.66666666666,2020,중순,2020-07-11,상추-청,7,11,False,False,False,False,False,False,True,False,False,False,False,False,False,True,False,상추(청),,,,,,
202007중순,214.0,상추,2.0,청,상품,g,100.0,1348.0,,799.0,929.0,1051.66666666666,2020,중순,2020-07-11,상추-청,7,11,False,False,False,False,False,False,True,False,False,False,False,False,False,True,False,상추(청),,,,,,
202007중순,214.0,상추,2.0,청,상품,g,100.0,1348.0,,799.0,929.0,1051.66666666666,2020,중순,2020-07-11,상추-청,7,11,False,False,False,False,False,False,True,False,False,False,False,False,False,True,False,상추(청),,,,,,
202007중순,214.0,상추,2.0,청,상품,g,100.0,1348.0,,799.0,929.0,1051.66666666666,2020,중순,2020-07-11,상추-청,7,11,False,False,False,False,False,False,True,False,False,False,False,False,False,True,False,상추(청),,,,,,
202007중순,214.0,상추,2.0,청,상품,g,100.0,1348.0,,799.0,929.0,1051.66666666666,2020,중순,2020-07-11,상추-청,7,11,False,False,False,False,False,False,True,False,False,False,False,False,False,True,False,상추(청),,,,,,
202007중순,214.0,상추,2.0,청,상품,g,100.0,1348.0,,799.0,929.0,1051.66666666666,2020,중순,2020-07-11,상추-청,7,11,False,False,False,False,False,False,True,False,False,False,False,False,False,True,False,상추(청),,,,,,
202007하순,214.0,상추,2.0,청,상품,g,100.0,1360.0,,1078.0,950.0,1036.33333333333,2020,하순,2020-07-21,상추-청,7,21,False,False,False,False,False,False,True,False,False,False,False,False,False,False,True,상추(청),,,,,,
202007하순,214.0,상추,2.0,청,상품,g,100.0,1360.0,,1078.0,950.0,1036.33333333333,2020,하순,2020-07-21,상추-청,7,21,False,False,False,False,False,False,True,False,False,False,False,False,False,False,True,상추(청),,,,,,
202007하순,214.0,상추,2.0,청,상품,g,100.0,1360.0,,1078.0,950.0,1036.33333333333,2020,하순,2020-07-21,상추-청,7,21,False,False,False,False,False,False,True,False,False,False,False,False,False,False,True,상추(청),,,,,,
202007하순,214.0,상추,2.0,청,상품,g,100.0,1360.0,,1078.0,950.0,1036.33333333333,2020,하순,2020-07-21,상추-청,7,21,False,False,False,False,False,False,True,False,False,False,False,False,False,False,True,상추(청),,,,,,
202007하순,214.0,상추,2.0,청,상품,g,100.0,1360.0,,1078.0,950.0,1036.33333333333,2020,하순,2020-07-21,상추-청,7,21,False,False,False,False,False,False,True,False,False,False,False,False,False,False,True,상추(청),,,,,,
202007하순,214.0,상추,2.0,청,상품,g,100.0,1360.0,,1078.0,950.0,1036.33333333333,2020,하순,2020-07-21,상추-청,7,21,False,False,False,False,False,False,True,False,False,False,False,False,False,False,True,상추(청),,,,,,
202007하순,214.0,상추,2.0,청,상품,g,100.0,1360.0,,1078.0,950.0,1036.33333333333,2020,하순,2020-07-21,상추-청,7,21,False,False,False,False,False,False,True,False,False,False,False,False,False,False,True,상추(청),,,,,,
202007하순,214.0,상추,2.0,청,상품,g,100.0,1360.0,,1078.0,950.0,1036.33333333333,2020,하순,2020-07-21,상추-청,7,21,False,False,False,False,False,False,True,False,False,False,False,False,False,False,True,상추(청),,,,,,
202007하순,214.0,상추,2.0,청,상품,g,100.0,1360.0,,1078.0,950.0,1036.33333333333,2020,하순,2020-07-21,상추-청,7,21,False,False,False,False,False,False,True,False,False,False,False,False,False,False,True,상추(청),,,,,,
202007하순,214.0,상추,2.0,청,상품,g,100.0,1360.0,,1078.0,950.0,1036.33333333333,2020,하순,2020-07-21,상추-청,7,21,False,False,False,False,False,False,True,False,False,False,False,False,False,False,True,상추(청),,,,,,
202007하순,214.0,상추,2.0,청,상품,g,100.0,1360.0,,1078.0,950.0,1036.33333333333,2020,하순,2020-07-21,상추-청,7,21,False,False,False,False,False,False,True,False,False,False,False,False,False,False,True,상추(청),,,,,,
202007하순,214.0,상추,2.0,청,상품,g,100.0,1360.0,,1078.0,950.0,1036.33333333333,2020,하순,2020-07-21,상추-청,7,21,False,False,False,False,False,False,True,False,False,False,False,False,False,False,True,상추(청),,,,,,
202007하순,214.0,상추,2.0,청,상품,g,100.0,1360.0,,1078.0,950.0,1036.33333333333,2020,하순,2020-07-21,상추-청,7,21,False,False,False,False,False,False,True,False,False,False,False,False,False,False,True,상추(청),,,,,,
202007하순,214.0,상추,2.0,청,상품,g,100.0,1360.0,,1078.0,950.0,1036.33333333333,2020,하순,2020-07-21,상추-청,7,21,False,False,False,False,False,False,True,False,False,False,False,False,False,False,True,상추(청),,,,,,
202007하순,214.0,상추,2.0,청,상품,g,100.0,1360.0,,1078.0,950.0,1036.33333333333,2020,하순,2020-07-21,상추-청,7,21,False,False,False,False,False,False,True,False,False,False,False,False,False,False,True,상추(청),,,,,,
202007하순,214.0,상추,2.0,청,상품,g,100.0,1360.0,,1078.0,950.0,1036.33333333333,2020,하순,2020-07-21,상추-청,7,21,False,False,False,False,False,False,True,False,False,False,False,False,False,False,True,상추(청),,,,,,
202007하순,214.0,상추,2.0,청,상품,g,100.0,1360.0,,1078.0,950.0,1036.33333333333,2020,하순,2020-07-21,상추-청,7,21,False,False,False,False,False,False,True,False,False,False,False,False,False,False,True,상추(청),,,,,,
202007하순,214.0,상추,2.0,청,상품,g,100.0,1360.0,,1078.0,950.0,1036.33333333333,2020,하순,2020-07-21,상추-청,7,21,False,False,False,False,False,False,True,False,False,False,False,False,False,False,True,상추(청),,,,,,
202007하순,214.0,상추,2.0,청,상품,g,100.0,1360.0,,1078.0,950.0,1036.33333333333,2020,하순,2020-07-21,상추-청,7,21,False,False,False,False,False,False,True,False,False,False,False,False,False,False,True,상추(청),,,,,,
202007하순,214.0,상추,2.0,청,상품,g,100.0,1360.0,,1078.0,950.0,1036.33333333333,2020,하순,2020-07-21,상추-청,7,21,False,False,False,False,False,False,True,False,False,False,False,False,False,False,True,상추(청),,,,,,
202007하순,214.0,상추,2.0,청,상품,g,100.0,1360.0,,1078.0,950.0,1036.33333333333,2020,하순,2020-07-21,상추-청,7,21,False,False,False,False,False,False,True,False,False,False,False,False,False,False,True,상추(청),,,,,,
202007하순,214.0,상추,2.0,청,상품,g,100.0,1360.0,,1078.0,950.0,1036.33333333333,2020,하순,2020-07-21,상추-청,7,21,False,False,False,False,False,False,True,False,False,False,False,False,False,False,True,상추(청),,,,,,
202007하순,214.0,상추,2.0,청,상품,g,100.0,1360.0,,1078.0,950.0,1036.33333333333,2020,하순,2020-07-21,상추-청,7,21,False,False,False,False,False,False,True,False,False,False,False,False,False,False,True,상추(청),,,,,,
202007하순,214.0,상추,2.0,청,상품,g,100.0,1360.0,,1078.0,950.0,1036.33333333333,2020,하순,2020-07-21,상추-청,7,21,False,False,False,False,False,False,True,False,False,False,False,False,False,False,True,상추(청),,,,,,
202007하순,214.0,상추,2.0,청,상품,g,100.0,1360.0,,1078.0,950.0,1036.33333333333,2020,하순,2020-07-21,상추-청,7,21,False,False,False,False,False,False,True,False,False,False,False,False,False,False,True,상추(청),,,,,,
202008상순,214.0,상추,2.0,청,상품,g,100.0,1632.0,,1209.0,1549.0,1229.0,2020,상순,2020-08-01,상추-청,8,1,False,False,False,False,False,False,False,True,False,False,False,False,True,False,False,상추(청),,,,,,
202008상순,214.0,상추,2.0,청,상품,g,100.0,1632.0,,1209.0,1549.0,1229.0,2020,상순,2020-08-01,상추-청,8,1,False,False,False,False,False,False,False,True,False,False,False,False,True,False,False,상추(청),,,,,,
202008상순,214.0,상추,2.0,청,상품,g,100.0,1632.0,,1209.0,1549.0,1229.0,2020,상순,2020-08-01,상추-청,8,1,False,False,False,False,False,False,False,True,False,False,False,False,True,False,False,상추(청),,,,,,
202008상순,214.0,상추,2.0,청,상품,g,100.0,1632.0,,1209.0,1549.0,1229.0,2020,상순,2020-08-01,상추-청,8,1,False,False,False,False,False,False,False,True,False,False,False,False,True,False,False,상추(청),,,,,,
202008상순,214.0,상추,2.0,청,상품,g,100.0,1632.0,,1209.0,1549.0,1229.0,2020,상순,2020-08-01,상추-청,8,1,False,False,False,False,False,False,False,True,False,False,False,False,True,False,False,상추(청),,,,,,
202008상순,214.0,상추,2.0,청,상품,g,100.0,1632.0,,1209.0,1549.0,1229.0,2020,상순,2020-08-01,상추-청,8,1,False,False,False,False,False,False,False,True,False,False,False,False,True,False,False,상추(청),,,,,,
202008상순,214.0,상추,2.0,청,상품,g,100.0,1632.0,,1209.0,1549.0,1229.0,2020,상순,2020-08-01,상추-청,8,1,False,False,False,False,False,False,False,True,False,False,False,False,True,False,False,상추(청),,,,,,
202008상순,214.0,상추,2.0,청,상품,g,100.0,1632.0,,1209.0,1549.0,1229.0,2020,상순,2020-08-01,상추-청,8,1,False,False,False,False,False,False,False,True,False,False,False,False,True,False,False,상추(청),,,,,,
202008상순,214.0,상추,2.0,청,상품,g,100.0,1632.0,,1209.0,1549.0,1229.0,2020,상순,2020-08-01,상추-청,8,1,False,False,False,False,False,False,False,True,False,False,False,False,True,False,False,상추(청),,,,,,
202008상순,214.0,상추,2.0,청,상품,g,100.0,1632.0,,1209.0,1549.0,1229.0,2020,상순,2020-08-01,상추-청,8,1,False,False,False,False,False,False,False,True,False,False,False,False,True,False,False,상추(청),,,,,,
202008상순,214.0,상추,2.0,청,상품,g,100.0,1632.0,,1209.0,1549.0,1229.0,2020,상순,2020-08-01,상추-청,8,1,False,False,False,False,False,False,False,True,False,False,False,False,True,False,False,상추(청),,,,,,
202008상순,214.0,상추,2.0,청,상품,g,100.0,1632.0,,1209.0,1549.0,1229.0,2020,상순,2020-08-01,상추-청,8,1,False,False,False,False,False,False,False,True,False,False,False,False,True,False,False,상추(청),,,,,,
202008상순,214.0,상추,2.0,청,상품,g,100.0,1632.0,,1209.0,1549.0,1229.0,2020,상순,2020-08-01,상추-청,8,1,False,False,False,False,False,False,False,True,False,False,False,False,True,False,False,상추(청),,,,,,
202008상순,214.0,상추,2.0,청,상품,g,100.0,1632.0,,1209.0,1549.0,1229.0,2020,상순,2020-08-01,상추-청,8,1,False,False,False,False,False,False,False,True,False,False,False,False,True,False,False,상추(청),,,,,,
202008상순,214.0,상추,2.0,청,상품,g,100.0,1632.0,,1209.0,1549.0,1229.0,2020,상순,2020-08-01,상추-청,8,1,False,False,False,False,False,False,False,True,False,False,False,False,True,False,False,상추(청),,,,,,
202008상순,214.0,상추,2.0,청,상품,g,100.0,1632.0,,1209.0,1549.0,1229.0,2020,상순,2020-08-01,상추-청,8,1,False,False,False,False,False,False,False,True,False,False,False,False,True,False,False,상추(청),,,,,,
202008상순,214.0,상추,2.0,청,상품,g,100.0,1632.0,,1209.0,1549.0,1229.0,2020,상순,2020-08-01,상추-청,8,1,False,False,False,False,False,False,False,True,False,False,False,False,True,False,False,상추(청),,,,,,
202008상순,214.0,상추,2.0,청,상품,g,100.0,1632.0,,1209.0,1549.0,1229.0,2020,상순,2020-08-01,상추-청,8,1,False,False,False,False,False,False,False,True,False,False,False,False,True,False,False,상추(청),,,,,,
202008상순,214.0,상추,2.0,청,상품,g,100.0,1632.0,,1209.0,1549.0,1229.0,2020,상순,2020-08-01,상추-청,8,1,False,False,False,False,False,False,False,True,False,False,False,False,True,False,False,상추(청),,,,,,
202008상순,214.0,상추,2.0,청,상품,g,100.0,1632.0,,1209.0,1549.0,1229.0,2020,상순,2020-08-01,상추-청,8,1,False,False,False,False,False,False,False,True,False,False,False,False,True,False,False,상추(청),,,,,,
202008상순,214.0,상추,2.0,청,상품,g,100.0,1632.0,,1209.0,1549.0,1229.0,2020,상순,2020-08-01,상추-청,8,1,False,False,False,False,False,False,False,True,False,False,False,False,True,False,False,상추(청),,,,,,
202008상순,214.0,상추,2.0,청,상품,g,100.0,1632.0,,1209.0,1549.0,1229.0,2020,상순,2020-08-01,상추-청,8,1,False,False,False,False,False,False,False,True,False,False,False,False,True,False,False,상추(청),,,,,,
202008상순,214.0,상추,2.0,청,상품,g,100.0,1632.0,,1209.0,1549.0,1229.0,2020,상순,2020-08-01,상추-청,8,1,False,False,False,False,False,False,False,True,False,False,False,False,True,False,False,상추(청),,,,,,
202008상순,214.0,상추,2.0,청,상품,g,100.0,1632.0,,1209.0,1549.0,1229.0,2020,상순,2020-08-01,상추-청,8,1,False,False,False,False,False,False,False,True,False,False,False,False,True,False,False,상추(청),,,,,,
202008상순,214.0,상추,2.0,청,상품,g,100.0,1632.0,,1209.0,1549.0,1229.0,2020,상순,2020-08-01,상추-청,8,1,False,False,False,False,False,False,False,True,False,False,False,False,True,False,False,상추(청),,,,,,
202008상순,214.0,상추,2.0,청,상품,g,100.0,1632.0,,1209.0,1549.0,1229.0,2020,상순,2020-08-01,상추-청,8,1,False,False,False,False,False,False,False,True,False,False,False,False,True,False,False,상추(청),,,,,,
202008상순,214.0,상추,2.0,청,상품,g,100.0,1632.0,,1209.0,1549.0,1229.0,2020,상순,2020-08-01,상추-청,8,1,False,False,False,False,False,False,False,True,False,False,False,False,True,False,False,상추(청),,,,,,
202008중순,214.0,상추,2.0,청,상품,g,100.0,2203.0,,1348.0,1675.0,1342.0,2020,중순,2020-08-11,상추-청,8,11,False,False,False,False,False,False,False,True,False,False,False,False,False,True,False,상추(청),,,,,,
202008중순,214.0,상추,2.0,청,상품,g,100.0,2203.0,,1348.0,1675.0,1342.0,2020,중순,2020-08-11,상추-청,8,11,False,False,False,False,False,False,False,True,False,False,False,False,False,True,False,상추(청),,,,,,
202008중순,214.0,상추,2.0,청,상품,g,100.0,2203.0,,1348.0,1675.0,1342.0,2020,중순,2020-08-11,상추-청,8,11,False,False,False,False,False,False,False,True,False,False,False,False,False,True,False,상추(청),,,,,,
202008중순,214.0,상추,2.0,청,상품,g,100.0,2203.0,,1348.0,1675.0,1342.0,2020,중순,2020-08-11,상추-청,8,11,False,False,False,False,False,False,False,True,False,False,False,False,False,True,False,상추(청),,,,,,
202008중순,214.0,상추,2.0,청,상품,g,100.0,2203.0,,1348.0,1675.0,1342.0,2020,중순,2020-08-11,상추-청,8,11,False,False,False,False,False,False,False,True,False,False,False,False,False,True,False,상추(청),,,,,,
202008중순,214.0,상추,2.0,청,상품,g,100.0,2203.0,,1348.0,1675.0,1342.0,2020,중순,2020-08-11,상추-청,8,11,False,False,False,False,False,False,False,True,False,False,False,False,False,True,False,상추(청),,,,,,
202008중순,214.0,상추,2.0,청,상품,g,100.0,2203.0,,1348.0,1675.0,1342.0,2020,중순,2020-08-11,상추-청,8,11,False,False,False,False,False,False,False,True,False,False,False,False,False,True,False,상추(청),,,,,,
202008중순,214.0,상추,2.0,청,상품,g,100.0,2203.0,,1348.0,1675.0,1342.0,2020,중순,2020-08-11,상추-청,8,11,False,False,False,False,False,False,False,True,False,False,False,False,False,True,False,상추(청),,,,,,
202008중순,214.0,상추,2.0,청,상품,g,100.0,2203.0,,1348.0,1675.0,1342.0,2020,중순,2020-08-11,상추-청,8,11,False,False,False,False,False,False,False,True,False,False,False,False,False,True,False,상추(청),,,,,,
202008중순,214.0,상추,2.0,청,상품,g,100.0,2203.0,,1348.0,1675.0,1342.0,2020,중순,2020-08-11,상추-청,8,11,False,False,False,False,False,False,False,True,False,False,False,False,False,True,False,상추(청),,,,,,
202008중순,214.0,상추,2.0,청,상품,g,100.0,2203.0,,1348.0,1675.0,1342.0,2020,중순,2020-08-11,상추-청,8,11,False,False,False,False,False,False,False,True,False,False,False,False,False,True,False,상추(청),,,,,,
202008중순,214.0,상추,2.0,청,상품,g,100.0,2203.0,,1348.0,1675.0,1342.0,2020,중순,2020-08-11,상추-청,8,11,False,False,False,False,False,False,False,True,False,False,False,False,False,True,False,상추(청),,,,,,
202008중순,214.0,상추,2.0,청,상품,g,100.0,2203.0,,1348.0,1675.0,1342.0,2020,중순,2020-08-11,상추-청,8,11,False,False,False,False,False,False,False,True,False,False,False,False,False,True,False,상추(청),,,,,,
202008중순,214.0,상추,2.0,청,상품,g,100.0,2203.0,,1348.0,1675.0,1342.0,2020,중순,2020-08-11,상추-청,8,11,False,False,False,False,False,False,False,True,False,False,False,False,False,True,False,상추(청),,,,,,
202008중순,214.0,상추,2.0,청,상품,g,100.0,2203.0,,1348.0,1675.0,1342.0,2020,중순,2020-08-11,상추-청,8,11,False,False,False,False,False,False,False,True,False,False,False,False,False,True,False,상추(청),,,,,,
202008중순,214.0,상추,2.0,청,상품,g,100.0,2203.0,,1348.0,1675.0,1342.0,2020,중순,2020-08-11,상추-청,8,11,False,False,False,False,False,False,False,True,False,False,False,False,False,True,False,상추(청),,,,,,
202008중순,214.0,상추,2.0,청,상품,g,100.0,2203.0,,1348.0,1675.0,1342.0,2020,중순,2020-08-11,상추-청,8,11,False,False,False,False,False,False,False,True,False,False,False,False,False,True,False,상추(청),,,,,,
202008중순,214.0,상추,2.0,청,상품,g,100.0,2203.0,,1348.0,1675.0,1342.0,2020,중순,2020-08-11,상추-청,8,11,False,False,False,False,False,False,False,True,False,False,False,False,False,True,False,상추(청),,,,,,
202008중순,214.0,상추,2.0,청,상품,g,100.0,2203.0,,1348.0,1675.0,1342.0,2020,중순,2020-08-11,상추-청,8,11,False,False,False,False,False,False,False,True,False,False,False,False,False,True,False,상추(청),,,,,,
202008중순,214.0,상추,2.0,청,상품,g,100.0,2203.0,,1348.0,1675.0,1342.0,2020,중순,2020-08-11,상추-청,8,11,False,False,False,False,False,False,False,True,False,False,False,False,False,True,False,상추(청),,,,,,
202008중순,214.0,상추,2.0,청,상품,g,100.0,2203.0,,1348.0,1675.0,1342.0,2020,중순,2020-08-11,상추-청,8,11,False,False,False,False,False,False,False,True,False,False,False,False,False,True,False,상추(청),,,,,,
202008중순,214.0,상추,2.0,청,상품,g,100.0,2203.0,,1348.0,1675.0,1342.0,2020,중순,2020-08-11,상추-청,8,11,False,False,False,False,False,False,False,True,False,False,False,False,False,True,False,상추(청),,,,,,
202008중순,214.0,상추,2.0,청,상품,g,100.0,2203.0,,1348.0,1675.0,1342.0,2020,중순,2020-08-11,상추-청,8,11,False,False,False,False,False,False,False,True,False,False,False,False,False,True,False,상추(청),,,,,,
202008중순,214.0,상추,2.0,청,상품,g,100.0,2203.0,,1348.0,1675.0,1342.0,2020,중순,2020-08-11,상추-청,8,11,False,False,False,False,False,False,False,True,False,False,False,False,False,True,False,상추(청),,,,,,
202008중순,214.0,상추,2.0,청,상품,g,100.0,2203.0,,1348.0,1675.0,1342.0,2020,중순,2020-08-11,상추-청,8,11,False,False,False,False,False,False,False,True,False,False,False,False,False,True,False,상추(청),,,,,,
202008하순,214.0,상추,2.0,청,상품,g,100.0,2164.0,,1360.0,1339.0,1319.66666666666,2020,하순,2020-08-21,상추-청,8,21,False,False,False,False,False,False,False,True,False,False,False,False,False,False,True,상추(청),,,,,,
202008하순,214.0,상추,2.0,청,상품,g,100.0,2164.0,,1360.0,1339.0,1319.66666666666,2020,하순,2020-08-21,상추-청,8,21,False,False,False,False,False,False,False,True,False,False,False,False,False,False,True,상추(청),,,,,,
202008하순,214.0,상추,2.0,청,상품,g,100.0,2164.0,,1360.0,1339.0,1319.66666666666,2020,하순,2020-08-21,상추-청,8,21,False,False,False,False,False,False,False,True,False,False,False,False,False,False,True,상추(청),,,,,,
202008하순,214.0,상추,2.0,청,상품,g,100.0,2164.0,,1360.0,1339.0,1319.66666666666,2020,하순,2020-08-21,상추-청,8,21,False,False,False,False,False,False,False,True,False,False,False,False,False,False,True,상추(청),,,,,,
202008하순,214.0,상추,2.0,청,상품,g,100.0,2164.0,,1360.0,1339.0,1319.66666666666,2020,하순,2020-08-21,상추-청,8,21,False,False,False,False,False,False,False,True,False,False,False,False,False,False,True,상추(청),,,,,,
202008하순,214.0,상추,2.0,청,상품,g,100.0,2164.0,,1360.0,1339.0,1319.66666666666,2020,하순,2020-08-21,상추-청,8,21,False,False,False,False,False,False,False,True,False,False,False,False,False,False,True,상추(청),,,,,,
202008하순,214.0,상추,2.0,청,상품,g,100.0,2164.0,,1360.0,1339.0,1319.66666666666,2020,하순,2020-08-21,상추-청,8,21,False,False,False,False,False,False,False,True,False,False,False,False,False,False,True,상추(청),,,,,,
202008하순,214.0,상추,2.0,청,상품,g,100.0,2164.0,,1360.0,1339.0,1319.66666666666,2020,하순,2020-08-21,상추-청,8,21,False,False,False,False,False,False,False,True,False,False,False,False,False,False,True,상추(청),,,,,,
202008하순,214.0,상추,2.0,청,상품,g,100.0,2164.0,,1360.0,1339.0,1319.66666666666,2020,하순,2020-08-21,상추-청,8,21,False,False,False,False,False,False,False,True,False,False,False,False,False,False,True,상추(청),,,,,,
202008하순,214.0,상추,2.0,청,상품,g,100.0,2164.0,,1360.0,1339.0,1319.66666666666,2020,하순,2020-08-21,상추-청,8,21,False,False,False,False,False,False,False,True,False,False,False,False,False,False,True,상추(청),,,,,,
202008하순,214.0,상추,2.0,청,상품,g,100.0,2164.0,,1360.0,1339.0,1319.66666666666,2020,하순,2020-08-21,상추-청,8,21,False,False,False,False,False,False,False,True,False,False,False,False,False,False,True,상추(청),,,,,,
202008하순,214.0,상추,2.0,청,상품,g,100.0,2164.0,,1360.0,1339.0,1319.66666666666,2020,하순,2020-08-21,상추-청,8,21,False,False,False,False,False,False,False,True,False,False,False,False,False,False,True,상추(청),,,,,,
202008하순,214.0,상추,2.0,청,상품,g,100.0,2164.0,,1360.0,1339.0,1319.66666666666,2020,하순,2020-08-21,상추-청,8,21,False,False,False,False,False,False,False,True,False,False,False,False,False,False,True,상추(청),,,,,,
202008하순,214.0,상추,2.0,청,상품,g,100.0,2164.0,,1360.0,1339.0,1319.66666666666,2020,하순,2020-08-21,상추-청,8,21,False,False,False,False,False,False,False,True,False,False,False,False,False,False,True,상추(청),,,,,,
202008하순,214.0,상추,2.0,청,상품,g,100.0,2164.0,,1360.0,1339.0,1319.66666666666,2020,하순,2020-08-21,상추-청,8,21,False,False,False,False,False,False,False,True,False,False,False,False,False,False,True,상추(청),,,,,,
202008하순,214.0,상추,2.0,청,상품,g,100.0,2164.0,,1360.0,1339.0,1319.66666666666,2020,하순,2020-08-21,상추-청,8,21,False,False,False,False,False,False,False,True,False,False,False,False,False,False,True,상추(청),,,,,,
202008하순,214.0,상추,2.0,청,상품,g,100.0,2164.0,,1360.0,1339.0,1319.66666666666,2020,하순,2020-08-21,상추-청,8,21,False,False,False,False,False,False,False,True,False,False,False,False,False,False,True,상추(청),,,,,,
202008하순,214.0,상추,2.0,청,상품,g,100.0,2164.0,,1360.0,1339.0,1319.66666666666,2020,하순,2020-08-21,상추-청,8,21,False,False,False,False,False,False,False,True,False,False,False,False,False,False,True,상추(청),,,,,,
202008하순,214.0,상추,2.0,청,상품,g,100.0,2164.0,,1360.0,1339.0,1319.66666666666,2020,하순,2020-08-21,상추-청,8,21,False,False,False,False,False,False,False,True,False,False,False,False,False,False,True,상추(청),,,,,,
202008하순,214.0,상추,2.0,청,상품,g,100.0,2164.0,,1360.0,1339.0,1319.66666666666,2020,하순,2020-08-21,상추-청,8,21,False,False,False,False,False,False,False,True,False,False,False,False,False,False,True,상추(청),,,,,,
202008하순,214.0,상추,2.0,청,상품,g,100.0,2164.0,,1360.0,1339.0,1319.66666666666,2020,하순,2020-08-21,상추-청,8,21,False,False,False,False,False,False,False,True,False,False,False,False,False,False,True,상추(청),,,,,,
202008하순,214.0,상추,2.0,청,상품,g,100.0,2164.0,,1360.0,1339.0,1319.66666666666,2020,하순,2020-08-21,상추-청,8,21,False,False,False,False,False,False,False,True,False,False,False,False,False,False,True,상추(청),,,,,,
202008하순,214.0,상추,2.0,청,상품,g,100.0,2164.0,,1360.0,1339.0,1319.66666666666,2020,하순,2020-08-21,상추-청,8,21,False,False,False,False,False,False,False,True,False,False,False,False,False,False,True,상추(청),,,,,,
202008하순,214.0,상추,2.0,청,상품,g,100.0,2164.0,,1360.0,1339.0,1319.66666666666,2020,하순,2020-08-21,상추-청,8,21,False,False,False,False,False,False,False,True,False,False,False,False,False,False,True,상추(청),,,,,,
202008하순,214.0,상추,2.0,청,상품,g,100.0,2164.0,,1360.0,1339.0,1319.66666666666,2020,하순,2020-08-21,상추-청,8,21,False,False,False,False,False,False,False,True,False,False,False,False,False,False,True,상추(청),,,,,,
202008하순,214.0,상추,2.0,청,상품,g,100.0,2164.0,,1360.0,1339.0,1319.66666666666,2020,하순,2020-08-21,상추-청,8,21,False,False,False,False,False,False,False,True,False,False,False,False,False,False,True,상추(청),,,,,,
202008하순,214.0,상추,2.0,청,상품,g,100.0,2164.0,,1360.0,1339.0,1319.66666666666,2020,하순,2020-08-21,상추-청,8,21,False,False,False,False,False,False,False,True,False,False,False,False,False,False,True,상추(청),,,,,,
202008하순,214.0,상추,2.0,청,상품,g,100.0,2164.0,,1360.0,1339.0,1319.66666666666,2020,하순,2020-08-21,상추-청,8,21,False,False,False,False,False,False,False,True,False,False,False,False,False,False,True,상추(청),,,,,,
202008하순,214.0,상추,2.0,청,상품,g,100.0,2164.0,,1360.0,1339.0,1319.66666666666,2020,하순,2020-08-21,상추-청,8,21,False,False,False,False,False,False,False,True,False,False,False,False,False,False,True,상추(청),,,,,,
202009상순,214.0,상추,2.0,청,상품,g,100.0,1533.0,,1632.0,1225.0,1359.66666666666,2020,상순,2020-09-01,상추-청,9,1,False,False,False,False,False,False,False,False,True,False,False,False,True,False,False,상추(청),,,,,,
202009상순,214.0,상추,2.0,청,상품,g,100.0,1533.0,,1632.0,1225.0,1359.66666666666,2020,상순,2020-09-01,상추-청,9,1,False,False,False,False,False,False,False,False,True,False,False,False,True,False,False,상추(청),,,,,,
202009상순,214.0,상추,2.0,청,상품,g,100.0,1533.0,,1632.0,1225.0,1359.66666666666,2020,상순,2020-09-01,상추-청,9,1,False,False,False,False,False,False,False,False,True,False,False,False,True,False,False,상추(청),,,,,,
202009상순,214.0,상추,2.0,청,상품,g,100.0,1533.0,,1632.0,1225.0,1359.66666666666,2020,상순,2020-09-01,상추-청,9,1,False,False,False,False,False,False,False,False,True,False,False,False,True,False,False,상추(청),,,,,,
202009상순,214.0,상추,2.0,청,상품,g,100.0,1533.0,,1632.0,1225.0,1359.66666666666,2020,상순,2020-09-01,상추-청,9,1,False,False,False,False,False,False,False,False,True,False,False,False,True,False,False,상추(청),,,,,,
202009상순,214.0,상추,2.0,청,상품,g,100.0,1533.0,,1632.0,1225.0,1359.66666666666,2020,상순,2020-09-01,상추-청,9,1,False,False,False,False,False,False,False,False,True,False,False,False,True,False,False,상추(청),,,,,,
202009상순,214.0,상추,2.0,청,상품,g,100.0,1533.0,,1632.0,1225.0,1359.66666666666,2020,상순,2020-09-01,상추-청,9,1,False,False,False,False,False,False,False,False,True,False,False,False,True,False,False,상추(청),,,,,,
202009상순,214.0,상추,2.0,청,상품,g,100.0,1533.0,,1632.0,1225.0,1359.66666666666,2020,상순,2020-09-01,상추-청,9,1,False,False,False,False,False,False,False,False,True,False,False,False,True,False,False,상추(청),,,,,,
202009상순,214.0,상추,2.0,청,상품,g,100.0,1533.0,,1632.0,1225.0,1359.66666666666,2020,상순,2020-09-01,상추-청,9,1,False,False,False,False,False,False,False,False,True,False,False,False,True,False,False,상추(청),,,,,,
202009상순,214.0,상추,2.0,청,상품,g,100.0,1533.0,,1632.0,1225.0,1359.66666666666,2020,상순,2020-09-01,상추-청,9,1,False,False,False,False,False,False,False,False,True,False,False,False,True,False,False,상추(청),,,,,,
202009상순,214.0,상추,2.0,청,상품,g,100.0,1533.0,,1632.0,1225.0,1359.66666666666,2020,상순,2020-09-01,상추-청,9,1,False,False,False,False,False,False,False,False,True,False,False,False,True,False,False,상추(청),,,,,,
202009상순,214.0,상추,2.0,청,상품,g,100.0,1533.0,,1632.0,1225.0,1359.66666666666,2020,상순,2020-09-01,상추-청,9,1,False,False,False,False,False,False,False,False,True,False,False,False,True,False,False,상추(청),,,,,,
202009상순,214.0,상추,2.0,청,상품,g,100.0,1533.0,,1632.0,1225.0,1359.66666666666,2020,상순,2020-09-01,상추-청,9,1,False,False,False,False,False,False,False,False,True,False,False,False,True,False,False,상추(청),,,,,,
202009상순,214.0,상추,2.0,청,상품,g,100.0,1533.0,,1632.0,1225.0,1359.66666666666,2020,상순,2020-09-01,상추-청,9,1,False,False,False,False,False,False,False,False,True,False,False,False,True,False,False,상추(청),,,,,,
202009상순,214.0,상추,2.0,청,상품,g,100.0,1533.0,,1632.0,1225.0,1359.66666666666,2020,상순,2020-09-01,상추-청,9,1,False,False,False,False,False,False,False,False,True,False,False,False,True,False,False,상추(청),,,,,,
202009상순,214.0,상추,2.0,청,상품,g,100.0,1533.0,,1632.0,1225.0,1359.66666666666,2020,상순,2020-09-01,상추-청,9,1,False,False,False,False,False,False,False,False,True,False,False,False,True,False,False,상추(청),,,,,,
202009상순,214.0,상추,2.0,청,상품,g,100.0,1533.0,,1632.0,1225.0,1359.66666666666,2020,상순,2020-09-01,상추-청,9,1,False,False,False,False,False,False,False,False,True,False,False,False,True,False,False,상추(청),,,,,,
202009상순,214.0,상추,2.0,청,상품,g,100.0,1533.0,,1632.0,1225.0,1359.66666666666,2020,상순,2020-09-01,상추-청,9,1,False,False,False,False,False,False,False,False,True,False,False,False,True,False,False,상추(청),,,,,,
202009상순,214.0,상추,2.0,청,상품,g,100.0,1533.0,,1632.0,1225.0,1359.66666666666,2020,상순,2020-09-01,상추-청,9,1,False,False,False,False,False,False,False,False,True,False,False,False,True,False,False,상추(청),,,,,,
202009상순,214.0,상추,2.0,청,상품,g,100.0,1533.0,,1632.0,1225.0,1359.66666666666,2020,상순,2020-09-01,상추-청,9,1,False,False,False,False,False,False,False,False,True,False,False,False,True,False,False,상추(청),,,,,,
202009상순,214.0,상추,2.0,청,상품,g,100.0,1533.0,,1632.0,1225.0,1359.66666666666,2020,상순,2020-09-01,상추-청,9,1,False,False,False,False,False,False,False,False,True,False,False,False,True,False,False,상추(청),,,,,,
202009상순,214.0,상추,2.0,청,상품,g,100.0,1533.0,,1632.0,1225.0,1359.66666666666,2020,상순,2020-09-01,상추-청,9,1,False,False,False,False,False,False,False,False,True,False,False,False,True,False,False,상추(청),,,,,,
202009상순,214.0,상추,2.0,청,상품,g,100.0,1533.0,,1632.0,1225.0,1359.66666666666,2020,상순,2020-09-01,상추-청,9,1,False,False,False,False,False,False,False,False,True,False,False,False,True,False,False,상추(청),,,,,,
202009상순,214.0,상추,2.0,청,상품,g,100.0,1533.0,,1632.0,1225.0,1359.66666666666,2020,상순,2020-09-01,상추-청,9,1,False,False,False,False,False,False,False,False,True,False,False,False,True,False,False,상추(청),,,,,,
202009상순,214.0,상추,2.0,청,상품,g,100.0,1533.0,,1632.0,1225.0,1359.66666666666,2020,상순,2020-09-01,상추-청,9,1,False,False,False,False,False,False,False,False,True,False,False,False,True,False,False,상추(청),,,,,,
202009상순,214.0,상추,2.0,청,상품,g,100.0,1533.0,,1632.0,1225.0,1359.66666666666,2020,상순,2020-09-01,상추-청,9,1,False,False,False,False,False,False,False,False,True,False,False,False,True,False,False,상추(청),,,,,,
202009상순,214.0,상추,2.0,청,상품,g,100.0,1533.0,,1632.0,1225.0,1359.66666666666,2020,상순,2020-09-01,상추-청,9,1,False,False,False,False,False,False,False,False,True,False,False,False,True,False,False,상추(청),,,,,,
202009중순,214.0,상추,2.0,청,상품,g,100.0,1584.0,,2203.0,1339.0,1318.33333333333,2020,중순,2020-09-11,상추-청,9,11,False,False,False,False,False,False,False,False,True,False,False,False,False,True,False,상추(청),,,,,,
202009중순,214.0,상추,2.0,청,상품,g,100.0,1584.0,,2203.0,1339.0,1318.33333333333,2020,중순,2020-09-11,상추-청,9,11,False,False,False,False,False,False,False,False,True,False,False,False,False,True,False,상추(청),,,,,,
202009중순,214.0,상추,2.0,청,상품,g,100.0,1584.0,,2203.0,1339.0,1318.33333333333,2020,중순,2020-09-11,상추-청,9,11,False,False,False,False,False,False,False,False,True,False,False,False,False,True,False,상추(청),,,,,,
202009중순,214.0,상추,2.0,청,상품,g,100.0,1584.0,,2203.0,1339.0,1318.33333333333,2020,중순,2020-09-11,상추-청,9,11,False,False,False,False,False,False,False,False,True,False,False,False,False,True,False,상추(청),,,,,,
202009중순,214.0,상추,2.0,청,상품,g,100.0,1584.0,,2203.0,1339.0,1318.33333333333,2020,중순,2020-09-11,상추-청,9,11,False,False,False,False,False,False,False,False,True,False,False,False,False,True,False,상추(청),,,,,,
202009중순,214.0,상추,2.0,청,상품,g,100.0,1584.0,,2203.0,1339.0,1318.33333333333,2020,중순,2020-09-11,상추-청,9,11,False,False,False,False,False,False,False,False,True,False,False,False,False,True,False,상추(청),,,,,,
202009중순,214.0,상추,2.0,청,상품,g,100.0,1584.0,,2203.0,1339.0,1318.33333333333,2020,중순,2020-09-11,상추-청,9,11,False,False,False,False,False,False,False,False,True,False,False,False,False,True,False,상추(청),,,,,,
202009중순,214.0,상추,2.0,청,상품,g,100.0,1584.0,,2203.0,1339.0,1318.33333333333,2020,중순,2020-09-11,상추-청,9,11,False,False,False,False,False,False,False,False,True,False,False,False,False,True,False,상추(청),,,,,,
202009중순,214.0,상추,2.0,청,상품,g,100.0,1584.0,,2203.0,1339.0,1318.33333333333,2020,중순,2020-09-11,상추-청,9,11,False,False,False,False,False,False,False,False,True,False,False,False,False,True,False,상추(청),,,,,,
202009중순,214.0,상추,2.0,청,상품,g,100.0,1584.0,,2203.0,1339.0,1318.33333333333,2020,중순,2020-09-11,상추-청,9,11,False,False,False,False,False,False,False,False,True,False,False,False,False,True,False,상추(청),,,,,,
202009중순,214.0,상추,2.0,청,상품,g,100.0,1584.0,,2203.0,1339.0,1318.33333333333,2020,중순,2020-09-11,상추-청,9,11,False,False,False,False,False,False,False,False,True,False,False,False,False,True,False,상추(청),,,,,,
202009중순,214.0,상추,2.0,청,상품,g,100.0,1584.0,,2203.0,1339.0,1318.33333333333,2020,중순,2020-09-11,상추-청,9,11,False,False,False,False,False,False,False,False,True,False,False,False,False,True,False,상추(청),,,,,,
202009중순,214.0,상추,2.0,청,상품,g,100.0,1584.0,,2203.0,1339.0,1318.33333333333,2020,중순,2020-09-11,상추-청,9,11,False,False,False,False,False,False,False,False,True,False,False,False,False,True,False,상추(청),,,,,,
202009중순,214.0,상추,2.0,청,상품,g,100.0,1584.0,,2203.0,1339.0,1318.33333333333,2020,중순,2020-09-11,상추-청,9,11,False,False,False,False,False,False,False,False,True,False,False,False,False,True,False,상추(청),,,,,,
202009중순,214.0,상추,2.0,청,상품,g,100.0,1584.0,,2203.0,1339.0,1318.33333333333,2020,중순,2020-09-11,상추-청,9,11,False,False,False,False,False,False,False,False,True,False,False,False,False,True,False,상추(청),,,,,,
202009중순,214.0,상추,2.0,청,상품,g,100.0,1584.0,,2203.0,1339.0,1318.33333333333,2020,중순,2020-09-11,상추-청,9,11,False,False,False,False,False,False,False,False,True,False,False,False,False,True,False,상추(청),,,,,,
202009중순,214.0,상추,2.0,청,상품,g,100.0,1584.0,,2203.0,1339.0,1318.33333333333,2020,중순,2020-09-11,상추-청,9,11,False,False,False,False,False,False,False,False,True,False,False,False,False,True,False,상추(청),,,,,,
202009중순,214.0,상추,2.0,청,상품,g,100.0,1584.0,,2203.0,1339.0,1318.33333333333,2020,중순,2020-09-11,상추-청,9,11,False,False,False,False,False,False,False,False,True,False,False,False,False,True,False,상추(청),,,,,,
202009중순,214.0,상추,2.0,청,상품,g,100.0,1584.0,,2203.0,1339.0,1318.33333333333,2020,중순,2020-09-11,상추-청,9,11,False,False,False,False,False,False,False,False,True,False,False,False,False,True,False,상추(청),,,,,,
202009중순,214.0,상추,2.0,청,상품,g,100.0,1584.0,,2203.0,1339.0,1318.33333333333,2020,중순,2020-09-11,상추-청,9,11,False,False,False,False,False,False,False,False,True,False,False,False,False,True,False,상추(청),,,,,,
202009중순,214.0,상추,2.0,청,상품,g,100.0,1584.0,,2203.0,1339.0,1318.33333333333,2020,중순,2020-09-11,상추-청,9,11,False,False,False,False,False,False,False,False,True,False,False,False,False,True,False,상추(청),,,,,,
202009중순,214.0,상추,2.0,청,상품,g,100.0,1584.0,,2203.0,1339.0,1318.33333333333,2020,중순,2020-09-11,상추-청,9,11,False,False,False,False,False,False,False,False,True,False,False,False,False,True,False,상추(청),,,,,,
202009중순,214.0,상추,2.0,청,상품,g,100.0,1584.0,,2203.0,1339.0,1318.33333333333,2020,중순,2020-09-11,상추-청,9,11,False,False,False,False,False,False,False,False,True,False,False,False,False,True,False,상추(청),,,,,,
202009하순,214.0,상추,2.0,청,상품,g,100.0,1530.0,,2164.0,1518.0,1197.33333333333,2020,하순,2020-09-21,상추-청,9,21,False,False,False,False,False,False,False,False,True,False,False,False,False,False,True,상추(청),,,,,,
202009하순,214.0,상추,2.0,청,상품,g,100.0,1530.0,,2164.0,1518.0,1197.33333333333,2020,하순,2020-09-21,상추-청,9,21,False,False,False,False,False,False,False,False,True,False,False,False,False,False,True,상추(청),,,,,,
202009하순,214.0,상추,2.0,청,상품,g,100.0,1530.0,,2164.0,1518.0,1197.33333333333,2020,하순,2020-09-21,상추-청,9,21,False,False,False,False,False,False,False,False,True,False,False,False,False,False,True,상추(청),,,,,,
202009하순,214.0,상추,2.0,청,상품,g,100.0,1530.0,,2164.0,1518.0,1197.33333333333,2020,하순,2020-09-21,상추-청,9,21,False,False,False,False,False,False,False,False,True,False,False,False,False,False,True,상추(청),,,,,,
202009하순,214.0,상추,2.0,청,상품,g,100.0,1530.0,,2164.0,1518.0,1197.33333333333,2020,하순,2020-09-21,상추-청,9,21,False,False,False,False,False,False,False,False,True,False,False,False,False,False,True,상추(청),,,,,,
202009하순,214.0,상추,2.0,청,상품,g,100.0,1530.0,,2164.0,1518.0,1197.33333333333,2020,하순,2020-09-21,상추-청,9,21,False,False,False,False,False,False,False,False,True,False,False,False,False,False,True,상추(청),,,,,,
202009하순,214.0,상추,2.0,청,상품,g,100.0,1530.0,,2164.0,1518.0,1197.33333333333,2020,하순,2020-09-21,상추-청,9,21,False,False,False,False,False,False,False,False,True,False,False,False,False,False,True,상추(청),,,,,,
202009하순,214.0,상추,2.0,청,상품,g,100.0,1530.0,,2164.0,1518.0,1197.33333333333,2020,하순,2020-09-21,상추-청,9,21,False,False,False,False,False,False,False,False,True,False,False,False,False,False,True,상추(청),,,,,,
202009하순,214.0,상추,2.0,청,상품,g,100.0,1530.0,,2164.0,1518.0,1197.33333333333,2020,하순,2020-09-21,상추-청,9,21,False,False,False,False,False,False,False,False,True,False,False,False,False,False,True,상추(청),,,,,,
202009하순,214.0,상추,2.0,청,상품,g,100.0,1530.0,,2164.0,1518.0,1197.33333333333,2020,하순,2020-09-21,상추-청,9,21,False,False,False,False,False,False,False,False,True,False,False,False,False,False,True,상추(청),,,,,,
202009하순,214.0,상추,2.0,청,상품,g,100.0,1530.0,,2164.0,1518.0,1197.33333333333,2020,하순,2020-09-21,상추-청,9,21,False,False,False,False,False,False,False,False,True,False,False,False,False,False,True,상추(청),,,,,,
202009하순,214.0,상추,2.0,청,상품,g,100.0,1530.0,,2164.0,1518.0,1197.33333333333,2020,하순,2020-09-21,상추-청,9,21,False,False,False,False,False,False,False,False,True,False,False,False,False,False,True,상추(청),,,,,,
202009하순,214.0,상추,2.0,청,상품,g,100.0,1530.0,,2164.0,1518.0,1197.33333333333,2020,하순,2020-09-21,상추-청,9,21,False,False,False,False,False,False,False,False,True,False,False,False,False,False,True,상추(청),,,,,,
202009하순,214.0,상추,2.0,청,상품,g,100.0,1530.0,,2164.0,1518.0,1197.33333333333,2020,하순,2020-09-21,상추-청,9,21,False,False,False,False,False,False,False,False,True,False,False,False,False,False,True,상추(청),,,,,,
202009하순,214.0,상추,2.0,청,상품,g,100.0,1530.0,,2164.0,1518.0,1197.33333333333,2020,하순,2020-09-21,상추-청,9,21,False,False,False,False,False,False,False,False,True,False,False,False,False,False,True,상추(청),,,,,,
202009하순,214.0,상추,2.0,청,상품,g,100.0,1530.0,,2164.0,1518.0,1197.33333333333,2020,하순,2020-09-21,상추-청,9,21,False,False,False,False,False,False,False,False,True,False,False,False,False,False,True,상추(청),,,,,,
202009하순,214.0,상추,2.0,청,상품,g,100.0,1530.0,,2164.0,1518.0,1197.33333333333,2020,하순,2020-09-21,상추-청,9,21,False,False,False,False,False,False,False,False,True,False,False,False,False,False,True,상추(청),,,,,,
202009하순,214.0,상추,2.0,청,상품,g,100.0,1530.0,,2164.0,1518.0,1197.33333333333,2020,하순,2020-09-21,상추-청,9,21,False,False,False,False,False,False,False,False,True,False,False,False,False,False,True,상추(청),,,,,,
202009하순,214.0,상추,2.0,청,상품,g,100.0,1530.0,,2164.0,1518.0,1197.33333333333,2020,하순,2020-09-21,상추-청,9,21,False,False,False,False,False,False,False,False,True,False,False,False,False,False,True,상추(청),,,,,,
202009하순,214.0,상추,2.0,청,상품,g,100.0,1530.0,,2164.0,1518.0,1197.33333333333,2020,하순,2020-09-21,상추-청,9,21,False,False,False,False,False,False,False,False,True,False,False,False,False,False,True,상추(청),,,,,,
202009하순,214.0,상추,2.0,청,상품,g,100.0,1530.0,,2164.0,1518.0,1197.33333333333,2020,하순,2020-09-21,상추-청,9,21,False,False,False,False,False,False,False,False,True,False,False,False,False,False,True,상추(청),,,,,,
202009하순,214.0,상추,2.0,청,상품,g,100.0,1530.0,,2164.0,1518.0,1197.33333333333,2020,하순,2020-09-21,상추-청,9,21,False,False,False,False,False,False,False,False,True,False,False,False,False,False,True,상추(청),,,,,,
202009하순,214.0,상추,2.0,청,상품,g,100.0,1530.0,,2164.0,1518.0,1197.33333333333,2020,하순,2020-09-21,상추-청,9,21,False,False,False,False,False,False,False,False,True,False,False,False,False,False,True,상추(청),,,,,,
202010상순,214.0,상추,2.0,청,상품,g,100.0,1264.0,,1533.0,1469.0,1106.66666666666,2020,상순,2020-10-01,상추-청,10,1,False,False,False,False,False,False,False,False,False,True,False,False,True,False,False,상추(청),,,,,,
202010상순,214.0,상추,2.0,청,상품,g,100.0,1264.0,,1533.0,1469.0,1106.66666666666,2020,상순,2020-10-01,상추-청,10,1,False,False,False,False,False,False,False,False,False,True,False,False,True,False,False,상추(청),,,,,,
202010상순,214.0,상추,2.0,청,상품,g,100.0,1264.0,,1533.0,1469.0,1106.66666666666,2020,상순,2020-10-01,상추-청,10,1,False,False,False,False,False,False,False,False,False,True,False,False,True,False,False,상추(청),,,,,,
202010상순,214.0,상추,2.0,청,상품,g,100.0,1264.0,,1533.0,1469.0,1106.66666666666,2020,상순,2020-10-01,상추-청,10,1,False,False,False,False,False,False,False,False,False,True,False,False,True,False,False,상추(청),,,,,,
202010상순,214.0,상추,2.0,청,상품,g,100.0,1264.0,,1533.0,1469.0,1106.66666666666,2020,상순,2020-10-01,상추-청,10,1,False,False,False,False,False,False,False,False,False,True,False,False,True,False,False,상추(청),,,,,,
202010상순,214.0,상추,2.0,청,상품,g,100.0,1264.0,,1533.0,1469.0,1106.66666666666,2020,상순,2020-10-01,상추-청,10,1,False,False,False,False,False,False,False,False,False,True,False,False,True,False,False,상추(청),,,,,,
202010상순,214.0,상추,2.0,청,상품,g,100.0,1264.0,,1533.0,1469.0,1106.66666666666,2020,상순,2020-10-01,상추-청,10,1,False,False,False,False,False,False,False,False,False,True,False,False,True,False,False,상추(청),,,,,,
202010상순,214.0,상추,2.0,청,상품,g,100.0,1264.0,,1533.0,1469.0,1106.66666666666,2020,상순,2020-10-01,상추-청,10,1,False,False,False,False,False,False,False,False,False,True,False,False,True,False,False,상추(청),,,,,,
202010상순,214.0,상추,2.0,청,상품,g,100.0,1264.0,,1533.0,1469.0,1106.66666666666,2020,상순,2020-10-01,상추-청,10,1,False,False,False,False,False,False,False,False,False,True,False,False,True,False,False,상추(청),,,,,,
202010상순,214.0,상추,2.0,청,상품,g,100.0,1264.0,,1533.0,1469.0,1106.66666666666,2020,상순,2020-10-01,상추-청,10,1,False,False,False,False,False,False,False,False,False,True,False,False,True,False,False,상추(청),,,,,,
202010상순,214.0,상추,2.0,청,상품,g,100.0,1264.0,,1533.0,1469.0,1106.66666666666,2020,상순,2020-10-01,상추-청,10,1,False,False,False,False,False,False,False,False,False,True,False,False,True,False,False,상추(청),,,,,,
202010상순,214.0,상추,2.0,청,상품,g,100.0,1264.0,,1533.0,1469.0,1106.66666666666,2020,상순,2020-10-01,상추-청,10,1,False,False,False,False,False,False,False,False,False,True,False,False,True,False,False,상추(청),,,,,,
202010상순,214.0,상추,2.0,청,상품,g,100.0,1264.0,,1533.0,1469.0,1106.66666666666,2020,상순,2020-10-01,상추-청,10,1,False,False,False,False,False,False,False,False,False,True,False,False,True,False,False,상추(청),,,,,,
202010상순,214.0,상추,2.0,청,상품,g,100.0,1264.0,,1533.0,1469.0,1106.66666666666,2020,상순,2020-10-01,상추-청,10,1,False,False,False,False,False,False,False,False,False,True,False,False,True,False,False,상추(청),,,,,,
202010상순,214.0,상추,2.0,청,상품,g,100.0,1264.0,,1533.0,1469.0,1106.66666666666,2020,상순,2020-10-01,상추-청,10,1,False,False,False,False,False,False,False,False,False,True,False,False,True,False,False,상추(청),,,,,,
202010상순,214.0,상추,2.0,청,상품,g,100.0,1264.0,,1533.0,1469.0,1106.66666666666,2020,상순,2020-10-01,상추-청,10,1,False,False,False,False,False,False,False,False,False,True,False,False,True,False,False,상추(청),,,,,,
202010상순,214.0,상추,2.0,청,상품,g,100.0,1264.0,,1533.0,1469.0,1106.66666666666,2020,상순,2020-10-01,상추-청,10,1,False,False,False,False,False,False,False,False,False,True,False,False,True,False,False,상추(청),,,,,,
202010상순,214.0,상추,2.0,청,상품,g,100.0,1264.0,,1533.0,1469.0,1106.66666666666,2020,상순,2020-10-01,상추-청,10,1,False,False,False,False,False,False,False,False,False,True,False,False,True,False,False,상추(청),,,,,,
202010상순,214.0,상추,2.0,청,상품,g,100.0,1264.0,,1533.0,1469.0,1106.66666666666,2020,상순,2020-10-01,상추-청,10,1,False,False,False,False,False,False,False,False,False,True,False,False,True,False,False,상추(청),,,,,,
202010상순,214.0,상추,2.0,청,상품,g,100.0,1264.0,,1533.0,1469.0,1106.66666666666,2020,상순,2020-10-01,상추-청,10,1,False,False,False,False,False,False,False,False,False,True,False,False,True,False,False,상추(청),,,,,,
202010상순,214.0,상추,2.0,청,상품,g,100.0,1264.0,,1533.0,1469.0,1106.66666666666,2020,상순,2020-10-01,상추-청,10,1,False,False,False,False,False,False,False,False,False,True,False,False,True,False,False,상추(청),,,,,,
202010상순,214.0,상추,2.0,청,상품,g,100.0,1264.0,,1533.0,1469.0,1106.66666666666,2020,상순,2020-10-01,상추-청,10,1,False,False,False,False,False,False,False,False,False,True,False,False,True,False,False,상추(청),,,,,,
202010중순,214.0,상추,2.0,청,상품,g,100.0,965.0,,1584.0,1689.0,1091.33333333333,2020,중순,2020-10-11,상추-청,10,11,False,False,False,False,False,False,False,False,False,True,False,False,False,True,False,상추(청),,,,,,
202010중순,214.0,상추,2.0,청,상품,g,100.0,965.0,,1584.0,1689.0,1091.33333333333,2020,중순,2020-10-11,상추-청,10,11,False,False,False,False,False,False,False,False,False,True,False,False,False,True,False,상추(청),,,,,,
202010중순,214.0,상추,2.0,청,상품,g,100.0,965.0,,1584.0,1689.0,1091.33333333333,2020,중순,2020-10-11,상추-청,10,11,False,False,False,False,False,False,False,False,False,True,False,False,False,True,False,상추(청),,,,,,
202010중순,214.0,상추,2.0,청,상품,g,100.0,965.0,,1584.0,1689.0,1091.33333333333,2020,중순,2020-10-11,상추-청,10,11,False,False,False,False,False,False,False,False,False,True,False,False,False,True,False,상추(청),,,,,,
202010중순,214.0,상추,2.0,청,상품,g,100.0,965.0,,1584.0,1689.0,1091.33333333333,2020,중순,2020-10-11,상추-청,10,11,False,False,False,False,False,False,False,False,False,True,False,False,False,True,False,상추(청),,,,,,
202010중순,214.0,상추,2.0,청,상품,g,100.0,965.0,,1584.0,1689.0,1091.33333333333,2020,중순,2020-10-11,상추-청,10,11,False,False,False,False,False,False,False,False,False,True,False,False,False,True,False,상추(청),,,,,,
202010중순,214.0,상추,2.0,청,상품,g,100.0,965.0,,1584.0,1689.0,1091.33333333333,2020,중순,2020-10-11,상추-청,10,11,False,False,False,False,False,False,False,False,False,True,False,False,False,True,False,상추(청),,,,,,
202010중순,214.0,상추,2.0,청,상품,g,100.0,965.0,,1584.0,1689.0,1091.33333333333,2020,중순,2020-10-11,상추-청,10,11,False,False,False,False,False,False,False,False,False,True,False,False,False,True,False,상추(청),,,,,,
202010중순,214.0,상추,2.0,청,상품,g,100.0,965.0,,1584.0,1689.0,1091.33333333333,2020,중순,2020-10-11,상추-청,10,11,False,False,False,False,False,False,False,False,False,True,False,False,False,True,False,상추(청),,,,,,
202010중순,214.0,상추,2.0,청,상품,g,100.0,965.0,,1584.0,1689.0,1091.33333333333,2020,중순,2020-10-11,상추-청,10,11,False,False,False,False,False,False,False,False,False,True,False,False,False,True,False,상추(청),,,,,,
202010중순,214.0,상추,2.0,청,상품,g,100.0,965.0,,1584.0,1689.0,1091.33333333333,2020,중순,2020-10-11,상추-청,10,11,False,False,False,False,False,False,False,False,False,True,False,False,False,True,False,상추(청),,,,,,
202010중순,214.0,상추,2.0,청,상품,g,100.0,965.0,,1584.0,1689.0,1091.33333333333,2020,중순,2020-10-11,상추-청,10,11,False,False,False,False,False,False,False,False,False,True,False,False,False,True,False,상추(청),,,,,,
202010중순,214.0,상추,2.0,청,상품,g,100.0,965.0,,1584.0,1689.0,1091.33333333333,2020,중순,2020-10-11,상추-청,10,11,False,False,False,False,False,False,False,False,False,True,False,False,False,True,False,상추(청),,,,,,
202010중순,214.0,상추,2.0,청,상품,g,100.0,965.0,,1584.0,1689.0,1091.33333333333,2020,중순,2020-10-11,상추-청,10,11,False,False,False,False,False,False,False,False,False,True,False,False,False,True,False,상추(청),,,,,,
202010중순,214.0,상추,2.0,청,상품,g,100.0,965.0,,1584.0,1689.0,1091.33333333333,2020,중순,2020-10-11,상추-청,10,11,False,False,False,False,False,False,False,False,False,True,False,False,False,True,False,상추(청),,,,,,
202010중순,214.0,상추,2.0,청,상품,g,100.0,965.0,,1584.0,1689.0,1091.33333333333,2020,중순,2020-10-11,상추-청,10,11,False,False,False,False,False,False,False,False,False,True,False,False,False,True,False,상추(청),,,,,,
202010중순,214.0,상추,2.0,청,상품,g,100.0,965.0,,1584.0,1689.0,1091.33333333333,2020,중순,2020-10-11,상추-청,10,11,False,False,False,False,False,False,False,False,False,True,False,False,False,True,False,상추(청),,,,,,
202010중순,214.0,상추,2.0,청,상품,g,100.0,965.0,,1584.0,1689.0,1091.33333333333,2020,중순,2020-10-11,상추-청,10,11,False,False,False,False,False,False,False,False,False,True,False,False,False,True,False,상추(청),,,,,,
202010중순,214.0,상추,2.0,청,상품,g,100.0,965.0,,1584.0,1689.0,1091.33333333333,2020,중순,2020-10-11,상추-청,10,11,False,False,False,False,False,False,False,False,False,True,False,False,False,True,False,상추(청),,,,,,
202010중순,214.0,상추,2.0,청,상품,g,100.0,965.0,,1584.0,1689.0,1091.33333333333,2020,중순,2020-10-11,상추-청,10,11,False,False,False,False,False,False,False,False,False,True,False,False,False,True,False,상추(청),,,,,,
202010중순,214.0,상추,2.0,청,상품,g,100.0,965.0,,1584.0,1689.0,1091.33333333333,2020,중순,2020-10-11,상추-청,10,11,False,False,False,False,False,False,False,False,False,True,False,False,False,True,False,상추(청),,,,,,
202010중순,214.0,상추,2.0,청,상품,g,100.0,965.0,,1584.0,1689.0,1091.33333333333,2020,중순,2020-10-11,상추-청,10,11,False,False,False,False,False,False,False,False,False,True,False,False,False,True,False,상추(청),,,,,,
202010중순,214.0,상추,2.0,청,상품,g,100.0,965.0,,1584.0,1689.0,1091.33333333333,2020,중순,2020-10-11,상추-청,10,11,False,False,False,False,False,False,False,False,False,True,False,False,False,True,False,상추(청),,,,,,
202010하순,214.0,상추,2.0,청,상품,g,100.0,834.0,,1530.0,1530.0,978.0,2020,하순,2020-10-21,상추-청,10,21,False,False,False,False,False,False,False,False,False,True,False,False,False,False,True,상추(청),,,,,,
202010하순,214.0,상추,2.0,청,상품,g,100.0,834.0,,1530.0,1530.0,978.0,2020,하순,2020-10-21,상추-청,10,21,False,False,False,False,False,False,False,False,False,True,False,False,False,False,True,상추(청),,,,,,
202010하순,214.0,상추,2.0,청,상품,g,100.0,834.0,,1530.0,1530.0,978.0,2020,하순,2020-10-21,상추-청,10,21,False,False,False,False,False,False,False,False,False,True,False,False,False,False,True,상추(청),,,,,,
202010하순,214.0,상추,2.0,청,상품,g,100.0,834.0,,1530.0,1530.0,978.0,2020,하순,2020-10-21,상추-청,10,21,False,False,False,False,False,False,False,False,False,True,False,False,False,False,True,상추(청),,,,,,
202010하순,214.0,상추,2.0,청,상품,g,100.0,834.0,,1530.0,1530.0,978.0,2020,하순,2020-10-21,상추-청,10,21,False,False,False,False,False,False,False,False,False,True,False,False,False,False,True,상추(청),,,,,,
202010하순,214.0,상추,2.0,청,상품,g,100.0,834.0,,1530.0,1530.0,978.0,2020,하순,2020-10-21,상추-청,10,21,False,False,False,False,False,False,False,False,False,True,False,False,False,False,True,상추(청),,,,,,
202010하순,214.0,상추,2.0,청,상품,g,100.0,834.0,,1530.0,1530.0,978.0,2020,하순,2020-10-21,상추-청,10,21,False,False,False,False,False,False,False,False,False,True,False,False,False,False,True,상추(청),,,,,,
202010하순,214.0,상추,2.0,청,상품,g,100.0,834.0,,1530.0,1530.0,978.0,2020,하순,2020-10-21,상추-청,10,21,False,False,False,False,False,False,False,False,False,True,False,False,False,False,True,상추(청),,,,,,
202010하순,214.0,상추,2.0,청,상품,g,100.0,834.0,,1530.0,1530.0,978.0,2020,하순,2020-10-21,상추-청,10,21,False,False,False,False,False,False,False,False,False,True,False,False,False,False,True,상추(청),,,,,,
202010하순,214.0,상추,2.0,청,상품,g,100.0,834.0,,1530.0,1530.0,978.0,2020,하순,2020-10-21,상추-청,10,21,False,False,False,False,False,False,False,False,False,True,False,False,False,False,True,상추(청),,,,,,
202010하순,214.0,상추,2.0,청,상품,g,100.0,834.0,,1530.0,1530.0,978.0,2020,하순,2020-10-21,상추-청,10,21,False,False,False,False,False,False,False,False,False,True,False,False,False,False,True,상추(청),,,,,,
202010하순,214.0,상추,2.0,청,상품,g,100.0,834.0,,1530.0,1530.0,978.0,2020,하순,2020-10-21,상추-청,10,21,False,False,False,False,False,False,False,False,False,True,False,False,False,False,True,상추(청),,,,,,
202010하순,214.0,상추,2.0,청,상품,g,100.0,834.0,,1530.0,1530.0,978.0,2020,하순,2020-10-21,상추-청,10,21,False,False,False,False,False,False,False,False,False,True,False,False,False,False,True,상추(청),,,,,,
202010하순,214.0,상추,2.0,청,상품,g,100.0,834.0,,1530.0,1530.0,978.0,2020,하순,2020-10-21,상추-청,10,21,False,False,False,False,False,False,False,False,False,True,False,False,False,False,True,상추(청),,,,,,
202010하순,214.0,상추,2.0,청,상품,g,100.0,834.0,,1530.0,1530.0,978.0,2020,하순,2020-10-21,상추-청,10,21,False,False,False,False,False,False,False,False,False,True,False,False,False,False,True,상추(청),,,,,,
202010하순,214.0,상추,2.0,청,상품,g,100.0,834.0,,1530.0,1530.0,978.0,2020,하순,2020-10-21,상추-청,10,21,False,False,False,False,False,False,False,False,False,True,False,False,False,False,True,상추(청),,,,,,
202010하순,214.0,상추,2.0,청,상품,g,100.0,834.0,,1530.0,1530.0,978.0,2020,하순,2020-10-21,상추-청,10,21,False,False,False,False,False,False,False,False,False,True,False,False,False,False,True,상추(청),,,,,,
202010하순,214.0,상추,2.0,청,상품,g,100.0,834.0,,1530.0,1530.0,978.0,2020,하순,2020-10-21,상추-청,10,21,False,False,False,False,False,False,False,False,False,True,False,False,False,False,True,상추(청),,,,,,
202010하순,214.0,상추,2.0,청,상품,g,100.0,834.0,,1530.0,1530.0,978.0,2020,하순,2020-10-21,상추-청,10,21,False,False,False,False,False,False,False,False,False,True,False,False,False,False,True,상추(청),,,,,,
202010하순,214.0,상추,2.0,청,상품,g,100.0,834.0,,1530.0,1530.0,978.0,2020,하순,2020-10-21,상추-청,10,21,False,False,False,False,False,False,False,False,False,True,False,False,False,False,True,상추(청),,,,,,
202010하순,214.0,상추,2.0,청,상품,g,100.0,834.0,,1530.0,1530.0,978.0,2020,하순,2020-10-21,상추-청,10,21,False,False,False,False,False,False,False,False,False,True,False,False,False,False,True,상추(청),,,,,,
202010하순,214.0,상추,2.0,청,상품,g,100.0,834.0,,1530.0,1530.0,978.0,2020,하순,2020-10-21,상추-청,10,21,False,False,False,False,False,False,False,False,False,True,False,False,False,False,True,상추(청),,,,,,
202010하순,214.0,상추,2.0,청,상품,g,100.0,834.0,,1530.0,1530.0,978.0,2020,하순,2020-10-21,상추-청,10,21,False,False,False,False,False,False,False,False,False,True,False,False,False,False,True,상추(청),,,,,,
202010하순,214.0,상추,2.0,청,상품,g,100.0,834.0,,1530.0,1530.0,978.0,2020,하순,2020-10-21,상추-청,10,21,False,False,False,False,False,False,False,False,False,True,False,False,False,False,True,상추(청),,,,,,
202010하순,214.0,상추,2.0,청,상품,g,100.0,834.0,,1530.0,1530.0,978.0,2020,하순,2020-10-21,상추-청,10,21,False,False,False,False,False,False,False,False,False,True,False,False,False,False,True,상추(청),,,,,,
202010하순,214.0,상추,2.0,청,상품,g,100.0,834.0,,1530.0,1530.0,978.0,2020,하순,2020-10-21,상추-청,10,21,False,False,False,False,False,False,False,False,False,True,False,False,False,False,True,상추(청),,,,,,
202010하순,214.0,상추,2.0,청,상품,g,100.0,834.0,,1530.0,1530.0,978.0,2020,하순,2020-10-21,상추-청,10,21,False,False,False,False,False,False,False,False,False,True,False,False,False,False,True,상추(청),,,,,,
202010하순,214.0,상추,2.0,청,상품,g,100.0,834.0,,1530.0,1530.0,978.0,2020,하순,2020-10-21,상추-청,10,21,False,False,False,False,False,False,False,False,False,True,False,False,False,False,True,상추(청),,,,,,
202011상순,214.0,상추,2.0,청,상품,g,100.0,760.0,,1264.0,1219.0,850.0,2020,상순,2020-11-01,상추-청,11,1,False,False,False,False,False,False,False,False,False,False,True,False,True,False,False,상추(청),,,,,,
202011상순,214.0,상추,2.0,청,상품,g,100.0,760.0,,1264.0,1219.0,850.0,2020,상순,2020-11-01,상추-청,11,1,False,False,False,False,False,False,False,False,False,False,True,False,True,False,False,상추(청),,,,,,
202011상순,214.0,상추,2.0,청,상품,g,100.0,760.0,,1264.0,1219.0,850.0,2020,상순,2020-11-01,상추-청,11,1,False,False,False,False,False,False,False,False,False,False,True,False,True,False,False,상추(청),,,,,,
202011상순,214.0,상추,2.0,청,상품,g,100.0,760.0,,1264.0,1219.0,850.0,2020,상순,2020-11-01,상추-청,11,1,False,False,False,False,False,False,False,False,False,False,True,False,True,False,False,상추(청),,,,,,
202011상순,214.0,상추,2.0,청,상품,g,100.0,760.0,,1264.0,1219.0,850.0,2020,상순,2020-11-01,상추-청,11,1,False,False,False,False,False,False,False,False,False,False,True,False,True,False,False,상추(청),,,,,,
202011상순,214.0,상추,2.0,청,상품,g,100.0,760.0,,1264.0,1219.0,850.0,2020,상순,2020-11-01,상추-청,11,1,False,False,False,False,False,False,False,False,False,False,True,False,True,False,False,상추(청),,,,,,
202011상순,214.0,상추,2.0,청,상품,g,100.0,760.0,,1264.0,1219.0,850.0,2020,상순,2020-11-01,상추-청,11,1,False,False,False,False,False,False,False,False,False,False,True,False,True,False,False,상추(청),,,,,,
202011상순,214.0,상추,2.0,청,상품,g,100.0,760.0,,1264.0,1219.0,850.0,2020,상순,2020-11-01,상추-청,11,1,False,False,False,False,False,False,False,False,False,False,True,False,True,False,False,상추(청),,,,,,
202011상순,214.0,상추,2.0,청,상품,g,100.0,760.0,,1264.0,1219.0,850.0,2020,상순,2020-11-01,상추-청,11,1,False,False,False,False,False,False,False,False,False,False,True,False,True,False,False,상추(청),,,,,,
202011상순,214.0,상추,2.0,청,상품,g,100.0,760.0,,1264.0,1219.0,850.0,2020,상순,2020-11-01,상추-청,11,1,False,False,False,False,False,False,False,False,False,False,True,False,True,False,False,상추(청),,,,,,
202011상순,214.0,상추,2.0,청,상품,g,100.0,760.0,,1264.0,1219.0,850.0,2020,상순,2020-11-01,상추-청,11,1,False,False,False,False,False,False,False,False,False,False,True,False,True,False,False,상추(청),,,,,,
202011상순,214.0,상추,2.0,청,상품,g,100.0,760.0,,1264.0,1219.0,850.0,2020,상순,2020-11-01,상추-청,11,1,False,False,False,False,False,False,False,False,False,False,True,False,True,False,False,상추(청),,,,,,
202011상순,214.0,상추,2.0,청,상품,g,100.0,760.0,,1264.0,1219.0,850.0,2020,상순,2020-11-01,상추-청,11,1,False,False,False,False,False,False,False,False,False,False,True,False,True,False,False,상추(청),,,,,,
202011상순,214.0,상추,2.0,청,상품,g,100.0,760.0,,1264.0,1219.0,850.0,2020,상순,2020-11-01,상추-청,11,1,False,False,False,False,False,False,False,False,False,False,True,False,True,False,False,상추(청),,,,,,
202011상순,214.0,상추,2.0,청,상품,g,100.0,760.0,,1264.0,1219.0,850.0,2020,상순,2020-11-01,상추-청,11,1,False,False,False,False,False,False,False,False,False,False,True,False,True,False,False,상추(청),,,,,,
202011상순,214.0,상추,2.0,청,상품,g,100.0,760.0,,1264.0,1219.0,850.0,2020,상순,2020-11-01,상추-청,11,1,False,False,False,False,False,False,False,False,False,False,True,False,True,False,False,상추(청),,,,,,
202011상순,214.0,상추,2.0,청,상품,g,100.0,760.0,,1264.0,1219.0,850.0,2020,상순,2020-11-01,상추-청,11,1,False,False,False,False,False,False,False,False,False,False,True,False,True,False,False,상추(청),,,,,,
202011상순,214.0,상추,2.0,청,상품,g,100.0,760.0,,1264.0,1219.0,850.0,2020,상순,2020-11-01,상추-청,11,1,False,False,False,False,False,False,False,False,False,False,True,False,True,False,False,상추(청),,,,,,
202011상순,214.0,상추,2.0,청,상품,g,100.0,760.0,,1264.0,1219.0,850.0,2020,상순,2020-11-01,상추-청,11,1,False,False,False,False,False,False,False,False,False,False,True,False,True,False,False,상추(청),,,,,,
202011상순,214.0,상추,2.0,청,상품,g,100.0,760.0,,1264.0,1219.0,850.0,2020,상순,2020-11-01,상추-청,11,1,False,False,False,False,False,False,False,False,False,False,True,False,True,False,False,상추(청),,,,,,
202011상순,214.0,상추,2.0,청,상품,g,100.0,760.0,,1264.0,1219.0,850.0,2020,상순,2020-11-01,상추-청,11,1,False,False,False,False,False,False,False,False,False,False,True,False,True,False,False,상추(청),,,,,,
202011상순,214.0,상추,2.0,청,상품,g,100.0,760.0,,1264.0,1219.0,850.0,2020,상순,2020-11-01,상추-청,11,1,False,False,False,False,False,False,False,False,False,False,True,False,True,False,False,상추(청),,,,,,
202011상순,214.0,상추,2.0,청,상품,g,100.0,760.0,,1264.0,1219.0,850.0,2020,상순,2020-11-01,상추-청,11,1,False,False,False,False,False,False,False,False,False,False,True,False,True,False,False,상추(청),,,,,,
202011상순,214.0,상추,2.0,청,상품,g,100.0,760.0,,1264.0,1219.0,850.0,2020,상순,2020-11-01,상추-청,11,1,False,False,False,False,False,False,False,False,False,False,True,False,True,False,False,상추(청),,,,,,
202011상순,214.0,상추,2.0,청,상품,g,100.0,760.0,,1264.0,1219.0,850.0,2020,상순,2020-11-01,상추-청,11,1,False,False,False,False,False,False,False,False,False,False,True,False,True,False,False,상추(청),,,,,,
202011상순,214.0,상추,2.0,청,상품,g,100.0,760.0,,1264.0,1219.0,850.0,2020,상순,2020-11-01,상추-청,11,1,False,False,False,False,False,False,False,False,False,False,True,False,True,False,False,상추(청),,,,,,
202011상순,214.0,상추,2.0,청,상품,g,100.0,760.0,,1264.0,1219.0,850.0,2020,상순,2020-11-01,상추-청,11,1,False,False,False,False,False,False,False,False,False,False,True,False,True,False,False,상추(청),,,,,,
202011중순,214.0,상추,2.0,청,상품,g,100.0,723.0,,965.0,1047.0,864.0,2020,중순,2020-11-11,상추-청,11,11,False,False,False,False,False,False,False,False,False,False,True,False,False,True,False,상추(청),,,,,,
202011중순,214.0,상추,2.0,청,상품,g,100.0,723.0,,965.0,1047.0,864.0,2020,중순,2020-11-11,상추-청,11,11,False,False,False,False,False,False,False,False,False,False,True,False,False,True,False,상추(청),,,,,,
202011중순,214.0,상추,2.0,청,상품,g,100.0,723.0,,965.0,1047.0,864.0,2020,중순,2020-11-11,상추-청,11,11,False,False,False,False,False,False,False,False,False,False,True,False,False,True,False,상추(청),,,,,,
202011중순,214.0,상추,2.0,청,상품,g,100.0,723.0,,965.0,1047.0,864.0,2020,중순,2020-11-11,상추-청,11,11,False,False,False,False,False,False,False,False,False,False,True,False,False,True,False,상추(청),,,,,,
202011중순,214.0,상추,2.0,청,상품,g,100.0,723.0,,965.0,1047.0,864.0,2020,중순,2020-11-11,상추-청,11,11,False,False,False,False,False,False,False,False,False,False,True,False,False,True,False,상추(청),,,,,,
202011중순,214.0,상추,2.0,청,상품,g,100.0,723.0,,965.0,1047.0,864.0,2020,중순,2020-11-11,상추-청,11,11,False,False,False,False,False,False,False,False,False,False,True,False,False,True,False,상추(청),,,,,,
202011중순,214.0,상추,2.0,청,상품,g,100.0,723.0,,965.0,1047.0,864.0,2020,중순,2020-11-11,상추-청,11,11,False,False,False,False,False,False,False,False,False,False,True,False,False,True,False,상추(청),,,,,,
202011중순,214.0,상추,2.0,청,상품,g,100.0,723.0,,965.0,1047.0,864.0,2020,중순,2020-11-11,상추-청,11,11,False,False,False,False,False,False,False,False,False,False,True,False,False,True,False,상추(청),,,,,,
202011중순,214.0,상추,2.0,청,상품,g,100.0,723.0,,965.0,1047.0,864.0,2020,중순,2020-11-11,상추-청,11,11,False,False,False,False,False,False,False,False,False,False,True,False,False,True,False,상추(청),,,,,,
202011중순,214.0,상추,2.0,청,상품,g,100.0,723.0,,965.0,1047.0,864.0,2020,중순,2020-11-11,상추-청,11,11,False,False,False,False,False,False,False,False,False,False,True,False,False,True,False,상추(청),,,,,,
202011중순,214.0,상추,2.0,청,상품,g,100.0,723.0,,965.0,1047.0,864.0,2020,중순,2020-11-11,상추-청,11,11,False,False,False,False,False,False,False,False,False,False,True,False,False,True,False,상추(청),,,,,,
202011중순,214.0,상추,2.0,청,상품,g,100.0,723.0,,965.0,1047.0,864.0,2020,중순,2020-11-11,상추-청,11,11,False,False,False,False,False,False,False,False,False,False,True,False,False,True,False,상추(청),,,,,,
202011중순,214.0,상추,2.0,청,상품,g,100.0,723.0,,965.0,1047.0,864.0,2020,중순,2020-11-11,상추-청,11,11,False,False,False,False,False,False,False,False,False,False,True,False,False,True,False,상추(청),,,,,,
202011중순,214.0,상추,2.0,청,상품,g,100.0,723.0,,965.0,1047.0,864.0,2020,중순,2020-11-11,상추-청,11,11,False,False,False,False,False,False,False,False,False,False,True,False,False,True,False,상추(청),,,,,,
202011중순,214.0,상추,2.0,청,상품,g,100.0,723.0,,965.0,1047.0,864.0,2020,중순,2020-11-11,상추-청,11,11,False,False,False,False,False,False,False,False,False,False,True,False,False,True,False,상추(청),,,,,,
202011중순,214.0,상추,2.0,청,상품,g,100.0,723.0,,965.0,1047.0,864.0,2020,중순,2020-11-11,상추-청,11,11,False,False,False,False,False,False,False,False,False,False,True,False,False,True,False,상추(청),,,,,,
202011중순,214.0,상추,2.0,청,상품,g,100.0,723.0,,965.0,1047.0,864.0,2020,중순,2020-11-11,상추-청,11,11,False,False,False,False,False,False,False,False,False,False,True,False,False,True,False,상추(청),,,,,,
202011중순,214.0,상추,2.0,청,상품,g,100.0,723.0,,965.0,1047.0,864.0,2020,중순,2020-11-11,상추-청,11,11,False,False,False,False,False,False,False,False,False,False,True,False,False,True,False,상추(청),,,,,,
202011중순,214.0,상추,2.0,청,상품,g,100.0,723.0,,965.0,1047.0,864.0,2020,중순,2020-11-11,상추-청,11,11,False,False,False,False,False,False,False,False,False,False,True,False,False,True,False,상추(청),,,,,,
202011중순,214.0,상추,2.0,청,상품,g,100.0,723.0,,965.0,1047.0,864.0,2020,중순,2020-11-11,상추-청,11,11,False,False,False,False,False,False,False,False,False,False,True,False,False,True,False,상추(청),,,,,,
202011중순,214.0,상추,2.0,청,상품,g,100.0,723.0,,965.0,1047.0,864.0,2020,중순,2020-11-11,상추-청,11,11,False,False,False,False,False,False,False,False,False,False,True,False,False,True,False,상추(청),,,,,,
202011중순,214.0,상추,2.0,청,상품,g,100.0,723.0,,965.0,1047.0,864.0,2020,중순,2020-11-11,상추-청,11,11,False,False,False,False,False,False,False,False,False,False,True,False,False,True,False,상추(청),,,,,,
202011중순,214.0,상추,2.0,청,상품,g,100.0,723.0,,965.0,1047.0,864.0,2020,중순,2020-11-11,상추-청,11,11,False,False,False,False,False,False,False,False,False,False,True,False,False,True,False,상추(청),,,,,,
202011하순,214.0,상추,2.0,청,상품,g,100.0,690.0,,834.0,965.0,807.333333333333,2020,하순,2020-11-21,상추-청,11,21,False,False,False,False,False,False,False,False,False,False,True,False,False,False,True,상추(청),,,,,,
202011하순,214.0,상추,2.0,청,상품,g,100.0,690.0,,834.0,965.0,807.333333333333,2020,하순,2020-11-21,상추-청,11,21,False,False,False,False,False,False,False,False,False,False,True,False,False,False,True,상추(청),,,,,,
202011하순,214.0,상추,2.0,청,상품,g,100.0,690.0,,834.0,965.0,807.333333333333,2020,하순,2020-11-21,상추-청,11,21,False,False,False,False,False,False,False,False,False,False,True,False,False,False,True,상추(청),,,,,,
202011하순,214.0,상추,2.0,청,상품,g,100.0,690.0,,834.0,965.0,807.333333333333,2020,하순,2020-11-21,상추-청,11,21,False,False,False,False,False,False,False,False,False,False,True,False,False,False,True,상추(청),,,,,,
202011하순,214.0,상추,2.0,청,상품,g,100.0,690.0,,834.0,965.0,807.333333333333,2020,하순,2020-11-21,상추-청,11,21,False,False,False,False,False,False,False,False,False,False,True,False,False,False,True,상추(청),,,,,,
202011하순,214.0,상추,2.0,청,상품,g,100.0,690.0,,834.0,965.0,807.333333333333,2020,하순,2020-11-21,상추-청,11,21,False,False,False,False,False,False,False,False,False,False,True,False,False,False,True,상추(청),,,,,,
202011하순,214.0,상추,2.0,청,상품,g,100.0,690.0,,834.0,965.0,807.333333333333,2020,하순,2020-11-21,상추-청,11,21,False,False,False,False,False,False,False,False,False,False,True,False,False,False,True,상추(청),,,,,,
202011하순,214.0,상추,2.0,청,상품,g,100.0,690.0,,834.0,965.0,807.333333333333,2020,하순,2020-11-21,상추-청,11,21,False,False,False,False,False,False,False,False,False,False,True,False,False,False,True,상추(청),,,,,,
202011하순,214.0,상추,2.0,청,상품,g,100.0,690.0,,834.0,965.0,807.333333333333,2020,하순,2020-11-21,상추-청,11,21,False,False,False,False,False,False,False,False,False,False,True,False,False,False,True,상추(청),,,,,,
202011하순,214.0,상추,2.0,청,상품,g,100.0,690.0,,834.0,965.0,807.333333333333,2020,하순,2020-11-21,상추-청,11,21,False,False,False,False,False,False,False,False,False,False,True,False,False,False,True,상추(청),,,,,,
202011하순,214.0,상추,2.0,청,상품,g,100.0,690.0,,834.0,965.0,807.333333333333,2020,하순,2020-11-21,상추-청,11,21,False,False,False,False,False,False,False,False,False,False,True,False,False,False,True,상추(청),,,,,,
202011하순,214.0,상추,2.0,청,상품,g,100.0,690.0,,834.0,965.0,807.333333333333,2020,하순,2020-11-21,상추-청,11,21,False,False,False,False,False,False,False,False,False,False,True,False,False,False,True,상추(청),,,,,,
202011하순,214.0,상추,2.0,청,상품,g,100.0,690.0,,834.0,965.0,807.333333333333,2020,하순,2020-11-21,상추-청,11,21,False,False,False,False,False,False,False,False,False,False,True,False,False,False,True,상추(청),,,,,,
202011하순,214.0,상추,2.0,청,상품,g,100.0,690.0,,834.0,965.0,807.333333333333,2020,하순,2020-11-21,상추-청,11,21,False,False,False,False,False,False,False,False,False,False,True,False,False,False,True,상추(청),,,,,,
202011하순,214.0,상추,2.0,청,상품,g,100.0,690.0,,834.0,965.0,807.333333333333,2020,하순,2020-11-21,상추-청,11,21,False,False,False,False,False,False,False,False,False,False,True,False,False,False,True,상추(청),,,,,,
202011하순,214.0,상추,2.0,청,상품,g,100.0,690.0,,834.0,965.0,807.333333333333,2020,하순,2020-11-21,상추-청,11,21,False,False,False,False,False,False,False,False,False,False,True,False,False,False,True,상추(청),,,,,,
202011하순,214.0,상추,2.0,청,상품,g,100.0,690.0,,834.0,965.0,807.333333333333,2020,하순,2020-11-21,상추-청,11,21,False,False,False,False,False,False,False,False,False,False,True,False,False,False,True,상추(청),,,,,,
202011하순,214.0,상추,2.0,청,상품,g,100.0,690.0,,834.0,965.0,807.333333333333,2020,하순,2020-11-21,상추-청,11,21,False,False,False,False,False,False,False,False,False,False,True,False,False,False,True,상추(청),,,,,,
202011하순,214.0,상추,2.0,청,상품,g,100.0,690.0,,834.0,965.0,807.333333333333,2020,하순,2020-11-21,상추-청,11,21,False,False,False,False,False,False,False,False,False,False,True,False,False,False,True,상추(청),,,,,,
202011하순,214.0,상추,2.0,청,상품,g,100.0,690.0,,834.0,965.0,807.333333333333,2020,하순,2020-11-21,상추-청,11,21,False,False,False,False,False,False,False,False,False,False,True,False,False,False,True,상추(청),,,,,,
202011하순,214.0,상추,2.0,청,상품,g,100.0,690.0,,834.0,965.0,807.333333333333,2020,하순,2020-11-21,상추-청,11,21,False,False,False,False,False,False,False,False,False,False,True,False,False,False,True,상추(청),,,,,,
202011하순,214.0,상추,2.0,청,상품,g,100.0,690.0,,834.0,965.0,807.333333333333,2020,하순,2020-11-21,상추-청,11,21,False,False,False,False,False,False,False,False,False,False,True,False,False,False,True,상추(청),,,,,,
202011하순,214.0,상추,2.0,청,상품,g,100.0,690.0,,834.0,965.0,807.333333333333,2020,하순,2020-11-21,상추-청,11,21,False,False,False,False,False,False,False,False,False,False,True,False,False,False,True,상추(청),,,,,,
202012상순,214.0,상추,2.0,청,상품,g,100.0,705.0,,760.0,974.0,806.666666666666,2020,상순,2020-12-01,상추-청,12,1,False,False,False,False,False,False,False,False,False,False,False,True,True,False,False,상추(청),,,,,,
202012상순,214.0,상추,2.0,청,상품,g,100.0,705.0,,760.0,974.0,806.666666666666,2020,상순,2020-12-01,상추-청,12,1,False,False,False,False,False,False,False,False,False,False,False,True,True,False,False,상추(청),,,,,,
202012상순,214.0,상추,2.0,청,상품,g,100.0,705.0,,760.0,974.0,806.666666666666,2020,상순,2020-12-01,상추-청,12,1,False,False,False,False,False,False,False,False,False,False,False,True,True,False,False,상추(청),,,,,,
202012상순,214.0,상추,2.0,청,상품,g,100.0,705.0,,760.0,974.0,806.666666666666,2020,상순,2020-12-01,상추-청,12,1,False,False,False,False,False,False,False,False,False,False,False,True,True,False,False,상추(청),,,,,,
202012상순,214.0,상추,2.0,청,상품,g,100.0,705.0,,760.0,974.0,806.666666666666,2020,상순,2020-12-01,상추-청,12,1,False,False,False,False,False,False,False,False,False,False,False,True,True,False,False,상추(청),,,,,,
202012상순,214.0,상추,2.0,청,상품,g,100.0,705.0,,760.0,974.0,806.666666666666,2020,상순,2020-12-01,상추-청,12,1,False,False,False,False,False,False,False,False,False,False,False,True,True,False,False,상추(청),,,,,,
202012상순,214.0,상추,2.0,청,상품,g,100.0,705.0,,760.0,974.0,806.666666666666,2020,상순,2020-12-01,상추-청,12,1,False,False,False,False,False,False,False,False,False,False,False,True,True,False,False,상추(청),,,,,,
202012상순,214.0,상추,2.0,청,상품,g,100.0,705.0,,760.0,974.0,806.666666666666,2020,상순,2020-12-01,상추-청,12,1,False,False,False,False,False,False,False,False,False,False,False,True,True,False,False,상추(청),,,,,,
202012상순,214.0,상추,2.0,청,상품,g,100.0,705.0,,760.0,974.0,806.666666666666,2020,상순,2020-12-01,상추-청,12,1,False,False,False,False,False,False,False,False,False,False,False,True,True,False,False,상추(청),,,,,,
202012상순,214.0,상추,2.0,청,상품,g,100.0,705.0,,760.0,974.0,806.666666666666,2020,상순,2020-12-01,상추-청,12,1,False,False,False,False,False,False,False,False,False,False,False,True,True,False,False,상추(청),,,,,,
202012상순,214.0,상추,2.0,청,상품,g,100.0,705.0,,760.0,974.0,806.666666666666,2020,상순,2020-12-01,상추-청,12,1,False,False,False,False,False,False,False,False,False,False,False,True,True,False,False,상추(청),,,,,,
202012상순,214.0,상추,2.0,청,상품,g,100.0,705.0,,760.0,974.0,806.666666666666,2020,상순,2020-12-01,상추-청,12,1,False,False,False,False,False,False,False,False,False,False,False,True,True,False,False,상추(청),,,,,,
202012상순,214.0,상추,2.0,청,상품,g,100.0,705.0,,760.0,974.0,806.666666666666,2020,상순,2020-12-01,상추-청,12,1,False,False,False,False,False,False,False,False,False,False,False,True,True,False,False,상추(청),,,,,,
202012상순,214.0,상추,2.0,청,상품,g,100.0,705.0,,760.0,974.0,806.666666666666,2020,상순,2020-12-01,상추-청,12,1,False,False,False,False,False,False,False,False,False,False,False,True,True,False,False,상추(청),,,,,,
202012상순,214.0,상추,2.0,청,상품,g,100.0,705.0,,760.0,974.0,806.666666666666,2020,상순,2020-12-01,상추-청,12,1,False,False,False,False,False,False,False,False,False,False,False,True,True,False,False,상추(청),,,,,,
202012상순,214.0,상추,2.0,청,상품,g,100.0,705.0,,760.0,974.0,806.666666666666,2020,상순,2020-12-01,상추-청,12,1,False,False,False,False,False,False,False,False,False,False,False,True,True,False,False,상추(청),,,,,,
202012상순,214.0,상추,2.0,청,상품,g,100.0,705.0,,760.0,974.0,806.666666666666,2020,상순,2020-12-01,상추-청,12,1,False,False,False,False,False,False,False,False,False,False,False,True,True,False,False,상추(청),,,,,,
202012상순,214.0,상추,2.0,청,상품,g,100.0,705.0,,760.0,974.0,806.666666666666,2020,상순,2020-12-01,상추-청,12,1,False,False,False,False,False,False,False,False,False,False,False,True,True,False,False,상추(청),,,,,,
202012상순,214.0,상추,2.0,청,상품,g,100.0,705.0,,760.0,974.0,806.666666666666,2020,상순,2020-12-01,상추-청,12,1,False,False,False,False,False,False,False,False,False,False,False,True,True,False,False,상추(청),,,,,,
202012상순,214.0,상추,2.0,청,상품,g,100.0,705.0,,760.0,974.0,806.666666666666,2020,상순,2020-12-01,상추-청,12,1,False,False,False,False,False,False,False,False,False,False,False,True,True,False,False,상추(청),,,,,,
202012상순,214.0,상추,2.0,청,상품,g,100.0,705.0,,760.0,974.0,806.666666666666,2020,상순,2020-12-01,상추-청,12,1,False,False,False,False,False,False,False,False,False,False,False,True,True,False,False,상추(청),,,,,,
202012상순,214.0,상추,2.0,청,상품,g,100.0,705.0,,760.0,974.0,806.666666666666,2020,상순,2020-12-01,상추-청,12,1,False,False,False,False,False,False,False,False,False,False,False,True,True,False,False,상추(청),,,,,,
202012상순,214.0,상추,2.0,청,상품,g,100.0,705.0,,760.0,974.0,806.666666666666,2020,상순,2020-12-01,상추-청,12,1,False,False,False,False,False,False,False,False,False,False,False,True,True,False,False,상추(청),,,,,,
202012중순,214.0,상추,2.0,청,상품,g,100.0,835.0,,723.0,947.0,780.0,2020,중순,2020-12-11,상추-청,12,11,False,False,False,False,False,False,False,False,False,False,False,True,False,True,False,상추(청),,,,,,
202012중순,214.0,상추,2.0,청,상품,g,100.0,835.0,,723.0,947.0,780.0,2020,중순,2020-12-11,상추-청,12,11,False,False,False,False,False,False,False,False,False,False,False,True,False,True,False,상추(청),,,,,,
202012중순,214.0,상추,2.0,청,상품,g,100.0,835.0,,723.0,947.0,780.0,2020,중순,2020-12-11,상추-청,12,11,False,False,False,False,False,False,False,False,False,False,False,True,False,True,False,상추(청),,,,,,
202012중순,214.0,상추,2.0,청,상품,g,100.0,835.0,,723.0,947.0,780.0,2020,중순,2020-12-11,상추-청,12,11,False,False,False,False,False,False,False,False,False,False,False,True,False,True,False,상추(청),,,,,,
202012중순,214.0,상추,2.0,청,상품,g,100.0,835.0,,723.0,947.0,780.0,2020,중순,2020-12-11,상추-청,12,11,False,False,False,False,False,False,False,False,False,False,False,True,False,True,False,상추(청),,,,,,
202012중순,214.0,상추,2.0,청,상품,g,100.0,835.0,,723.0,947.0,780.0,2020,중순,2020-12-11,상추-청,12,11,False,False,False,False,False,False,False,False,False,False,False,True,False,True,False,상추(청),,,,,,
202012중순,214.0,상추,2.0,청,상품,g,100.0,835.0,,723.0,947.0,780.0,2020,중순,2020-12-11,상추-청,12,11,False,False,False,False,False,False,False,False,False,False,False,True,False,True,False,상추(청),,,,,,
202012중순,214.0,상추,2.0,청,상품,g,100.0,835.0,,723.0,947.0,780.0,2020,중순,2020-12-11,상추-청,12,11,False,False,False,False,False,False,False,False,False,False,False,True,False,True,False,상추(청),,,,,,
202012중순,214.0,상추,2.0,청,상품,g,100.0,835.0,,723.0,947.0,780.0,2020,중순,2020-12-11,상추-청,12,11,False,False,False,False,False,False,False,False,False,False,False,True,False,True,False,상추(청),,,,,,
202012중순,214.0,상추,2.0,청,상품,g,100.0,835.0,,723.0,947.0,780.0,2020,중순,2020-12-11,상추-청,12,11,False,False,False,False,False,False,False,False,False,False,False,True,False,True,False,상추(청),,,,,,
202012중순,214.0,상추,2.0,청,상품,g,100.0,835.0,,723.0,947.0,780.0,2020,중순,2020-12-11,상추-청,12,11,False,False,False,False,False,False,False,False,False,False,False,True,False,True,False,상추(청),,,,,,
202012중순,214.0,상추,2.0,청,상품,g,100.0,835.0,,723.0,947.0,780.0,2020,중순,2020-12-11,상추-청,12,11,False,False,False,False,False,False,False,False,False,False,False,True,False,True,False,상추(청),,,,,,
202012중순,214.0,상추,2.0,청,상품,g,100.0,835.0,,723.0,947.0,780.0,2020,중순,2020-12-11,상추-청,12,11,False,False,False,False,False,False,False,False,False,False,False,True,False,True,False,상추(청),,,,,,
202012중순,214.0,상추,2.0,청,상품,g,100.0,835.0,,723.0,947.0,780.0,2020,중순,2020-12-11,상추-청,12,11,False,False,False,False,False,False,False,False,False,False,False,True,False,True,False,상추(청),,,,,,
202012중순,214.0,상추,2.0,청,상품,g,100.0,835.0,,723.0,947.0,780.0,2020,중순,2020-12-11,상추-청,12,11,False,False,False,False,False,False,False,False,False,False,False,True,False,True,False,상추(청),,,,,,
202012중순,214.0,상추,2.0,청,상품,g,100.0,835.0,,723.0,947.0,780.0,2020,중순,2020-12-11,상추-청,12,11,False,False,False,False,False,False,False,False,False,False,False,True,False,True,False,상추(청),,,,,,
202012중순,214.0,상추,2.0,청,상품,g,100.0,835.0,,723.0,947.0,780.0,2020,중순,2020-12-11,상추-청,12,11,False,False,False,False,False,False,False,False,False,False,False,True,False,True,False,상추(청),,,,,,
202012중순,214.0,상추,2.0,청,상품,g,100.0,835.0,,723.0,947.0,780.0,2020,중순,2020-12-11,상추-청,12,11,False,False,False,False,False,False,False,False,False,False,False,True,False,True,False,상추(청),,,,,,
202012중순,214.0,상추,2.0,청,상품,g,100.0,835.0,,723.0,947.0,780.0,2020,중순,2020-12-11,상추-청,12,11,False,False,False,False,False,False,False,False,False,False,False,True,False,True,False,상추(청),,,,,,
202012중순,214.0,상추,2.0,청,상품,g,100.0,835.0,,723.0,947.0,780.0,2020,중순,2020-12-11,상추-청,12,11,False,False,False,False,False,False,False,False,False,False,False,True,False,True,False,상추(청),,,,,,
202012중순,214.0,상추,2.0,청,상품,g,100.0,835.0,,723.0,947.0,780.0,2020,중순,2020-12-11,상추-청,12,11,False,False,False,False,False,False,False,False,False,False,False,True,False,True,False,상추(청),,,,,,
202012중순,214.0,상추,2.0,청,상품,g,100.0,835.0,,723.0,947.0,780.0,2020,중순,2020-12-11,상추-청,12,11,False,False,False,False,False,False,False,False,False,False,False,True,False,True,False,상추(청),,,,,,
202012중순,214.0,상추,2.0,청,상품,g,100.0,835.0,,723.0,947.0,780.0,2020,중순,2020-12-11,상추-청,12,11,False,False,False,False,False,False,False,False,False,False,False,True,False,True,False,상추(청),,,,,,
202012하순,214.0,상추,2.0,청,상품,g,100.0,920.0,,690.0,970.0,832.0,2020,하순,2020-12-21,상추-청,12,21,False,False,False,False,False,False,False,False,False,False,False,True,False,False,True,상추(청),,,,,,
202012하순,214.0,상추,2.0,청,상품,g,100.0,920.0,,690.0,970.0,832.0,2020,하순,2020-12-21,상추-청,12,21,False,False,False,False,False,False,False,False,False,False,False,True,False,False,True,상추(청),,,,,,
202012하순,214.0,상추,2.0,청,상품,g,100.0,920.0,,690.0,970.0,832.0,2020,하순,2020-12-21,상추-청,12,21,False,False,False,False,False,False,False,False,False,False,False,True,False,False,True,상추(청),,,,,,
202012하순,214.0,상추,2.0,청,상품,g,100.0,920.0,,690.0,970.0,832.0,2020,하순,2020-12-21,상추-청,12,21,False,False,False,False,False,False,False,False,False,False,False,True,False,False,True,상추(청),,,,,,
202012하순,214.0,상추,2.0,청,상품,g,100.0,920.0,,690.0,970.0,832.0,2020,하순,2020-12-21,상추-청,12,21,False,False,False,False,False,False,False,False,False,False,False,True,False,False,True,상추(청),,,,,,
202012하순,214.0,상추,2.0,청,상품,g,100.0,920.0,,690.0,970.0,832.0,2020,하순,2020-12-21,상추-청,12,21,False,False,False,False,False,False,False,False,False,False,False,True,False,False,True,상추(청),,,,,,
202012하순,214.0,상추,2.0,청,상품,g,100.0,920.0,,690.0,970.0,832.0,2020,하순,2020-12-21,상추-청,12,21,False,False,False,False,False,False,False,False,False,False,False,True,False,False,True,상추(청),,,,,,
202012하순,214.0,상추,2.0,청,상품,g,100.0,920.0,,690.0,970.0,832.0,2020,하순,2020-12-21,상추-청,12,21,False,False,False,False,False,False,False,False,False,False,False,True,False,False,True,상추(청),,,,,,
202012하순,214.0,상추,2.0,청,상품,g,100.0,920.0,,690.0,970.0,832.0,2020,하순,2020-12-21,상추-청,12,21,False,False,False,False,False,False,False,False,False,False,False,True,False,False,True,상추(청),,,,,,
202012하순,214.0,상추,2.0,청,상품,g,100.0,920.0,,690.0,970.0,832.0,2020,하순,2020-12-21,상추-청,12,21,False,False,False,False,False,False,False,False,False,False,False,True,False,False,True,상추(청),,,,,,
202012하순,214.0,상추,2.0,청,상품,g,100.0,920.0,,690.0,970.0,832.0,2020,하순,2020-12-21,상추-청,12,21,False,False,False,False,False,False,False,False,False,False,False,True,False,False,True,상추(청),,,,,,
202012하순,214.0,상추,2.0,청,상품,g,100.0,920.0,,690.0,970.0,832.0,2020,하순,2020-12-21,상추-청,12,21,False,False,False,False,False,False,False,False,False,False,False,True,False,False,True,상추(청),,,,,,
202012하순,214.0,상추,2.0,청,상품,g,100.0,920.0,,690.0,970.0,832.0,2020,하순,2020-12-21,상추-청,12,21,False,False,False,False,False,False,False,False,False,False,False,True,False,False,True,상추(청),,,,,,
202012하순,214.0,상추,2.0,청,상품,g,100.0,920.0,,690.0,970.0,832.0,2020,하순,2020-12-21,상추-청,12,21,False,False,False,False,False,False,False,False,False,False,False,True,False,False,True,상추(청),,,,,,
202012하순,214.0,상추,2.0,청,상품,g,100.0,920.0,,690.0,970.0,832.0,2020,하순,2020-12-21,상추-청,12,21,False,False,False,False,False,False,False,False,False,False,False,True,False,False,True,상추(청),,,,,,
202012하순,214.0,상추,2.0,청,상품,g,100.0,920.0,,690.0,970.0,832.0,2020,하순,2020-12-21,상추-청,12,21,False,False,False,False,False,False,False,False,False,False,False,True,False,False,True,상추(청),,,,,,
202012하순,214.0,상추,2.0,청,상품,g,100.0,920.0,,690.0,970.0,832.0,2020,하순,2020-12-21,상추-청,12,21,False,False,False,False,False,False,False,False,False,False,False,True,False,False,True,상추(청),,,,,,
202012하순,214.0,상추,2.0,청,상품,g,100.0,920.0,,690.0,970.0,832.0,2020,하순,2020-12-21,상추-청,12,21,False,False,False,False,False,False,False,False,False,False,False,True,False,False,True,상추(청),,,,,,
202012하순,214.0,상추,2.0,청,상품,g,100.0,920.0,,690.0,970.0,832.0,2020,하순,2020-12-21,상추-청,12,21,False,False,False,False,False,False,False,False,False,False,False,True,False,False,True,상추(청),,,,,,
202012하순,214.0,상추,2.0,청,상품,g,100.0,920.0,,690.0,970.0,832.0,2020,하순,2020-12-21,상추-청,12,21,False,False,False,False,False,False,False,False,False,False,False,True,False,False,True,상추(청),,,,,,
202012하순,214.0,상추,2.0,청,상품,g,100.0,920.0,,690.0,970.0,832.0,2020,하순,2020-12-21,상추-청,12,21,False,False,False,False,False,False,False,False,False,False,False,True,False,False,True,상추(청),,,,,,
202012하순,214.0,상추,2.0,청,상품,g,100.0,920.0,,690.0,970.0,832.0,2020,하순,2020-12-21,상추-청,12,21,False,False,False,False,False,False,False,False,False,False,False,True,False,False,True,상추(청),,,,,,
202012하순,214.0,상추,2.0,청,상품,g,100.0,920.0,,690.0,970.0,832.0,2020,하순,2020-12-21,상추-청,12,21,False,False,False,False,False,False,False,False,False,False,False,True,False,False,True,상추(청),,,,,,
202012하순,214.0,상추,2.0,청,상품,g,100.0,920.0,,690.0,970.0,832.0,2020,하순,2020-12-21,상추-청,12,21,False,False,False,False,False,False,False,False,False,False,False,True,False,False,True,상추(청),,,,,,
202012하순,214.0,상추,2.0,청,상품,g,100.0,920.0,,690.0,970.0,832.0,2020,하순,2020-12-21,상추-청,12,21,False,False,False,False,False,False,False,False,False,False,False,True,False,False,True,상추(청),,,,,,
202012하순,214.0,상추,2.0,청,상품,g,100.0,920.0,,690.0,970.0,832.0,2020,하순,2020-12-21,상추-청,12,21,False,False,False,False,False,False,False,False,False,False,False,True,False,False,True,상추(청),,,,,,
202012하순,214.0,상추,2.0,청,상품,g,100.0,920.0,,690.0,970.0,832.0,2020,하순,2020-12-21,상추-청,12,21,False,False,False,False,False,False,False,False,False,False,False,True,False,False,True,상추(청),,,,,,
202101상순,214.0,상추,2.0,청,상품,g,100.0,1094.0,,705.0,1127.0,942.333333333333,2021,상순,2021-01-01,상추-청,1,1,True,False,False,False,False,False,False,False,False,False,False,False,True,False,False,상추(청),,,,,,
202101상순,214.0,상추,2.0,청,상품,g,100.0,1094.0,,705.0,1127.0,942.333333333333,2021,상순,2021-01-01,상추-청,1,1,True,False,False,False,False,False,False,False,False,False,False,False,True,False,False,상추(청),,,,,,
202101상순,214.0,상추,2.0,청,상품,g,100.0,1094.0,,705.0,1127.0,942.333333333333,2021,상순,2021-01-01,상추-청,1,1,True,False,False,False,False,False,False,False,False,False,False,False,True,False,False,상추(청),,,,,,
202101상순,214.0,상추,2.0,청,상품,g,100.0,1094.0,,705.0,1127.0,942.333333333333,2021,상순,2021-01-01,상추-청,1,1,True,False,False,False,False,False,False,False,False,False,False,False,True,False,False,상추(청),,,,,,
202101상순,214.0,상추,2.0,청,상품,g,100.0,1094.0,,705.0,1127.0,942.333333333333,2021,상순,2021-01-01,상추-청,1,1,True,False,False,False,False,False,False,False,False,False,False,False,True,False,False,상추(청),,,,,,
202101상순,214.0,상추,2.0,청,상품,g,100.0,1094.0,,705.0,1127.0,942.333333333333,2021,상순,2021-01-01,상추-청,1,1,True,False,False,False,False,False,False,False,False,False,False,False,True,False,False,상추(청),,,,,,
202101상순,214.0,상추,2.0,청,상품,g,100.0,1094.0,,705.0,1127.0,942.333333333333,2021,상순,2021-01-01,상추-청,1,1,True,False,False,False,False,False,False,False,False,False,False,False,True,False,False,상추(청),,,,,,
202101상순,214.0,상추,2.0,청,상품,g,100.0,1094.0,,705.0,1127.0,942.333333333333,2021,상순,2021-01-01,상추-청,1,1,True,False,False,False,False,False,False,False,False,False,False,False,True,False,False,상추(청),,,,,,
202101상순,214.0,상추,2.0,청,상품,g,100.0,1094.0,,705.0,1127.0,942.333333333333,2021,상순,2021-01-01,상추-청,1,1,True,False,False,False,False,False,False,False,False,False,False,False,True,False,False,상추(청),,,,,,
202101상순,214.0,상추,2.0,청,상품,g,100.0,1094.0,,705.0,1127.0,942.333333333333,2021,상순,2021-01-01,상추-청,1,1,True,False,False,False,False,False,False,False,False,False,False,False,True,False,False,상추(청),,,,,,
202101상순,214.0,상추,2.0,청,상품,g,100.0,1094.0,,705.0,1127.0,942.333333333333,2021,상순,2021-01-01,상추-청,1,1,True,False,False,False,False,False,False,False,False,False,False,False,True,False,False,상추(청),,,,,,
202101상순,214.0,상추,2.0,청,상품,g,100.0,1094.0,,705.0,1127.0,942.333333333333,2021,상순,2021-01-01,상추-청,1,1,True,False,False,False,False,False,False,False,False,False,False,False,True,False,False,상추(청),,,,,,
202101상순,214.0,상추,2.0,청,상품,g,100.0,1094.0,,705.0,1127.0,942.333333333333,2021,상순,2021-01-01,상추-청,1,1,True,False,False,False,False,False,False,False,False,False,False,False,True,False,False,상추(청),,,,,,
202101상순,214.0,상추,2.0,청,상품,g,100.0,1094.0,,705.0,1127.0,942.333333333333,2021,상순,2021-01-01,상추-청,1,1,True,False,False,False,False,False,False,False,False,False,False,False,True,False,False,상추(청),,,,,,
202101상순,214.0,상추,2.0,청,상품,g,100.0,1094.0,,705.0,1127.0,942.333333333333,2021,상순,2021-01-01,상추-청,1,1,True,False,False,False,False,False,False,False,False,False,False,False,True,False,False,상추(청),,,,,,
202101상순,214.0,상추,2.0,청,상품,g,100.0,1094.0,,705.0,1127.0,942.333333333333,2021,상순,2021-01-01,상추-청,1,1,True,False,False,False,False,False,False,False,False,False,False,False,True,False,False,상추(청),,,,,,
202101상순,214.0,상추,2.0,청,상품,g,100.0,1094.0,,705.0,1127.0,942.333333333333,2021,상순,2021-01-01,상추-청,1,1,True,False,False,False,False,False,False,False,False,False,False,False,True,False,False,상추(청),,,,,,
202101상순,214.0,상추,2.0,청,상품,g,100.0,1094.0,,705.0,1127.0,942.333333333333,2021,상순,2021-01-01,상추-청,1,1,True,False,False,False,False,False,False,False,False,False,False,False,True,False,False,상추(청),,,,,,
202101상순,214.0,상추,2.0,청,상품,g,100.0,1094.0,,705.0,1127.0,942.333333333333,2021,상순,2021-01-01,상추-청,1,1,True,False,False,False,False,False,False,False,False,False,False,False,True,False,False,상추(청),,,,,,
202101상순,214.0,상추,2.0,청,상품,g,100.0,1094.0,,705.0,1127.0,942.333333333333,2021,상순,2021-01-01,상추-청,1,1,True,False,False,False,False,False,False,False,False,False,False,False,True,False,False,상추(청),,,,,,
202101상순,214.0,상추,2.0,청,상품,g,100.0,1094.0,,705.0,1127.0,942.333333333333,2021,상순,2021-01-01,상추-청,1,1,True,False,False,False,False,False,False,False,False,False,False,False,True,False,False,상추(청),,,,,,
202101상순,214.0,상추,2.0,청,상품,g,100.0,1094.0,,705.0,1127.0,942.333333333333,2021,상순,2021-01-01,상추-청,1,1,True,False,False,False,False,False,False,False,False,False,False,False,True,False,False,상추(청),,,,,,
202101상순,214.0,상추,2.0,청,상품,g,100.0,1094.0,,705.0,1127.0,942.333333333333,2021,상순,2021-01-01,상추-청,1,1,True,False,False,False,False,False,False,False,False,False,False,False,True,False,False,상추(청),,,,,,
202101상순,214.0,상추,2.0,청,상품,g,100.0,1094.0,,705.0,1127.0,942.333333333333,2021,상순,2021-01-01,상추-청,1,1,True,False,False,False,False,False,False,False,False,False,False,False,True,False,False,상추(청),,,,,,
202101상순,214.0,상추,2.0,청,상품,g,100.0,1094.0,,705.0,1127.0,942.333333333333,2021,상순,2021-01-01,상추-청,1,1,True,False,False,False,False,False,False,False,False,False,False,False,True,False,False,상추(청),,,,,,
202101중순,214.0,상추,2.0,청,상품,g,100.0,1221.0,,835.0,1316.0,935.666666666666,2021,중순,2021-01-11,상추-청,1,11,True,False,False,False,False,False,False,False,False,False,False,False,False,True,False,상추(청),,,,,,
202101중순,214.0,상추,2.0,청,상품,g,100.0,1221.0,,835.0,1316.0,935.666666666666,2021,중순,2021-01-11,상추-청,1,11,True,False,False,False,False,False,False,False,False,False,False,False,False,True,False,상추(청),,,,,,
202101중순,214.0,상추,2.0,청,상품,g,100.0,1221.0,,835.0,1316.0,935.666666666666,2021,중순,2021-01-11,상추-청,1,11,True,False,False,False,False,False,False,False,False,False,False,False,False,True,False,상추(청),,,,,,
202101중순,214.0,상추,2.0,청,상품,g,100.0,1221.0,,835.0,1316.0,935.666666666666,2021,중순,2021-01-11,상추-청,1,11,True,False,False,False,False,False,False,False,False,False,False,False,False,True,False,상추(청),,,,,,
202101중순,214.0,상추,2.0,청,상품,g,100.0,1221.0,,835.0,1316.0,935.666666666666,2021,중순,2021-01-11,상추-청,1,11,True,False,False,False,False,False,False,False,False,False,False,False,False,True,False,상추(청),,,,,,
202101중순,214.0,상추,2.0,청,상품,g,100.0,1221.0,,835.0,1316.0,935.666666666666,2021,중순,2021-01-11,상추-청,1,11,True,False,False,False,False,False,False,False,False,False,False,False,False,True,False,상추(청),,,,,,
202101중순,214.0,상추,2.0,청,상품,g,100.0,1221.0,,835.0,1316.0,935.666666666666,2021,중순,2021-01-11,상추-청,1,11,True,False,False,False,False,False,False,False,False,False,False,False,False,True,False,상추(청),,,,,,
202101중순,214.0,상추,2.0,청,상품,g,100.0,1221.0,,835.0,1316.0,935.666666666666,2021,중순,2021-01-11,상추-청,1,11,True,False,False,False,False,False,False,False,False,False,False,False,False,True,False,상추(청),,,,,,
202101중순,214.0,상추,2.0,청,상품,g,100.0,1221.0,,835.0,1316.0,935.666666666666,2021,중순,2021-01-11,상추-청,1,11,True,False,False,False,False,False,False,False,False,False,False,False,False,True,False,상추(청),,,,,,
202101중순,214.0,상추,2.0,청,상품,g,100.0,1221.0,,835.0,1316.0,935.666666666666,2021,중순,2021-01-11,상추-청,1,11,True,False,False,False,False,False,False,False,False,False,False,False,False,True,False,상추(청),,,,,,
202101중순,214.0,상추,2.0,청,상품,g,100.0,1221.0,,835.0,1316.0,935.666666666666,2021,중순,2021-01-11,상추-청,1,11,True,False,False,False,False,False,False,False,False,False,False,False,False,True,False,상추(청),,,,,,
202101중순,214.0,상추,2.0,청,상품,g,100.0,1221.0,,835.0,1316.0,935.666666666666,2021,중순,2021-01-11,상추-청,1,11,True,False,False,False,False,False,False,False,False,False,False,False,False,True,False,상추(청),,,,,,
202101중순,214.0,상추,2.0,청,상품,g,100.0,1221.0,,835.0,1316.0,935.666666666666,2021,중순,2021-01-11,상추-청,1,11,True,False,False,False,False,False,False,False,False,False,False,False,False,True,False,상추(청),,,,,,
202101중순,214.0,상추,2.0,청,상품,g,100.0,1221.0,,835.0,1316.0,935.666666666666,2021,중순,2021-01-11,상추-청,1,11,True,False,False,False,False,False,False,False,False,False,False,False,False,True,False,상추(청),,,,,,
202101중순,214.0,상추,2.0,청,상품,g,100.0,1221.0,,835.0,1316.0,935.666666666666,2021,중순,2021-01-11,상추-청,1,11,True,False,False,False,False,False,False,False,False,False,False,False,False,True,False,상추(청),,,,,,
202101중순,214.0,상추,2.0,청,상품,g,100.0,1221.0,,835.0,1316.0,935.666666666666,2021,중순,2021-01-11,상추-청,1,11,True,False,False,False,False,False,False,False,False,False,False,False,False,True,False,상추(청),,,,,,
202101중순,214.0,상추,2.0,청,상품,g,100.0,1221.0,,835.0,1316.0,935.666666666666,2021,중순,2021-01-11,상추-청,1,11,True,False,False,False,False,False,False,False,False,False,False,False,False,True,False,상추(청),,,,,,
202101중순,214.0,상추,2.0,청,상품,g,100.0,1221.0,,835.0,1316.0,935.666666666666,2021,중순,2021-01-11,상추-청,1,11,True,False,False,False,False,False,False,False,False,False,False,False,False,True,False,상추(청),,,,,,
202101중순,214.0,상추,2.0,청,상품,g,100.0,1221.0,,835.0,1316.0,935.666666666666,2021,중순,2021-01-11,상추-청,1,11,True,False,False,False,False,False,False,False,False,False,False,False,False,True,False,상추(청),,,,,,
202101중순,214.0,상추,2.0,청,상품,g,100.0,1221.0,,835.0,1316.0,935.666666666666,2021,중순,2021-01-11,상추-청,1,11,True,False,False,False,False,False,False,False,False,False,False,False,False,True,False,상추(청),,,,,,
202101중순,214.0,상추,2.0,청,상품,g,100.0,1221.0,,835.0,1316.0,935.666666666666,2021,중순,2021-01-11,상추-청,1,11,True,False,False,False,False,False,False,False,False,False,False,False,False,True,False,상추(청),,,,,,
202101중순,214.0,상추,2.0,청,상품,g,100.0,1221.0,,835.0,1316.0,935.666666666666,2021,중순,2021-01-11,상추-청,1,11,True,False,False,False,False,False,False,False,False,False,False,False,False,True,False,상추(청),,,,,,
202101중순,214.0,상추,2.0,청,상품,g,100.0,1221.0,,835.0,1316.0,935.666666666666,2021,중순,2021-01-11,상추-청,1,11,True,False,False,False,False,False,False,False,False,False,False,False,False,True,False,상추(청),,,,,,
202101하순,214.0,상추,2.0,청,상품,g,100.0,1214.0,,920.0,1377.0,888.0,2021,하순,2021-01-21,상추-청,1,21,True,False,False,False,False,False,False,False,False,False,False,False,False,False,True,상추(청),,,,,,
202101하순,214.0,상추,2.0,청,상품,g,100.0,1214.0,,920.0,1377.0,888.0,2021,하순,2021-01-21,상추-청,1,21,True,False,False,False,False,False,False,False,False,False,False,False,False,False,True,상추(청),,,,,,
202101하순,214.0,상추,2.0,청,상품,g,100.0,1214.0,,920.0,1377.0,888.0,2021,하순,2021-01-21,상추-청,1,21,True,False,False,False,False,False,False,False,False,False,False,False,False,False,True,상추(청),,,,,,
202101하순,214.0,상추,2.0,청,상품,g,100.0,1214.0,,920.0,1377.0,888.0,2021,하순,2021-01-21,상추-청,1,21,True,False,False,False,False,False,False,False,False,False,False,False,False,False,True,상추(청),,,,,,
202101하순,214.0,상추,2.0,청,상품,g,100.0,1214.0,,920.0,1377.0,888.0,2021,하순,2021-01-21,상추-청,1,21,True,False,False,False,False,False,False,False,False,False,False,False,False,False,True,상추(청),,,,,,
202101하순,214.0,상추,2.0,청,상품,g,100.0,1214.0,,920.0,1377.0,888.0,2021,하순,2021-01-21,상추-청,1,21,True,False,False,False,False,False,False,False,False,False,False,False,False,False,True,상추(청),,,,,,
202101하순,214.0,상추,2.0,청,상품,g,100.0,1214.0,,920.0,1377.0,888.0,2021,하순,2021-01-21,상추-청,1,21,True,False,False,False,False,False,False,False,False,False,False,False,False,False,True,상추(청),,,,,,
202101하순,214.0,상추,2.0,청,상품,g,100.0,1214.0,,920.0,1377.0,888.0,2021,하순,2021-01-21,상추-청,1,21,True,False,False,False,False,False,False,False,False,False,False,False,False,False,True,상추(청),,,,,,
202101하순,214.0,상추,2.0,청,상품,g,100.0,1214.0,,920.0,1377.0,888.0,2021,하순,2021-01-21,상추-청,1,21,True,False,False,False,False,False,False,False,False,False,False,False,False,False,True,상추(청),,,,,,
202101하순,214.0,상추,2.0,청,상품,g,100.0,1214.0,,920.0,1377.0,888.0,2021,하순,2021-01-21,상추-청,1,21,True,False,False,False,False,False,False,False,False,False,False,False,False,False,True,상추(청),,,,,,
202101하순,214.0,상추,2.0,청,상품,g,100.0,1214.0,,920.0,1377.0,888.0,2021,하순,2021-01-21,상추-청,1,21,True,False,False,False,False,False,False,False,False,False,False,False,False,False,True,상추(청),,,,,,
202101하순,214.0,상추,2.0,청,상품,g,100.0,1214.0,,920.0,1377.0,888.0,2021,하순,2021-01-21,상추-청,1,21,True,False,False,False,False,False,False,False,False,False,False,False,False,False,True,상추(청),,,,,,
202101하순,214.0,상추,2.0,청,상품,g,100.0,1214.0,,920.0,1377.0,888.0,2021,하순,2021-01-21,상추-청,1,21,True,False,False,False,False,False,False,False,False,False,False,False,False,False,True,상추(청),,,,,,
202101하순,214.0,상추,2.0,청,상품,g,100.0,1214.0,,920.0,1377.0,888.0,2021,하순,2021-01-21,상추-청,1,21,True,False,False,False,False,False,False,False,False,False,False,False,False,False,True,상추(청),,,,,,
202101하순,214.0,상추,2.0,청,상품,g,100.0,1214.0,,920.0,1377.0,888.0,2021,하순,2021-01-21,상추-청,1,21,True,False,False,False,False,False,False,False,False,False,False,False,False,False,True,상추(청),,,,,,
202101하순,214.0,상추,2.0,청,상품,g,100.0,1214.0,,920.0,1377.0,888.0,2021,하순,2021-01-21,상추-청,1,21,True,False,False,False,False,False,False,False,False,False,False,False,False,False,True,상추(청),,,,,,
202101하순,214.0,상추,2.0,청,상품,g,100.0,1214.0,,920.0,1377.0,888.0,2021,하순,2021-01-21,상추-청,1,21,True,False,False,False,False,False,False,False,False,False,False,False,False,False,True,상추(청),,,,,,
202101하순,214.0,상추,2.0,청,상품,g,100.0,1214.0,,920.0,1377.0,888.0,2021,하순,2021-01-21,상추-청,1,21,True,False,False,False,False,False,False,False,False,False,False,False,False,False,True,상추(청),,,,,,
202101하순,214.0,상추,2.0,청,상품,g,100.0,1214.0,,920.0,1377.0,888.0,2021,하순,2021-01-21,상추-청,1,21,True,False,False,False,False,False,False,False,False,False,False,False,False,False,True,상추(청),,,,,,
202101하순,214.0,상추,2.0,청,상품,g,100.0,1214.0,,920.0,1377.0,888.0,2021,하순,2021-01-21,상추-청,1,21,True,False,False,False,False,False,False,False,False,False,False,False,False,False,True,상추(청),,,,,,
202101하순,214.0,상추,2.0,청,상품,g,100.0,1214.0,,920.0,1377.0,888.0,2021,하순,2021-01-21,상추-청,1,21,True,False,False,False,False,False,False,False,False,False,False,False,False,False,True,상추(청),,,,,,
202101하순,214.0,상추,2.0,청,상품,g,100.0,1214.0,,920.0,1377.0,888.0,2021,하순,2021-01-21,상추-청,1,21,True,False,False,False,False,False,False,False,False,False,False,False,False,False,True,상추(청),,,,,,
202101하순,214.0,상추,2.0,청,상품,g,100.0,1214.0,,920.0,1377.0,888.0,2021,하순,2021-01-21,상추-청,1,21,True,False,False,False,False,False,False,False,False,False,False,False,False,False,True,상추(청),,,,,,
202101하순,214.0,상추,2.0,청,상품,g,100.0,1214.0,,920.0,1377.0,888.0,2021,하순,2021-01-21,상추-청,1,21,True,False,False,False,False,False,False,False,False,False,False,False,False,False,True,상추(청),,,,,,
202102상순,214.0,상추,2.0,청,상품,g,100.0,1191.0,,1094.0,1143.0,911.333333333333,2021,상순,2021-02-01,상추-청,2,1,False,True,False,False,False,False,False,False,False,False,False,False,True,False,False,상추(청),,,,,,
202102상순,214.0,상추,2.0,청,상품,g,100.0,1191.0,,1094.0,1143.0,911.333333333333,2021,상순,2021-02-01,상추-청,2,1,False,True,False,False,False,False,False,False,False,False,False,False,True,False,False,상추(청),,,,,,
202102상순,214.0,상추,2.0,청,상품,g,100.0,1191.0,,1094.0,1143.0,911.333333333333,2021,상순,2021-02-01,상추-청,2,1,False,True,False,False,False,False,False,False,False,False,False,False,True,False,False,상추(청),,,,,,
202102상순,214.0,상추,2.0,청,상품,g,100.0,1191.0,,1094.0,1143.0,911.333333333333,2021,상순,2021-02-01,상추-청,2,1,False,True,False,False,False,False,False,False,False,False,False,False,True,False,False,상추(청),,,,,,
202102상순,214.0,상추,2.0,청,상품,g,100.0,1191.0,,1094.0,1143.0,911.333333333333,2021,상순,2021-02-01,상추-청,2,1,False,True,False,False,False,False,False,False,False,False,False,False,True,False,False,상추(청),,,,,,
202102상순,214.0,상추,2.0,청,상품,g,100.0,1191.0,,1094.0,1143.0,911.333333333333,2021,상순,2021-02-01,상추-청,2,1,False,True,False,False,False,False,False,False,False,False,False,False,True,False,False,상추(청),,,,,,
202102상순,214.0,상추,2.0,청,상품,g,100.0,1191.0,,1094.0,1143.0,911.333333333333,2021,상순,2021-02-01,상추-청,2,1,False,True,False,False,False,False,False,False,False,False,False,False,True,False,False,상추(청),,,,,,
202102상순,214.0,상추,2.0,청,상품,g,100.0,1191.0,,1094.0,1143.0,911.333333333333,2021,상순,2021-02-01,상추-청,2,1,False,True,False,False,False,False,False,False,False,False,False,False,True,False,False,상추(청),,,,,,
202102상순,214.0,상추,2.0,청,상품,g,100.0,1191.0,,1094.0,1143.0,911.333333333333,2021,상순,2021-02-01,상추-청,2,1,False,True,False,False,False,False,False,False,False,False,False,False,True,False,False,상추(청),,,,,,
202102상순,214.0,상추,2.0,청,상품,g,100.0,1191.0,,1094.0,1143.0,911.333333333333,2021,상순,2021-02-01,상추-청,2,1,False,True,False,False,False,False,False,False,False,False,False,False,True,False,False,상추(청),,,,,,
202102상순,214.0,상추,2.0,청,상품,g,100.0,1191.0,,1094.0,1143.0,911.333333333333,2021,상순,2021-02-01,상추-청,2,1,False,True,False,False,False,False,False,False,False,False,False,False,True,False,False,상추(청),,,,,,
202102상순,214.0,상추,2.0,청,상품,g,100.0,1191.0,,1094.0,1143.0,911.333333333333,2021,상순,2021-02-01,상추-청,2,1,False,True,False,False,False,False,False,False,False,False,False,False,True,False,False,상추(청),,,,,,
202102상순,214.0,상추,2.0,청,상품,g,100.0,1191.0,,1094.0,1143.0,911.333333333333,2021,상순,2021-02-01,상추-청,2,1,False,True,False,False,False,False,False,False,False,False,False,False,True,False,False,상추(청),,,,,,
202102상순,214.0,상추,2.0,청,상품,g,100.0,1191.0,,1094.0,1143.0,911.333333333333,2021,상순,2021-02-01,상추-청,2,1,False,True,False,False,False,False,False,False,False,False,False,False,True,False,False,상추(청),,,,,,
202102상순,214.0,상추,2.0,청,상품,g,100.0,1191.0,,1094.0,1143.0,911.333333333333,2021,상순,2021-02-01,상추-청,2,1,False,True,False,False,False,False,False,False,False,False,False,False,True,False,False,상추(청),,,,,,
202102상순,214.0,상추,2.0,청,상품,g,100.0,1191.0,,1094.0,1143.0,911.333333333333,2021,상순,2021-02-01,상추-청,2,1,False,True,False,False,False,False,False,False,False,False,False,False,True,False,False,상추(청),,,,,,
202102상순,214.0,상추,2.0,청,상품,g,100.0,1191.0,,1094.0,1143.0,911.333333333333,2021,상순,2021-02-01,상추-청,2,1,False,True,False,False,False,False,False,False,False,False,False,False,True,False,False,상추(청),,,,,,
202102상순,214.0,상추,2.0,청,상품,g,100.0,1191.0,,1094.0,1143.0,911.333333333333,2021,상순,2021-02-01,상추-청,2,1,False,True,False,False,False,False,False,False,False,False,False,False,True,False,False,상추(청),,,,,,
202102상순,214.0,상추,2.0,청,상품,g,100.0,1191.0,,1094.0,1143.0,911.333333333333,2021,상순,2021-02-01,상추-청,2,1,False,True,False,False,False,False,False,False,False,False,False,False,True,False,False,상추(청),,,,,,
202102상순,214.0,상추,2.0,청,상품,g,100.0,1191.0,,1094.0,1143.0,911.333333333333,2021,상순,2021-02-01,상추-청,2,1,False,True,False,False,False,False,False,False,False,False,False,False,True,False,False,상추(청),,,,,,
202102상순,214.0,상추,2.0,청,상품,g,100.0,1191.0,,1094.0,1143.0,911.333333333333,2021,상순,2021-02-01,상추-청,2,1,False,True,False,False,False,False,False,False,False,False,False,False,True,False,False,상추(청),,,,,,
202102상순,214.0,상추,2.0,청,상품,g,100.0,1191.0,,1094.0,1143.0,911.333333333333,2021,상순,2021-02-01,상추-청,2,1,False,True,False,False,False,False,False,False,False,False,False,False,True,False,False,상추(청),,,,,,
202102상순,214.0,상추,2.0,청,상품,g,100.0,1191.0,,1094.0,1143.0,911.333333333333,2021,상순,2021-02-01,상추-청,2,1,False,True,False,False,False,False,False,False,False,False,False,False,True,False,False,상추(청),,,,,,
202102상순,214.0,상추,2.0,청,상품,g,100.0,1191.0,,1094.0,1143.0,911.333333333333,2021,상순,2021-02-01,상추-청,2,1,False,True,False,False,False,False,False,False,False,False,False,False,True,False,False,상추(청),,,,,,
202102중순,214.0,상추,2.0,청,상품,g,100.0,1139.0,,1221.0,932.0,864.333333333333,2021,중순,2021-02-11,상추-청,2,11,False,True,False,False,False,False,False,False,False,False,False,False,False,True,False,상추(청),,,,,,
202102중순,214.0,상추,2.0,청,상품,g,100.0,1139.0,,1221.0,932.0,864.333333333333,2021,중순,2021-02-11,상추-청,2,11,False,True,False,False,False,False,False,False,False,False,False,False,False,True,False,상추(청),,,,,,
202102중순,214.0,상추,2.0,청,상품,g,100.0,1139.0,,1221.0,932.0,864.333333333333,2021,중순,2021-02-11,상추-청,2,11,False,True,False,False,False,False,False,False,False,False,False,False,False,True,False,상추(청),,,,,,
202102중순,214.0,상추,2.0,청,상품,g,100.0,1139.0,,1221.0,932.0,864.333333333333,2021,중순,2021-02-11,상추-청,2,11,False,True,False,False,False,False,False,False,False,False,False,False,False,True,False,상추(청),,,,,,
202102중순,214.0,상추,2.0,청,상품,g,100.0,1139.0,,1221.0,932.0,864.333333333333,2021,중순,2021-02-11,상추-청,2,11,False,True,False,False,False,False,False,False,False,False,False,False,False,True,False,상추(청),,,,,,
202102중순,214.0,상추,2.0,청,상품,g,100.0,1139.0,,1221.0,932.0,864.333333333333,2021,중순,2021-02-11,상추-청,2,11,False,True,False,False,False,False,False,False,False,False,False,False,False,True,False,상추(청),,,,,,
202102중순,214.0,상추,2.0,청,상품,g,100.0,1139.0,,1221.0,932.0,864.333333333333,2021,중순,2021-02-11,상추-청,2,11,False,True,False,False,False,False,False,False,False,False,False,False,False,True,False,상추(청),,,,,,
202102중순,214.0,상추,2.0,청,상품,g,100.0,1139.0,,1221.0,932.0,864.333333333333,2021,중순,2021-02-11,상추-청,2,11,False,True,False,False,False,False,False,False,False,False,False,False,False,True,False,상추(청),,,,,,
202102중순,214.0,상추,2.0,청,상품,g,100.0,1139.0,,1221.0,932.0,864.333333333333,2021,중순,2021-02-11,상추-청,2,11,False,True,False,False,False,False,False,False,False,False,False,False,False,True,False,상추(청),,,,,,
202102중순,214.0,상추,2.0,청,상품,g,100.0,1139.0,,1221.0,932.0,864.333333333333,2021,중순,2021-02-11,상추-청,2,11,False,True,False,False,False,False,False,False,False,False,False,False,False,True,False,상추(청),,,,,,
202102중순,214.0,상추,2.0,청,상품,g,100.0,1139.0,,1221.0,932.0,864.333333333333,2021,중순,2021-02-11,상추-청,2,11,False,True,False,False,False,False,False,False,False,False,False,False,False,True,False,상추(청),,,,,,
202102중순,214.0,상추,2.0,청,상품,g,100.0,1139.0,,1221.0,932.0,864.333333333333,2021,중순,2021-02-11,상추-청,2,11,False,True,False,False,False,False,False,False,False,False,False,False,False,True,False,상추(청),,,,,,
202102중순,214.0,상추,2.0,청,상품,g,100.0,1139.0,,1221.0,932.0,864.333333333333,2021,중순,2021-02-11,상추-청,2,11,False,True,False,False,False,False,False,False,False,False,False,False,False,True,False,상추(청),,,,,,
202102중순,214.0,상추,2.0,청,상품,g,100.0,1139.0,,1221.0,932.0,864.333333333333,2021,중순,2021-02-11,상추-청,2,11,False,True,False,False,False,False,False,False,False,False,False,False,False,True,False,상추(청),,,,,,
202102중순,214.0,상추,2.0,청,상품,g,100.0,1139.0,,1221.0,932.0,864.333333333333,2021,중순,2021-02-11,상추-청,2,11,False,True,False,False,False,False,False,False,False,False,False,False,False,True,False,상추(청),,,,,,
202102중순,214.0,상추,2.0,청,상품,g,100.0,1139.0,,1221.0,932.0,864.333333333333,2021,중순,2021-02-11,상추-청,2,11,False,True,False,False,False,False,False,False,False,False,False,False,False,True,False,상추(청),,,,,,
202102중순,214.0,상추,2.0,청,상품,g,100.0,1139.0,,1221.0,932.0,864.333333333333,2021,중순,2021-02-11,상추-청,2,11,False,True,False,False,False,False,False,False,False,False,False,False,False,True,False,상추(청),,,,,,
202102중순,214.0,상추,2.0,청,상품,g,100.0,1139.0,,1221.0,932.0,864.333333333333,2021,중순,2021-02-11,상추-청,2,11,False,True,False,False,False,False,False,False,False,False,False,False,False,True,False,상추(청),,,,,,
202102중순,214.0,상추,2.0,청,상품,g,100.0,1139.0,,1221.0,932.0,864.333333333333,2021,중순,2021-02-11,상추-청,2,11,False,True,False,False,False,False,False,False,False,False,False,False,False,True,False,상추(청),,,,,,
202102중순,214.0,상추,2.0,청,상품,g,100.0,1139.0,,1221.0,932.0,864.333333333333,2021,중순,2021-02-11,상추-청,2,11,False,True,False,False,False,False,False,False,False,False,False,False,False,True,False,상추(청),,,,,,
202102중순,214.0,상추,2.0,청,상품,g,100.0,1139.0,,1221.0,932.0,864.333333333333,2021,중순,2021-02-11,상추-청,2,11,False,True,False,False,False,False,False,False,False,False,False,False,False,True,False,상추(청),,,,,,
202102중순,214.0,상추,2.0,청,상품,g,100.0,1139.0,,1221.0,932.0,864.333333333333,2021,중순,2021-02-11,상추-청,2,11,False,True,False,False,False,False,False,False,False,False,False,False,False,True,False,상추(청),,,,,,
202102중순,214.0,상추,2.0,청,상품,g,100.0,1139.0,,1221.0,932.0,864.333333333333,2021,중순,2021-02-11,상추-청,2,11,False,True,False,False,False,False,False,False,False,False,False,False,False,True,False,상추(청),,,,,,
202102중순,214.0,상추,2.0,청,상품,g,100.0,1139.0,,1221.0,932.0,864.333333333333,2021,중순,2021-02-11,상추-청,2,11,False,True,False,False,False,False,False,False,False,False,False,False,False,True,False,상추(청),,,,,,
202102하순,214.0,상추,2.0,청,상품,g,100.0,1048.0,,1214.0,851.0,767.333333333333,2021,하순,2021-02-21,상추-청,2,21,False,True,False,False,False,False,False,False,False,False,False,False,False,False,True,상추(청),,,,,,
202102하순,214.0,상추,2.0,청,상품,g,100.0,1048.0,,1214.0,851.0,767.333333333333,2021,하순,2021-02-21,상추-청,2,21,False,True,False,False,False,False,False,False,False,False,False,False,False,False,True,상추(청),,,,,,
202102하순,214.0,상추,2.0,청,상품,g,100.0,1048.0,,1214.0,851.0,767.333333333333,2021,하순,2021-02-21,상추-청,2,21,False,True,False,False,False,False,False,False,False,False,False,False,False,False,True,상추(청),,,,,,
202102하순,214.0,상추,2.0,청,상품,g,100.0,1048.0,,1214.0,851.0,767.333333333333,2021,하순,2021-02-21,상추-청,2,21,False,True,False,False,False,False,False,False,False,False,False,False,False,False,True,상추(청),,,,,,
202102하순,214.0,상추,2.0,청,상품,g,100.0,1048.0,,1214.0,851.0,767.333333333333,2021,하순,2021-02-21,상추-청,2,21,False,True,False,False,False,False,False,False,False,False,False,False,False,False,True,상추(청),,,,,,
202102하순,214.0,상추,2.0,청,상품,g,100.0,1048.0,,1214.0,851.0,767.333333333333,2021,하순,2021-02-21,상추-청,2,21,False,True,False,False,False,False,False,False,False,False,False,False,False,False,True,상추(청),,,,,,
202102하순,214.0,상추,2.0,청,상품,g,100.0,1048.0,,1214.0,851.0,767.333333333333,2021,하순,2021-02-21,상추-청,2,21,False,True,False,False,False,False,False,False,False,False,False,False,False,False,True,상추(청),,,,,,
202102하순,214.0,상추,2.0,청,상품,g,100.0,1048.0,,1214.0,851.0,767.333333333333,2021,하순,2021-02-21,상추-청,2,21,False,True,False,False,False,False,False,False,False,False,False,False,False,False,True,상추(청),,,,,,
202102하순,214.0,상추,2.0,청,상품,g,100.0,1048.0,,1214.0,851.0,767.333333333333,2021,하순,2021-02-21,상추-청,2,21,False,True,False,False,False,False,False,False,False,False,False,False,False,False,True,상추(청),,,,,,
202102하순,214.0,상추,2.0,청,상품,g,100.0,1048.0,,1214.0,851.0,767.333333333333,2021,하순,2021-02-21,상추-청,2,21,False,True,False,False,False,False,False,False,False,False,False,False,False,False,True,상추(청),,,,,,
202102하순,214.0,상추,2.0,청,상품,g,100.0,1048.0,,1214.0,851.0,767.333333333333,2021,하순,2021-02-21,상추-청,2,21,False,True,False,False,False,False,False,False,False,False,False,False,False,False,True,상추(청),,,,,,
202102하순,214.0,상추,2.0,청,상품,g,100.0,1048.0,,1214.0,851.0,767.333333333333,2021,하순,2021-02-21,상추-청,2,21,False,True,False,False,False,False,False,False,False,False,False,False,False,False,True,상추(청),,,,,,
202102하순,214.0,상추,2.0,청,상품,g,100.0,1048.0,,1214.0,851.0,767.333333333333,2021,하순,2021-02-21,상추-청,2,21,False,True,False,False,False,False,False,False,False,False,False,False,False,False,True,상추(청),,,,,,
202102하순,214.0,상추,2.0,청,상품,g,100.0,1048.0,,1214.0,851.0,767.333333333333,2021,하순,2021-02-21,상추-청,2,21,False,True,False,False,False,False,False,False,False,False,False,False,False,False,True,상추(청),,,,,,
202102하순,214.0,상추,2.0,청,상품,g,100.0,1048.0,,1214.0,851.0,767.333333333333,2021,하순,2021-02-21,상추-청,2,21,False,True,False,False,False,False,False,False,False,False,False,False,False,False,True,상추(청),,,,,,
202102하순,214.0,상추,2.0,청,상품,g,100.0,1048.0,,1214.0,851.0,767.333333333333,2021,하순,2021-02-21,상추-청,2,21,False,True,False,False,False,False,False,False,False,False,False,False,False,False,True,상추(청),,,,,,
202102하순,214.0,상추,2.0,청,상품,g,100.0,1048.0,,1214.0,851.0,767.333333333333,2021,하순,2021-02-21,상추-청,2,21,False,True,False,False,False,False,False,False,False,False,False,False,False,False,True,상추(청),,,,,,
202102하순,214.0,상추,2.0,청,상품,g,100.0,1048.0,,1214.0,851.0,767.333333333333,2021,하순,2021-02-21,상추-청,2,21,False,True,False,False,False,False,False,False,False,False,False,False,False,False,True,상추(청),,,,,,
202102하순,214.0,상추,2.0,청,상품,g,100.0,1048.0,,1214.0,851.0,767.333333333333,2021,하순,2021-02-21,상추-청,2,21,False,True,False,False,False,False,False,False,False,False,False,False,False,False,True,상추(청),,,,,,
202102하순,214.0,상추,2.0,청,상품,g,100.0,1048.0,,1214.0,851.0,767.333333333333,2021,하순,2021-02-21,상추-청,2,21,False,True,False,False,False,False,False,False,False,False,False,False,False,False,True,상추(청),,,,,,
202102하순,214.0,상추,2.0,청,상품,g,100.0,1048.0,,1214.0,851.0,767.333333333333,2021,하순,2021-02-21,상추-청,2,21,False,True,False,False,False,False,False,False,False,False,False,False,False,False,True,상추(청),,,,,,
202102하순,214.0,상추,2.0,청,상품,g,100.0,1048.0,,1214.0,851.0,767.333333333333,2021,하순,2021-02-21,상추-청,2,21,False,True,False,False,False,False,False,False,False,False,False,False,False,False,True,상추(청),,,,,,
202102하순,214.0,상추,2.0,청,상품,g,100.0,1048.0,,1214.0,851.0,767.333333333333,2021,하순,2021-02-21,상추-청,2,21,False,True,False,False,False,False,False,False,False,False,False,False,False,False,True,상추(청),,,,,,
202102하순,214.0,상추,2.0,청,상품,g,100.0,1048.0,,1214.0,851.0,767.333333333333,2021,하순,2021-02-21,상추-청,2,21,False,True,False,False,False,False,False,False,False,False,False,False,False,False,True,상추(청),,,,,,
202103상순,214.0,상추,2.0,청,상품,g,100.0,885.0,,1191.0,811.0,679.666666666666,2021,상순,2021-03-01,상추-청,3,1,False,False,True,False,False,False,False,False,False,False,False,False,True,False,False,상추(청),,,,,,
202103상순,214.0,상추,2.0,청,상품,g,100.0,885.0,,1191.0,811.0,679.666666666666,2021,상순,2021-03-01,상추-청,3,1,False,False,True,False,False,False,False,False,False,False,False,False,True,False,False,상추(청),,,,,,
202103상순,214.0,상추,2.0,청,상품,g,100.0,885.0,,1191.0,811.0,679.666666666666,2021,상순,2021-03-01,상추-청,3,1,False,False,True,False,False,False,False,False,False,False,False,False,True,False,False,상추(청),,,,,,
202103상순,214.0,상추,2.0,청,상품,g,100.0,885.0,,1191.0,811.0,679.666666666666,2021,상순,2021-03-01,상추-청,3,1,False,False,True,False,False,False,False,False,False,False,False,False,True,False,False,상추(청),,,,,,
202103상순,214.0,상추,2.0,청,상품,g,100.0,885.0,,1191.0,811.0,679.666666666666,2021,상순,2021-03-01,상추-청,3,1,False,False,True,False,False,False,False,False,False,False,False,False,True,False,False,상추(청),,,,,,
202103상순,214.0,상추,2.0,청,상품,g,100.0,885.0,,1191.0,811.0,679.666666666666,2021,상순,2021-03-01,상추-청,3,1,False,False,True,False,False,False,False,False,False,False,False,False,True,False,False,상추(청),,,,,,
202103상순,214.0,상추,2.0,청,상품,g,100.0,885.0,,1191.0,811.0,679.666666666666,2021,상순,2021-03-01,상추-청,3,1,False,False,True,False,False,False,False,False,False,False,False,False,True,False,False,상추(청),,,,,,
202103상순,214.0,상추,2.0,청,상품,g,100.0,885.0,,1191.0,811.0,679.666666666666,2021,상순,2021-03-01,상추-청,3,1,False,False,True,False,False,False,False,False,False,False,False,False,True,False,False,상추(청),,,,,,
202103상순,214.0,상추,2.0,청,상품,g,100.0,885.0,,1191.0,811.0,679.666666666666,2021,상순,2021-03-01,상추-청,3,1,False,False,True,False,False,False,False,False,False,False,False,False,True,False,False,상추(청),,,,,,
202103상순,214.0,상추,2.0,청,상품,g,100.0,885.0,,1191.0,811.0,679.666666666666,2021,상순,2021-03-01,상추-청,3,1,False,False,True,False,False,False,False,False,False,False,False,False,True,False,False,상추(청),,,,,,
202103상순,214.0,상추,2.0,청,상품,g,100.0,885.0,,1191.0,811.0,679.666666666666,2021,상순,2021-03-01,상추-청,3,1,False,False,True,False,False,False,False,False,False,False,False,False,True,False,False,상추(청),,,,,,
202103상순,214.0,상추,2.0,청,상품,g,100.0,885.0,,1191.0,811.0,679.666666666666,2021,상순,2021-03-01,상추-청,3,1,False,False,True,False,False,False,False,False,False,False,False,False,True,False,False,상추(청),,,,,,
202103상순,214.0,상추,2.0,청,상품,g,100.0,885.0,,1191.0,811.0,679.666666666666,2021,상순,2021-03-01,상추-청,3,1,False,False,True,False,False,False,False,False,False,False,False,False,True,False,False,상추(청),,,,,,
202103상순,214.0,상추,2.0,청,상품,g,100.0,885.0,,1191.0,811.0,679.666666666666,2021,상순,2021-03-01,상추-청,3,1,False,False,True,False,False,False,False,False,False,False,False,False,True,False,False,상추(청),,,,,,
202103상순,214.0,상추,2.0,청,상품,g,100.0,885.0,,1191.0,811.0,679.666666666666,2021,상순,2021-03-01,상추-청,3,1,False,False,True,False,False,False,False,False,False,False,False,False,True,False,False,상추(청),,,,,,
202103상순,214.0,상추,2.0,청,상품,g,100.0,885.0,,1191.0,811.0,679.666666666666,2021,상순,2021-03-01,상추-청,3,1,False,False,True,False,False,False,False,False,False,False,False,False,True,False,False,상추(청),,,,,,
202103상순,214.0,상추,2.0,청,상품,g,100.0,885.0,,1191.0,811.0,679.666666666666,2021,상순,2021-03-01,상추-청,3,1,False,False,True,False,False,False,False,False,False,False,False,False,True,False,False,상추(청),,,,,,
202103상순,214.0,상추,2.0,청,상품,g,100.0,885.0,,1191.0,811.0,679.666666666666,2021,상순,2021-03-01,상추-청,3,1,False,False,True,False,False,False,False,False,False,False,False,False,True,False,False,상추(청),,,,,,
202103상순,214.0,상추,2.0,청,상품,g,100.0,885.0,,1191.0,811.0,679.666666666666,2021,상순,2021-03-01,상추-청,3,1,False,False,True,False,False,False,False,False,False,False,False,False,True,False,False,상추(청),,,,,,
202103상순,214.0,상추,2.0,청,상품,g,100.0,885.0,,1191.0,811.0,679.666666666666,2021,상순,2021-03-01,상추-청,3,1,False,False,True,False,False,False,False,False,False,False,False,False,True,False,False,상추(청),,,,,,
202103상순,214.0,상추,2.0,청,상품,g,100.0,885.0,,1191.0,811.0,679.666666666666,2021,상순,2021-03-01,상추-청,3,1,False,False,True,False,False,False,False,False,False,False,False,False,True,False,False,상추(청),,,,,,
202103상순,214.0,상추,2.0,청,상품,g,100.0,885.0,,1191.0,811.0,679.666666666666,2021,상순,2021-03-01,상추-청,3,1,False,False,True,False,False,False,False,False,False,False,False,False,True,False,False,상추(청),,,,,,
202103상순,214.0,상추,2.0,청,상품,g,100.0,885.0,,1191.0,811.0,679.666666666666,2021,상순,2021-03-01,상추-청,3,1,False,False,True,False,False,False,False,False,False,False,False,False,True,False,False,상추(청),,,,,,
202103상순,214.0,상추,2.0,청,상품,g,100.0,885.0,,1191.0,811.0,679.666666666666,2021,상순,2021-03-01,상추-청,3,1,False,False,True,False,False,False,False,False,False,False,False,False,True,False,False,상추(청),,,,,,
202103중순,214.0,상추,2.0,청,상품,g,100.0,887.0,,1139.0,796.0,685.333333333333,2021,중순,2021-03-11,상추-청,3,11,False,False,True,False,False,False,False,False,False,False,False,False,False,True,False,상추(청),,,,,,
202103중순,214.0,상추,2.0,청,상품,g,100.0,887.0,,1139.0,796.0,685.333333333333,2021,중순,2021-03-11,상추-청,3,11,False,False,True,False,False,False,False,False,False,False,False,False,False,True,False,상추(청),,,,,,
202103중순,214.0,상추,2.0,청,상품,g,100.0,887.0,,1139.0,796.0,685.333333333333,2021,중순,2021-03-11,상추-청,3,11,False,False,True,False,False,False,False,False,False,False,False,False,False,True,False,상추(청),,,,,,
202103중순,214.0,상추,2.0,청,상품,g,100.0,887.0,,1139.0,796.0,685.333333333333,2021,중순,2021-03-11,상추-청,3,11,False,False,True,False,False,False,False,False,False,False,False,False,False,True,False,상추(청),,,,,,
202103중순,214.0,상추,2.0,청,상품,g,100.0,887.0,,1139.0,796.0,685.333333333333,2021,중순,2021-03-11,상추-청,3,11,False,False,True,False,False,False,False,False,False,False,False,False,False,True,False,상추(청),,,,,,
202103중순,214.0,상추,2.0,청,상품,g,100.0,887.0,,1139.0,796.0,685.333333333333,2021,중순,2021-03-11,상추-청,3,11,False,False,True,False,False,False,False,False,False,False,False,False,False,True,False,상추(청),,,,,,
202103중순,214.0,상추,2.0,청,상품,g,100.0,887.0,,1139.0,796.0,685.333333333333,2021,중순,2021-03-11,상추-청,3,11,False,False,True,False,False,False,False,False,False,False,False,False,False,True,False,상추(청),,,,,,
202103중순,214.0,상추,2.0,청,상품,g,100.0,887.0,,1139.0,796.0,685.333333333333,2021,중순,2021-03-11,상추-청,3,11,False,False,True,False,False,False,False,False,False,False,False,False,False,True,False,상추(청),,,,,,
202103중순,214.0,상추,2.0,청,상품,g,100.0,887.0,,1139.0,796.0,685.333333333333,2021,중순,2021-03-11,상추-청,3,11,False,False,True,False,False,False,False,False,False,False,False,False,False,True,False,상추(청),,,,,,
202103중순,214.0,상추,2.0,청,상품,g,100.0,887.0,,1139.0,796.0,685.333333333333,2021,중순,2021-03-11,상추-청,3,11,False,False,True,False,False,False,False,False,False,False,False,False,False,True,False,상추(청),,,,,,
202103중순,214.0,상추,2.0,청,상품,g,100.0,887.0,,1139.0,796.0,685.333333333333,2021,중순,2021-03-11,상추-청,3,11,False,False,True,False,False,False,False,False,False,False,False,False,False,True,False,상추(청),,,,,,
202103중순,214.0,상추,2.0,청,상품,g,100.0,887.0,,1139.0,796.0,685.333333333333,2021,중순,2021-03-11,상추-청,3,11,False,False,True,False,False,False,False,False,False,False,False,False,False,True,False,상추(청),,,,,,
202103중순,214.0,상추,2.0,청,상품,g,100.0,887.0,,1139.0,796.0,685.333333333333,2021,중순,2021-03-11,상추-청,3,11,False,False,True,False,False,False,False,False,False,False,False,False,False,True,False,상추(청),,,,,,
202103중순,214.0,상추,2.0,청,상품,g,100.0,887.0,,1139.0,796.0,685.333333333333,2021,중순,2021-03-11,상추-청,3,11,False,False,True,False,False,False,False,False,False,False,False,False,False,True,False,상추(청),,,,,,
202103중순,214.0,상추,2.0,청,상품,g,100.0,887.0,,1139.0,796.0,685.333333333333,2021,중순,2021-03-11,상추-청,3,11,False,False,True,False,False,False,False,False,False,False,False,False,False,True,False,상추(청),,,,,,
202103중순,214.0,상추,2.0,청,상품,g,100.0,887.0,,1139.0,796.0,685.333333333333,2021,중순,2021-03-11,상추-청,3,11,False,False,True,False,False,False,False,False,False,False,False,False,False,True,False,상추(청),,,,,,
202103중순,214.0,상추,2.0,청,상품,g,100.0,887.0,,1139.0,796.0,685.333333333333,2021,중순,2021-03-11,상추-청,3,11,False,False,True,False,False,False,False,False,False,False,False,False,False,True,False,상추(청),,,,,,
202103중순,214.0,상추,2.0,청,상품,g,100.0,887.0,,1139.0,796.0,685.333333333333,2021,중순,2021-03-11,상추-청,3,11,False,False,True,False,False,False,False,False,False,False,False,False,False,True,False,상추(청),,,,,,
202103중순,214.0,상추,2.0,청,상품,g,100.0,887.0,,1139.0,796.0,685.333333333333,2021,중순,2021-03-11,상추-청,3,11,False,False,True,False,False,False,False,False,False,False,False,False,False,True,False,상추(청),,,,,,
202103중순,214.0,상추,2.0,청,상품,g,100.0,887.0,,1139.0,796.0,685.333333333333,2021,중순,2021-03-11,상추-청,3,11,False,False,True,False,False,False,False,False,False,False,False,False,False,True,False,상추(청),,,,,,
202103중순,214.0,상추,2.0,청,상품,g,100.0,887.0,,1139.0,796.0,685.333333333333,2021,중순,2021-03-11,상추-청,3,11,False,False,True,False,False,False,False,False,False,False,False,False,False,True,False,상추(청),,,,,,
202103중순,214.0,상추,2.0,청,상품,g,100.0,887.0,,1139.0,796.0,685.333333333333,2021,중순,2021-03-11,상추-청,3,11,False,False,True,False,False,False,False,False,False,False,False,False,False,True,False,상추(청),,,,,,
202103중순,214.0,상추,2.0,청,상품,g,100.0,887.0,,1139.0,796.0,685.333333333333,2021,중순,2021-03-11,상추-청,3,11,False,False,True,False,False,False,False,False,False,False,False,False,False,True,False,상추(청),,,,,,
202103하순,214.0,상추,2.0,청,상품,g,100.0,896.0,,1048.0,786.0,682.0,2021,하순,2021-03-21,상추-청,3,21,False,False,True,False,False,False,False,False,False,False,False,False,False,False,True,상추(청),,,,,,
202103하순,214.0,상추,2.0,청,상품,g,100.0,896.0,,1048.0,786.0,682.0,2021,하순,2021-03-21,상추-청,3,21,False,False,True,False,False,False,False,False,False,False,False,False,False,False,True,상추(청),,,,,,
202103하순,214.0,상추,2.0,청,상품,g,100.0,896.0,,1048.0,786.0,682.0,2021,하순,2021-03-21,상추-청,3,21,False,False,True,False,False,False,False,False,False,False,False,False,False,False,True,상추(청),,,,,,
202103하순,214.0,상추,2.0,청,상품,g,100.0,896.0,,1048.0,786.0,682.0,2021,하순,2021-03-21,상추-청,3,21,False,False,True,False,False,False,False,False,False,False,False,False,False,False,True,상추(청),,,,,,
202103하순,214.0,상추,2.0,청,상품,g,100.0,896.0,,1048.0,786.0,682.0,2021,하순,2021-03-21,상추-청,3,21,False,False,True,False,False,False,False,False,False,False,False,False,False,False,True,상추(청),,,,,,
202103하순,214.0,상추,2.0,청,상품,g,100.0,896.0,,1048.0,786.0,682.0,2021,하순,2021-03-21,상추-청,3,21,False,False,True,False,False,False,False,False,False,False,False,False,False,False,True,상추(청),,,,,,
202103하순,214.0,상추,2.0,청,상품,g,100.0,896.0,,1048.0,786.0,682.0,2021,하순,2021-03-21,상추-청,3,21,False,False,True,False,False,False,False,False,False,False,False,False,False,False,True,상추(청),,,,,,
202103하순,214.0,상추,2.0,청,상품,g,100.0,896.0,,1048.0,786.0,682.0,2021,하순,2021-03-21,상추-청,3,21,False,False,True,False,False,False,False,False,False,False,False,False,False,False,True,상추(청),,,,,,
202103하순,214.0,상추,2.0,청,상품,g,100.0,896.0,,1048.0,786.0,682.0,2021,하순,2021-03-21,상추-청,3,21,False,False,True,False,False,False,False,False,False,False,False,False,False,False,True,상추(청),,,,,,
202103하순,214.0,상추,2.0,청,상품,g,100.0,896.0,,1048.0,786.0,682.0,2021,하순,2021-03-21,상추-청,3,21,False,False,True,False,False,False,False,False,False,False,False,False,False,False,True,상추(청),,,,,,
202103하순,214.0,상추,2.0,청,상품,g,100.0,896.0,,1048.0,786.0,682.0,2021,하순,2021-03-21,상추-청,3,21,False,False,True,False,False,False,False,False,False,False,False,False,False,False,True,상추(청),,,,,,
202103하순,214.0,상추,2.0,청,상품,g,100.0,896.0,,1048.0,786.0,682.0,2021,하순,2021-03-21,상추-청,3,21,False,False,True,False,False,False,False,False,False,False,False,False,False,False,True,상추(청),,,,,,
202103하순,214.0,상추,2.0,청,상품,g,100.0,896.0,,1048.0,786.0,682.0,2021,하순,2021-03-21,상추-청,3,21,False,False,True,False,False,False,False,False,False,False,False,False,False,False,True,상추(청),,,,,,
202103하순,214.0,상추,2.0,청,상품,g,100.0,896.0,,1048.0,786.0,682.0,2021,하순,2021-03-21,상추-청,3,21,False,False,True,False,False,False,False,False,False,False,False,False,False,False,True,상추(청),,,,,,
202103하순,214.0,상추,2.0,청,상품,g,100.0,896.0,,1048.0,786.0,682.0,2021,하순,2021-03-21,상추-청,3,21,False,False,True,False,False,False,False,False,False,False,False,False,False,False,True,상추(청),,,,,,
202103하순,214.0,상추,2.0,청,상품,g,100.0,896.0,,1048.0,786.0,682.0,2021,하순,2021-03-21,상추-청,3,21,False,False,True,False,False,False,False,False,False,False,False,False,False,False,True,상추(청),,,,,,
202103하순,214.0,상추,2.0,청,상품,g,100.0,896.0,,1048.0,786.0,682.0,2021,하순,2021-03-21,상추-청,3,21,False,False,True,False,False,False,False,False,False,False,False,False,False,False,True,상추(청),,,,,,
202103하순,214.0,상추,2.0,청,상품,g,100.0,896.0,,1048.0,786.0,682.0,2021,하순,2021-03-21,상추-청,3,21,False,False,True,False,False,False,False,False,False,False,False,False,False,False,True,상추(청),,,,,,
202103하순,214.0,상추,2.0,청,상품,g,100.0,896.0,,1048.0,786.0,682.0,2021,하순,2021-03-21,상추-청,3,21,False,False,True,False,False,False,False,False,False,False,False,False,False,False,True,상추(청),,,,,,
202103하순,214.0,상추,2.0,청,상품,g,100.0,896.0,,1048.0,786.0,682.0,2021,하순,2021-03-21,상추-청,3,21,False,False,True,False,False,False,False,False,False,False,False,False,False,False,True,상추(청),,,,,,
202103하순,214.0,상추,2.0,청,상품,g,100.0,896.0,,1048.0,786.0,682.0,2021,하순,2021-03-21,상추-청,3,21,False,False,True,False,False,False,False,False,False,False,False,False,False,False,True,상추(청),,,,,,
202103하순,214.0,상추,2.0,청,상품,g,100.0,896.0,,1048.0,786.0,682.0,2021,하순,2021-03-21,상추-청,3,21,False,False,True,False,False,False,False,False,False,False,False,False,False,False,True,상추(청),,,,,,
202103하순,214.0,상추,2.0,청,상품,g,100.0,896.0,,1048.0,786.0,682.0,2021,하순,2021-03-21,상추-청,3,21,False,False,True,False,False,False,False,False,False,False,False,False,False,False,True,상추(청),,,,,,
202104상순,214.0,상추,2.0,청,상품,g,100.0,869.0,,885.0,713.0,691.666666666666,2021,상순,2021-04-01,상추-청,4,1,False,False,False,True,False,False,False,False,False,False,False,False,True,False,False,상추(청),,,,,,
202104상순,214.0,상추,2.0,청,상품,g,100.0,869.0,,885.0,713.0,691.666666666666,2021,상순,2021-04-01,상추-청,4,1,False,False,False,True,False,False,False,False,False,False,False,False,True,False,False,상추(청),,,,,,
202104상순,214.0,상추,2.0,청,상품,g,100.0,869.0,,885.0,713.0,691.666666666666,2021,상순,2021-04-01,상추-청,4,1,False,False,False,True,False,False,False,False,False,False,False,False,True,False,False,상추(청),,,,,,
202104상순,214.0,상추,2.0,청,상품,g,100.0,869.0,,885.0,713.0,691.666666666666,2021,상순,2021-04-01,상추-청,4,1,False,False,False,True,False,False,False,False,False,False,False,False,True,False,False,상추(청),,,,,,
202104상순,214.0,상추,2.0,청,상품,g,100.0,869.0,,885.0,713.0,691.666666666666,2021,상순,2021-04-01,상추-청,4,1,False,False,False,True,False,False,False,False,False,False,False,False,True,False,False,상추(청),,,,,,
202104상순,214.0,상추,2.0,청,상품,g,100.0,869.0,,885.0,713.0,691.666666666666,2021,상순,2021-04-01,상추-청,4,1,False,False,False,True,False,False,False,False,False,False,False,False,True,False,False,상추(청),,,,,,
202104상순,214.0,상추,2.0,청,상품,g,100.0,869.0,,885.0,713.0,691.666666666666,2021,상순,2021-04-01,상추-청,4,1,False,False,False,True,False,False,False,False,False,False,False,False,True,False,False,상추(청),,,,,,
202104상순,214.0,상추,2.0,청,상품,g,100.0,869.0,,885.0,713.0,691.666666666666,2021,상순,2021-04-01,상추-청,4,1,False,False,False,True,False,False,False,False,False,False,False,False,True,False,False,상추(청),,,,,,
202104상순,214.0,상추,2.0,청,상품,g,100.0,869.0,,885.0,713.0,691.666666666666,2021,상순,2021-04-01,상추-청,4,1,False,False,False,True,False,False,False,False,False,False,False,False,True,False,False,상추(청),,,,,,
202104상순,214.0,상추,2.0,청,상품,g,100.0,869.0,,885.0,713.0,691.666666666666,2021,상순,2021-04-01,상추-청,4,1,False,False,False,True,False,False,False,False,False,False,False,False,True,False,False,상추(청),,,,,,
202104상순,214.0,상추,2.0,청,상품,g,100.0,869.0,,885.0,713.0,691.666666666666,2021,상순,2021-04-01,상추-청,4,1,False,False,False,True,False,False,False,False,False,False,False,False,True,False,False,상추(청),,,,,,
202104상순,214.0,상추,2.0,청,상품,g,100.0,869.0,,885.0,713.0,691.666666666666,2021,상순,2021-04-01,상추-청,4,1,False,False,False,True,False,False,False,False,False,False,False,False,True,False,False,상추(청),,,,,,
202104상순,214.0,상추,2.0,청,상품,g,100.0,869.0,,885.0,713.0,691.666666666666,2021,상순,2021-04-01,상추-청,4,1,False,False,False,True,False,False,False,False,False,False,False,False,True,False,False,상추(청),,,,,,
202104상순,214.0,상추,2.0,청,상품,g,100.0,869.0,,885.0,713.0,691.666666666666,2021,상순,2021-04-01,상추-청,4,1,False,False,False,True,False,False,False,False,False,False,False,False,True,False,False,상추(청),,,,,,
202104상순,214.0,상추,2.0,청,상품,g,100.0,869.0,,885.0,713.0,691.666666666666,2021,상순,2021-04-01,상추-청,4,1,False,False,False,True,False,False,False,False,False,False,False,False,True,False,False,상추(청),,,,,,
202104상순,214.0,상추,2.0,청,상품,g,100.0,869.0,,885.0,713.0,691.666666666666,2021,상순,2021-04-01,상추-청,4,1,False,False,False,True,False,False,False,False,False,False,False,False,True,False,False,상추(청),,,,,,
202104상순,214.0,상추,2.0,청,상품,g,100.0,869.0,,885.0,713.0,691.666666666666,2021,상순,2021-04-01,상추-청,4,1,False,False,False,True,False,False,False,False,False,False,False,False,True,False,False,상추(청),,,,,,
202104상순,214.0,상추,2.0,청,상품,g,100.0,869.0,,885.0,713.0,691.666666666666,2021,상순,2021-04-01,상추-청,4,1,False,False,False,True,False,False,False,False,False,False,False,False,True,False,False,상추(청),,,,,,
202104상순,214.0,상추,2.0,청,상품,g,100.0,869.0,,885.0,713.0,691.666666666666,2021,상순,2021-04-01,상추-청,4,1,False,False,False,True,False,False,False,False,False,False,False,False,True,False,False,상추(청),,,,,,
202104상순,214.0,상추,2.0,청,상품,g,100.0,869.0,,885.0,713.0,691.666666666666,2021,상순,2021-04-01,상추-청,4,1,False,False,False,True,False,False,False,False,False,False,False,False,True,False,False,상추(청),,,,,,
202104상순,214.0,상추,2.0,청,상품,g,100.0,869.0,,885.0,713.0,691.666666666666,2021,상순,2021-04-01,상추-청,4,1,False,False,False,True,False,False,False,False,False,False,False,False,True,False,False,상추(청),,,,,,
202104상순,214.0,상추,2.0,청,상품,g,100.0,869.0,,885.0,713.0,691.666666666666,2021,상순,2021-04-01,상추-청,4,1,False,False,False,True,False,False,False,False,False,False,False,False,True,False,False,상추(청),,,,,,
202104상순,214.0,상추,2.0,청,상품,g,100.0,869.0,,885.0,713.0,691.666666666666,2021,상순,2021-04-01,상추-청,4,1,False,False,False,True,False,False,False,False,False,False,False,False,True,False,False,상추(청),,,,,,
202104중순,214.0,상추,2.0,청,상품,g,100.0,880.0,,887.0,695.0,668.333333333333,2021,중순,2021-04-11,상추-청,4,11,False,False,False,True,False,False,False,False,False,False,False,False,False,True,False,상추(청),,,,,,
202104중순,214.0,상추,2.0,청,상품,g,100.0,880.0,,887.0,695.0,668.333333333333,2021,중순,2021-04-11,상추-청,4,11,False,False,False,True,False,False,False,False,False,False,False,False,False,True,False,상추(청),,,,,,
202104중순,214.0,상추,2.0,청,상품,g,100.0,880.0,,887.0,695.0,668.333333333333,2021,중순,2021-04-11,상추-청,4,11,False,False,False,True,False,False,False,False,False,False,False,False,False,True,False,상추(청),,,,,,
202104중순,214.0,상추,2.0,청,상품,g,100.0,880.0,,887.0,695.0,668.333333333333,2021,중순,2021-04-11,상추-청,4,11,False,False,False,True,False,False,False,False,False,False,False,False,False,True,False,상추(청),,,,,,
202104중순,214.0,상추,2.0,청,상품,g,100.0,880.0,,887.0,695.0,668.333333333333,2021,중순,2021-04-11,상추-청,4,11,False,False,False,True,False,False,False,False,False,False,False,False,False,True,False,상추(청),,,,,,
202104중순,214.0,상추,2.0,청,상품,g,100.0,880.0,,887.0,695.0,668.333333333333,2021,중순,2021-04-11,상추-청,4,11,False,False,False,True,False,False,False,False,False,False,False,False,False,True,False,상추(청),,,,,,
202104중순,214.0,상추,2.0,청,상품,g,100.0,880.0,,887.0,695.0,668.333333333333,2021,중순,2021-04-11,상추-청,4,11,False,False,False,True,False,False,False,False,False,False,False,False,False,True,False,상추(청),,,,,,
202104중순,214.0,상추,2.0,청,상품,g,100.0,880.0,,887.0,695.0,668.333333333333,2021,중순,2021-04-11,상추-청,4,11,False,False,False,True,False,False,False,False,False,False,False,False,False,True,False,상추(청),,,,,,
202104중순,214.0,상추,2.0,청,상품,g,100.0,880.0,,887.0,695.0,668.333333333333,2021,중순,2021-04-11,상추-청,4,11,False,False,False,True,False,False,False,False,False,False,False,False,False,True,False,상추(청),,,,,,
202104중순,214.0,상추,2.0,청,상품,g,100.0,880.0,,887.0,695.0,668.333333333333,2021,중순,2021-04-11,상추-청,4,11,False,False,False,True,False,False,False,False,False,False,False,False,False,True,False,상추(청),,,,,,
202104중순,214.0,상추,2.0,청,상품,g,100.0,880.0,,887.0,695.0,668.333333333333,2021,중순,2021-04-11,상추-청,4,11,False,False,False,True,False,False,False,False,False,False,False,False,False,True,False,상추(청),,,,,,
202104중순,214.0,상추,2.0,청,상품,g,100.0,880.0,,887.0,695.0,668.333333333333,2021,중순,2021-04-11,상추-청,4,11,False,False,False,True,False,False,False,False,False,False,False,False,False,True,False,상추(청),,,,,,
202104중순,214.0,상추,2.0,청,상품,g,100.0,880.0,,887.0,695.0,668.333333333333,2021,중순,2021-04-11,상추-청,4,11,False,False,False,True,False,False,False,False,False,False,False,False,False,True,False,상추(청),,,,,,
202104중순,214.0,상추,2.0,청,상품,g,100.0,880.0,,887.0,695.0,668.333333333333,2021,중순,2021-04-11,상추-청,4,11,False,False,False,True,False,False,False,False,False,False,False,False,False,True,False,상추(청),,,,,,
202104중순,214.0,상추,2.0,청,상품,g,100.0,880.0,,887.0,695.0,668.333333333333,2021,중순,2021-04-11,상추-청,4,11,False,False,False,True,False,False,False,False,False,False,False,False,False,True,False,상추(청),,,,,,
202104중순,214.0,상추,2.0,청,상품,g,100.0,880.0,,887.0,695.0,668.333333333333,2021,중순,2021-04-11,상추-청,4,11,False,False,False,True,False,False,False,False,False,False,False,False,False,True,False,상추(청),,,,,,
202104중순,214.0,상추,2.0,청,상품,g,100.0,880.0,,887.0,695.0,668.333333333333,2021,중순,2021-04-11,상추-청,4,11,False,False,False,True,False,False,False,False,False,False,False,False,False,True,False,상추(청),,,,,,
202104중순,214.0,상추,2.0,청,상품,g,100.0,880.0,,887.0,695.0,668.333333333333,2021,중순,2021-04-11,상추-청,4,11,False,False,False,True,False,False,False,False,False,False,False,False,False,True,False,상추(청),,,,,,
202104중순,214.0,상추,2.0,청,상품,g,100.0,880.0,,887.0,695.0,668.333333333333,2021,중순,2021-04-11,상추-청,4,11,False,False,False,True,False,False,False,False,False,False,False,False,False,True,False,상추(청),,,,,,
202104중순,214.0,상추,2.0,청,상품,g,100.0,880.0,,887.0,695.0,668.333333333333,2021,중순,2021-04-11,상추-청,4,11,False,False,False,True,False,False,False,False,False,False,False,False,False,True,False,상추(청),,,,,,
202104중순,214.0,상추,2.0,청,상품,g,100.0,880.0,,887.0,695.0,668.333333333333,2021,중순,2021-04-11,상추-청,4,11,False,False,False,True,False,False,False,False,False,False,False,False,False,True,False,상추(청),,,,,,
202104중순,214.0,상추,2.0,청,상품,g,100.0,880.0,,887.0,695.0,668.333333333333,2021,중순,2021-04-11,상추-청,4,11,False,False,False,True,False,False,False,False,False,False,False,False,False,True,False,상추(청),,,,,,
202104중순,214.0,상추,2.0,청,상품,g,100.0,880.0,,887.0,695.0,668.333333333333,2021,중순,2021-04-11,상추-청,4,11,False,False,False,True,False,False,False,False,False,False,False,False,False,True,False,상추(청),,,,,,
202104중순,214.0,상추,2.0,청,상품,g,100.0,880.0,,887.0,695.0,668.333333333333,2021,중순,2021-04-11,상추-청,4,11,False,False,False,True,False,False,False,False,False,False,False,False,False,True,False,상추(청),,,,,,
202104중순,214.0,상추,2.0,청,상품,g,100.0,880.0,,887.0,695.0,668.333333333333,2021,중순,2021-04-11,상추-청,4,11,False,False,False,True,False,False,False,False,False,False,False,False,False,True,False,상추(청),,,,,,
202104하순,214.0,상추,2.0,청,상품,g,100.0,888.0,,896.0,693.0,664.0,2021,하순,2021-04-21,상추-청,4,21,False,False,False,True,False,False,False,False,False,False,False,False,False,False,True,상추(청),,,,,,
202104하순,214.0,상추,2.0,청,상품,g,100.0,888.0,,896.0,693.0,664.0,2021,하순,2021-04-21,상추-청,4,21,False,False,False,True,False,False,False,False,False,False,False,False,False,False,True,상추(청),,,,,,
202104하순,214.0,상추,2.0,청,상품,g,100.0,888.0,,896.0,693.0,664.0,2021,하순,2021-04-21,상추-청,4,21,False,False,False,True,False,False,False,False,False,False,False,False,False,False,True,상추(청),,,,,,
202104하순,214.0,상추,2.0,청,상품,g,100.0,888.0,,896.0,693.0,664.0,2021,하순,2021-04-21,상추-청,4,21,False,False,False,True,False,False,False,False,False,False,False,False,False,False,True,상추(청),,,,,,
202104하순,214.0,상추,2.0,청,상품,g,100.0,888.0,,896.0,693.0,664.0,2021,하순,2021-04-21,상추-청,4,21,False,False,False,True,False,False,False,False,False,False,False,False,False,False,True,상추(청),,,,,,
202104하순,214.0,상추,2.0,청,상품,g,100.0,888.0,,896.0,693.0,664.0,2021,하순,2021-04-21,상추-청,4,21,False,False,False,True,False,False,False,False,False,False,False,False,False,False,True,상추(청),,,,,,
202104하순,214.0,상추,2.0,청,상품,g,100.0,888.0,,896.0,693.0,664.0,2021,하순,2021-04-21,상추-청,4,21,False,False,False,True,False,False,False,False,False,False,False,False,False,False,True,상추(청),,,,,,
202104하순,214.0,상추,2.0,청,상품,g,100.0,888.0,,896.0,693.0,664.0,2021,하순,2021-04-21,상추-청,4,21,False,False,False,True,False,False,False,False,False,False,False,False,False,False,True,상추(청),,,,,,
202104하순,214.0,상추,2.0,청,상품,g,100.0,888.0,,896.0,693.0,664.0,2021,하순,2021-04-21,상추-청,4,21,False,False,False,True,False,False,False,False,False,False,False,False,False,False,True,상추(청),,,,,,
202104하순,214.0,상추,2.0,청,상품,g,100.0,888.0,,896.0,693.0,664.0,2021,하순,2021-04-21,상추-청,4,21,False,False,False,True,False,False,False,False,False,False,False,False,False,False,True,상추(청),,,,,,
202104하순,214.0,상추,2.0,청,상품,g,100.0,888.0,,896.0,693.0,664.0,2021,하순,2021-04-21,상추-청,4,21,False,False,False,True,False,False,False,False,False,False,False,False,False,False,True,상추(청),,,,,,
202104하순,214.0,상추,2.0,청,상품,g,100.0,888.0,,896.0,693.0,664.0,2021,하순,2021-04-21,상추-청,4,21,False,False,False,True,False,False,False,False,False,False,False,False,False,False,True,상추(청),,,,,,
202104하순,214.0,상추,2.0,청,상품,g,100.0,888.0,,896.0,693.0,664.0,2021,하순,2021-04-21,상추-청,4,21,False,False,False,True,False,False,False,False,False,False,False,False,False,False,True,상추(청),,,,,,
202104하순,214.0,상추,2.0,청,상품,g,100.0,888.0,,896.0,693.0,664.0,2021,하순,2021-04-21,상추-청,4,21,False,False,False,True,False,False,False,False,False,False,False,False,False,False,True,상추(청),,,,,,
202104하순,214.0,상추,2.0,청,상품,g,100.0,888.0,,896.0,693.0,664.0,2021,하순,2021-04-21,상추-청,4,21,False,False,False,True,False,False,False,False,False,False,False,False,False,False,True,상추(청),,,,,,
202104하순,214.0,상추,2.0,청,상품,g,100.0,888.0,,896.0,693.0,664.0,2021,하순,2021-04-21,상추-청,4,21,False,False,False,True,False,False,False,False,False,False,False,False,False,False,True,상추(청),,,,,,
202104하순,214.0,상추,2.0,청,상품,g,100.0,888.0,,896.0,693.0,664.0,2021,하순,2021-04-21,상추-청,4,21,False,False,False,True,False,False,False,False,False,False,False,False,False,False,True,상추(청),,,,,,
202104하순,214.0,상추,2.0,청,상품,g,100.0,888.0,,896.0,693.0,664.0,2021,하순,2021-04-21,상추-청,4,21,False,False,False,True,False,False,False,False,False,False,False,False,False,False,True,상추(청),,,,,,
202104하순,214.0,상추,2.0,청,상품,g,100.0,888.0,,896.0,693.0,664.0,2021,하순,2021-04-21,상추-청,4,21,False,False,False,True,False,False,False,False,False,False,False,False,False,False,True,상추(청),,,,,,
202104하순,214.0,상추,2.0,청,상품,g,100.0,888.0,,896.0,693.0,664.0,2021,하순,2021-04-21,상추-청,4,21,False,False,False,True,False,False,False,False,False,False,False,False,False,False,True,상추(청),,,,,,
202104하순,214.0,상추,2.0,청,상품,g,100.0,888.0,,896.0,693.0,664.0,2021,하순,2021-04-21,상추-청,4,21,False,False,False,True,False,False,False,False,False,False,False,False,False,False,True,상추(청),,,,,,
202104하순,214.0,상추,2.0,청,상품,g,100.0,888.0,,896.0,693.0,664.0,2021,하순,2021-04-21,상추-청,4,21,False,False,False,True,False,False,False,False,False,False,False,False,False,False,True,상추(청),,,,,,
202104하순,214.0,상추,2.0,청,상품,g,100.0,888.0,,896.0,693.0,664.0,2021,하순,2021-04-21,상추-청,4,21,False,False,False,True,False,False,False,False,False,False,False,False,False,False,True,상추(청),,,,,,
202105상순,214.0,상추,2.0,청,상품,g,100.0,861.0,,869.0,689.0,671.333333333333,2021,상순,2021-05-01,상추-청,5,1,False,False,False,False,True,False,False,False,False,False,False,False,True,False,False,상추(청),,,,,,
202105상순,214.0,상추,2.0,청,상품,g,100.0,861.0,,869.0,689.0,671.333333333333,2021,상순,2021-05-01,상추-청,5,1,False,False,False,False,True,False,False,False,False,False,False,False,True,False,False,상추(청),,,,,,
202105상순,214.0,상추,2.0,청,상품,g,100.0,861.0,,869.0,689.0,671.333333333333,2021,상순,2021-05-01,상추-청,5,1,False,False,False,False,True,False,False,False,False,False,False,False,True,False,False,상추(청),,,,,,
202105상순,214.0,상추,2.0,청,상품,g,100.0,861.0,,869.0,689.0,671.333333333333,2021,상순,2021-05-01,상추-청,5,1,False,False,False,False,True,False,False,False,False,False,False,False,True,False,False,상추(청),,,,,,
202105상순,214.0,상추,2.0,청,상품,g,100.0,861.0,,869.0,689.0,671.333333333333,2021,상순,2021-05-01,상추-청,5,1,False,False,False,False,True,False,False,False,False,False,False,False,True,False,False,상추(청),,,,,,
202105상순,214.0,상추,2.0,청,상품,g,100.0,861.0,,869.0,689.0,671.333333333333,2021,상순,2021-05-01,상추-청,5,1,False,False,False,False,True,False,False,False,False,False,False,False,True,False,False,상추(청),,,,,,
202105상순,214.0,상추,2.0,청,상품,g,100.0,861.0,,869.0,689.0,671.333333333333,2021,상순,2021-05-01,상추-청,5,1,False,False,False,False,True,False,False,False,False,False,False,False,True,False,False,상추(청),,,,,,
202105상순,214.0,상추,2.0,청,상품,g,100.0,861.0,,869.0,689.0,671.333333333333,2021,상순,2021-05-01,상추-청,5,1,False,False,False,False,True,False,False,False,False,False,False,False,True,False,False,상추(청),,,,,,
202105상순,214.0,상추,2.0,청,상품,g,100.0,861.0,,869.0,689.0,671.333333333333,2021,상순,2021-05-01,상추-청,5,1,False,False,False,False,True,False,False,False,False,False,False,False,True,False,False,상추(청),,,,,,
202105상순,214.0,상추,2.0,청,상품,g,100.0,861.0,,869.0,689.0,671.333333333333,2021,상순,2021-05-01,상추-청,5,1,False,False,False,False,True,False,False,False,False,False,False,False,True,False,False,상추(청),,,,,,
202105상순,214.0,상추,2.0,청,상품,g,100.0,861.0,,869.0,689.0,671.333333333333,2021,상순,2021-05-01,상추-청,5,1,False,False,False,False,True,False,False,False,False,False,False,False,True,False,False,상추(청),,,,,,
202105상순,214.0,상추,2.0,청,상품,g,100.0,861.0,,869.0,689.0,671.333333333333,2021,상순,2021-05-01,상추-청,5,1,False,False,False,False,True,False,False,False,False,False,False,False,True,False,False,상추(청),,,,,,
202105상순,214.0,상추,2.0,청,상품,g,100.0,861.0,,869.0,689.0,671.333333333333,2021,상순,2021-05-01,상추-청,5,1,False,False,False,False,True,False,False,False,False,False,False,False,True,False,False,상추(청),,,,,,
202105상순,214.0,상추,2.0,청,상품,g,100.0,861.0,,869.0,689.0,671.333333333333,2021,상순,2021-05-01,상추-청,5,1,False,False,False,False,True,False,False,False,False,False,False,False,True,False,False,상추(청),,,,,,
202105상순,214.0,상추,2.0,청,상품,g,100.0,861.0,,869.0,689.0,671.333333333333,2021,상순,2021-05-01,상추-청,5,1,False,False,False,False,True,False,False,False,False,False,False,False,True,False,False,상추(청),,,,,,
202105상순,214.0,상추,2.0,청,상품,g,100.0,861.0,,869.0,689.0,671.333333333333,2021,상순,2021-05-01,상추-청,5,1,False,False,False,False,True,False,False,False,False,False,False,False,True,False,False,상추(청),,,,,,
202105상순,214.0,상추,2.0,청,상품,g,100.0,861.0,,869.0,689.0,671.333333333333,2021,상순,2021-05-01,상추-청,5,1,False,False,False,False,True,False,False,False,False,False,False,False,True,False,False,상추(청),,,,,,
202105상순,214.0,상추,2.0,청,상품,g,100.0,861.0,,869.0,689.0,671.333333333333,2021,상순,2021-05-01,상추-청,5,1,False,False,False,False,True,False,False,False,False,False,False,False,True,False,False,상추(청),,,,,,
202105상순,214.0,상추,2.0,청,상품,g,100.0,861.0,,869.0,689.0,671.333333333333,2021,상순,2021-05-01,상추-청,5,1,False,False,False,False,True,False,False,False,False,False,False,False,True,False,False,상추(청),,,,,,
202105상순,214.0,상추,2.0,청,상품,g,100.0,861.0,,869.0,689.0,671.333333333333,2021,상순,2021-05-01,상추-청,5,1,False,False,False,False,True,False,False,False,False,False,False,False,True,False,False,상추(청),,,,,,
202105상순,214.0,상추,2.0,청,상품,g,100.0,861.0,,869.0,689.0,671.333333333333,2021,상순,2021-05-01,상추-청,5,1,False,False,False,False,True,False,False,False,False,False,False,False,True,False,False,상추(청),,,,,,
202105상순,214.0,상추,2.0,청,상품,g,100.0,861.0,,869.0,689.0,671.333333333333,2021,상순,2021-05-01,상추-청,5,1,False,False,False,False,True,False,False,False,False,False,False,False,True,False,False,상추(청),,,,,,
202105상순,214.0,상추,2.0,청,상품,g,100.0,861.0,,869.0,689.0,671.333333333333,2021,상순,2021-05-01,상추-청,5,1,False,False,False,False,True,False,False,False,False,False,False,False,True,False,False,상추(청),,,,,,
202105상순,214.0,상추,2.0,청,상품,g,100.0,861.0,,869.0,689.0,671.333333333333,2021,상순,2021-05-01,상추-청,5,1,False,False,False,False,True,False,False,False,False,False,False,False,True,False,False,상추(청),,,,,,
202105상순,214.0,상추,2.0,청,상품,g,100.0,861.0,,869.0,689.0,671.333333333333,2021,상순,2021-05-01,상추-청,5,1,False,False,False,False,True,False,False,False,False,False,False,False,True,False,False,상추(청),,,,,,
202105중순,214.0,상추,2.0,청,상품,g,100.0,865.0,,880.0,691.0,682.0,2021,중순,2021-05-11,상추-청,5,11,False,False,False,False,True,False,False,False,False,False,False,False,False,True,False,상추(청),,,,,,
202105중순,214.0,상추,2.0,청,상품,g,100.0,865.0,,880.0,691.0,682.0,2021,중순,2021-05-11,상추-청,5,11,False,False,False,False,True,False,False,False,False,False,False,False,False,True,False,상추(청),,,,,,
202105중순,214.0,상추,2.0,청,상품,g,100.0,865.0,,880.0,691.0,682.0,2021,중순,2021-05-11,상추-청,5,11,False,False,False,False,True,False,False,False,False,False,False,False,False,True,False,상추(청),,,,,,
202105중순,214.0,상추,2.0,청,상품,g,100.0,865.0,,880.0,691.0,682.0,2021,중순,2021-05-11,상추-청,5,11,False,False,False,False,True,False,False,False,False,False,False,False,False,True,False,상추(청),,,,,,
202105중순,214.0,상추,2.0,청,상품,g,100.0,865.0,,880.0,691.0,682.0,2021,중순,2021-05-11,상추-청,5,11,False,False,False,False,True,False,False,False,False,False,False,False,False,True,False,상추(청),,,,,,
202105중순,214.0,상추,2.0,청,상품,g,100.0,865.0,,880.0,691.0,682.0,2021,중순,2021-05-11,상추-청,5,11,False,False,False,False,True,False,False,False,False,False,False,False,False,True,False,상추(청),,,,,,
202105중순,214.0,상추,2.0,청,상품,g,100.0,865.0,,880.0,691.0,682.0,2021,중순,2021-05-11,상추-청,5,11,False,False,False,False,True,False,False,False,False,False,False,False,False,True,False,상추(청),,,,,,
202105중순,214.0,상추,2.0,청,상품,g,100.0,865.0,,880.0,691.0,682.0,2021,중순,2021-05-11,상추-청,5,11,False,False,False,False,True,False,False,False,False,False,False,False,False,True,False,상추(청),,,,,,
202105중순,214.0,상추,2.0,청,상품,g,100.0,865.0,,880.0,691.0,682.0,2021,중순,2021-05-11,상추-청,5,11,False,False,False,False,True,False,False,False,False,False,False,False,False,True,False,상추(청),,,,,,
202105중순,214.0,상추,2.0,청,상품,g,100.0,865.0,,880.0,691.0,682.0,2021,중순,2021-05-11,상추-청,5,11,False,False,False,False,True,False,False,False,False,False,False,False,False,True,False,상추(청),,,,,,
202105중순,214.0,상추,2.0,청,상품,g,100.0,865.0,,880.0,691.0,682.0,2021,중순,2021-05-11,상추-청,5,11,False,False,False,False,True,False,False,False,False,False,False,False,False,True,False,상추(청),,,,,,
202105중순,214.0,상추,2.0,청,상품,g,100.0,865.0,,880.0,691.0,682.0,2021,중순,2021-05-11,상추-청,5,11,False,False,False,False,True,False,False,False,False,False,False,False,False,True,False,상추(청),,,,,,
202105중순,214.0,상추,2.0,청,상품,g,100.0,865.0,,880.0,691.0,682.0,2021,중순,2021-05-11,상추-청,5,11,False,False,False,False,True,False,False,False,False,False,False,False,False,True,False,상추(청),,,,,,
202105중순,214.0,상추,2.0,청,상품,g,100.0,865.0,,880.0,691.0,682.0,2021,중순,2021-05-11,상추-청,5,11,False,False,False,False,True,False,False,False,False,False,False,False,False,True,False,상추(청),,,,,,
202105중순,214.0,상추,2.0,청,상품,g,100.0,865.0,,880.0,691.0,682.0,2021,중순,2021-05-11,상추-청,5,11,False,False,False,False,True,False,False,False,False,False,False,False,False,True,False,상추(청),,,,,,
202105중순,214.0,상추,2.0,청,상품,g,100.0,865.0,,880.0,691.0,682.0,2021,중순,2021-05-11,상추-청,5,11,False,False,False,False,True,False,False,False,False,False,False,False,False,True,False,상추(청),,,,,,
202105중순,214.0,상추,2.0,청,상품,g,100.0,865.0,,880.0,691.0,682.0,2021,중순,2021-05-11,상추-청,5,11,False,False,False,False,True,False,False,False,False,False,False,False,False,True,False,상추(청),,,,,,
202105중순,214.0,상추,2.0,청,상품,g,100.0,865.0,,880.0,691.0,682.0,2021,중순,2021-05-11,상추-청,5,11,False,False,False,False,True,False,False,False,False,False,False,False,False,True,False,상추(청),,,,,,
202105중순,214.0,상추,2.0,청,상품,g,100.0,865.0,,880.0,691.0,682.0,2021,중순,2021-05-11,상추-청,5,11,False,False,False,False,True,False,False,False,False,False,False,False,False,True,False,상추(청),,,,,,
202105중순,214.0,상추,2.0,청,상품,g,100.0,865.0,,880.0,691.0,682.0,2021,중순,2021-05-11,상추-청,5,11,False,False,False,False,True,False,False,False,False,False,False,False,False,True,False,상추(청),,,,,,
202105중순,214.0,상추,2.0,청,상품,g,100.0,865.0,,880.0,691.0,682.0,2021,중순,2021-05-11,상추-청,5,11,False,False,False,False,True,False,False,False,False,False,False,False,False,True,False,상추(청),,,,,,
202105중순,214.0,상추,2.0,청,상품,g,100.0,865.0,,880.0,691.0,682.0,2021,중순,2021-05-11,상추-청,5,11,False,False,False,False,True,False,False,False,False,False,False,False,False,True,False,상추(청),,,,,,
202105중순,214.0,상추,2.0,청,상품,g,100.0,865.0,,880.0,691.0,682.0,2021,중순,2021-05-11,상추-청,5,11,False,False,False,False,True,False,False,False,False,False,False,False,False,True,False,상추(청),,,,,,
202105중순,214.0,상추,2.0,청,상품,g,100.0,865.0,,880.0,691.0,682.0,2021,중순,2021-05-11,상추-청,5,11,False,False,False,False,True,False,False,False,False,False,False,False,False,True,False,상추(청),,,,,,
202105중순,214.0,상추,2.0,청,상품,g,100.0,865.0,,880.0,691.0,682.0,2021,중순,2021-05-11,상추-청,5,11,False,False,False,False,True,False,False,False,False,False,False,False,False,True,False,상추(청),,,,,,
202105하순,214.0,상추,2.0,청,상품,g,100.0,892.0,,888.0,726.0,687.666666666666,2021,하순,2021-05-21,상추-청,5,21,False,False,False,False,True,False,False,False,False,False,False,False,False,False,True,상추(청),,,,,,
202105하순,214.0,상추,2.0,청,상품,g,100.0,892.0,,888.0,726.0,687.666666666666,2021,하순,2021-05-21,상추-청,5,21,False,False,False,False,True,False,False,False,False,False,False,False,False,False,True,상추(청),,,,,,
202105하순,214.0,상추,2.0,청,상품,g,100.0,892.0,,888.0,726.0,687.666666666666,2021,하순,2021-05-21,상추-청,5,21,False,False,False,False,True,False,False,False,False,False,False,False,False,False,True,상추(청),,,,,,
202105하순,214.0,상추,2.0,청,상품,g,100.0,892.0,,888.0,726.0,687.666666666666,2021,하순,2021-05-21,상추-청,5,21,False,False,False,False,True,False,False,False,False,False,False,False,False,False,True,상추(청),,,,,,
202105하순,214.0,상추,2.0,청,상품,g,100.0,892.0,,888.0,726.0,687.666666666666,2021,하순,2021-05-21,상추-청,5,21,False,False,False,False,True,False,False,False,False,False,False,False,False,False,True,상추(청),,,,,,
202105하순,214.0,상추,2.0,청,상품,g,100.0,892.0,,888.0,726.0,687.666666666666,2021,하순,2021-05-21,상추-청,5,21,False,False,False,False,True,False,False,False,False,False,False,False,False,False,True,상추(청),,,,,,
202105하순,214.0,상추,2.0,청,상품,g,100.0,892.0,,888.0,726.0,687.666666666666,2021,하순,2021-05-21,상추-청,5,21,False,False,False,False,True,False,False,False,False,False,False,False,False,False,True,상추(청),,,,,,
202105하순,214.0,상추,2.0,청,상품,g,100.0,892.0,,888.0,726.0,687.666666666666,2021,하순,2021-05-21,상추-청,5,21,False,False,False,False,True,False,False,False,False,False,False,False,False,False,True,상추(청),,,,,,
202105하순,214.0,상추,2.0,청,상품,g,100.0,892.0,,888.0,726.0,687.666666666666,2021,하순,2021-05-21,상추-청,5,21,False,False,False,False,True,False,False,False,False,False,False,False,False,False,True,상추(청),,,,,,
202105하순,214.0,상추,2.0,청,상품,g,100.0,892.0,,888.0,726.0,687.666666666666,2021,하순,2021-05-21,상추-청,5,21,False,False,False,False,True,False,False,False,False,False,False,False,False,False,True,상추(청),,,,,,
202105하순,214.0,상추,2.0,청,상품,g,100.0,892.0,,888.0,726.0,687.666666666666,2021,하순,2021-05-21,상추-청,5,21,False,False,False,False,True,False,False,False,False,False,False,False,False,False,True,상추(청),,,,,,
202105하순,214.0,상추,2.0,청,상품,g,100.0,892.0,,888.0,726.0,687.666666666666,2021,하순,2021-05-21,상추-청,5,21,False,False,False,False,True,False,False,False,False,False,False,False,False,False,True,상추(청),,,,,,
202105하순,214.0,상추,2.0,청,상품,g,100.0,892.0,,888.0,726.0,687.666666666666,2021,하순,2021-05-21,상추-청,5,21,False,False,False,False,True,False,False,False,False,False,False,False,False,False,True,상추(청),,,,,,
202105하순,214.0,상추,2.0,청,상품,g,100.0,892.0,,888.0,726.0,687.666666666666,2021,하순,2021-05-21,상추-청,5,21,False,False,False,False,True,False,False,False,False,False,False,False,False,False,True,상추(청),,,,,,
202105하순,214.0,상추,2.0,청,상품,g,100.0,892.0,,888.0,726.0,687.666666666666,2021,하순,2021-05-21,상추-청,5,21,False,False,False,False,True,False,False,False,False,False,False,False,False,False,True,상추(청),,,,,,
202105하순,214.0,상추,2.0,청,상품,g,100.0,892.0,,888.0,726.0,687.666666666666,2021,하순,2021-05-21,상추-청,5,21,False,False,False,False,True,False,False,False,False,False,False,False,False,False,True,상추(청),,,,,,
202105하순,214.0,상추,2.0,청,상품,g,100.0,892.0,,888.0,726.0,687.666666666666,2021,하순,2021-05-21,상추-청,5,21,False,False,False,False,True,False,False,False,False,False,False,False,False,False,True,상추(청),,,,,,
202105하순,214.0,상추,2.0,청,상품,g,100.0,892.0,,888.0,726.0,687.666666666666,2021,하순,2021-05-21,상추-청,5,21,False,False,False,False,True,False,False,False,False,False,False,False,False,False,True,상추(청),,,,,,
202105하순,214.0,상추,2.0,청,상품,g,100.0,892.0,,888.0,726.0,687.666666666666,2021,하순,2021-05-21,상추-청,5,21,False,False,False,False,True,False,False,False,False,False,False,False,False,False,True,상추(청),,,,,,
202105하순,214.0,상추,2.0,청,상품,g,100.0,892.0,,888.0,726.0,687.666666666666,2021,하순,2021-05-21,상추-청,5,21,False,False,False,False,True,False,False,False,False,False,False,False,False,False,True,상추(청),,,,,,
202105하순,214.0,상추,2.0,청,상품,g,100.0,892.0,,888.0,726.0,687.666666666666,2021,하순,2021-05-21,상추-청,5,21,False,False,False,False,True,False,False,False,False,False,False,False,False,False,True,상추(청),,,,,,
202105하순,214.0,상추,2.0,청,상품,g,100.0,892.0,,888.0,726.0,687.666666666666,2021,하순,2021-05-21,상추-청,5,21,False,False,False,False,True,False,False,False,False,False,False,False,False,False,True,상추(청),,,,,,
202105하순,214.0,상추,2.0,청,상품,g,100.0,892.0,,888.0,726.0,687.666666666666,2021,하순,2021-05-21,상추-청,5,21,False,False,False,False,True,False,False,False,False,False,False,False,False,False,True,상추(청),,,,,,
202105하순,214.0,상추,2.0,청,상품,g,100.0,892.0,,888.0,726.0,687.666666666666,2021,하순,2021-05-21,상추-청,5,21,False,False,False,False,True,False,False,False,False,False,False,False,False,False,True,상추(청),,,,,,
202105하순,214.0,상추,2.0,청,상품,g,100.0,892.0,,888.0,726.0,687.666666666666,2021,하순,2021-05-21,상추-청,5,21,False,False,False,False,True,False,False,False,False,False,False,False,False,False,True,상추(청),,,,,,
202106상순,214.0,상추,2.0,청,상품,g,100.0,1010.0,,861.0,754.0,701.0,2021,상순,2021-06-01,상추-청,6,1,False,False,False,False,False,True,False,False,False,False,False,False,True,False,False,상추(청),,,,,,
202106상순,214.0,상추,2.0,청,상품,g,100.0,1010.0,,861.0,754.0,701.0,2021,상순,2021-06-01,상추-청,6,1,False,False,False,False,False,True,False,False,False,False,False,False,True,False,False,상추(청),,,,,,
202106상순,214.0,상추,2.0,청,상품,g,100.0,1010.0,,861.0,754.0,701.0,2021,상순,2021-06-01,상추-청,6,1,False,False,False,False,False,True,False,False,False,False,False,False,True,False,False,상추(청),,,,,,
202106상순,214.0,상추,2.0,청,상품,g,100.0,1010.0,,861.0,754.0,701.0,2021,상순,2021-06-01,상추-청,6,1,False,False,False,False,False,True,False,False,False,False,False,False,True,False,False,상추(청),,,,,,
202106상순,214.0,상추,2.0,청,상품,g,100.0,1010.0,,861.0,754.0,701.0,2021,상순,2021-06-01,상추-청,6,1,False,False,False,False,False,True,False,False,False,False,False,False,True,False,False,상추(청),,,,,,
202106상순,214.0,상추,2.0,청,상품,g,100.0,1010.0,,861.0,754.0,701.0,2021,상순,2021-06-01,상추-청,6,1,False,False,False,False,False,True,False,False,False,False,False,False,True,False,False,상추(청),,,,,,
202106상순,214.0,상추,2.0,청,상품,g,100.0,1010.0,,861.0,754.0,701.0,2021,상순,2021-06-01,상추-청,6,1,False,False,False,False,False,True,False,False,False,False,False,False,True,False,False,상추(청),,,,,,
202106상순,214.0,상추,2.0,청,상품,g,100.0,1010.0,,861.0,754.0,701.0,2021,상순,2021-06-01,상추-청,6,1,False,False,False,False,False,True,False,False,False,False,False,False,True,False,False,상추(청),,,,,,
202106상순,214.0,상추,2.0,청,상품,g,100.0,1010.0,,861.0,754.0,701.0,2021,상순,2021-06-01,상추-청,6,1,False,False,False,False,False,True,False,False,False,False,False,False,True,False,False,상추(청),,,,,,
202106상순,214.0,상추,2.0,청,상품,g,100.0,1010.0,,861.0,754.0,701.0,2021,상순,2021-06-01,상추-청,6,1,False,False,False,False,False,True,False,False,False,False,False,False,True,False,False,상추(청),,,,,,
202106상순,214.0,상추,2.0,청,상품,g,100.0,1010.0,,861.0,754.0,701.0,2021,상순,2021-06-01,상추-청,6,1,False,False,False,False,False,True,False,False,False,False,False,False,True,False,False,상추(청),,,,,,
202106상순,214.0,상추,2.0,청,상품,g,100.0,1010.0,,861.0,754.0,701.0,2021,상순,2021-06-01,상추-청,6,1,False,False,False,False,False,True,False,False,False,False,False,False,True,False,False,상추(청),,,,,,
202106상순,214.0,상추,2.0,청,상품,g,100.0,1010.0,,861.0,754.0,701.0,2021,상순,2021-06-01,상추-청,6,1,False,False,False,False,False,True,False,False,False,False,False,False,True,False,False,상추(청),,,,,,
202106상순,214.0,상추,2.0,청,상품,g,100.0,1010.0,,861.0,754.0,701.0,2021,상순,2021-06-01,상추-청,6,1,False,False,False,False,False,True,False,False,False,False,False,False,True,False,False,상추(청),,,,,,
202106상순,214.0,상추,2.0,청,상품,g,100.0,1010.0,,861.0,754.0,701.0,2021,상순,2021-06-01,상추-청,6,1,False,False,False,False,False,True,False,False,False,False,False,False,True,False,False,상추(청),,,,,,
202106상순,214.0,상추,2.0,청,상품,g,100.0,1010.0,,861.0,754.0,701.0,2021,상순,2021-06-01,상추-청,6,1,False,False,False,False,False,True,False,False,False,False,False,False,True,False,False,상추(청),,,,,,
202106상순,214.0,상추,2.0,청,상품,g,100.0,1010.0,,861.0,754.0,701.0,2021,상순,2021-06-01,상추-청,6,1,False,False,False,False,False,True,False,False,False,False,False,False,True,False,False,상추(청),,,,,,
202106상순,214.0,상추,2.0,청,상품,g,100.0,1010.0,,861.0,754.0,701.0,2021,상순,2021-06-01,상추-청,6,1,False,False,False,False,False,True,False,False,False,False,False,False,True,False,False,상추(청),,,,,,
202106상순,214.0,상추,2.0,청,상품,g,100.0,1010.0,,861.0,754.0,701.0,2021,상순,2021-06-01,상추-청,6,1,False,False,False,False,False,True,False,False,False,False,False,False,True,False,False,상추(청),,,,,,
202106상순,214.0,상추,2.0,청,상품,g,100.0,1010.0,,861.0,754.0,701.0,2021,상순,2021-06-01,상추-청,6,1,False,False,False,False,False,True,False,False,False,False,False,False,True,False,False,상추(청),,,,,,
202106상순,214.0,상추,2.0,청,상품,g,100.0,1010.0,,861.0,754.0,701.0,2021,상순,2021-06-01,상추-청,6,1,False,False,False,False,False,True,False,False,False,False,False,False,True,False,False,상추(청),,,,,,
202106상순,214.0,상추,2.0,청,상품,g,100.0,1010.0,,861.0,754.0,701.0,2021,상순,2021-06-01,상추-청,6,1,False,False,False,False,False,True,False,False,False,False,False,False,True,False,False,상추(청),,,,,,
202106상순,214.0,상추,2.0,청,상품,g,100.0,1010.0,,861.0,754.0,701.0,2021,상순,2021-06-01,상추-청,6,1,False,False,False,False,False,True,False,False,False,False,False,False,True,False,False,상추(청),,,,,,
202106상순,214.0,상추,2.0,청,상품,g,100.0,1010.0,,861.0,754.0,701.0,2021,상순,2021-06-01,상추-청,6,1,False,False,False,False,False,True,False,False,False,False,False,False,True,False,False,상추(청),,,,,,
202106상순,214.0,상추,2.0,청,상품,g,100.0,1010.0,,861.0,754.0,701.0,2021,상순,2021-06-01,상추-청,6,1,False,False,False,False,False,True,False,False,False,False,False,False,True,False,False,상추(청),,,,,,
202106중순,214.0,상추,2.0,청,상품,g,100.0,1026.0,,865.0,799.0,677.0,2021,중순,2021-06-11,상추-청,6,11,False,False,False,False,False,True,False,False,False,False,False,False,False,True,False,상추(청),,,,,,
202106중순,214.0,상추,2.0,청,상품,g,100.0,1026.0,,865.0,799.0,677.0,2021,중순,2021-06-11,상추-청,6,11,False,False,False,False,False,True,False,False,False,False,False,False,False,True,False,상추(청),,,,,,
202106중순,214.0,상추,2.0,청,상품,g,100.0,1026.0,,865.0,799.0,677.0,2021,중순,2021-06-11,상추-청,6,11,False,False,False,False,False,True,False,False,False,False,False,False,False,True,False,상추(청),,,,,,
202106중순,214.0,상추,2.0,청,상품,g,100.0,1026.0,,865.0,799.0,677.0,2021,중순,2021-06-11,상추-청,6,11,False,False,False,False,False,True,False,False,False,False,False,False,False,True,False,상추(청),,,,,,
202106중순,214.0,상추,2.0,청,상품,g,100.0,1026.0,,865.0,799.0,677.0,2021,중순,2021-06-11,상추-청,6,11,False,False,False,False,False,True,False,False,False,False,False,False,False,True,False,상추(청),,,,,,
202106중순,214.0,상추,2.0,청,상품,g,100.0,1026.0,,865.0,799.0,677.0,2021,중순,2021-06-11,상추-청,6,11,False,False,False,False,False,True,False,False,False,False,False,False,False,True,False,상추(청),,,,,,
202106중순,214.0,상추,2.0,청,상품,g,100.0,1026.0,,865.0,799.0,677.0,2021,중순,2021-06-11,상추-청,6,11,False,False,False,False,False,True,False,False,False,False,False,False,False,True,False,상추(청),,,,,,
202106중순,214.0,상추,2.0,청,상품,g,100.0,1026.0,,865.0,799.0,677.0,2021,중순,2021-06-11,상추-청,6,11,False,False,False,False,False,True,False,False,False,False,False,False,False,True,False,상추(청),,,,,,
202106중순,214.0,상추,2.0,청,상품,g,100.0,1026.0,,865.0,799.0,677.0,2021,중순,2021-06-11,상추-청,6,11,False,False,False,False,False,True,False,False,False,False,False,False,False,True,False,상추(청),,,,,,
202106중순,214.0,상추,2.0,청,상품,g,100.0,1026.0,,865.0,799.0,677.0,2021,중순,2021-06-11,상추-청,6,11,False,False,False,False,False,True,False,False,False,False,False,False,False,True,False,상추(청),,,,,,
202106중순,214.0,상추,2.0,청,상품,g,100.0,1026.0,,865.0,799.0,677.0,2021,중순,2021-06-11,상추-청,6,11,False,False,False,False,False,True,False,False,False,False,False,False,False,True,False,상추(청),,,,,,
202106중순,214.0,상추,2.0,청,상품,g,100.0,1026.0,,865.0,799.0,677.0,2021,중순,2021-06-11,상추-청,6,11,False,False,False,False,False,True,False,False,False,False,False,False,False,True,False,상추(청),,,,,,
202106중순,214.0,상추,2.0,청,상품,g,100.0,1026.0,,865.0,799.0,677.0,2021,중순,2021-06-11,상추-청,6,11,False,False,False,False,False,True,False,False,False,False,False,False,False,True,False,상추(청),,,,,,
202106중순,214.0,상추,2.0,청,상품,g,100.0,1026.0,,865.0,799.0,677.0,2021,중순,2021-06-11,상추-청,6,11,False,False,False,False,False,True,False,False,False,False,False,False,False,True,False,상추(청),,,,,,
202106중순,214.0,상추,2.0,청,상품,g,100.0,1026.0,,865.0,799.0,677.0,2021,중순,2021-06-11,상추-청,6,11,False,False,False,False,False,True,False,False,False,False,False,False,False,True,False,상추(청),,,,,,
202106중순,214.0,상추,2.0,청,상품,g,100.0,1026.0,,865.0,799.0,677.0,2021,중순,2021-06-11,상추-청,6,11,False,False,False,False,False,True,False,False,False,False,False,False,False,True,False,상추(청),,,,,,
202106중순,214.0,상추,2.0,청,상품,g,100.0,1026.0,,865.0,799.0,677.0,2021,중순,2021-06-11,상추-청,6,11,False,False,False,False,False,True,False,False,False,False,False,False,False,True,False,상추(청),,,,,,
202106중순,214.0,상추,2.0,청,상품,g,100.0,1026.0,,865.0,799.0,677.0,2021,중순,2021-06-11,상추-청,6,11,False,False,False,False,False,True,False,False,False,False,False,False,False,True,False,상추(청),,,,,,
202106중순,214.0,상추,2.0,청,상품,g,100.0,1026.0,,865.0,799.0,677.0,2021,중순,2021-06-11,상추-청,6,11,False,False,False,False,False,True,False,False,False,False,False,False,False,True,False,상추(청),,,,,,
202106중순,214.0,상추,2.0,청,상품,g,100.0,1026.0,,865.0,799.0,677.0,2021,중순,2021-06-11,상추-청,6,11,False,False,False,False,False,True,False,False,False,False,False,False,False,True,False,상추(청),,,,,,
202106중순,214.0,상추,2.0,청,상품,g,100.0,1026.0,,865.0,799.0,677.0,2021,중순,2021-06-11,상추-청,6,11,False,False,False,False,False,True,False,False,False,False,False,False,False,True,False,상추(청),,,,,,
202106중순,214.0,상추,2.0,청,상품,g,100.0,1026.0,,865.0,799.0,677.0,2021,중순,2021-06-11,상추-청,6,11,False,False,False,False,False,True,False,False,False,False,False,False,False,True,False,상추(청),,,,,,
202106중순,214.0,상추,2.0,청,상품,g,100.0,1026.0,,865.0,799.0,677.0,2021,중순,2021-06-11,상추-청,6,11,False,False,False,False,False,True,False,False,False,False,False,False,False,True,False,상추(청),,,,,,
202106중순,214.0,상추,2.0,청,상품,g,100.0,1026.0,,865.0,799.0,677.0,2021,중순,2021-06-11,상추-청,6,11,False,False,False,False,False,True,False,False,False,False,False,False,False,True,False,상추(청),,,,,,
202106중순,214.0,상추,2.0,청,상품,g,100.0,1026.0,,865.0,799.0,677.0,2021,중순,2021-06-11,상추-청,6,11,False,False,False,False,False,True,False,False,False,False,False,False,False,True,False,상추(청),,,,,,
202106하순,214.0,상추,2.0,청,상품,g,100.0,1056.0,,892.0,1078.0,682.333333333333,2021,하순,2021-06-21,상추-청,6,21,False,False,False,False,False,True,False,False,False,False,False,False,False,False,True,상추(청),,,,,,
202106하순,214.0,상추,2.0,청,상품,g,100.0,1056.0,,892.0,1078.0,682.333333333333,2021,하순,2021-06-21,상추-청,6,21,False,False,False,False,False,True,False,False,False,False,False,False,False,False,True,상추(청),,,,,,
202106하순,214.0,상추,2.0,청,상품,g,100.0,1056.0,,892.0,1078.0,682.333333333333,2021,하순,2021-06-21,상추-청,6,21,False,False,False,False,False,True,False,False,False,False,False,False,False,False,True,상추(청),,,,,,
202106하순,214.0,상추,2.0,청,상품,g,100.0,1056.0,,892.0,1078.0,682.333333333333,2021,하순,2021-06-21,상추-청,6,21,False,False,False,False,False,True,False,False,False,False,False,False,False,False,True,상추(청),,,,,,
202106하순,214.0,상추,2.0,청,상품,g,100.0,1056.0,,892.0,1078.0,682.333333333333,2021,하순,2021-06-21,상추-청,6,21,False,False,False,False,False,True,False,False,False,False,False,False,False,False,True,상추(청),,,,,,
202106하순,214.0,상추,2.0,청,상품,g,100.0,1056.0,,892.0,1078.0,682.333333333333,2021,하순,2021-06-21,상추-청,6,21,False,False,False,False,False,True,False,False,False,False,False,False,False,False,True,상추(청),,,,,,
202106하순,214.0,상추,2.0,청,상품,g,100.0,1056.0,,892.0,1078.0,682.333333333333,2021,하순,2021-06-21,상추-청,6,21,False,False,False,False,False,True,False,False,False,False,False,False,False,False,True,상추(청),,,,,,
202106하순,214.0,상추,2.0,청,상품,g,100.0,1056.0,,892.0,1078.0,682.333333333333,2021,하순,2021-06-21,상추-청,6,21,False,False,False,False,False,True,False,False,False,False,False,False,False,False,True,상추(청),,,,,,
202106하순,214.0,상추,2.0,청,상품,g,100.0,1056.0,,892.0,1078.0,682.333333333333,2021,하순,2021-06-21,상추-청,6,21,False,False,False,False,False,True,False,False,False,False,False,False,False,False,True,상추(청),,,,,,
202106하순,214.0,상추,2.0,청,상품,g,100.0,1056.0,,892.0,1078.0,682.333333333333,2021,하순,2021-06-21,상추-청,6,21,False,False,False,False,False,True,False,False,False,False,False,False,False,False,True,상추(청),,,,,,
202106하순,214.0,상추,2.0,청,상품,g,100.0,1056.0,,892.0,1078.0,682.333333333333,2021,하순,2021-06-21,상추-청,6,21,False,False,False,False,False,True,False,False,False,False,False,False,False,False,True,상추(청),,,,,,
202106하순,214.0,상추,2.0,청,상품,g,100.0,1056.0,,892.0,1078.0,682.333333333333,2021,하순,2021-06-21,상추-청,6,21,False,False,False,False,False,True,False,False,False,False,False,False,False,False,True,상추(청),,,,,,
202106하순,214.0,상추,2.0,청,상품,g,100.0,1056.0,,892.0,1078.0,682.333333333333,2021,하순,2021-06-21,상추-청,6,21,False,False,False,False,False,True,False,False,False,False,False,False,False,False,True,상추(청),,,,,,
202106하순,214.0,상추,2.0,청,상품,g,100.0,1056.0,,892.0,1078.0,682.333333333333,2021,하순,2021-06-21,상추-청,6,21,False,False,False,False,False,True,False,False,False,False,False,False,False,False,True,상추(청),,,,,,
202106하순,214.0,상추,2.0,청,상품,g,100.0,1056.0,,892.0,1078.0,682.333333333333,2021,하순,2021-06-21,상추-청,6,21,False,False,False,False,False,True,False,False,False,False,False,False,False,False,True,상추(청),,,,,,
202106하순,214.0,상추,2.0,청,상품,g,100.0,1056.0,,892.0,1078.0,682.333333333333,2021,하순,2021-06-21,상추-청,6,21,False,False,False,False,False,True,False,False,False,False,False,False,False,False,True,상추(청),,,,,,
202106하순,214.0,상추,2.0,청,상품,g,100.0,1056.0,,892.0,1078.0,682.333333333333,2021,하순,2021-06-21,상추-청,6,21,False,False,False,False,False,True,False,False,False,False,False,False,False,False,True,상추(청),,,,,,
202106하순,214.0,상추,2.0,청,상품,g,100.0,1056.0,,892.0,1078.0,682.333333333333,2021,하순,2021-06-21,상추-청,6,21,False,False,False,False,False,True,False,False,False,False,False,False,False,False,True,상추(청),,,,,,
202106하순,214.0,상추,2.0,청,상품,g,100.0,1056.0,,892.0,1078.0,682.333333333333,2021,하순,2021-06-21,상추-청,6,21,False,False,False,False,False,True,False,False,False,False,False,False,False,False,True,상추(청),,,,,,
202106하순,214.0,상추,2.0,청,상품,g,100.0,1056.0,,892.0,1078.0,682.333333333333,2021,하순,2021-06-21,상추-청,6,21,False,False,False,False,False,True,False,False,False,False,False,False,False,False,True,상추(청),,,,,,
202106하순,214.0,상추,2.0,청,상품,g,100.0,1056.0,,892.0,1078.0,682.333333333333,2021,하순,2021-06-21,상추-청,6,21,False,False,False,False,False,True,False,False,False,False,False,False,False,False,True,상추(청),,,,,,
202106하순,214.0,상추,2.0,청,상품,g,100.0,1056.0,,892.0,1078.0,682.333333333333,2021,하순,2021-06-21,상추-청,6,21,False,False,False,False,False,True,False,False,False,False,False,False,False,False,True,상추(청),,,,,,
202106하순,214.0,상추,2.0,청,상품,g,100.0,1056.0,,892.0,1078.0,682.333333333333,2021,하순,2021-06-21,상추-청,6,21,False,False,False,False,False,True,False,False,False,False,False,False,False,False,True,상추(청),,,,,,
202106하순,214.0,상추,2.0,청,상품,g,100.0,1056.0,,892.0,1078.0,682.333333333333,2021,하순,2021-06-21,상추-청,6,21,False,False,False,False,False,True,False,False,False,False,False,False,False,False,True,상추(청),,,,,,
202106하순,214.0,상추,2.0,청,상품,g,100.0,1056.0,,892.0,1078.0,682.333333333333,2021,하순,2021-06-21,상추-청,6,21,False,False,False,False,False,True,False,False,False,False,False,False,False,False,True,상추(청),,,,,,
202107상순,214.0,상추,2.0,청,상품,g,100.0,1092.0,,1010.0,1209.0,763.333333333333,2021,상순,2021-07-01,상추-청,7,1,False,False,False,False,False,False,True,False,False,False,False,False,True,False,False,상추(청),,,,,,
202107상순,214.0,상추,2.0,청,상품,g,100.0,1092.0,,1010.0,1209.0,763.333333333333,2021,상순,2021-07-01,상추-청,7,1,False,False,False,False,False,False,True,False,False,False,False,False,True,False,False,상추(청),,,,,,
202107상순,214.0,상추,2.0,청,상품,g,100.0,1092.0,,1010.0,1209.0,763.333333333333,2021,상순,2021-07-01,상추-청,7,1,False,False,False,False,False,False,True,False,False,False,False,False,True,False,False,상추(청),,,,,,
202107상순,214.0,상추,2.0,청,상품,g,100.0,1092.0,,1010.0,1209.0,763.333333333333,2021,상순,2021-07-01,상추-청,7,1,False,False,False,False,False,False,True,False,False,False,False,False,True,False,False,상추(청),,,,,,
202107상순,214.0,상추,2.0,청,상품,g,100.0,1092.0,,1010.0,1209.0,763.333333333333,2021,상순,2021-07-01,상추-청,7,1,False,False,False,False,False,False,True,False,False,False,False,False,True,False,False,상추(청),,,,,,
202107상순,214.0,상추,2.0,청,상품,g,100.0,1092.0,,1010.0,1209.0,763.333333333333,2021,상순,2021-07-01,상추-청,7,1,False,False,False,False,False,False,True,False,False,False,False,False,True,False,False,상추(청),,,,,,
202107상순,214.0,상추,2.0,청,상품,g,100.0,1092.0,,1010.0,1209.0,763.333333333333,2021,상순,2021-07-01,상추-청,7,1,False,False,False,False,False,False,True,False,False,False,False,False,True,False,False,상추(청),,,,,,
202107상순,214.0,상추,2.0,청,상품,g,100.0,1092.0,,1010.0,1209.0,763.333333333333,2021,상순,2021-07-01,상추-청,7,1,False,False,False,False,False,False,True,False,False,False,False,False,True,False,False,상추(청),,,,,,
202107상순,214.0,상추,2.0,청,상품,g,100.0,1092.0,,1010.0,1209.0,763.333333333333,2021,상순,2021-07-01,상추-청,7,1,False,False,False,False,False,False,True,False,False,False,False,False,True,False,False,상추(청),,,,,,
202107상순,214.0,상추,2.0,청,상품,g,100.0,1092.0,,1010.0,1209.0,763.333333333333,2021,상순,2021-07-01,상추-청,7,1,False,False,False,False,False,False,True,False,False,False,False,False,True,False,False,상추(청),,,,,,
202107상순,214.0,상추,2.0,청,상품,g,100.0,1092.0,,1010.0,1209.0,763.333333333333,2021,상순,2021-07-01,상추-청,7,1,False,False,False,False,False,False,True,False,False,False,False,False,True,False,False,상추(청),,,,,,
202107상순,214.0,상추,2.0,청,상품,g,100.0,1092.0,,1010.0,1209.0,763.333333333333,2021,상순,2021-07-01,상추-청,7,1,False,False,False,False,False,False,True,False,False,False,False,False,True,False,False,상추(청),,,,,,
202107상순,214.0,상추,2.0,청,상품,g,100.0,1092.0,,1010.0,1209.0,763.333333333333,2021,상순,2021-07-01,상추-청,7,1,False,False,False,False,False,False,True,False,False,False,False,False,True,False,False,상추(청),,,,,,
202107상순,214.0,상추,2.0,청,상품,g,100.0,1092.0,,1010.0,1209.0,763.333333333333,2021,상순,2021-07-01,상추-청,7,1,False,False,False,False,False,False,True,False,False,False,False,False,True,False,False,상추(청),,,,,,
202107상순,214.0,상추,2.0,청,상품,g,100.0,1092.0,,1010.0,1209.0,763.333333333333,2021,상순,2021-07-01,상추-청,7,1,False,False,False,False,False,False,True,False,False,False,False,False,True,False,False,상추(청),,,,,,
202107상순,214.0,상추,2.0,청,상품,g,100.0,1092.0,,1010.0,1209.0,763.333333333333,2021,상순,2021-07-01,상추-청,7,1,False,False,False,False,False,False,True,False,False,False,False,False,True,False,False,상추(청),,,,,,
202107상순,214.0,상추,2.0,청,상품,g,100.0,1092.0,,1010.0,1209.0,763.333333333333,2021,상순,2021-07-01,상추-청,7,1,False,False,False,False,False,False,True,False,False,False,False,False,True,False,False,상추(청),,,,,,
202107상순,214.0,상추,2.0,청,상품,g,100.0,1092.0,,1010.0,1209.0,763.333333333333,2021,상순,2021-07-01,상추-청,7,1,False,False,False,False,False,False,True,False,False,False,False,False,True,False,False,상추(청),,,,,,
202107상순,214.0,상추,2.0,청,상품,g,100.0,1092.0,,1010.0,1209.0,763.333333333333,2021,상순,2021-07-01,상추-청,7,1,False,False,False,False,False,False,True,False,False,False,False,False,True,False,False,상추(청),,,,,,
202107상순,214.0,상추,2.0,청,상품,g,100.0,1092.0,,1010.0,1209.0,763.333333333333,2021,상순,2021-07-01,상추-청,7,1,False,False,False,False,False,False,True,False,False,False,False,False,True,False,False,상추(청),,,,,,
202107상순,214.0,상추,2.0,청,상품,g,100.0,1092.0,,1010.0,1209.0,763.333333333333,2021,상순,2021-07-01,상추-청,7,1,False,False,False,False,False,False,True,False,False,False,False,False,True,False,False,상추(청),,,,,,
202107상순,214.0,상추,2.0,청,상품,g,100.0,1092.0,,1010.0,1209.0,763.333333333333,2021,상순,2021-07-01,상추-청,7,1,False,False,False,False,False,False,True,False,False,False,False,False,True,False,False,상추(청),,,,,,
202107상순,214.0,상추,2.0,청,상품,g,100.0,1092.0,,1010.0,1209.0,763.333333333333,2021,상순,2021-07-01,상추-청,7,1,False,False,False,False,False,False,True,False,False,False,False,False,True,False,False,상추(청),,,,,,
202107중순,214.0,상추,2.0,청,상품,g,100.0,1214.0,,1026.0,1348.0,1191.33333333333,2021,중순,2021-07-11,상추-청,7,11,False,False,False,False,False,False,True,False,False,False,False,False,False,True,False,상추(청),,,,,,
202107중순,214.0,상추,2.0,청,상품,g,100.0,1214.0,,1026.0,1348.0,1191.33333333333,2021,중순,2021-07-11,상추-청,7,11,False,False,False,False,False,False,True,False,False,False,False,False,False,True,False,상추(청),,,,,,
202107중순,214.0,상추,2.0,청,상품,g,100.0,1214.0,,1026.0,1348.0,1191.33333333333,2021,중순,2021-07-11,상추-청,7,11,False,False,False,False,False,False,True,False,False,False,False,False,False,True,False,상추(청),,,,,,
202107중순,214.0,상추,2.0,청,상품,g,100.0,1214.0,,1026.0,1348.0,1191.33333333333,2021,중순,2021-07-11,상추-청,7,11,False,False,False,False,False,False,True,False,False,False,False,False,False,True,False,상추(청),,,,,,
202107중순,214.0,상추,2.0,청,상품,g,100.0,1214.0,,1026.0,1348.0,1191.33333333333,2021,중순,2021-07-11,상추-청,7,11,False,False,False,False,False,False,True,False,False,False,False,False,False,True,False,상추(청),,,,,,
202107중순,214.0,상추,2.0,청,상품,g,100.0,1214.0,,1026.0,1348.0,1191.33333333333,2021,중순,2021-07-11,상추-청,7,11,False,False,False,False,False,False,True,False,False,False,False,False,False,True,False,상추(청),,,,,,
202107중순,214.0,상추,2.0,청,상품,g,100.0,1214.0,,1026.0,1348.0,1191.33333333333,2021,중순,2021-07-11,상추-청,7,11,False,False,False,False,False,False,True,False,False,False,False,False,False,True,False,상추(청),,,,,,
202107중순,214.0,상추,2.0,청,상품,g,100.0,1214.0,,1026.0,1348.0,1191.33333333333,2021,중순,2021-07-11,상추-청,7,11,False,False,False,False,False,False,True,False,False,False,False,False,False,True,False,상추(청),,,,,,
202107중순,214.0,상추,2.0,청,상품,g,100.0,1214.0,,1026.0,1348.0,1191.33333333333,2021,중순,2021-07-11,상추-청,7,11,False,False,False,False,False,False,True,False,False,False,False,False,False,True,False,상추(청),,,,,,
202107중순,214.0,상추,2.0,청,상품,g,100.0,1214.0,,1026.0,1348.0,1191.33333333333,2021,중순,2021-07-11,상추-청,7,11,False,False,False,False,False,False,True,False,False,False,False,False,False,True,False,상추(청),,,,,,
202107중순,214.0,상추,2.0,청,상품,g,100.0,1214.0,,1026.0,1348.0,1191.33333333333,2021,중순,2021-07-11,상추-청,7,11,False,False,False,False,False,False,True,False,False,False,False,False,False,True,False,상추(청),,,,,,
202107중순,214.0,상추,2.0,청,상품,g,100.0,1214.0,,1026.0,1348.0,1191.33333333333,2021,중순,2021-07-11,상추-청,7,11,False,False,False,False,False,False,True,False,False,False,False,False,False,True,False,상추(청),,,,,,
202107중순,214.0,상추,2.0,청,상품,g,100.0,1214.0,,1026.0,1348.0,1191.33333333333,2021,중순,2021-07-11,상추-청,7,11,False,False,False,False,False,False,True,False,False,False,False,False,False,True,False,상추(청),,,,,,
202107중순,214.0,상추,2.0,청,상품,g,100.0,1214.0,,1026.0,1348.0,1191.33333333333,2021,중순,2021-07-11,상추-청,7,11,False,False,False,False,False,False,True,False,False,False,False,False,False,True,False,상추(청),,,,,,
202107중순,214.0,상추,2.0,청,상품,g,100.0,1214.0,,1026.0,1348.0,1191.33333333333,2021,중순,2021-07-11,상추-청,7,11,False,False,False,False,False,False,True,False,False,False,False,False,False,True,False,상추(청),,,,,,
202107중순,214.0,상추,2.0,청,상품,g,100.0,1214.0,,1026.0,1348.0,1191.33333333333,2021,중순,2021-07-11,상추-청,7,11,False,False,False,False,False,False,True,False,False,False,False,False,False,True,False,상추(청),,,,,,
202107중순,214.0,상추,2.0,청,상품,g,100.0,1214.0,,1026.0,1348.0,1191.33333333333,2021,중순,2021-07-11,상추-청,7,11,False,False,False,False,False,False,True,False,False,False,False,False,False,True,False,상추(청),,,,,,
202107중순,214.0,상추,2.0,청,상품,g,100.0,1214.0,,1026.0,1348.0,1191.33333333333,2021,중순,2021-07-11,상추-청,7,11,False,False,False,False,False,False,True,False,False,False,False,False,False,True,False,상추(청),,,,,,
202107중순,214.0,상추,2.0,청,상품,g,100.0,1214.0,,1026.0,1348.0,1191.33333333333,2021,중순,2021-07-11,상추-청,7,11,False,False,False,False,False,False,True,False,False,False,False,False,False,True,False,상추(청),,,,,,
202107중순,214.0,상추,2.0,청,상품,g,100.0,1214.0,,1026.0,1348.0,1191.33333333333,2021,중순,2021-07-11,상추-청,7,11,False,False,False,False,False,False,True,False,False,False,False,False,False,True,False,상추(청),,,,,,
202107중순,214.0,상추,2.0,청,상품,g,100.0,1214.0,,1026.0,1348.0,1191.33333333333,2021,중순,2021-07-11,상추-청,7,11,False,False,False,False,False,False,True,False,False,False,False,False,False,True,False,상추(청),,,,,,
202107중순,214.0,상추,2.0,청,상품,g,100.0,1214.0,,1026.0,1348.0,1191.33333333333,2021,중순,2021-07-11,상추-청,7,11,False,False,False,False,False,False,True,False,False,False,False,False,False,True,False,상추(청),,,,,,
202107중순,214.0,상추,2.0,청,상품,g,100.0,1214.0,,1026.0,1348.0,1191.33333333333,2021,중순,2021-07-11,상추-청,7,11,False,False,False,False,False,False,True,False,False,False,False,False,False,True,False,상추(청),,,,,,
202107하순,214.0,상추,2.0,청,상품,g,100.0,1573.0,,1056.0,1360.0,1173.0,2021,하순,2021-07-21,상추-청,7,21,False,False,False,False,False,False,True,False,False,False,False,False,False,False,True,상추(청),,,,,,
202107하순,214.0,상추,2.0,청,상품,g,100.0,1573.0,,1056.0,1360.0,1173.0,2021,하순,2021-07-21,상추-청,7,21,False,False,False,False,False,False,True,False,False,False,False,False,False,False,True,상추(청),,,,,,
202107하순,214.0,상추,2.0,청,상품,g,100.0,1573.0,,1056.0,1360.0,1173.0,2021,하순,2021-07-21,상추-청,7,21,False,False,False,False,False,False,True,False,False,False,False,False,False,False,True,상추(청),,,,,,
202107하순,214.0,상추,2.0,청,상품,g,100.0,1573.0,,1056.0,1360.0,1173.0,2021,하순,2021-07-21,상추-청,7,21,False,False,False,False,False,False,True,False,False,False,False,False,False,False,True,상추(청),,,,,,
202107하순,214.0,상추,2.0,청,상품,g,100.0,1573.0,,1056.0,1360.0,1173.0,2021,하순,2021-07-21,상추-청,7,21,False,False,False,False,False,False,True,False,False,False,False,False,False,False,True,상추(청),,,,,,
202107하순,214.0,상추,2.0,청,상품,g,100.0,1573.0,,1056.0,1360.0,1173.0,2021,하순,2021-07-21,상추-청,7,21,False,False,False,False,False,False,True,False,False,False,False,False,False,False,True,상추(청),,,,,,
202107하순,214.0,상추,2.0,청,상품,g,100.0,1573.0,,1056.0,1360.0,1173.0,2021,하순,2021-07-21,상추-청,7,21,False,False,False,False,False,False,True,False,False,False,False,False,False,False,True,상추(청),,,,,,
202107하순,214.0,상추,2.0,청,상품,g,100.0,1573.0,,1056.0,1360.0,1173.0,2021,하순,2021-07-21,상추-청,7,21,False,False,False,False,False,False,True,False,False,False,False,False,False,False,True,상추(청),,,,,,
202107하순,214.0,상추,2.0,청,상품,g,100.0,1573.0,,1056.0,1360.0,1173.0,2021,하순,2021-07-21,상추-청,7,21,False,False,False,False,False,False,True,False,False,False,False,False,False,False,True,상추(청),,,,,,
202107하순,214.0,상추,2.0,청,상품,g,100.0,1573.0,,1056.0,1360.0,1173.0,2021,하순,2021-07-21,상추-청,7,21,False,False,False,False,False,False,True,False,False,False,False,False,False,False,True,상추(청),,,,,,
202107하순,214.0,상추,2.0,청,상품,g,100.0,1573.0,,1056.0,1360.0,1173.0,2021,하순,2021-07-21,상추-청,7,21,False,False,False,False,False,False,True,False,False,False,False,False,False,False,True,상추(청),,,,,,
202107하순,214.0,상추,2.0,청,상품,g,100.0,1573.0,,1056.0,1360.0,1173.0,2021,하순,2021-07-21,상추-청,7,21,False,False,False,False,False,False,True,False,False,False,False,False,False,False,True,상추(청),,,,,,
202107하순,214.0,상추,2.0,청,상품,g,100.0,1573.0,,1056.0,1360.0,1173.0,2021,하순,2021-07-21,상추-청,7,21,False,False,False,False,False,False,True,False,False,False,False,False,False,False,True,상추(청),,,,,,
202107하순,214.0,상추,2.0,청,상품,g,100.0,1573.0,,1056.0,1360.0,1173.0,2021,하순,2021-07-21,상추-청,7,21,False,False,False,False,False,False,True,False,False,False,False,False,False,False,True,상추(청),,,,,,
202107하순,214.0,상추,2.0,청,상품,g,100.0,1573.0,,1056.0,1360.0,1173.0,2021,하순,2021-07-21,상추-청,7,21,False,False,False,False,False,False,True,False,False,False,False,False,False,False,True,상추(청),,,,,,
202107하순,214.0,상추,2.0,청,상품,g,100.0,1573.0,,1056.0,1360.0,1173.0,2021,하순,2021-07-21,상추-청,7,21,False,False,False,False,False,False,True,False,False,False,False,False,False,False,True,상추(청),,,,,,
202107하순,214.0,상추,2.0,청,상품,g,100.0,1573.0,,1056.0,1360.0,1173.0,2021,하순,2021-07-21,상추-청,7,21,False,False,False,False,False,False,True,False,False,False,False,False,False,False,True,상추(청),,,,,,
202107하순,214.0,상추,2.0,청,상품,g,100.0,1573.0,,1056.0,1360.0,1173.0,2021,하순,2021-07-21,상추-청,7,21,False,False,False,False,False,False,True,False,False,False,False,False,False,False,True,상추(청),,,,,,
202107하순,214.0,상추,2.0,청,상품,g,100.0,1573.0,,1056.0,1360.0,1173.0,2021,하순,2021-07-21,상추-청,7,21,False,False,False,False,False,False,True,False,False,False,False,False,False,False,True,상추(청),,,,,,
202107하순,214.0,상추,2.0,청,상품,g,100.0,1573.0,,1056.0,1360.0,1173.0,2021,하순,2021-07-21,상추-청,7,21,False,False,False,False,False,False,True,False,False,False,False,False,False,False,True,상추(청),,,,,,
202107하순,214.0,상추,2.0,청,상품,g,100.0,1573.0,,1056.0,1360.0,1173.0,2021,하순,2021-07-21,상추-청,7,21,False,False,False,False,False,False,True,False,False,False,False,False,False,False,True,상추(청),,,,,,
202107하순,214.0,상추,2.0,청,상품,g,100.0,1573.0,,1056.0,1360.0,1173.0,2021,하순,2021-07-21,상추-청,7,21,False,False,False,False,False,False,True,False,False,False,False,False,False,False,True,상추(청),,,,,,
202107하순,214.0,상추,2.0,청,상품,g,100.0,1573.0,,1056.0,1360.0,1173.0,2021,하순,2021-07-21,상추-청,7,21,False,False,False,False,False,False,True,False,False,False,False,False,False,False,True,상추(청),,,,,,
202107하순,214.0,상추,2.0,청,상품,g,100.0,1573.0,,1056.0,1360.0,1173.0,2021,하순,2021-07-21,상추-청,7,21,False,False,False,False,False,False,True,False,False,False,False,False,False,False,True,상추(청),,,,,,
202107하순,214.0,상추,2.0,청,상품,g,100.0,1573.0,,1056.0,1360.0,1173.0,2021,하순,2021-07-21,상추-청,7,21,False,False,False,False,False,False,True,False,False,False,False,False,False,False,True,상추(청),,,,,,
202107하순,214.0,상추,2.0,청,상품,g,100.0,1573.0,,1056.0,1360.0,1173.0,2021,하순,2021-07-21,상추-청,7,21,False,False,False,False,False,False,True,False,False,False,False,False,False,False,True,상추(청),,,,,,
202107하순,214.0,상추,2.0,청,상품,g,100.0,1573.0,,1056.0,1360.0,1173.0,2021,하순,2021-07-21,상추-청,7,21,False,False,False,False,False,False,True,False,False,False,False,False,False,False,True,상추(청),,,,,,
202108상순,214.0,상추,2.0,청,상품,g,100.0,1607.0,,1092.0,1632.0,1398.33333333333,2021,상순,2021-08-01,상추-청,8,1,False,False,False,False,False,False,False,True,False,False,False,False,True,False,False,상추(청),,,,,,
202108상순,214.0,상추,2.0,청,상품,g,100.0,1607.0,,1092.0,1632.0,1398.33333333333,2021,상순,2021-08-01,상추-청,8,1,False,False,False,False,False,False,False,True,False,False,False,False,True,False,False,상추(청),,,,,,
202108상순,214.0,상추,2.0,청,상품,g,100.0,1607.0,,1092.0,1632.0,1398.33333333333,2021,상순,2021-08-01,상추-청,8,1,False,False,False,False,False,False,False,True,False,False,False,False,True,False,False,상추(청),,,,,,
202108상순,214.0,상추,2.0,청,상품,g,100.0,1607.0,,1092.0,1632.0,1398.33333333333,2021,상순,2021-08-01,상추-청,8,1,False,False,False,False,False,False,False,True,False,False,False,False,True,False,False,상추(청),,,,,,
202108상순,214.0,상추,2.0,청,상품,g,100.0,1607.0,,1092.0,1632.0,1398.33333333333,2021,상순,2021-08-01,상추-청,8,1,False,False,False,False,False,False,False,True,False,False,False,False,True,False,False,상추(청),,,,,,
202108상순,214.0,상추,2.0,청,상품,g,100.0,1607.0,,1092.0,1632.0,1398.33333333333,2021,상순,2021-08-01,상추-청,8,1,False,False,False,False,False,False,False,True,False,False,False,False,True,False,False,상추(청),,,,,,
202108상순,214.0,상추,2.0,청,상품,g,100.0,1607.0,,1092.0,1632.0,1398.33333333333,2021,상순,2021-08-01,상추-청,8,1,False,False,False,False,False,False,False,True,False,False,False,False,True,False,False,상추(청),,,,,,
202108상순,214.0,상추,2.0,청,상품,g,100.0,1607.0,,1092.0,1632.0,1398.33333333333,2021,상순,2021-08-01,상추-청,8,1,False,False,False,False,False,False,False,True,False,False,False,False,True,False,False,상추(청),,,,,,
202108상순,214.0,상추,2.0,청,상품,g,100.0,1607.0,,1092.0,1632.0,1398.33333333333,2021,상순,2021-08-01,상추-청,8,1,False,False,False,False,False,False,False,True,False,False,False,False,True,False,False,상추(청),,,,,,
202108상순,214.0,상추,2.0,청,상품,g,100.0,1607.0,,1092.0,1632.0,1398.33333333333,2021,상순,2021-08-01,상추-청,8,1,False,False,False,False,False,False,False,True,False,False,False,False,True,False,False,상추(청),,,,,,
202108상순,214.0,상추,2.0,청,상품,g,100.0,1607.0,,1092.0,1632.0,1398.33333333333,2021,상순,2021-08-01,상추-청,8,1,False,False,False,False,False,False,False,True,False,False,False,False,True,False,False,상추(청),,,,,,
202108상순,214.0,상추,2.0,청,상품,g,100.0,1607.0,,1092.0,1632.0,1398.33333333333,2021,상순,2021-08-01,상추-청,8,1,False,False,False,False,False,False,False,True,False,False,False,False,True,False,False,상추(청),,,,,,
202108상순,214.0,상추,2.0,청,상품,g,100.0,1607.0,,1092.0,1632.0,1398.33333333333,2021,상순,2021-08-01,상추-청,8,1,False,False,False,False,False,False,False,True,False,False,False,False,True,False,False,상추(청),,,,,,
202108상순,214.0,상추,2.0,청,상품,g,100.0,1607.0,,1092.0,1632.0,1398.33333333333,2021,상순,2021-08-01,상추-청,8,1,False,False,False,False,False,False,False,True,False,False,False,False,True,False,False,상추(청),,,,,,
202108상순,214.0,상추,2.0,청,상품,g,100.0,1607.0,,1092.0,1632.0,1398.33333333333,2021,상순,2021-08-01,상추-청,8,1,False,False,False,False,False,False,False,True,False,False,False,False,True,False,False,상추(청),,,,,,
202108상순,214.0,상추,2.0,청,상품,g,100.0,1607.0,,1092.0,1632.0,1398.33333333333,2021,상순,2021-08-01,상추-청,8,1,False,False,False,False,False,False,False,True,False,False,False,False,True,False,False,상추(청),,,,,,
202108상순,214.0,상추,2.0,청,상품,g,100.0,1607.0,,1092.0,1632.0,1398.33333333333,2021,상순,2021-08-01,상추-청,8,1,False,False,False,False,False,False,False,True,False,False,False,False,True,False,False,상추(청),,,,,,
202108상순,214.0,상추,2.0,청,상품,g,100.0,1607.0,,1092.0,1632.0,1398.33333333333,2021,상순,2021-08-01,상추-청,8,1,False,False,False,False,False,False,False,True,False,False,False,False,True,False,False,상추(청),,,,,,
202108상순,214.0,상추,2.0,청,상품,g,100.0,1607.0,,1092.0,1632.0,1398.33333333333,2021,상순,2021-08-01,상추-청,8,1,False,False,False,False,False,False,False,True,False,False,False,False,True,False,False,상추(청),,,,,,
202108상순,214.0,상추,2.0,청,상품,g,100.0,1607.0,,1092.0,1632.0,1398.33333333333,2021,상순,2021-08-01,상추-청,8,1,False,False,False,False,False,False,False,True,False,False,False,False,True,False,False,상추(청),,,,,,
202108상순,214.0,상추,2.0,청,상품,g,100.0,1607.0,,1092.0,1632.0,1398.33333333333,2021,상순,2021-08-01,상추-청,8,1,False,False,False,False,False,False,False,True,False,False,False,False,True,False,False,상추(청),,,,,,
202108상순,214.0,상추,2.0,청,상품,g,100.0,1607.0,,1092.0,1632.0,1398.33333333333,2021,상순,2021-08-01,상추-청,8,1,False,False,False,False,False,False,False,True,False,False,False,False,True,False,False,상추(청),,,,,,
202108상순,214.0,상추,2.0,청,상품,g,100.0,1607.0,,1092.0,1632.0,1398.33333333333,2021,상순,2021-08-01,상추-청,8,1,False,False,False,False,False,False,False,True,False,False,False,False,True,False,False,상추(청),,,,,,
202108중순,214.0,상추,2.0,청,상품,g,100.0,1714.0,,1214.0,2203.0,1522.0,2021,중순,2021-08-11,상추-청,8,11,False,False,False,False,False,False,False,True,False,False,False,False,False,True,False,상추(청),,,,,,
202108중순,214.0,상추,2.0,청,상품,g,100.0,1714.0,,1214.0,2203.0,1522.0,2021,중순,2021-08-11,상추-청,8,11,False,False,False,False,False,False,False,True,False,False,False,False,False,True,False,상추(청),,,,,,
202108중순,214.0,상추,2.0,청,상품,g,100.0,1714.0,,1214.0,2203.0,1522.0,2021,중순,2021-08-11,상추-청,8,11,False,False,False,False,False,False,False,True,False,False,False,False,False,True,False,상추(청),,,,,,
202108중순,214.0,상추,2.0,청,상품,g,100.0,1714.0,,1214.0,2203.0,1522.0,2021,중순,2021-08-11,상추-청,8,11,False,False,False,False,False,False,False,True,False,False,False,False,False,True,False,상추(청),,,,,,
202108중순,214.0,상추,2.0,청,상품,g,100.0,1714.0,,1214.0,2203.0,1522.0,2021,중순,2021-08-11,상추-청,8,11,False,False,False,False,False,False,False,True,False,False,False,False,False,True,False,상추(청),,,,,,
202108중순,214.0,상추,2.0,청,상품,g,100.0,1714.0,,1214.0,2203.0,1522.0,2021,중순,2021-08-11,상추-청,8,11,False,False,False,False,False,False,False,True,False,False,False,False,False,True,False,상추(청),,,,,,
202108중순,214.0,상추,2.0,청,상품,g,100.0,1714.0,,1214.0,2203.0,1522.0,2021,중순,2021-08-11,상추-청,8,11,False,False,False,False,False,False,False,True,False,False,False,False,False,True,False,상추(청),,,,,,
202108중순,214.0,상추,2.0,청,상품,g,100.0,1714.0,,1214.0,2203.0,1522.0,2021,중순,2021-08-11,상추-청,8,11,False,False,False,False,False,False,False,True,False,False,False,False,False,True,False,상추(청),,,,,,
202108중순,214.0,상추,2.0,청,상품,g,100.0,1714.0,,1214.0,2203.0,1522.0,2021,중순,2021-08-11,상추-청,8,11,False,False,False,False,False,False,False,True,False,False,False,False,False,True,False,상추(청),,,,,,
202108중순,214.0,상추,2.0,청,상품,g,100.0,1714.0,,1214.0,2203.0,1522.0,2021,중순,2021-08-11,상추-청,8,11,False,False,False,False,False,False,False,True,False,False,False,False,False,True,False,상추(청),,,,,,
202108중순,214.0,상추,2.0,청,상품,g,100.0,1714.0,,1214.0,2203.0,1522.0,2021,중순,2021-08-11,상추-청,8,11,False,False,False,False,False,False,False,True,False,False,False,False,False,True,False,상추(청),,,,,,
202108중순,214.0,상추,2.0,청,상품,g,100.0,1714.0,,1214.0,2203.0,1522.0,2021,중순,2021-08-11,상추-청,8,11,False,False,False,False,False,False,False,True,False,False,False,False,False,True,False,상추(청),,,,,,
202108중순,214.0,상추,2.0,청,상품,g,100.0,1714.0,,1214.0,2203.0,1522.0,2021,중순,2021-08-11,상추-청,8,11,False,False,False,False,False,False,False,True,False,False,False,False,False,True,False,상추(청),,,,,,
202108중순,214.0,상추,2.0,청,상품,g,100.0,1714.0,,1214.0,2203.0,1522.0,2021,중순,2021-08-11,상추-청,8,11,False,False,False,False,False,False,False,True,False,False,False,False,False,True,False,상추(청),,,,,,
202108중순,214.0,상추,2.0,청,상품,g,100.0,1714.0,,1214.0,2203.0,1522.0,2021,중순,2021-08-11,상추-청,8,11,False,False,False,False,False,False,False,True,False,False,False,False,False,True,False,상추(청),,,,,,
202108중순,214.0,상추,2.0,청,상품,g,100.0,1714.0,,1214.0,2203.0,1522.0,2021,중순,2021-08-11,상추-청,8,11,False,False,False,False,False,False,False,True,False,False,False,False,False,True,False,상추(청),,,,,,
202108중순,214.0,상추,2.0,청,상품,g,100.0,1714.0,,1214.0,2203.0,1522.0,2021,중순,2021-08-11,상추-청,8,11,False,False,False,False,False,False,False,True,False,False,False,False,False,True,False,상추(청),,,,,,
202108중순,214.0,상추,2.0,청,상품,g,100.0,1714.0,,1214.0,2203.0,1522.0,2021,중순,2021-08-11,상추-청,8,11,False,False,False,False,False,False,False,True,False,False,False,False,False,True,False,상추(청),,,,,,
202108중순,214.0,상추,2.0,청,상품,g,100.0,1714.0,,1214.0,2203.0,1522.0,2021,중순,2021-08-11,상추-청,8,11,False,False,False,False,False,False,False,True,False,False,False,False,False,True,False,상추(청),,,,,,
202108중순,214.0,상추,2.0,청,상품,g,100.0,1714.0,,1214.0,2203.0,1522.0,2021,중순,2021-08-11,상추-청,8,11,False,False,False,False,False,False,False,True,False,False,False,False,False,True,False,상추(청),,,,,,
202108중순,214.0,상추,2.0,청,상품,g,100.0,1714.0,,1214.0,2203.0,1522.0,2021,중순,2021-08-11,상추-청,8,11,False,False,False,False,False,False,False,True,False,False,False,False,False,True,False,상추(청),,,,,,
202108중순,214.0,상추,2.0,청,상품,g,100.0,1714.0,,1214.0,2203.0,1522.0,2021,중순,2021-08-11,상추-청,8,11,False,False,False,False,False,False,False,True,False,False,False,False,False,True,False,상추(청),,,,,,
202108중순,214.0,상추,2.0,청,상품,g,100.0,1714.0,,1214.0,2203.0,1522.0,2021,중순,2021-08-11,상추-청,8,11,False,False,False,False,False,False,False,True,False,False,False,False,False,True,False,상추(청),,,,,,
202108중순,214.0,상추,2.0,청,상품,g,100.0,1714.0,,1214.0,2203.0,1522.0,2021,중순,2021-08-11,상추-청,8,11,False,False,False,False,False,False,False,True,False,False,False,False,False,True,False,상추(청),,,,,,
202108중순,214.0,상추,2.0,청,상품,g,100.0,1714.0,,1214.0,2203.0,1522.0,2021,중순,2021-08-11,상추-청,8,11,False,False,False,False,False,False,False,True,False,False,False,False,False,True,False,상추(청),,,,,,
202108하순,214.0,상추,2.0,청,상품,g,100.0,1849.0,,1573.0,2164.0,1511.0,2021,하순,2021-08-21,상추-청,8,21,False,False,False,False,False,False,False,True,False,False,False,False,False,False,True,상추(청),,,,,,
202108하순,214.0,상추,2.0,청,상품,g,100.0,1849.0,,1573.0,2164.0,1511.0,2021,하순,2021-08-21,상추-청,8,21,False,False,False,False,False,False,False,True,False,False,False,False,False,False,True,상추(청),,,,,,
202108하순,214.0,상추,2.0,청,상품,g,100.0,1849.0,,1573.0,2164.0,1511.0,2021,하순,2021-08-21,상추-청,8,21,False,False,False,False,False,False,False,True,False,False,False,False,False,False,True,상추(청),,,,,,
202108하순,214.0,상추,2.0,청,상품,g,100.0,1849.0,,1573.0,2164.0,1511.0,2021,하순,2021-08-21,상추-청,8,21,False,False,False,False,False,False,False,True,False,False,False,False,False,False,True,상추(청),,,,,,
202108하순,214.0,상추,2.0,청,상품,g,100.0,1849.0,,1573.0,2164.0,1511.0,2021,하순,2021-08-21,상추-청,8,21,False,False,False,False,False,False,False,True,False,False,False,False,False,False,True,상추(청),,,,,,
202108하순,214.0,상추,2.0,청,상품,g,100.0,1849.0,,1573.0,2164.0,1511.0,2021,하순,2021-08-21,상추-청,8,21,False,False,False,False,False,False,False,True,False,False,False,False,False,False,True,상추(청),,,,,,
202108하순,214.0,상추,2.0,청,상품,g,100.0,1849.0,,1573.0,2164.0,1511.0,2021,하순,2021-08-21,상추-청,8,21,False,False,False,False,False,False,False,True,False,False,False,False,False,False,True,상추(청),,,,,,
202108하순,214.0,상추,2.0,청,상품,g,100.0,1849.0,,1573.0,2164.0,1511.0,2021,하순,2021-08-21,상추-청,8,21,False,False,False,False,False,False,False,True,False,False,False,False,False,False,True,상추(청),,,,,,
202108하순,214.0,상추,2.0,청,상품,g,100.0,1849.0,,1573.0,2164.0,1511.0,2021,하순,2021-08-21,상추-청,8,21,False,False,False,False,False,False,False,True,False,False,False,False,False,False,True,상추(청),,,,,,
202108하순,214.0,상추,2.0,청,상품,g,100.0,1849.0,,1573.0,2164.0,1511.0,2021,하순,2021-08-21,상추-청,8,21,False,False,False,False,False,False,False,True,False,False,False,False,False,False,True,상추(청),,,,,,
202108하순,214.0,상추,2.0,청,상품,g,100.0,1849.0,,1573.0,2164.0,1511.0,2021,하순,2021-08-21,상추-청,8,21,False,False,False,False,False,False,False,True,False,False,False,False,False,False,True,상추(청),,,,,,
202108하순,214.0,상추,2.0,청,상품,g,100.0,1849.0,,1573.0,2164.0,1511.0,2021,하순,2021-08-21,상추-청,8,21,False,False,False,False,False,False,False,True,False,False,False,False,False,False,True,상추(청),,,,,,
202108하순,214.0,상추,2.0,청,상품,g,100.0,1849.0,,1573.0,2164.0,1511.0,2021,하순,2021-08-21,상추-청,8,21,False,False,False,False,False,False,False,True,False,False,False,False,False,False,True,상추(청),,,,,,
202108하순,214.0,상추,2.0,청,상품,g,100.0,1849.0,,1573.0,2164.0,1511.0,2021,하순,2021-08-21,상추-청,8,21,False,False,False,False,False,False,False,True,False,False,False,False,False,False,True,상추(청),,,,,,
202108하순,214.0,상추,2.0,청,상품,g,100.0,1849.0,,1573.0,2164.0,1511.0,2021,하순,2021-08-21,상추-청,8,21,False,False,False,False,False,False,False,True,False,False,False,False,False,False,True,상추(청),,,,,,
202108하순,214.0,상추,2.0,청,상품,g,100.0,1849.0,,1573.0,2164.0,1511.0,2021,하순,2021-08-21,상추-청,8,21,False,False,False,False,False,False,False,True,False,False,False,False,False,False,True,상추(청),,,,,,
202108하순,214.0,상추,2.0,청,상품,g,100.0,1849.0,,1573.0,2164.0,1511.0,2021,하순,2021-08-21,상추-청,8,21,False,False,False,False,False,False,False,True,False,False,False,False,False,False,True,상추(청),,,,,,
202108하순,214.0,상추,2.0,청,상품,g,100.0,1849.0,,1573.0,2164.0,1511.0,2021,하순,2021-08-21,상추-청,8,21,False,False,False,False,False,False,False,True,False,False,False,False,False,False,True,상추(청),,,,,,
202108하순,214.0,상추,2.0,청,상품,g,100.0,1849.0,,1573.0,2164.0,1511.0,2021,하순,2021-08-21,상추-청,8,21,False,False,False,False,False,False,False,True,False,False,False,False,False,False,True,상추(청),,,,,,
202108하순,214.0,상추,2.0,청,상품,g,100.0,1849.0,,1573.0,2164.0,1511.0,2021,하순,2021-08-21,상추-청,8,21,False,False,False,False,False,False,False,True,False,False,False,False,False,False,True,상추(청),,,,,,
202108하순,214.0,상추,2.0,청,상품,g,100.0,1849.0,,1573.0,2164.0,1511.0,2021,하순,2021-08-21,상추-청,8,21,False,False,False,False,False,False,False,True,False,False,False,False,False,False,True,상추(청),,,,,,
202108하순,214.0,상추,2.0,청,상품,g,100.0,1849.0,,1573.0,2164.0,1511.0,2021,하순,2021-08-21,상추-청,8,21,False,False,False,False,False,False,False,True,False,False,False,False,False,False,True,상추(청),,,,,,
202108하순,214.0,상추,2.0,청,상품,g,100.0,1849.0,,1573.0,2164.0,1511.0,2021,하순,2021-08-21,상추-청,8,21,False,False,False,False,False,False,False,True,False,False,False,False,False,False,True,상추(청),,,,,,
202108하순,214.0,상추,2.0,청,상품,g,100.0,1849.0,,1573.0,2164.0,1511.0,2021,하순,2021-08-21,상추-청,8,21,False,False,False,False,False,False,False,True,False,False,False,False,False,False,True,상추(청),,,,,,
202108하순,214.0,상추,2.0,청,상품,g,100.0,1849.0,,1573.0,2164.0,1511.0,2021,하순,2021-08-21,상추-청,8,21,False,False,False,False,False,False,False,True,False,False,False,False,False,False,True,상추(청),,,,,,
202108하순,214.0,상추,2.0,청,상품,g,100.0,1849.0,,1573.0,2164.0,1511.0,2021,하순,2021-08-21,상추-청,8,21,False,False,False,False,False,False,False,True,False,False,False,False,False,False,True,상추(청),,,,,,
202108하순,214.0,상추,2.0,청,상품,g,100.0,1849.0,,1573.0,2164.0,1511.0,2021,하순,2021-08-21,상추-청,8,21,False,False,False,False,False,False,False,True,False,False,False,False,False,False,True,상추(청),,,,,,
202109상순,214.0,상추,2.0,청,상품,g,100.0,2204.0,,1607.0,1533.0,1462.33333333333,2021,상순,2021-09-01,상추-청,9,1,False,False,False,False,False,False,False,False,True,False,False,False,True,False,False,상추(청),,,,,,
202109상순,214.0,상추,2.0,청,상품,g,100.0,2204.0,,1607.0,1533.0,1462.33333333333,2021,상순,2021-09-01,상추-청,9,1,False,False,False,False,False,False,False,False,True,False,False,False,True,False,False,상추(청),,,,,,
202109상순,214.0,상추,2.0,청,상품,g,100.0,2204.0,,1607.0,1533.0,1462.33333333333,2021,상순,2021-09-01,상추-청,9,1,False,False,False,False,False,False,False,False,True,False,False,False,True,False,False,상추(청),,,,,,
202109상순,214.0,상추,2.0,청,상품,g,100.0,2204.0,,1607.0,1533.0,1462.33333333333,2021,상순,2021-09-01,상추-청,9,1,False,False,False,False,False,False,False,False,True,False,False,False,True,False,False,상추(청),,,,,,
202109상순,214.0,상추,2.0,청,상품,g,100.0,2204.0,,1607.0,1533.0,1462.33333333333,2021,상순,2021-09-01,상추-청,9,1,False,False,False,False,False,False,False,False,True,False,False,False,True,False,False,상추(청),,,,,,
202109상순,214.0,상추,2.0,청,상품,g,100.0,2204.0,,1607.0,1533.0,1462.33333333333,2021,상순,2021-09-01,상추-청,9,1,False,False,False,False,False,False,False,False,True,False,False,False,True,False,False,상추(청),,,,,,
202109상순,214.0,상추,2.0,청,상품,g,100.0,2204.0,,1607.0,1533.0,1462.33333333333,2021,상순,2021-09-01,상추-청,9,1,False,False,False,False,False,False,False,False,True,False,False,False,True,False,False,상추(청),,,,,,
202109상순,214.0,상추,2.0,청,상품,g,100.0,2204.0,,1607.0,1533.0,1462.33333333333,2021,상순,2021-09-01,상추-청,9,1,False,False,False,False,False,False,False,False,True,False,False,False,True,False,False,상추(청),,,,,,
202109상순,214.0,상추,2.0,청,상품,g,100.0,2204.0,,1607.0,1533.0,1462.33333333333,2021,상순,2021-09-01,상추-청,9,1,False,False,False,False,False,False,False,False,True,False,False,False,True,False,False,상추(청),,,,,,
202109상순,214.0,상추,2.0,청,상품,g,100.0,2204.0,,1607.0,1533.0,1462.33333333333,2021,상순,2021-09-01,상추-청,9,1,False,False,False,False,False,False,False,False,True,False,False,False,True,False,False,상추(청),,,,,,
202109상순,214.0,상추,2.0,청,상품,g,100.0,2204.0,,1607.0,1533.0,1462.33333333333,2021,상순,2021-09-01,상추-청,9,1,False,False,False,False,False,False,False,False,True,False,False,False,True,False,False,상추(청),,,,,,
202109상순,214.0,상추,2.0,청,상품,g,100.0,2204.0,,1607.0,1533.0,1462.33333333333,2021,상순,2021-09-01,상추-청,9,1,False,False,False,False,False,False,False,False,True,False,False,False,True,False,False,상추(청),,,,,,
202109상순,214.0,상추,2.0,청,상품,g,100.0,2204.0,,1607.0,1533.0,1462.33333333333,2021,상순,2021-09-01,상추-청,9,1,False,False,False,False,False,False,False,False,True,False,False,False,True,False,False,상추(청),,,,,,
202109상순,214.0,상추,2.0,청,상품,g,100.0,2204.0,,1607.0,1533.0,1462.33333333333,2021,상순,2021-09-01,상추-청,9,1,False,False,False,False,False,False,False,False,True,False,False,False,True,False,False,상추(청),,,,,,
202109상순,214.0,상추,2.0,청,상품,g,100.0,2204.0,,1607.0,1533.0,1462.33333333333,2021,상순,2021-09-01,상추-청,9,1,False,False,False,False,False,False,False,False,True,False,False,False,True,False,False,상추(청),,,,,,
202109상순,214.0,상추,2.0,청,상품,g,100.0,2204.0,,1607.0,1533.0,1462.33333333333,2021,상순,2021-09-01,상추-청,9,1,False,False,False,False,False,False,False,False,True,False,False,False,True,False,False,상추(청),,,,,,
202109상순,214.0,상추,2.0,청,상품,g,100.0,2204.0,,1607.0,1533.0,1462.33333333333,2021,상순,2021-09-01,상추-청,9,1,False,False,False,False,False,False,False,False,True,False,False,False,True,False,False,상추(청),,,,,,
202109상순,214.0,상추,2.0,청,상품,g,100.0,2204.0,,1607.0,1533.0,1462.33333333333,2021,상순,2021-09-01,상추-청,9,1,False,False,False,False,False,False,False,False,True,False,False,False,True,False,False,상추(청),,,,,,
202109상순,214.0,상추,2.0,청,상품,g,100.0,2204.0,,1607.0,1533.0,1462.33333333333,2021,상순,2021-09-01,상추-청,9,1,False,False,False,False,False,False,False,False,True,False,False,False,True,False,False,상추(청),,,,,,
202109상순,214.0,상추,2.0,청,상품,g,100.0,2204.0,,1607.0,1533.0,1462.33333333333,2021,상순,2021-09-01,상추-청,9,1,False,False,False,False,False,False,False,False,True,False,False,False,True,False,False,상추(청),,,,,,
202109상순,214.0,상추,2.0,청,상품,g,100.0,2204.0,,1607.0,1533.0,1462.33333333333,2021,상순,2021-09-01,상추-청,9,1,False,False,False,False,False,False,False,False,True,False,False,False,True,False,False,상추(청),,,,,,
202109상순,214.0,상추,2.0,청,상품,g,100.0,2204.0,,1607.0,1533.0,1462.33333333333,2021,상순,2021-09-01,상추-청,9,1,False,False,False,False,False,False,False,False,True,False,False,False,True,False,False,상추(청),,,,,,
202109상순,214.0,상추,2.0,청,상품,g,100.0,2204.0,,1607.0,1533.0,1462.33333333333,2021,상순,2021-09-01,상추-청,9,1,False,False,False,False,False,False,False,False,True,False,False,False,True,False,False,상추(청),,,,,,
202109중순,214.0,상추,2.0,청,상품,g,100.0,2403.0,,1714.0,1584.0,1417.0,2021,중순,2021-09-11,상추-청,9,11,False,False,False,False,False,False,False,False,True,False,False,False,False,True,False,상추(청),,,,,,
202109중순,214.0,상추,2.0,청,상품,g,100.0,2403.0,,1714.0,1584.0,1417.0,2021,중순,2021-09-11,상추-청,9,11,False,False,False,False,False,False,False,False,True,False,False,False,False,True,False,상추(청),,,,,,
202109중순,214.0,상추,2.0,청,상품,g,100.0,2403.0,,1714.0,1584.0,1417.0,2021,중순,2021-09-11,상추-청,9,11,False,False,False,False,False,False,False,False,True,False,False,False,False,True,False,상추(청),,,,,,
202109중순,214.0,상추,2.0,청,상품,g,100.0,2403.0,,1714.0,1584.0,1417.0,2021,중순,2021-09-11,상추-청,9,11,False,False,False,False,False,False,False,False,True,False,False,False,False,True,False,상추(청),,,,,,
202109중순,214.0,상추,2.0,청,상품,g,100.0,2403.0,,1714.0,1584.0,1417.0,2021,중순,2021-09-11,상추-청,9,11,False,False,False,False,False,False,False,False,True,False,False,False,False,True,False,상추(청),,,,,,
202109중순,214.0,상추,2.0,청,상품,g,100.0,2403.0,,1714.0,1584.0,1417.0,2021,중순,2021-09-11,상추-청,9,11,False,False,False,False,False,False,False,False,True,False,False,False,False,True,False,상추(청),,,,,,
202109중순,214.0,상추,2.0,청,상품,g,100.0,2403.0,,1714.0,1584.0,1417.0,2021,중순,2021-09-11,상추-청,9,11,False,False,False,False,False,False,False,False,True,False,False,False,False,True,False,상추(청),,,,,,
202109중순,214.0,상추,2.0,청,상품,g,100.0,2403.0,,1714.0,1584.0,1417.0,2021,중순,2021-09-11,상추-청,9,11,False,False,False,False,False,False,False,False,True,False,False,False,False,True,False,상추(청),,,,,,
202109중순,214.0,상추,2.0,청,상품,g,100.0,2403.0,,1714.0,1584.0,1417.0,2021,중순,2021-09-11,상추-청,9,11,False,False,False,False,False,False,False,False,True,False,False,False,False,True,False,상추(청),,,,,,
202109중순,214.0,상추,2.0,청,상품,g,100.0,2403.0,,1714.0,1584.0,1417.0,2021,중순,2021-09-11,상추-청,9,11,False,False,False,False,False,False,False,False,True,False,False,False,False,True,False,상추(청),,,,,,
202109중순,214.0,상추,2.0,청,상품,g,100.0,2403.0,,1714.0,1584.0,1417.0,2021,중순,2021-09-11,상추-청,9,11,False,False,False,False,False,False,False,False,True,False,False,False,False,True,False,상추(청),,,,,,
202109중순,214.0,상추,2.0,청,상품,g,100.0,2403.0,,1714.0,1584.0,1417.0,2021,중순,2021-09-11,상추-청,9,11,False,False,False,False,False,False,False,False,True,False,False,False,False,True,False,상추(청),,,,,,
202109중순,214.0,상추,2.0,청,상품,g,100.0,2403.0,,1714.0,1584.0,1417.0,2021,중순,2021-09-11,상추-청,9,11,False,False,False,False,False,False,False,False,True,False,False,False,False,True,False,상추(청),,,,,,
202109중순,214.0,상추,2.0,청,상품,g,100.0,2403.0,,1714.0,1584.0,1417.0,2021,중순,2021-09-11,상추-청,9,11,False,False,False,False,False,False,False,False,True,False,False,False,False,True,False,상추(청),,,,,,
202109중순,214.0,상추,2.0,청,상품,g,100.0,2403.0,,1714.0,1584.0,1417.0,2021,중순,2021-09-11,상추-청,9,11,False,False,False,False,False,False,False,False,True,False,False,False,False,True,False,상추(청),,,,,,
202109중순,214.0,상추,2.0,청,상품,g,100.0,2403.0,,1714.0,1584.0,1417.0,2021,중순,2021-09-11,상추-청,9,11,False,False,False,False,False,False,False,False,True,False,False,False,False,True,False,상추(청),,,,,,
202109중순,214.0,상추,2.0,청,상품,g,100.0,2403.0,,1714.0,1584.0,1417.0,2021,중순,2021-09-11,상추-청,9,11,False,False,False,False,False,False,False,False,True,False,False,False,False,True,False,상추(청),,,,,,
202109중순,214.0,상추,2.0,청,상품,g,100.0,2403.0,,1714.0,1584.0,1417.0,2021,중순,2021-09-11,상추-청,9,11,False,False,False,False,False,False,False,False,True,False,False,False,False,True,False,상추(청),,,,,,
202109중순,214.0,상추,2.0,청,상품,g,100.0,2403.0,,1714.0,1584.0,1417.0,2021,중순,2021-09-11,상추-청,9,11,False,False,False,False,False,False,False,False,True,False,False,False,False,True,False,상추(청),,,,,,
202109중순,214.0,상추,2.0,청,상품,g,100.0,2403.0,,1714.0,1584.0,1417.0,2021,중순,2021-09-11,상추-청,9,11,False,False,False,False,False,False,False,False,True,False,False,False,False,True,False,상추(청),,,,,,
202109중순,214.0,상추,2.0,청,상품,g,100.0,2403.0,,1714.0,1584.0,1417.0,2021,중순,2021-09-11,상추-청,9,11,False,False,False,False,False,False,False,False,True,False,False,False,False,True,False,상추(청),,,,,,
202109중순,214.0,상추,2.0,청,상품,g,100.0,2403.0,,1714.0,1584.0,1417.0,2021,중순,2021-09-11,상추-청,9,11,False,False,False,False,False,False,False,False,True,False,False,False,False,True,False,상추(청),,,,,,
202109하순,214.0,상추,2.0,청,상품,g,100.0,2043.0,,1849.0,1530.0,1393.33333333333,2021,하순,2021-09-21,상추-청,9,21,False,False,False,False,False,False,False,False,True,False,False,False,False,False,True,상추(청),,,,,,
202109하순,214.0,상추,2.0,청,상품,g,100.0,2043.0,,1849.0,1530.0,1393.33333333333,2021,하순,2021-09-21,상추-청,9,21,False,False,False,False,False,False,False,False,True,False,False,False,False,False,True,상추(청),,,,,,
202109하순,214.0,상추,2.0,청,상품,g,100.0,2043.0,,1849.0,1530.0,1393.33333333333,2021,하순,2021-09-21,상추-청,9,21,False,False,False,False,False,False,False,False,True,False,False,False,False,False,True,상추(청),,,,,,
202109하순,214.0,상추,2.0,청,상품,g,100.0,2043.0,,1849.0,1530.0,1393.33333333333,2021,하순,2021-09-21,상추-청,9,21,False,False,False,False,False,False,False,False,True,False,False,False,False,False,True,상추(청),,,,,,
202109하순,214.0,상추,2.0,청,상품,g,100.0,2043.0,,1849.0,1530.0,1393.33333333333,2021,하순,2021-09-21,상추-청,9,21,False,False,False,False,False,False,False,False,True,False,False,False,False,False,True,상추(청),,,,,,
202109하순,214.0,상추,2.0,청,상품,g,100.0,2043.0,,1849.0,1530.0,1393.33333333333,2021,하순,2021-09-21,상추-청,9,21,False,False,False,False,False,False,False,False,True,False,False,False,False,False,True,상추(청),,,,,,
202109하순,214.0,상추,2.0,청,상품,g,100.0,2043.0,,1849.0,1530.0,1393.33333333333,2021,하순,2021-09-21,상추-청,9,21,False,False,False,False,False,False,False,False,True,False,False,False,False,False,True,상추(청),,,,,,
202109하순,214.0,상추,2.0,청,상품,g,100.0,2043.0,,1849.0,1530.0,1393.33333333333,2021,하순,2021-09-21,상추-청,9,21,False,False,False,False,False,False,False,False,True,False,False,False,False,False,True,상추(청),,,,,,
202109하순,214.0,상추,2.0,청,상품,g,100.0,2043.0,,1849.0,1530.0,1393.33333333333,2021,하순,2021-09-21,상추-청,9,21,False,False,False,False,False,False,False,False,True,False,False,False,False,False,True,상추(청),,,,,,
202109하순,214.0,상추,2.0,청,상품,g,100.0,2043.0,,1849.0,1530.0,1393.33333333333,2021,하순,2021-09-21,상추-청,9,21,False,False,False,False,False,False,False,False,True,False,False,False,False,False,True,상추(청),,,,,,
202109하순,214.0,상추,2.0,청,상품,g,100.0,2043.0,,1849.0,1530.0,1393.33333333333,2021,하순,2021-09-21,상추-청,9,21,False,False,False,False,False,False,False,False,True,False,False,False,False,False,True,상추(청),,,,,,
202109하순,214.0,상추,2.0,청,상품,g,100.0,2043.0,,1849.0,1530.0,1393.33333333333,2021,하순,2021-09-21,상추-청,9,21,False,False,False,False,False,False,False,False,True,False,False,False,False,False,True,상추(청),,,,,,
202109하순,214.0,상추,2.0,청,상품,g,100.0,2043.0,,1849.0,1530.0,1393.33333333333,2021,하순,2021-09-21,상추-청,9,21,False,False,False,False,False,False,False,False,True,False,False,False,False,False,True,상추(청),,,,,,
202109하순,214.0,상추,2.0,청,상품,g,100.0,2043.0,,1849.0,1530.0,1393.33333333333,2021,하순,2021-09-21,상추-청,9,21,False,False,False,False,False,False,False,False,True,False,False,False,False,False,True,상추(청),,,,,,
202109하순,214.0,상추,2.0,청,상품,g,100.0,2043.0,,1849.0,1530.0,1393.33333333333,2021,하순,2021-09-21,상추-청,9,21,False,False,False,False,False,False,False,False,True,False,False,False,False,False,True,상추(청),,,,,,
202109하순,214.0,상추,2.0,청,상품,g,100.0,2043.0,,1849.0,1530.0,1393.33333333333,2021,하순,2021-09-21,상추-청,9,21,False,False,False,False,False,False,False,False,True,False,False,False,False,False,True,상추(청),,,,,,
202109하순,214.0,상추,2.0,청,상품,g,100.0,2043.0,,1849.0,1530.0,1393.33333333333,2021,하순,2021-09-21,상추-청,9,21,False,False,False,False,False,False,False,False,True,False,False,False,False,False,True,상추(청),,,,,,
202109하순,214.0,상추,2.0,청,상품,g,100.0,2043.0,,1849.0,1530.0,1393.33333333333,2021,하순,2021-09-21,상추-청,9,21,False,False,False,False,False,False,False,False,True,False,False,False,False,False,True,상추(청),,,,,,
202109하순,214.0,상추,2.0,청,상품,g,100.0,2043.0,,1849.0,1530.0,1393.33333333333,2021,하순,2021-09-21,상추-청,9,21,False,False,False,False,False,False,False,False,True,False,False,False,False,False,True,상추(청),,,,,,
202109하순,214.0,상추,2.0,청,상품,g,100.0,2043.0,,1849.0,1530.0,1393.33333333333,2021,하순,2021-09-21,상추-청,9,21,False,False,False,False,False,False,False,False,True,False,False,False,False,False,True,상추(청),,,,,,
202109하순,214.0,상추,2.0,청,상품,g,100.0,2043.0,,1849.0,1530.0,1393.33333333333,2021,하순,2021-09-21,상추-청,9,21,False,False,False,False,False,False,False,False,True,False,False,False,False,False,True,상추(청),,,,,,
202110상순,214.0,상추,2.0,청,상품,g,100.0,1228.0,,2204.0,1264.0,1262.0,2021,상순,2021-10-01,상추-청,10,1,False,False,False,False,False,False,False,False,False,True,False,False,True,False,False,상추(청),,,,,,
202110상순,214.0,상추,2.0,청,상품,g,100.0,1228.0,,2204.0,1264.0,1262.0,2021,상순,2021-10-01,상추-청,10,1,False,False,False,False,False,False,False,False,False,True,False,False,True,False,False,상추(청),,,,,,
202110상순,214.0,상추,2.0,청,상품,g,100.0,1228.0,,2204.0,1264.0,1262.0,2021,상순,2021-10-01,상추-청,10,1,False,False,False,False,False,False,False,False,False,True,False,False,True,False,False,상추(청),,,,,,
202110상순,214.0,상추,2.0,청,상품,g,100.0,1228.0,,2204.0,1264.0,1262.0,2021,상순,2021-10-01,상추-청,10,1,False,False,False,False,False,False,False,False,False,True,False,False,True,False,False,상추(청),,,,,,
202110상순,214.0,상추,2.0,청,상품,g,100.0,1228.0,,2204.0,1264.0,1262.0,2021,상순,2021-10-01,상추-청,10,1,False,False,False,False,False,False,False,False,False,True,False,False,True,False,False,상추(청),,,,,,
202110상순,214.0,상추,2.0,청,상품,g,100.0,1228.0,,2204.0,1264.0,1262.0,2021,상순,2021-10-01,상추-청,10,1,False,False,False,False,False,False,False,False,False,True,False,False,True,False,False,상추(청),,,,,,
202110상순,214.0,상추,2.0,청,상품,g,100.0,1228.0,,2204.0,1264.0,1262.0,2021,상순,2021-10-01,상추-청,10,1,False,False,False,False,False,False,False,False,False,True,False,False,True,False,False,상추(청),,,,,,
202110상순,214.0,상추,2.0,청,상품,g,100.0,1228.0,,2204.0,1264.0,1262.0,2021,상순,2021-10-01,상추-청,10,1,False,False,False,False,False,False,False,False,False,True,False,False,True,False,False,상추(청),,,,,,
202110상순,214.0,상추,2.0,청,상품,g,100.0,1228.0,,2204.0,1264.0,1262.0,2021,상순,2021-10-01,상추-청,10,1,False,False,False,False,False,False,False,False,False,True,False,False,True,False,False,상추(청),,,,,,
202110상순,214.0,상추,2.0,청,상품,g,100.0,1228.0,,2204.0,1264.0,1262.0,2021,상순,2021-10-01,상추-청,10,1,False,False,False,False,False,False,False,False,False,True,False,False,True,False,False,상추(청),,,,,,
202110상순,214.0,상추,2.0,청,상품,g,100.0,1228.0,,2204.0,1264.0,1262.0,2021,상순,2021-10-01,상추-청,10,1,False,False,False,False,False,False,False,False,False,True,False,False,True,False,False,상추(청),,,,,,
202110상순,214.0,상추,2.0,청,상품,g,100.0,1228.0,,2204.0,1264.0,1262.0,2021,상순,2021-10-01,상추-청,10,1,False,False,False,False,False,False,False,False,False,True,False,False,True,False,False,상추(청),,,,,,
202110상순,214.0,상추,2.0,청,상품,g,100.0,1228.0,,2204.0,1264.0,1262.0,2021,상순,2021-10-01,상추-청,10,1,False,False,False,False,False,False,False,False,False,True,False,False,True,False,False,상추(청),,,,,,
202110상순,214.0,상추,2.0,청,상품,g,100.0,1228.0,,2204.0,1264.0,1262.0,2021,상순,2021-10-01,상추-청,10,1,False,False,False,False,False,False,False,False,False,True,False,False,True,False,False,상추(청),,,,,,
202110상순,214.0,상추,2.0,청,상품,g,100.0,1228.0,,2204.0,1264.0,1262.0,2021,상순,2021-10-01,상추-청,10,1,False,False,False,False,False,False,False,False,False,True,False,False,True,False,False,상추(청),,,,,,
202110상순,214.0,상추,2.0,청,상품,g,100.0,1228.0,,2204.0,1264.0,1262.0,2021,상순,2021-10-01,상추-청,10,1,False,False,False,False,False,False,False,False,False,True,False,False,True,False,False,상추(청),,,,,,
202110상순,214.0,상추,2.0,청,상품,g,100.0,1228.0,,2204.0,1264.0,1262.0,2021,상순,2021-10-01,상추-청,10,1,False,False,False,False,False,False,False,False,False,True,False,False,True,False,False,상추(청),,,,,,
202110상순,214.0,상추,2.0,청,상품,g,100.0,1228.0,,2204.0,1264.0,1262.0,2021,상순,2021-10-01,상추-청,10,1,False,False,False,False,False,False,False,False,False,True,False,False,True,False,False,상추(청),,,,,,
202110상순,214.0,상추,2.0,청,상품,g,100.0,1228.0,,2204.0,1264.0,1262.0,2021,상순,2021-10-01,상추-청,10,1,False,False,False,False,False,False,False,False,False,True,False,False,True,False,False,상추(청),,,,,,
202110상순,214.0,상추,2.0,청,상품,g,100.0,1228.0,,2204.0,1264.0,1262.0,2021,상순,2021-10-01,상추-청,10,1,False,False,False,False,False,False,False,False,False,True,False,False,True,False,False,상추(청),,,,,,
202110상순,214.0,상추,2.0,청,상품,g,100.0,1228.0,,2204.0,1264.0,1262.0,2021,상순,2021-10-01,상추-청,10,1,False,False,False,False,False,False,False,False,False,True,False,False,True,False,False,상추(청),,,,,,
202110중순,214.0,상추,2.0,청,상품,g,100.0,1365.0,,2403.0,965.0,1167.66666666666,2021,중순,2021-10-11,상추-청,10,11,False,False,False,False,False,False,False,False,False,True,False,False,False,True,False,상추(청),,,,,,
202110중순,214.0,상추,2.0,청,상품,g,100.0,1365.0,,2403.0,965.0,1167.66666666666,2021,중순,2021-10-11,상추-청,10,11,False,False,False,False,False,False,False,False,False,True,False,False,False,True,False,상추(청),,,,,,
202110중순,214.0,상추,2.0,청,상품,g,100.0,1365.0,,2403.0,965.0,1167.66666666666,2021,중순,2021-10-11,상추-청,10,11,False,False,False,False,False,False,False,False,False,True,False,False,False,True,False,상추(청),,,,,,
202110중순,214.0,상추,2.0,청,상품,g,100.0,1365.0,,2403.0,965.0,1167.66666666666,2021,중순,2021-10-11,상추-청,10,11,False,False,False,False,False,False,False,False,False,True,False,False,False,True,False,상추(청),,,,,,
202110중순,214.0,상추,2.0,청,상품,g,100.0,1365.0,,2403.0,965.0,1167.66666666666,2021,중순,2021-10-11,상추-청,10,11,False,False,False,False,False,False,False,False,False,True,False,False,False,True,False,상추(청),,,,,,
202110중순,214.0,상추,2.0,청,상품,g,100.0,1365.0,,2403.0,965.0,1167.66666666666,2021,중순,2021-10-11,상추-청,10,11,False,False,False,False,False,False,False,False,False,True,False,False,False,True,False,상추(청),,,,,,
202110중순,214.0,상추,2.0,청,상품,g,100.0,1365.0,,2403.0,965.0,1167.66666666666,2021,중순,2021-10-11,상추-청,10,11,False,False,False,False,False,False,False,False,False,True,False,False,False,True,False,상추(청),,,,,,
202110중순,214.0,상추,2.0,청,상품,g,100.0,1365.0,,2403.0,965.0,1167.66666666666,2021,중순,2021-10-11,상추-청,10,11,False,False,False,False,False,False,False,False,False,True,False,False,False,True,False,상추(청),,,,,,
202110중순,214.0,상추,2.0,청,상품,g,100.0,1365.0,,2403.0,965.0,1167.66666666666,2021,중순,2021-10-11,상추-청,10,11,False,False,False,False,False,False,False,False,False,True,False,False,False,True,False,상추(청),,,,,,
202110중순,214.0,상추,2.0,청,상품,g,100.0,1365.0,,2403.0,965.0,1167.66666666666,2021,중순,2021-10-11,상추-청,10,11,False,False,False,False,False,False,False,False,False,True,False,False,False,True,False,상추(청),,,,,,
202110중순,214.0,상추,2.0,청,상품,g,100.0,1365.0,,2403.0,965.0,1167.66666666666,2021,중순,2021-10-11,상추-청,10,11,False,False,False,False,False,False,False,False,False,True,False,False,False,True,False,상추(청),,,,,,
202110중순,214.0,상추,2.0,청,상품,g,100.0,1365.0,,2403.0,965.0,1167.66666666666,2021,중순,2021-10-11,상추-청,10,11,False,False,False,False,False,False,False,False,False,True,False,False,False,True,False,상추(청),,,,,,
202110중순,214.0,상추,2.0,청,상품,g,100.0,1365.0,,2403.0,965.0,1167.66666666666,2021,중순,2021-10-11,상추-청,10,11,False,False,False,False,False,False,False,False,False,True,False,False,False,True,False,상추(청),,,,,,
202110중순,214.0,상추,2.0,청,상품,g,100.0,1365.0,,2403.0,965.0,1167.66666666666,2021,중순,2021-10-11,상추-청,10,11,False,False,False,False,False,False,False,False,False,True,False,False,False,True,False,상추(청),,,,,,
202110중순,214.0,상추,2.0,청,상품,g,100.0,1365.0,,2403.0,965.0,1167.66666666666,2021,중순,2021-10-11,상추-청,10,11,False,False,False,False,False,False,False,False,False,True,False,False,False,True,False,상추(청),,,,,,
202110중순,214.0,상추,2.0,청,상품,g,100.0,1365.0,,2403.0,965.0,1167.66666666666,2021,중순,2021-10-11,상추-청,10,11,False,False,False,False,False,False,False,False,False,True,False,False,False,True,False,상추(청),,,,,,
202110중순,214.0,상추,2.0,청,상품,g,100.0,1365.0,,2403.0,965.0,1167.66666666666,2021,중순,2021-10-11,상추-청,10,11,False,False,False,False,False,False,False,False,False,True,False,False,False,True,False,상추(청),,,,,,
202110중순,214.0,상추,2.0,청,상품,g,100.0,1365.0,,2403.0,965.0,1167.66666666666,2021,중순,2021-10-11,상추-청,10,11,False,False,False,False,False,False,False,False,False,True,False,False,False,True,False,상추(청),,,,,,
202110중순,214.0,상추,2.0,청,상품,g,100.0,1365.0,,2403.0,965.0,1167.66666666666,2021,중순,2021-10-11,상추-청,10,11,False,False,False,False,False,False,False,False,False,True,False,False,False,True,False,상추(청),,,,,,
202110중순,214.0,상추,2.0,청,상품,g,100.0,1365.0,,2403.0,965.0,1167.66666666666,2021,중순,2021-10-11,상추-청,10,11,False,False,False,False,False,False,False,False,False,True,False,False,False,True,False,상추(청),,,,,,
202110중순,214.0,상추,2.0,청,상품,g,100.0,1365.0,,2403.0,965.0,1167.66666666666,2021,중순,2021-10-11,상추-청,10,11,False,False,False,False,False,False,False,False,False,True,False,False,False,True,False,상추(청),,,,,,
202110하순,214.0,상추,2.0,청,상품,g,100.0,2072.0,,2043.0,834.0,1016.66666666666,2021,하순,2021-10-21,상추-청,10,21,False,False,False,False,False,False,False,False,False,True,False,False,False,False,True,상추(청),,,,,,
202110하순,214.0,상추,2.0,청,상품,g,100.0,2072.0,,2043.0,834.0,1016.66666666666,2021,하순,2021-10-21,상추-청,10,21,False,False,False,False,False,False,False,False,False,True,False,False,False,False,True,상추(청),,,,,,
202110하순,214.0,상추,2.0,청,상품,g,100.0,2072.0,,2043.0,834.0,1016.66666666666,2021,하순,2021-10-21,상추-청,10,21,False,False,False,False,False,False,False,False,False,True,False,False,False,False,True,상추(청),,,,,,
202110하순,214.0,상추,2.0,청,상품,g,100.0,2072.0,,2043.0,834.0,1016.66666666666,2021,하순,2021-10-21,상추-청,10,21,False,False,False,False,False,False,False,False,False,True,False,False,False,False,True,상추(청),,,,,,
202110하순,214.0,상추,2.0,청,상품,g,100.0,2072.0,,2043.0,834.0,1016.66666666666,2021,하순,2021-10-21,상추-청,10,21,False,False,False,False,False,False,False,False,False,True,False,False,False,False,True,상추(청),,,,,,
202110하순,214.0,상추,2.0,청,상품,g,100.0,2072.0,,2043.0,834.0,1016.66666666666,2021,하순,2021-10-21,상추-청,10,21,False,False,False,False,False,False,False,False,False,True,False,False,False,False,True,상추(청),,,,,,
202110하순,214.0,상추,2.0,청,상품,g,100.0,2072.0,,2043.0,834.0,1016.66666666666,2021,하순,2021-10-21,상추-청,10,21,False,False,False,False,False,False,False,False,False,True,False,False,False,False,True,상추(청),,,,,,
202110하순,214.0,상추,2.0,청,상품,g,100.0,2072.0,,2043.0,834.0,1016.66666666666,2021,하순,2021-10-21,상추-청,10,21,False,False,False,False,False,False,False,False,False,True,False,False,False,False,True,상추(청),,,,,,
202110하순,214.0,상추,2.0,청,상품,g,100.0,2072.0,,2043.0,834.0,1016.66666666666,2021,하순,2021-10-21,상추-청,10,21,False,False,False,False,False,False,False,False,False,True,False,False,False,False,True,상추(청),,,,,,
202110하순,214.0,상추,2.0,청,상품,g,100.0,2072.0,,2043.0,834.0,1016.66666666666,2021,하순,2021-10-21,상추-청,10,21,False,False,False,False,False,False,False,False,False,True,False,False,False,False,True,상추(청),,,,,,
202110하순,214.0,상추,2.0,청,상품,g,100.0,2072.0,,2043.0,834.0,1016.66666666666,2021,하순,2021-10-21,상추-청,10,21,False,False,False,False,False,False,False,False,False,True,False,False,False,False,True,상추(청),,,,,,
202110하순,214.0,상추,2.0,청,상품,g,100.0,2072.0,,2043.0,834.0,1016.66666666666,2021,하순,2021-10-21,상추-청,10,21,False,False,False,False,False,False,False,False,False,True,False,False,False,False,True,상추(청),,,,,,
202110하순,214.0,상추,2.0,청,상품,g,100.0,2072.0,,2043.0,834.0,1016.66666666666,2021,하순,2021-10-21,상추-청,10,21,False,False,False,False,False,False,False,False,False,True,False,False,False,False,True,상추(청),,,,,,
202110하순,214.0,상추,2.0,청,상품,g,100.0,2072.0,,2043.0,834.0,1016.66666666666,2021,하순,2021-10-21,상추-청,10,21,False,False,False,False,False,False,False,False,False,True,False,False,False,False,True,상추(청),,,,,,
202110하순,214.0,상추,2.0,청,상품,g,100.0,2072.0,,2043.0,834.0,1016.66666666666,2021,하순,2021-10-21,상추-청,10,21,False,False,False,False,False,False,False,False,False,True,False,False,False,False,True,상추(청),,,,,,
202110하순,214.0,상추,2.0,청,상품,g,100.0,2072.0,,2043.0,834.0,1016.66666666666,2021,하순,2021-10-21,상추-청,10,21,False,False,False,False,False,False,False,False,False,True,False,False,False,False,True,상추(청),,,,,,
202110하순,214.0,상추,2.0,청,상품,g,100.0,2072.0,,2043.0,834.0,1016.66666666666,2021,하순,2021-10-21,상추-청,10,21,False,False,False,False,False,False,False,False,False,True,False,False,False,False,True,상추(청),,,,,,
202110하순,214.0,상추,2.0,청,상품,g,100.0,2072.0,,2043.0,834.0,1016.66666666666,2021,하순,2021-10-21,상추-청,10,21,False,False,False,False,False,False,False,False,False,True,False,False,False,False,True,상추(청),,,,,,
202110하순,214.0,상추,2.0,청,상품,g,100.0,2072.0,,2043.0,834.0,1016.66666666666,2021,하순,2021-10-21,상추-청,10,21,False,False,False,False,False,False,False,False,False,True,False,False,False,False,True,상추(청),,,,,,
202110하순,214.0,상추,2.0,청,상품,g,100.0,2072.0,,2043.0,834.0,1016.66666666666,2021,하순,2021-10-21,상추-청,10,21,False,False,False,False,False,False,False,False,False,True,False,False,False,False,True,상추(청),,,,,,
202111상순,214.0,상추,2.0,청,상품,g,100.0,1734.0,,1228.0,760.0,868.666666666666,2021,상순,2021-11-01,상추-청,11,1,False,False,False,False,False,False,False,False,False,False,True,False,True,False,False,상추(청),,,,,,
202111상순,214.0,상추,2.0,청,상품,g,100.0,1734.0,,1228.0,760.0,868.666666666666,2021,상순,2021-11-01,상추-청,11,1,False,False,False,False,False,False,False,False,False,False,True,False,True,False,False,상추(청),,,,,,
202111상순,214.0,상추,2.0,청,상품,g,100.0,1734.0,,1228.0,760.0,868.666666666666,2021,상순,2021-11-01,상추-청,11,1,False,False,False,False,False,False,False,False,False,False,True,False,True,False,False,상추(청),,,,,,
202111상순,214.0,상추,2.0,청,상품,g,100.0,1734.0,,1228.0,760.0,868.666666666666,2021,상순,2021-11-01,상추-청,11,1,False,False,False,False,False,False,False,False,False,False,True,False,True,False,False,상추(청),,,,,,
202111상순,214.0,상추,2.0,청,상품,g,100.0,1734.0,,1228.0,760.0,868.666666666666,2021,상순,2021-11-01,상추-청,11,1,False,False,False,False,False,False,False,False,False,False,True,False,True,False,False,상추(청),,,,,,
202111상순,214.0,상추,2.0,청,상품,g,100.0,1734.0,,1228.0,760.0,868.666666666666,2021,상순,2021-11-01,상추-청,11,1,False,False,False,False,False,False,False,False,False,False,True,False,True,False,False,상추(청),,,,,,
202111상순,214.0,상추,2.0,청,상품,g,100.0,1734.0,,1228.0,760.0,868.666666666666,2021,상순,2021-11-01,상추-청,11,1,False,False,False,False,False,False,False,False,False,False,True,False,True,False,False,상추(청),,,,,,
202111상순,214.0,상추,2.0,청,상품,g,100.0,1734.0,,1228.0,760.0,868.666666666666,2021,상순,2021-11-01,상추-청,11,1,False,False,False,False,False,False,False,False,False,False,True,False,True,False,False,상추(청),,,,,,
202111상순,214.0,상추,2.0,청,상품,g,100.0,1734.0,,1228.0,760.0,868.666666666666,2021,상순,2021-11-01,상추-청,11,1,False,False,False,False,False,False,False,False,False,False,True,False,True,False,False,상추(청),,,,,,
202111상순,214.0,상추,2.0,청,상품,g,100.0,1734.0,,1228.0,760.0,868.666666666666,2021,상순,2021-11-01,상추-청,11,1,False,False,False,False,False,False,False,False,False,False,True,False,True,False,False,상추(청),,,,,,
202111상순,214.0,상추,2.0,청,상품,g,100.0,1734.0,,1228.0,760.0,868.666666666666,2021,상순,2021-11-01,상추-청,11,1,False,False,False,False,False,False,False,False,False,False,True,False,True,False,False,상추(청),,,,,,
202111상순,214.0,상추,2.0,청,상품,g,100.0,1734.0,,1228.0,760.0,868.666666666666,2021,상순,2021-11-01,상추-청,11,1,False,False,False,False,False,False,False,False,False,False,True,False,True,False,False,상추(청),,,,,,
202111상순,214.0,상추,2.0,청,상품,g,100.0,1734.0,,1228.0,760.0,868.666666666666,2021,상순,2021-11-01,상추-청,11,1,False,False,False,False,False,False,False,False,False,False,True,False,True,False,False,상추(청),,,,,,
202111상순,214.0,상추,2.0,청,상품,g,100.0,1734.0,,1228.0,760.0,868.666666666666,2021,상순,2021-11-01,상추-청,11,1,False,False,False,False,False,False,False,False,False,False,True,False,True,False,False,상추(청),,,,,,
202111상순,214.0,상추,2.0,청,상품,g,100.0,1734.0,,1228.0,760.0,868.666666666666,2021,상순,2021-11-01,상추-청,11,1,False,False,False,False,False,False,False,False,False,False,True,False,True,False,False,상추(청),,,,,,
202111상순,214.0,상추,2.0,청,상품,g,100.0,1734.0,,1228.0,760.0,868.666666666666,2021,상순,2021-11-01,상추-청,11,1,False,False,False,False,False,False,False,False,False,False,True,False,True,False,False,상추(청),,,,,,
202111상순,214.0,상추,2.0,청,상품,g,100.0,1734.0,,1228.0,760.0,868.666666666666,2021,상순,2021-11-01,상추-청,11,1,False,False,False,False,False,False,False,False,False,False,True,False,True,False,False,상추(청),,,,,,
202111상순,214.0,상추,2.0,청,상품,g,100.0,1734.0,,1228.0,760.0,868.666666666666,2021,상순,2021-11-01,상추-청,11,1,False,False,False,False,False,False,False,False,False,False,True,False,True,False,False,상추(청),,,,,,
202111상순,214.0,상추,2.0,청,상품,g,100.0,1734.0,,1228.0,760.0,868.666666666666,2021,상순,2021-11-01,상추-청,11,1,False,False,False,False,False,False,False,False,False,False,True,False,True,False,False,상추(청),,,,,,
202111상순,214.0,상추,2.0,청,상품,g,100.0,1734.0,,1228.0,760.0,868.666666666666,2021,상순,2021-11-01,상추-청,11,1,False,False,False,False,False,False,False,False,False,False,True,False,True,False,False,상추(청),,,,,,
202111상순,214.0,상추,2.0,청,상품,g,100.0,1734.0,,1228.0,760.0,868.666666666666,2021,상순,2021-11-01,상추-청,11,1,False,False,False,False,False,False,False,False,False,False,True,False,True,False,False,상추(청),,,,,,
202111상순,214.0,상추,2.0,청,상품,g,100.0,1734.0,,1228.0,760.0,868.666666666666,2021,상순,2021-11-01,상추-청,11,1,False,False,False,False,False,False,False,False,False,False,True,False,True,False,False,상추(청),,,,,,
202111상순,214.0,상추,2.0,청,상품,g,100.0,1734.0,,1228.0,760.0,868.666666666666,2021,상순,2021-11-01,상추-청,11,1,False,False,False,False,False,False,False,False,False,False,True,False,True,False,False,상추(청),,,,,,
202111중순,214.0,상추,2.0,청,상품,g,100.0,1208.0,,1365.0,723.0,843.0,2021,중순,2021-11-11,상추-청,11,11,False,False,False,False,False,False,False,False,False,False,True,False,False,True,False,상추(청),,,,,,
202111중순,214.0,상추,2.0,청,상품,g,100.0,1208.0,,1365.0,723.0,843.0,2021,중순,2021-11-11,상추-청,11,11,False,False,False,False,False,False,False,False,False,False,True,False,False,True,False,상추(청),,,,,,
202111중순,214.0,상추,2.0,청,상품,g,100.0,1208.0,,1365.0,723.0,843.0,2021,중순,2021-11-11,상추-청,11,11,False,False,False,False,False,False,False,False,False,False,True,False,False,True,False,상추(청),,,,,,
202111중순,214.0,상추,2.0,청,상품,g,100.0,1208.0,,1365.0,723.0,843.0,2021,중순,2021-11-11,상추-청,11,11,False,False,False,False,False,False,False,False,False,False,True,False,False,True,False,상추(청),,,,,,
202111중순,214.0,상추,2.0,청,상품,g,100.0,1208.0,,1365.0,723.0,843.0,2021,중순,2021-11-11,상추-청,11,11,False,False,False,False,False,False,False,False,False,False,True,False,False,True,False,상추(청),,,,,,
202111중순,214.0,상추,2.0,청,상품,g,100.0,1208.0,,1365.0,723.0,843.0,2021,중순,2021-11-11,상추-청,11,11,False,False,False,False,False,False,False,False,False,False,True,False,False,True,False,상추(청),,,,,,
202111중순,214.0,상추,2.0,청,상품,g,100.0,1208.0,,1365.0,723.0,843.0,2021,중순,2021-11-11,상추-청,11,11,False,False,False,False,False,False,False,False,False,False,True,False,False,True,False,상추(청),,,,,,
202111중순,214.0,상추,2.0,청,상품,g,100.0,1208.0,,1365.0,723.0,843.0,2021,중순,2021-11-11,상추-청,11,11,False,False,False,False,False,False,False,False,False,False,True,False,False,True,False,상추(청),,,,,,
202111중순,214.0,상추,2.0,청,상품,g,100.0,1208.0,,1365.0,723.0,843.0,2021,중순,2021-11-11,상추-청,11,11,False,False,False,False,False,False,False,False,False,False,True,False,False,True,False,상추(청),,,,,,
202111중순,214.0,상추,2.0,청,상품,g,100.0,1208.0,,1365.0,723.0,843.0,2021,중순,2021-11-11,상추-청,11,11,False,False,False,False,False,False,False,False,False,False,True,False,False,True,False,상추(청),,,,,,
202111중순,214.0,상추,2.0,청,상품,g,100.0,1208.0,,1365.0,723.0,843.0,2021,중순,2021-11-11,상추-청,11,11,False,False,False,False,False,False,False,False,False,False,True,False,False,True,False,상추(청),,,,,,
202111중순,214.0,상추,2.0,청,상품,g,100.0,1208.0,,1365.0,723.0,843.0,2021,중순,2021-11-11,상추-청,11,11,False,False,False,False,False,False,False,False,False,False,True,False,False,True,False,상추(청),,,,,,
202111중순,214.0,상추,2.0,청,상품,g,100.0,1208.0,,1365.0,723.0,843.0,2021,중순,2021-11-11,상추-청,11,11,False,False,False,False,False,False,False,False,False,False,True,False,False,True,False,상추(청),,,,,,
202111중순,214.0,상추,2.0,청,상품,g,100.0,1208.0,,1365.0,723.0,843.0,2021,중순,2021-11-11,상추-청,11,11,False,False,False,False,False,False,False,False,False,False,True,False,False,True,False,상추(청),,,,,,
202111중순,214.0,상추,2.0,청,상품,g,100.0,1208.0,,1365.0,723.0,843.0,2021,중순,2021-11-11,상추-청,11,11,False,False,False,False,False,False,False,False,False,False,True,False,False,True,False,상추(청),,,,,,
202111중순,214.0,상추,2.0,청,상품,g,100.0,1208.0,,1365.0,723.0,843.0,2021,중순,2021-11-11,상추-청,11,11,False,False,False,False,False,False,False,False,False,False,True,False,False,True,False,상추(청),,,,,,
202111중순,214.0,상추,2.0,청,상품,g,100.0,1208.0,,1365.0,723.0,843.0,2021,중순,2021-11-11,상추-청,11,11,False,False,False,False,False,False,False,False,False,False,True,False,False,True,False,상추(청),,,,,,
202111중순,214.0,상추,2.0,청,상품,g,100.0,1208.0,,1365.0,723.0,843.0,2021,중순,2021-11-11,상추-청,11,11,False,False,False,False,False,False,False,False,False,False,True,False,False,True,False,상추(청),,,,,,
202111중순,214.0,상추,2.0,청,상품,g,100.0,1208.0,,1365.0,723.0,843.0,2021,중순,2021-11-11,상추-청,11,11,False,False,False,False,False,False,False,False,False,False,True,False,False,True,False,상추(청),,,,,,
202111중순,214.0,상추,2.0,청,상품,g,100.0,1208.0,,1365.0,723.0,843.0,2021,중순,2021-11-11,상추-청,11,11,False,False,False,False,False,False,False,False,False,False,True,False,False,True,False,상추(청),,,,,,
202111중순,214.0,상추,2.0,청,상품,g,100.0,1208.0,,1365.0,723.0,843.0,2021,중순,2021-11-11,상추-청,11,11,False,False,False,False,False,False,False,False,False,False,True,False,False,True,False,상추(청),,,,,,
202111중순,214.0,상추,2.0,청,상품,g,100.0,1208.0,,1365.0,723.0,843.0,2021,중순,2021-11-11,상추-청,11,11,False,False,False,False,False,False,False,False,False,False,True,False,False,True,False,상추(청),,,,,,
202111하순,214.0,상추,2.0,청,상품,g,100.0,1062.0,,2072.0,690.0,762.666666666666,2021,하순,2021-11-21,상추-청,11,21,False,False,False,False,False,False,False,False,False,False,True,False,False,False,True,상추(청),,,,,,
202111하순,214.0,상추,2.0,청,상품,g,100.0,1062.0,,2072.0,690.0,762.666666666666,2021,하순,2021-11-21,상추-청,11,21,False,False,False,False,False,False,False,False,False,False,True,False,False,False,True,상추(청),,,,,,
202111하순,214.0,상추,2.0,청,상품,g,100.0,1062.0,,2072.0,690.0,762.666666666666,2021,하순,2021-11-21,상추-청,11,21,False,False,False,False,False,False,False,False,False,False,True,False,False,False,True,상추(청),,,,,,
202111하순,214.0,상추,2.0,청,상품,g,100.0,1062.0,,2072.0,690.0,762.666666666666,2021,하순,2021-11-21,상추-청,11,21,False,False,False,False,False,False,False,False,False,False,True,False,False,False,True,상추(청),,,,,,
202111하순,214.0,상추,2.0,청,상품,g,100.0,1062.0,,2072.0,690.0,762.666666666666,2021,하순,2021-11-21,상추-청,11,21,False,False,False,False,False,False,False,False,False,False,True,False,False,False,True,상추(청),,,,,,
202111하순,214.0,상추,2.0,청,상품,g,100.0,1062.0,,2072.0,690.0,762.666666666666,2021,하순,2021-11-21,상추-청,11,21,False,False,False,False,False,False,False,False,False,False,True,False,False,False,True,상추(청),,,,,,
202111하순,214.0,상추,2.0,청,상품,g,100.0,1062.0,,2072.0,690.0,762.666666666666,2021,하순,2021-11-21,상추-청,11,21,False,False,False,False,False,False,False,False,False,False,True,False,False,False,True,상추(청),,,,,,
202111하순,214.0,상추,2.0,청,상품,g,100.0,1062.0,,2072.0,690.0,762.666666666666,2021,하순,2021-11-21,상추-청,11,21,False,False,False,False,False,False,False,False,False,False,True,False,False,False,True,상추(청),,,,,,
202111하순,214.0,상추,2.0,청,상품,g,100.0,1062.0,,2072.0,690.0,762.666666666666,2021,하순,2021-11-21,상추-청,11,21,False,False,False,False,False,False,False,False,False,False,True,False,False,False,True,상추(청),,,,,,
202111하순,214.0,상추,2.0,청,상품,g,100.0,1062.0,,2072.0,690.0,762.666666666666,2021,하순,2021-11-21,상추-청,11,21,False,False,False,False,False,False,False,False,False,False,True,False,False,False,True,상추(청),,,,,,
202111하순,214.0,상추,2.0,청,상품,g,100.0,1062.0,,2072.0,690.0,762.666666666666,2021,하순,2021-11-21,상추-청,11,21,False,False,False,False,False,False,False,False,False,False,True,False,False,False,True,상추(청),,,,,,
202111하순,214.0,상추,2.0,청,상품,g,100.0,1062.0,,2072.0,690.0,762.666666666666,2021,하순,2021-11-21,상추-청,11,21,False,False,False,False,False,False,False,False,False,False,True,False,False,False,True,상추(청),,,,,,
202111하순,214.0,상추,2.0,청,상품,g,100.0,1062.0,,2072.0,690.0,762.666666666666,2021,하순,2021-11-21,상추-청,11,21,False,False,False,False,False,False,False,False,False,False,True,False,False,False,True,상추(청),,,,,,
202111하순,214.0,상추,2.0,청,상품,g,100.0,1062.0,,2072.0,690.0,762.666666666666,2021,하순,2021-11-21,상추-청,11,21,False,False,False,False,False,False,False,False,False,False,True,False,False,False,True,상추(청),,,,,,
202111하순,214.0,상추,2.0,청,상품,g,100.0,1062.0,,2072.0,690.0,762.666666666666,2021,하순,2021-11-21,상추-청,11,21,False,False,False,False,False,False,False,False,False,False,True,False,False,False,True,상추(청),,,,,,
202111하순,214.0,상추,2.0,청,상품,g,100.0,1062.0,,2072.0,690.0,762.666666666666,2021,하순,2021-11-21,상추-청,11,21,False,False,False,False,False,False,False,False,False,False,True,False,False,False,True,상추(청),,,,,,
202111하순,214.0,상추,2.0,청,상품,g,100.0,1062.0,,2072.0,690.0,762.666666666666,2021,하순,2021-11-21,상추-청,11,21,False,False,False,False,False,False,False,False,False,False,True,False,False,False,True,상추(청),,,,,,
202111하순,214.0,상추,2.0,청,상품,g,100.0,1062.0,,2072.0,690.0,762.666666666666,2021,하순,2021-11-21,상추-청,11,21,False,False,False,False,False,False,False,False,False,False,True,False,False,False,True,상추(청),,,,,,
202111하순,214.0,상추,2.0,청,상품,g,100.0,1062.0,,2072.0,690.0,762.666666666666,2021,하순,2021-11-21,상추-청,11,21,False,False,False,False,False,False,False,False,False,False,True,False,False,False,True,상추(청),,,,,,
202111하순,214.0,상추,2.0,청,상품,g,100.0,1062.0,,2072.0,690.0,762.666666666666,2021,하순,2021-11-21,상추-청,11,21,False,False,False,False,False,False,False,False,False,False,True,False,False,False,True,상추(청),,,,,,
202111하순,214.0,상추,2.0,청,상품,g,100.0,1062.0,,2072.0,690.0,762.666666666666,2021,하순,2021-11-21,상추-청,11,21,False,False,False,False,False,False,False,False,False,False,True,False,False,False,True,상추(청),,,,,,
202112상순,214.0,상추,2.0,청,상품,g,100.0,946.0,,1734.0,705.0,717.0,2021,상순,2021-12-01,상추-청,12,1,False,False,False,False,False,False,False,False,False,False,False,True,True,False,False,상추(청),,,,,,
202112상순,214.0,상추,2.0,청,상품,g,100.0,946.0,,1734.0,705.0,717.0,2021,상순,2021-12-01,상추-청,12,1,False,False,False,False,False,False,False,False,False,False,False,True,True,False,False,상추(청),,,,,,
202112상순,214.0,상추,2.0,청,상품,g,100.0,946.0,,1734.0,705.0,717.0,2021,상순,2021-12-01,상추-청,12,1,False,False,False,False,False,False,False,False,False,False,False,True,True,False,False,상추(청),,,,,,
202112상순,214.0,상추,2.0,청,상품,g,100.0,946.0,,1734.0,705.0,717.0,2021,상순,2021-12-01,상추-청,12,1,False,False,False,False,False,False,False,False,False,False,False,True,True,False,False,상추(청),,,,,,
202112상순,214.0,상추,2.0,청,상품,g,100.0,946.0,,1734.0,705.0,717.0,2021,상순,2021-12-01,상추-청,12,1,False,False,False,False,False,False,False,False,False,False,False,True,True,False,False,상추(청),,,,,,
202112상순,214.0,상추,2.0,청,상품,g,100.0,946.0,,1734.0,705.0,717.0,2021,상순,2021-12-01,상추-청,12,1,False,False,False,False,False,False,False,False,False,False,False,True,True,False,False,상추(청),,,,,,
202112상순,214.0,상추,2.0,청,상품,g,100.0,946.0,,1734.0,705.0,717.0,2021,상순,2021-12-01,상추-청,12,1,False,False,False,False,False,False,False,False,False,False,False,True,True,False,False,상추(청),,,,,,
202112상순,214.0,상추,2.0,청,상품,g,100.0,946.0,,1734.0,705.0,717.0,2021,상순,2021-12-01,상추-청,12,1,False,False,False,False,False,False,False,False,False,False,False,True,True,False,False,상추(청),,,,,,
202112상순,214.0,상추,2.0,청,상품,g,100.0,946.0,,1734.0,705.0,717.0,2021,상순,2021-12-01,상추-청,12,1,False,False,False,False,False,False,False,False,False,False,False,True,True,False,False,상추(청),,,,,,
202112상순,214.0,상추,2.0,청,상품,g,100.0,946.0,,1734.0,705.0,717.0,2021,상순,2021-12-01,상추-청,12,1,False,False,False,False,False,False,False,False,False,False,False,True,True,False,False,상추(청),,,,,,
202112상순,214.0,상추,2.0,청,상품,g,100.0,946.0,,1734.0,705.0,717.0,2021,상순,2021-12-01,상추-청,12,1,False,False,False,False,False,False,False,False,False,False,False,True,True,False,False,상추(청),,,,,,
202112상순,214.0,상추,2.0,청,상품,g,100.0,946.0,,1734.0,705.0,717.0,2021,상순,2021-12-01,상추-청,12,1,False,False,False,False,False,False,False,False,False,False,False,True,True,False,False,상추(청),,,,,,
202112상순,214.0,상추,2.0,청,상품,g,100.0,946.0,,1734.0,705.0,717.0,2021,상순,2021-12-01,상추-청,12,1,False,False,False,False,False,False,False,False,False,False,False,True,True,False,False,상추(청),,,,,,
202112상순,214.0,상추,2.0,청,상품,g,100.0,946.0,,1734.0,705.0,717.0,2021,상순,2021-12-01,상추-청,12,1,False,False,False,False,False,False,False,False,False,False,False,True,True,False,False,상추(청),,,,,,
202112상순,214.0,상추,2.0,청,상품,g,100.0,946.0,,1734.0,705.0,717.0,2021,상순,2021-12-01,상추-청,12,1,False,False,False,False,False,False,False,False,False,False,False,True,True,False,False,상추(청),,,,,,
202112상순,214.0,상추,2.0,청,상품,g,100.0,946.0,,1734.0,705.0,717.0,2021,상순,2021-12-01,상추-청,12,1,False,False,False,False,False,False,False,False,False,False,False,True,True,False,False,상추(청),,,,,,
202112상순,214.0,상추,2.0,청,상품,g,100.0,946.0,,1734.0,705.0,717.0,2021,상순,2021-12-01,상추-청,12,1,False,False,False,False,False,False,False,False,False,False,False,True,True,False,False,상추(청),,,,,,
202112상순,214.0,상추,2.0,청,상품,g,100.0,946.0,,1734.0,705.0,717.0,2021,상순,2021-12-01,상추-청,12,1,False,False,False,False,False,False,False,False,False,False,False,True,True,False,False,상추(청),,,,,,
202112상순,214.0,상추,2.0,청,상품,g,100.0,946.0,,1734.0,705.0,717.0,2021,상순,2021-12-01,상추-청,12,1,False,False,False,False,False,False,False,False,False,False,False,True,True,False,False,상추(청),,,,,,
202112상순,214.0,상추,2.0,청,상품,g,100.0,946.0,,1734.0,705.0,717.0,2021,상순,2021-12-01,상추-청,12,1,False,False,False,False,False,False,False,False,False,False,False,True,True,False,False,상추(청),,,,,,
202112상순,214.0,상추,2.0,청,상품,g,100.0,946.0,,1734.0,705.0,717.0,2021,상순,2021-12-01,상추-청,12,1,False,False,False,False,False,False,False,False,False,False,False,True,True,False,False,상추(청),,,,,,
202112중순,214.0,상추,2.0,청,상품,g,100.0,931.0,,1208.0,835.0,742.666666666666,2021,중순,2021-12-11,상추-청,12,11,False,False,False,False,False,False,False,False,False,False,False,True,False,True,False,상추(청),,,,,,
202112중순,214.0,상추,2.0,청,상품,g,100.0,931.0,,1208.0,835.0,742.666666666666,2021,중순,2021-12-11,상추-청,12,11,False,False,False,False,False,False,False,False,False,False,False,True,False,True,False,상추(청),,,,,,
202112중순,214.0,상추,2.0,청,상품,g,100.0,931.0,,1208.0,835.0,742.666666666666,2021,중순,2021-12-11,상추-청,12,11,False,False,False,False,False,False,False,False,False,False,False,True,False,True,False,상추(청),,,,,,
202112중순,214.0,상추,2.0,청,상품,g,100.0,931.0,,1208.0,835.0,742.666666666666,2021,중순,2021-12-11,상추-청,12,11,False,False,False,False,False,False,False,False,False,False,False,True,False,True,False,상추(청),,,,,,
202112중순,214.0,상추,2.0,청,상품,g,100.0,931.0,,1208.0,835.0,742.666666666666,2021,중순,2021-12-11,상추-청,12,11,False,False,False,False,False,False,False,False,False,False,False,True,False,True,False,상추(청),,,,,,
202112중순,214.0,상추,2.0,청,상품,g,100.0,931.0,,1208.0,835.0,742.666666666666,2021,중순,2021-12-11,상추-청,12,11,False,False,False,False,False,False,False,False,False,False,False,True,False,True,False,상추(청),,,,,,
202112중순,214.0,상추,2.0,청,상품,g,100.0,931.0,,1208.0,835.0,742.666666666666,2021,중순,2021-12-11,상추-청,12,11,False,False,False,False,False,False,False,False,False,False,False,True,False,True,False,상추(청),,,,,,
202112중순,214.0,상추,2.0,청,상품,g,100.0,931.0,,1208.0,835.0,742.666666666666,2021,중순,2021-12-11,상추-청,12,11,False,False,False,False,False,False,False,False,False,False,False,True,False,True,False,상추(청),,,,,,
202112중순,214.0,상추,2.0,청,상품,g,100.0,931.0,,1208.0,835.0,742.666666666666,2021,중순,2021-12-11,상추-청,12,11,False,False,False,False,False,False,False,False,False,False,False,True,False,True,False,상추(청),,,,,,
202112중순,214.0,상추,2.0,청,상품,g,100.0,931.0,,1208.0,835.0,742.666666666666,2021,중순,2021-12-11,상추-청,12,11,False,False,False,False,False,False,False,False,False,False,False,True,False,True,False,상추(청),,,,,,
202112중순,214.0,상추,2.0,청,상품,g,100.0,931.0,,1208.0,835.0,742.666666666666,2021,중순,2021-12-11,상추-청,12,11,False,False,False,False,False,False,False,False,False,False,False,True,False,True,False,상추(청),,,,,,
202112중순,214.0,상추,2.0,청,상품,g,100.0,931.0,,1208.0,835.0,742.666666666666,2021,중순,2021-12-11,상추-청,12,11,False,False,False,False,False,False,False,False,False,False,False,True,False,True,False,상추(청),,,,,,
202112중순,214.0,상추,2.0,청,상품,g,100.0,931.0,,1208.0,835.0,742.666666666666,2021,중순,2021-12-11,상추-청,12,11,False,False,False,False,False,False,False,False,False,False,False,True,False,True,False,상추(청),,,,,,
202112중순,214.0,상추,2.0,청,상품,g,100.0,931.0,,1208.0,835.0,742.666666666666,2021,중순,2021-12-11,상추-청,12,11,False,False,False,False,False,False,False,False,False,False,False,True,False,True,False,상추(청),,,,,,
202112중순,214.0,상추,2.0,청,상품,g,100.0,931.0,,1208.0,835.0,742.666666666666,2021,중순,2021-12-11,상추-청,12,11,False,False,False,False,False,False,False,False,False,False,False,True,False,True,False,상추(청),,,,,,
202112중순,214.0,상추,2.0,청,상품,g,100.0,931.0,,1208.0,835.0,742.666666666666,2021,중순,2021-12-11,상추-청,12,11,False,False,False,False,False,False,False,False,False,False,False,True,False,True,False,상추(청),,,,,,
202112중순,214.0,상추,2.0,청,상품,g,100.0,931.0,,1208.0,835.0,742.666666666666,2021,중순,2021-12-11,상추-청,12,11,False,False,False,False,False,False,False,False,False,False,False,True,False,True,False,상추(청),,,,,,
202112중순,214.0,상추,2.0,청,상품,g,100.0,931.0,,1208.0,835.0,742.666666666666,2021,중순,2021-12-11,상추-청,12,11,False,False,False,False,False,False,False,False,False,False,False,True,False,True,False,상추(청),,,,,,
202112중순,214.0,상추,2.0,청,상품,g,100.0,931.0,,1208.0,835.0,742.666666666666,2021,중순,2021-12-11,상추-청,12,11,False,False,False,False,False,False,False,False,False,False,False,True,False,True,False,상추(청),,,,,,
202112중순,214.0,상추,2.0,청,상품,g,100.0,931.0,,1208.0,835.0,742.666666666666,2021,중순,2021-12-11,상추-청,12,11,False,False,False,False,False,False,False,False,False,False,False,True,False,True,False,상추(청),,,,,,
202112중순,214.0,상추,2.0,청,상품,g,100.0,931.0,,1208.0,835.0,742.666666666666,2021,중순,2021-12-11,상추-청,12,11,False,False,False,False,False,False,False,False,False,False,False,True,False,True,False,상추(청),,,,,,
202112하순,214.0,상추,2.0,청,상품,g,100.0,988.0,,1062.0,920.0,815.333333333333,2021,하순,2021-12-21,상추-청,12,21,False,False,False,False,False,False,False,False,False,False,False,True,False,False,True,상추(청),,,,,,
202112하순,214.0,상추,2.0,청,상품,g,100.0,988.0,,1062.0,920.0,815.333333333333,2021,하순,2021-12-21,상추-청,12,21,False,False,False,False,False,False,False,False,False,False,False,True,False,False,True,상추(청),,,,,,
202112하순,214.0,상추,2.0,청,상품,g,100.0,988.0,,1062.0,920.0,815.333333333333,2021,하순,2021-12-21,상추-청,12,21,False,False,False,False,False,False,False,False,False,False,False,True,False,False,True,상추(청),,,,,,
202112하순,214.0,상추,2.0,청,상품,g,100.0,988.0,,1062.0,920.0,815.333333333333,2021,하순,2021-12-21,상추-청,12,21,False,False,False,False,False,False,False,False,False,False,False,True,False,False,True,상추(청),,,,,,
202112하순,214.0,상추,2.0,청,상품,g,100.0,988.0,,1062.0,920.0,815.333333333333,2021,하순,2021-12-21,상추-청,12,21,False,False,False,False,False,False,False,False,False,False,False,True,False,False,True,상추(청),,,,,,
202112하순,214.0,상추,2.0,청,상품,g,100.0,988.0,,1062.0,920.0,815.333333333333,2021,하순,2021-12-21,상추-청,12,21,False,False,False,False,False,False,False,False,False,False,False,True,False,False,True,상추(청),,,,,,
202112하순,214.0,상추,2.0,청,상품,g,100.0,988.0,,1062.0,920.0,815.333333333333,2021,하순,2021-12-21,상추-청,12,21,False,False,False,False,False,False,False,False,False,False,False,True,False,False,True,상추(청),,,,,,
202112하순,214.0,상추,2.0,청,상품,g,100.0,988.0,,1062.0,920.0,815.333333333333,2021,하순,2021-12-21,상추-청,12,21,False,False,False,False,False,False,False,False,False,False,False,True,False,False,True,상추(청),,,,,,
202112하순,214.0,상추,2.0,청,상품,g,100.0,988.0,,1062.0,920.0,815.333333333333,2021,하순,2021-12-21,상추-청,12,21,False,False,False,False,False,False,False,False,False,False,False,True,False,False,True,상추(청),,,,,,
202112하순,214.0,상추,2.0,청,상품,g,100.0,988.0,,1062.0,920.0,815.333333333333,2021,하순,2021-12-21,상추-청,12,21,False,False,False,False,False,False,False,False,False,False,False,True,False,False,True,상추(청),,,,,,
202112하순,214.0,상추,2.0,청,상품,g,100.0,988.0,,1062.0,920.0,815.333333333333,2021,하순,2021-12-21,상추-청,12,21,False,False,False,False,False,False,False,False,False,False,False,True,False,False,True,상추(청),,,,,,
202112하순,214.0,상추,2.0,청,상품,g,100.0,988.0,,1062.0,920.0,815.333333333333,2021,하순,2021-12-21,상추-청,12,21,False,False,False,False,False,False,False,False,False,False,False,True,False,False,True,상추(청),,,,,,
202112하순,214.0,상추,2.0,청,상품,g,100.0,988.0,,1062.0,920.0,815.333333333333,2021,하순,2021-12-21,상추-청,12,21,False,False,False,False,False,False,False,False,False,False,False,True,False,False,True,상추(청),,,,,,
202112하순,214.0,상추,2.0,청,상품,g,100.0,988.0,,1062.0,920.0,815.333333333333,2021,하순,2021-12-21,상추-청,12,21,False,False,False,False,False,False,False,False,False,False,False,True,False,False,True,상추(청),,,,,,
202112하순,214.0,상추,2.0,청,상품,g,100.0,988.0,,1062.0,920.0,815.333333333333,2021,하순,2021-12-21,상추-청,12,21,False,False,False,False,False,False,False,False,False,False,False,True,False,False,True,상추(청),,,,,,
202112하순,214.0,상추,2.0,청,상품,g,100.0,988.0,,1062.0,920.0,815.333333333333,2021,하순,2021-12-21,상추-청,12,21,False,False,False,False,False,False,False,False,False,False,False,True,False,False,True,상추(청),,,,,,
202112하순,214.0,상추,2.0,청,상품,g,100.0,988.0,,1062.0,920.0,815.333333333333,2021,하순,2021-12-21,상추-청,12,21,False,False,False,False,False,False,False,False,False,False,False,True,False,False,True,상추(청),,,,,,
202112하순,214.0,상추,2.0,청,상품,g,100.0,988.0,,1062.0,920.0,815.333333333333,2021,하순,2021-12-21,상추-청,12,21,False,False,False,False,False,False,False,False,False,False,False,True,False,False,True,상추(청),,,,,,
202112하순,214.0,상추,2.0,청,상품,g,100.0,988.0,,1062.0,920.0,815.333333333333,2021,하순,2021-12-21,상추-청,12,21,False,False,False,False,False,False,False,False,False,False,False,True,False,False,True,상추(청),,,,,,
202112하순,214.0,상추,2.0,청,상품,g,100.0,988.0,,1062.0,920.0,815.333333333333,2021,하순,2021-12-21,상추-청,12,21,False,False,False,False,False,False,False,False,False,False,False,True,False,False,True,상추(청),,,,,,
202112하순,214.0,상추,2.0,청,상품,g,100.0,988.0,,1062.0,920.0,815.333333333333,2021,하순,2021-12-21,상추-청,12,21,False,False,False,False,False,False,False,False,False,False,False,True,False,False,True,상추(청),,,,,,
202112하순,214.0,상추,2.0,청,상품,g,100.0,988.0,,1062.0,920.0,815.333333333333,2021,하순,2021-12-21,상추-청,12,21,False,False,False,False,False,False,False,False,False,False,False,True,False,False,True,상추(청),,,,,,
202112하순,214.0,상추,2.0,청,상품,g,100.0,988.0,,1062.0,920.0,815.333333333333,2021,하순,2021-12-21,상추-청,12,21,False,False,False,False,False,False,False,False,False,False,False,True,False,False,True,상추(청),,,,,,
202201상순,214.0,상추,2.0,청,상품,g,100.0,1206.0,,946.0,1094.0,931.333333333333,2022,상순,2022-01-01,상추-청,1,1,True,False,False,False,False,False,False,False,False,False,False,False,True,False,False,상추(청),,,,,,
202201상순,214.0,상추,2.0,청,상품,g,100.0,1206.0,,946.0,1094.0,931.333333333333,2022,상순,2022-01-01,상추-청,1,1,True,False,False,False,False,False,False,False,False,False,False,False,True,False,False,상추(청),,,,,,
202201상순,214.0,상추,2.0,청,상품,g,100.0,1206.0,,946.0,1094.0,931.333333333333,2022,상순,2022-01-01,상추-청,1,1,True,False,False,False,False,False,False,False,False,False,False,False,True,False,False,상추(청),,,,,,
202201상순,214.0,상추,2.0,청,상품,g,100.0,1206.0,,946.0,1094.0,931.333333333333,2022,상순,2022-01-01,상추-청,1,1,True,False,False,False,False,False,False,False,False,False,False,False,True,False,False,상추(청),,,,,,
202201상순,214.0,상추,2.0,청,상품,g,100.0,1206.0,,946.0,1094.0,931.333333333333,2022,상순,2022-01-01,상추-청,1,1,True,False,False,False,False,False,False,False,False,False,False,False,True,False,False,상추(청),,,,,,
202201상순,214.0,상추,2.0,청,상품,g,100.0,1206.0,,946.0,1094.0,931.333333333333,2022,상순,2022-01-01,상추-청,1,1,True,False,False,False,False,False,False,False,False,False,False,False,True,False,False,상추(청),,,,,,
202201상순,214.0,상추,2.0,청,상품,g,100.0,1206.0,,946.0,1094.0,931.333333333333,2022,상순,2022-01-01,상추-청,1,1,True,False,False,False,False,False,False,False,False,False,False,False,True,False,False,상추(청),,,,,,
202201상순,214.0,상추,2.0,청,상품,g,100.0,1206.0,,946.0,1094.0,931.333333333333,2022,상순,2022-01-01,상추-청,1,1,True,False,False,False,False,False,False,False,False,False,False,False,True,False,False,상추(청),,,,,,
202201상순,214.0,상추,2.0,청,상품,g,100.0,1206.0,,946.0,1094.0,931.333333333333,2022,상순,2022-01-01,상추-청,1,1,True,False,False,False,False,False,False,False,False,False,False,False,True,False,False,상추(청),,,,,,
202201상순,214.0,상추,2.0,청,상품,g,100.0,1206.0,,946.0,1094.0,931.333333333333,2022,상순,2022-01-01,상추-청,1,1,True,False,False,False,False,False,False,False,False,False,False,False,True,False,False,상추(청),,,,,,
202201상순,214.0,상추,2.0,청,상품,g,100.0,1206.0,,946.0,1094.0,931.333333333333,2022,상순,2022-01-01,상추-청,1,1,True,False,False,False,False,False,False,False,False,False,False,False,True,False,False,상추(청),,,,,,
202201상순,214.0,상추,2.0,청,상품,g,100.0,1206.0,,946.0,1094.0,931.333333333333,2022,상순,2022-01-01,상추-청,1,1,True,False,False,False,False,False,False,False,False,False,False,False,True,False,False,상추(청),,,,,,
202201상순,214.0,상추,2.0,청,상품,g,100.0,1206.0,,946.0,1094.0,931.333333333333,2022,상순,2022-01-01,상추-청,1,1,True,False,False,False,False,False,False,False,False,False,False,False,True,False,False,상추(청),,,,,,
202201상순,214.0,상추,2.0,청,상품,g,100.0,1206.0,,946.0,1094.0,931.333333333333,2022,상순,2022-01-01,상추-청,1,1,True,False,False,False,False,False,False,False,False,False,False,False,True,False,False,상추(청),,,,,,
202201상순,214.0,상추,2.0,청,상품,g,100.0,1206.0,,946.0,1094.0,931.333333333333,2022,상순,2022-01-01,상추-청,1,1,True,False,False,False,False,False,False,False,False,False,False,False,True,False,False,상추(청),,,,,,
202201상순,214.0,상추,2.0,청,상품,g,100.0,1206.0,,946.0,1094.0,931.333333333333,2022,상순,2022-01-01,상추-청,1,1,True,False,False,False,False,False,False,False,False,False,False,False,True,False,False,상추(청),,,,,,
202201상순,214.0,상추,2.0,청,상품,g,100.0,1206.0,,946.0,1094.0,931.333333333333,2022,상순,2022-01-01,상추-청,1,1,True,False,False,False,False,False,False,False,False,False,False,False,True,False,False,상추(청),,,,,,
202201상순,214.0,상추,2.0,청,상품,g,100.0,1206.0,,946.0,1094.0,931.333333333333,2022,상순,2022-01-01,상추-청,1,1,True,False,False,False,False,False,False,False,False,False,False,False,True,False,False,상추(청),,,,,,
202201상순,214.0,상추,2.0,청,상품,g,100.0,1206.0,,946.0,1094.0,931.333333333333,2022,상순,2022-01-01,상추-청,1,1,True,False,False,False,False,False,False,False,False,False,False,False,True,False,False,상추(청),,,,,,
202201상순,214.0,상추,2.0,청,상품,g,100.0,1206.0,,946.0,1094.0,931.333333333333,2022,상순,2022-01-01,상추-청,1,1,True,False,False,False,False,False,False,False,False,False,False,False,True,False,False,상추(청),,,,,,
202201상순,214.0,상추,2.0,청,상품,g,100.0,1206.0,,946.0,1094.0,931.333333333333,2022,상순,2022-01-01,상추-청,1,1,True,False,False,False,False,False,False,False,False,False,False,False,True,False,False,상추(청),,,,,,
202201상순,214.0,상추,2.0,청,상품,g,100.0,1206.0,,946.0,1094.0,931.333333333333,2022,상순,2022-01-01,상추-청,1,1,True,False,False,False,False,False,False,False,False,False,False,False,True,False,False,상추(청),,,,,,
202201상순,214.0,상추,2.0,청,상품,g,100.0,1206.0,,946.0,1094.0,931.333333333333,2022,상순,2022-01-01,상추-청,1,1,True,False,False,False,False,False,False,False,False,False,False,False,True,False,False,상추(청),,,,,,
202201중순,214.0,상추,2.0,청,상품,g,100.0,1273.0,,931.0,1221.0,991.333333333333,2022,중순,2022-01-11,상추-청,1,11,True,False,False,False,False,False,False,False,False,False,False,False,False,True,False,상추(청),,,,,,
202201중순,214.0,상추,2.0,청,상품,g,100.0,1273.0,,931.0,1221.0,991.333333333333,2022,중순,2022-01-11,상추-청,1,11,True,False,False,False,False,False,False,False,False,False,False,False,False,True,False,상추(청),,,,,,
202201중순,214.0,상추,2.0,청,상품,g,100.0,1273.0,,931.0,1221.0,991.333333333333,2022,중순,2022-01-11,상추-청,1,11,True,False,False,False,False,False,False,False,False,False,False,False,False,True,False,상추(청),,,,,,
202201중순,214.0,상추,2.0,청,상품,g,100.0,1273.0,,931.0,1221.0,991.333333333333,2022,중순,2022-01-11,상추-청,1,11,True,False,False,False,False,False,False,False,False,False,False,False,False,True,False,상추(청),,,,,,
202201중순,214.0,상추,2.0,청,상품,g,100.0,1273.0,,931.0,1221.0,991.333333333333,2022,중순,2022-01-11,상추-청,1,11,True,False,False,False,False,False,False,False,False,False,False,False,False,True,False,상추(청),,,,,,
202201중순,214.0,상추,2.0,청,상품,g,100.0,1273.0,,931.0,1221.0,991.333333333333,2022,중순,2022-01-11,상추-청,1,11,True,False,False,False,False,False,False,False,False,False,False,False,False,True,False,상추(청),,,,,,
202201중순,214.0,상추,2.0,청,상품,g,100.0,1273.0,,931.0,1221.0,991.333333333333,2022,중순,2022-01-11,상추-청,1,11,True,False,False,False,False,False,False,False,False,False,False,False,False,True,False,상추(청),,,,,,
202201중순,214.0,상추,2.0,청,상품,g,100.0,1273.0,,931.0,1221.0,991.333333333333,2022,중순,2022-01-11,상추-청,1,11,True,False,False,False,False,False,False,False,False,False,False,False,False,True,False,상추(청),,,,,,
202201중순,214.0,상추,2.0,청,상품,g,100.0,1273.0,,931.0,1221.0,991.333333333333,2022,중순,2022-01-11,상추-청,1,11,True,False,False,False,False,False,False,False,False,False,False,False,False,True,False,상추(청),,,,,,
202201중순,214.0,상추,2.0,청,상품,g,100.0,1273.0,,931.0,1221.0,991.333333333333,2022,중순,2022-01-11,상추-청,1,11,True,False,False,False,False,False,False,False,False,False,False,False,False,True,False,상추(청),,,,,,
202201중순,214.0,상추,2.0,청,상품,g,100.0,1273.0,,931.0,1221.0,991.333333333333,2022,중순,2022-01-11,상추-청,1,11,True,False,False,False,False,False,False,False,False,False,False,False,False,True,False,상추(청),,,,,,
202201중순,214.0,상추,2.0,청,상품,g,100.0,1273.0,,931.0,1221.0,991.333333333333,2022,중순,2022-01-11,상추-청,1,11,True,False,False,False,False,False,False,False,False,False,False,False,False,True,False,상추(청),,,,,,
202201중순,214.0,상추,2.0,청,상품,g,100.0,1273.0,,931.0,1221.0,991.333333333333,2022,중순,2022-01-11,상추-청,1,11,True,False,False,False,False,False,False,False,False,False,False,False,False,True,False,상추(청),,,,,,
202201중순,214.0,상추,2.0,청,상품,g,100.0,1273.0,,931.0,1221.0,991.333333333333,2022,중순,2022-01-11,상추-청,1,11,True,False,False,False,False,False,False,False,False,False,False,False,False,True,False,상추(청),,,,,,
202201중순,214.0,상추,2.0,청,상품,g,100.0,1273.0,,931.0,1221.0,991.333333333333,2022,중순,2022-01-11,상추-청,1,11,True,False,False,False,False,False,False,False,False,False,False,False,False,True,False,상추(청),,,,,,
202201중순,214.0,상추,2.0,청,상품,g,100.0,1273.0,,931.0,1221.0,991.333333333333,2022,중순,2022-01-11,상추-청,1,11,True,False,False,False,False,False,False,False,False,False,False,False,False,True,False,상추(청),,,,,,
202201중순,214.0,상추,2.0,청,상품,g,100.0,1273.0,,931.0,1221.0,991.333333333333,2022,중순,2022-01-11,상추-청,1,11,True,False,False,False,False,False,False,False,False,False,False,False,False,True,False,상추(청),,,,,,
202201중순,214.0,상추,2.0,청,상품,g,100.0,1273.0,,931.0,1221.0,991.333333333333,2022,중순,2022-01-11,상추-청,1,11,True,False,False,False,False,False,False,False,False,False,False,False,False,True,False,상추(청),,,,,,
202201중순,214.0,상추,2.0,청,상품,g,100.0,1273.0,,931.0,1221.0,991.333333333333,2022,중순,2022-01-11,상추-청,1,11,True,False,False,False,False,False,False,False,False,False,False,False,False,True,False,상추(청),,,,,,
202201중순,214.0,상추,2.0,청,상품,g,100.0,1273.0,,931.0,1221.0,991.333333333333,2022,중순,2022-01-11,상추-청,1,11,True,False,False,False,False,False,False,False,False,False,False,False,False,True,False,상추(청),,,,,,
202201중순,214.0,상추,2.0,청,상품,g,100.0,1273.0,,931.0,1221.0,991.333333333333,2022,중순,2022-01-11,상추-청,1,11,True,False,False,False,False,False,False,False,False,False,False,False,False,True,False,상추(청),,,,,,
202201하순,214.0,상추,2.0,청,상품,g,100.0,1268.0,,988.0,1214.0,986.0,2022,하순,2022-01-21,상추-청,1,21,True,False,False,False,False,False,False,False,False,False,False,False,False,False,True,상추(청),,,,,,
202201하순,214.0,상추,2.0,청,상품,g,100.0,1268.0,,988.0,1214.0,986.0,2022,하순,2022-01-21,상추-청,1,21,True,False,False,False,False,False,False,False,False,False,False,False,False,False,True,상추(청),,,,,,
202201하순,214.0,상추,2.0,청,상품,g,100.0,1268.0,,988.0,1214.0,986.0,2022,하순,2022-01-21,상추-청,1,21,True,False,False,False,False,False,False,False,False,False,False,False,False,False,True,상추(청),,,,,,
202201하순,214.0,상추,2.0,청,상품,g,100.0,1268.0,,988.0,1214.0,986.0,2022,하순,2022-01-21,상추-청,1,21,True,False,False,False,False,False,False,False,False,False,False,False,False,False,True,상추(청),,,,,,
202201하순,214.0,상추,2.0,청,상품,g,100.0,1268.0,,988.0,1214.0,986.0,2022,하순,2022-01-21,상추-청,1,21,True,False,False,False,False,False,False,False,False,False,False,False,False,False,True,상추(청),,,,,,
202201하순,214.0,상추,2.0,청,상품,g,100.0,1268.0,,988.0,1214.0,986.0,2022,하순,2022-01-21,상추-청,1,21,True,False,False,False,False,False,False,False,False,False,False,False,False,False,True,상추(청),,,,,,
202201하순,214.0,상추,2.0,청,상품,g,100.0,1268.0,,988.0,1214.0,986.0,2022,하순,2022-01-21,상추-청,1,21,True,False,False,False,False,False,False,False,False,False,False,False,False,False,True,상추(청),,,,,,
202201하순,214.0,상추,2.0,청,상품,g,100.0,1268.0,,988.0,1214.0,986.0,2022,하순,2022-01-21,상추-청,1,21,True,False,False,False,False,False,False,False,False,False,False,False,False,False,True,상추(청),,,,,,
202201하순,214.0,상추,2.0,청,상품,g,100.0,1268.0,,988.0,1214.0,986.0,2022,하순,2022-01-21,상추-청,1,21,True,False,False,False,False,False,False,False,False,False,False,False,False,False,True,상추(청),,,,,,
202201하순,214.0,상추,2.0,청,상품,g,100.0,1268.0,,988.0,1214.0,986.0,2022,하순,2022-01-21,상추-청,1,21,True,False,False,False,False,False,False,False,False,False,False,False,False,False,True,상추(청),,,,,,
202201하순,214.0,상추,2.0,청,상품,g,100.0,1268.0,,988.0,1214.0,986.0,2022,하순,2022-01-21,상추-청,1,21,True,False,False,False,False,False,False,False,False,False,False,False,False,False,True,상추(청),,,,,,
202201하순,214.0,상추,2.0,청,상품,g,100.0,1268.0,,988.0,1214.0,986.0,2022,하순,2022-01-21,상추-청,1,21,True,False,False,False,False,False,False,False,False,False,False,False,False,False,True,상추(청),,,,,,
202201하순,214.0,상추,2.0,청,상품,g,100.0,1268.0,,988.0,1214.0,986.0,2022,하순,2022-01-21,상추-청,1,21,True,False,False,False,False,False,False,False,False,False,False,False,False,False,True,상추(청),,,,,,
202201하순,214.0,상추,2.0,청,상품,g,100.0,1268.0,,988.0,1214.0,986.0,2022,하순,2022-01-21,상추-청,1,21,True,False,False,False,False,False,False,False,False,False,False,False,False,False,True,상추(청),,,,,,
202201하순,214.0,상추,2.0,청,상품,g,100.0,1268.0,,988.0,1214.0,986.0,2022,하순,2022-01-21,상추-청,1,21,True,False,False,False,False,False,False,False,False,False,False,False,False,False,True,상추(청),,,,,,
202201하순,214.0,상추,2.0,청,상품,g,100.0,1268.0,,988.0,1214.0,986.0,2022,하순,2022-01-21,상추-청,1,21,True,False,False,False,False,False,False,False,False,False,False,False,False,False,True,상추(청),,,,,,
202201하순,214.0,상추,2.0,청,상품,g,100.0,1268.0,,988.0,1214.0,986.0,2022,하순,2022-01-21,상추-청,1,21,True,False,False,False,False,False,False,False,False,False,False,False,False,False,True,상추(청),,,,,,
202201하순,214.0,상추,2.0,청,상품,g,100.0,1268.0,,988.0,1214.0,986.0,2022,하순,2022-01-21,상추-청,1,21,True,False,False,False,False,False,False,False,False,False,False,False,False,False,True,상추(청),,,,,,
202201하순,214.0,상추,2.0,청,상품,g,100.0,1268.0,,988.0,1214.0,986.0,2022,하순,2022-01-21,상추-청,1,21,True,False,False,False,False,False,False,False,False,False,False,False,False,False,True,상추(청),,,,,,
202201하순,214.0,상추,2.0,청,상품,g,100.0,1268.0,,988.0,1214.0,986.0,2022,하순,2022-01-21,상추-청,1,21,True,False,False,False,False,False,False,False,False,False,False,False,False,False,True,상추(청),,,,,,
202201하순,214.0,상추,2.0,청,상품,g,100.0,1268.0,,988.0,1214.0,986.0,2022,하순,2022-01-21,상추-청,1,21,True,False,False,False,False,False,False,False,False,False,False,False,False,False,True,상추(청),,,,,,
202202상순,214.0,상추,2.0,청,상품,g,100.0,1270.0,,1206.0,1191.0,973.0,2022,상순,2022-02-01,상추-청,2,1,False,True,False,False,False,False,False,False,False,False,False,False,True,False,False,상추(청),,,,,,
202202상순,214.0,상추,2.0,청,상품,g,100.0,1270.0,,1206.0,1191.0,973.0,2022,상순,2022-02-01,상추-청,2,1,False,True,False,False,False,False,False,False,False,False,False,False,True,False,False,상추(청),,,,,,
202202상순,214.0,상추,2.0,청,상품,g,100.0,1270.0,,1206.0,1191.0,973.0,2022,상순,2022-02-01,상추-청,2,1,False,True,False,False,False,False,False,False,False,False,False,False,True,False,False,상추(청),,,,,,
202202상순,214.0,상추,2.0,청,상품,g,100.0,1270.0,,1206.0,1191.0,973.0,2022,상순,2022-02-01,상추-청,2,1,False,True,False,False,False,False,False,False,False,False,False,False,True,False,False,상추(청),,,,,,
202202상순,214.0,상추,2.0,청,상품,g,100.0,1270.0,,1206.0,1191.0,973.0,2022,상순,2022-02-01,상추-청,2,1,False,True,False,False,False,False,False,False,False,False,False,False,True,False,False,상추(청),,,,,,
202202상순,214.0,상추,2.0,청,상품,g,100.0,1270.0,,1206.0,1191.0,973.0,2022,상순,2022-02-01,상추-청,2,1,False,True,False,False,False,False,False,False,False,False,False,False,True,False,False,상추(청),,,,,,
202202상순,214.0,상추,2.0,청,상품,g,100.0,1270.0,,1206.0,1191.0,973.0,2022,상순,2022-02-01,상추-청,2,1,False,True,False,False,False,False,False,False,False,False,False,False,True,False,False,상추(청),,,,,,
202202상순,214.0,상추,2.0,청,상품,g,100.0,1270.0,,1206.0,1191.0,973.0,2022,상순,2022-02-01,상추-청,2,1,False,True,False,False,False,False,False,False,False,False,False,False,True,False,False,상추(청),,,,,,
202202상순,214.0,상추,2.0,청,상품,g,100.0,1270.0,,1206.0,1191.0,973.0,2022,상순,2022-02-01,상추-청,2,1,False,True,False,False,False,False,False,False,False,False,False,False,True,False,False,상추(청),,,,,,
202202상순,214.0,상추,2.0,청,상품,g,100.0,1270.0,,1206.0,1191.0,973.0,2022,상순,2022-02-01,상추-청,2,1,False,True,False,False,False,False,False,False,False,False,False,False,True,False,False,상추(청),,,,,,
202202상순,214.0,상추,2.0,청,상품,g,100.0,1270.0,,1206.0,1191.0,973.0,2022,상순,2022-02-01,상추-청,2,1,False,True,False,False,False,False,False,False,False,False,False,False,True,False,False,상추(청),,,,,,
202202상순,214.0,상추,2.0,청,상품,g,100.0,1270.0,,1206.0,1191.0,973.0,2022,상순,2022-02-01,상추-청,2,1,False,True,False,False,False,False,False,False,False,False,False,False,True,False,False,상추(청),,,,,,
202202상순,214.0,상추,2.0,청,상품,g,100.0,1270.0,,1206.0,1191.0,973.0,2022,상순,2022-02-01,상추-청,2,1,False,True,False,False,False,False,False,False,False,False,False,False,True,False,False,상추(청),,,,,,
202202상순,214.0,상추,2.0,청,상품,g,100.0,1270.0,,1206.0,1191.0,973.0,2022,상순,2022-02-01,상추-청,2,1,False,True,False,False,False,False,False,False,False,False,False,False,True,False,False,상추(청),,,,,,
202202상순,214.0,상추,2.0,청,상품,g,100.0,1270.0,,1206.0,1191.0,973.0,2022,상순,2022-02-01,상추-청,2,1,False,True,False,False,False,False,False,False,False,False,False,False,True,False,False,상추(청),,,,,,
202202상순,214.0,상추,2.0,청,상품,g,100.0,1270.0,,1206.0,1191.0,973.0,2022,상순,2022-02-01,상추-청,2,1,False,True,False,False,False,False,False,False,False,False,False,False,True,False,False,상추(청),,,,,,
202202상순,214.0,상추,2.0,청,상품,g,100.0,1270.0,,1206.0,1191.0,973.0,2022,상순,2022-02-01,상추-청,2,1,False,True,False,False,False,False,False,False,False,False,False,False,True,False,False,상추(청),,,,,,
202202상순,214.0,상추,2.0,청,상품,g,100.0,1270.0,,1206.0,1191.0,973.0,2022,상순,2022-02-01,상추-청,2,1,False,True,False,False,False,False,False,False,False,False,False,False,True,False,False,상추(청),,,,,,
202202상순,214.0,상추,2.0,청,상품,g,100.0,1270.0,,1206.0,1191.0,973.0,2022,상순,2022-02-01,상추-청,2,1,False,True,False,False,False,False,False,False,False,False,False,False,True,False,False,상추(청),,,,,,
202202상순,214.0,상추,2.0,청,상품,g,100.0,1270.0,,1206.0,1191.0,973.0,2022,상순,2022-02-01,상추-청,2,1,False,True,False,False,False,False,False,False,False,False,False,False,True,False,False,상추(청),,,,,,
202202상순,214.0,상추,2.0,청,상품,g,100.0,1270.0,,1206.0,1191.0,973.0,2022,상순,2022-02-01,상추-청,2,1,False,True,False,False,False,False,False,False,False,False,False,False,True,False,False,상추(청),,,,,,
202202중순,214.0,상추,2.0,청,상품,g,100.0,1113.0,,1273.0,1139.0,896.666666666666,2022,중순,2022-02-11,상추-청,2,11,False,True,False,False,False,False,False,False,False,False,False,False,False,True,False,상추(청),,,,,,
202202중순,214.0,상추,2.0,청,상품,g,100.0,1113.0,,1273.0,1139.0,896.666666666666,2022,중순,2022-02-11,상추-청,2,11,False,True,False,False,False,False,False,False,False,False,False,False,False,True,False,상추(청),,,,,,
202202중순,214.0,상추,2.0,청,상품,g,100.0,1113.0,,1273.0,1139.0,896.666666666666,2022,중순,2022-02-11,상추-청,2,11,False,True,False,False,False,False,False,False,False,False,False,False,False,True,False,상추(청),,,,,,
202202중순,214.0,상추,2.0,청,상품,g,100.0,1113.0,,1273.0,1139.0,896.666666666666,2022,중순,2022-02-11,상추-청,2,11,False,True,False,False,False,False,False,False,False,False,False,False,False,True,False,상추(청),,,,,,
202202중순,214.0,상추,2.0,청,상품,g,100.0,1113.0,,1273.0,1139.0,896.666666666666,2022,중순,2022-02-11,상추-청,2,11,False,True,False,False,False,False,False,False,False,False,False,False,False,True,False,상추(청),,,,,,
202202중순,214.0,상추,2.0,청,상품,g,100.0,1113.0,,1273.0,1139.0,896.666666666666,2022,중순,2022-02-11,상추-청,2,11,False,True,False,False,False,False,False,False,False,False,False,False,False,True,False,상추(청),,,,,,
202202중순,214.0,상추,2.0,청,상품,g,100.0,1113.0,,1273.0,1139.0,896.666666666666,2022,중순,2022-02-11,상추-청,2,11,False,True,False,False,False,False,False,False,False,False,False,False,False,True,False,상추(청),,,,,,
202202중순,214.0,상추,2.0,청,상품,g,100.0,1113.0,,1273.0,1139.0,896.666666666666,2022,중순,2022-02-11,상추-청,2,11,False,True,False,False,False,False,False,False,False,False,False,False,False,True,False,상추(청),,,,,,
202202중순,214.0,상추,2.0,청,상품,g,100.0,1113.0,,1273.0,1139.0,896.666666666666,2022,중순,2022-02-11,상추-청,2,11,False,True,False,False,False,False,False,False,False,False,False,False,False,True,False,상추(청),,,,,,
202202중순,214.0,상추,2.0,청,상품,g,100.0,1113.0,,1273.0,1139.0,896.666666666666,2022,중순,2022-02-11,상추-청,2,11,False,True,False,False,False,False,False,False,False,False,False,False,False,True,False,상추(청),,,,,,
202202중순,214.0,상추,2.0,청,상품,g,100.0,1113.0,,1273.0,1139.0,896.666666666666,2022,중순,2022-02-11,상추-청,2,11,False,True,False,False,False,False,False,False,False,False,False,False,False,True,False,상추(청),,,,,,
202202중순,214.0,상추,2.0,청,상품,g,100.0,1113.0,,1273.0,1139.0,896.666666666666,2022,중순,2022-02-11,상추-청,2,11,False,True,False,False,False,False,False,False,False,False,False,False,False,True,False,상추(청),,,,,,
202202중순,214.0,상추,2.0,청,상품,g,100.0,1113.0,,1273.0,1139.0,896.666666666666,2022,중순,2022-02-11,상추-청,2,11,False,True,False,False,False,False,False,False,False,False,False,False,False,True,False,상추(청),,,,,,
202202중순,214.0,상추,2.0,청,상품,g,100.0,1113.0,,1273.0,1139.0,896.666666666666,2022,중순,2022-02-11,상추-청,2,11,False,True,False,False,False,False,False,False,False,False,False,False,False,True,False,상추(청),,,,,,
202202중순,214.0,상추,2.0,청,상품,g,100.0,1113.0,,1273.0,1139.0,896.666666666666,2022,중순,2022-02-11,상추-청,2,11,False,True,False,False,False,False,False,False,False,False,False,False,False,True,False,상추(청),,,,,,
202202중순,214.0,상추,2.0,청,상품,g,100.0,1113.0,,1273.0,1139.0,896.666666666666,2022,중순,2022-02-11,상추-청,2,11,False,True,False,False,False,False,False,False,False,False,False,False,False,True,False,상추(청),,,,,,
202202중순,214.0,상추,2.0,청,상품,g,100.0,1113.0,,1273.0,1139.0,896.666666666666,2022,중순,2022-02-11,상추-청,2,11,False,True,False,False,False,False,False,False,False,False,False,False,False,True,False,상추(청),,,,,,
202202중순,214.0,상추,2.0,청,상품,g,100.0,1113.0,,1273.0,1139.0,896.666666666666,2022,중순,2022-02-11,상추-청,2,11,False,True,False,False,False,False,False,False,False,False,False,False,False,True,False,상추(청),,,,,,
202202중순,214.0,상추,2.0,청,상품,g,100.0,1113.0,,1273.0,1139.0,896.666666666666,2022,중순,2022-02-11,상추-청,2,11,False,True,False,False,False,False,False,False,False,False,False,False,False,True,False,상추(청),,,,,,
202202중순,214.0,상추,2.0,청,상품,g,100.0,1113.0,,1273.0,1139.0,896.666666666666,2022,중순,2022-02-11,상추-청,2,11,False,True,False,False,False,False,False,False,False,False,False,False,False,True,False,상추(청),,,,,,
202202중순,214.0,상추,2.0,청,상품,g,100.0,1113.0,,1273.0,1139.0,896.666666666666,2022,중순,2022-02-11,상추-청,2,11,False,True,False,False,False,False,False,False,False,False,False,False,False,True,False,상추(청),,,,,,
202202하순,214.0,상추,2.0,청,상품,g,100.0,915.0,,1268.0,1048.0,826.0,2022,하순,2022-02-21,상추-청,2,21,False,True,False,False,False,False,False,False,False,False,False,False,False,False,True,상추(청),,,,,,
202202하순,214.0,상추,2.0,청,상품,g,100.0,915.0,,1268.0,1048.0,826.0,2022,하순,2022-02-21,상추-청,2,21,False,True,False,False,False,False,False,False,False,False,False,False,False,False,True,상추(청),,,,,,
202202하순,214.0,상추,2.0,청,상품,g,100.0,915.0,,1268.0,1048.0,826.0,2022,하순,2022-02-21,상추-청,2,21,False,True,False,False,False,False,False,False,False,False,False,False,False,False,True,상추(청),,,,,,
202202하순,214.0,상추,2.0,청,상품,g,100.0,915.0,,1268.0,1048.0,826.0,2022,하순,2022-02-21,상추-청,2,21,False,True,False,False,False,False,False,False,False,False,False,False,False,False,True,상추(청),,,,,,
202202하순,214.0,상추,2.0,청,상품,g,100.0,915.0,,1268.0,1048.0,826.0,2022,하순,2022-02-21,상추-청,2,21,False,True,False,False,False,False,False,False,False,False,False,False,False,False,True,상추(청),,,,,,
202202하순,214.0,상추,2.0,청,상품,g,100.0,915.0,,1268.0,1048.0,826.0,2022,하순,2022-02-21,상추-청,2,21,False,True,False,False,False,False,False,False,False,False,False,False,False,False,True,상추(청),,,,,,
202202하순,214.0,상추,2.0,청,상품,g,100.0,915.0,,1268.0,1048.0,826.0,2022,하순,2022-02-21,상추-청,2,21,False,True,False,False,False,False,False,False,False,False,False,False,False,False,True,상추(청),,,,,,
202202하순,214.0,상추,2.0,청,상품,g,100.0,915.0,,1268.0,1048.0,826.0,2022,하순,2022-02-21,상추-청,2,21,False,True,False,False,False,False,False,False,False,False,False,False,False,False,True,상추(청),,,,,,
202202하순,214.0,상추,2.0,청,상품,g,100.0,915.0,,1268.0,1048.0,826.0,2022,하순,2022-02-21,상추-청,2,21,False,True,False,False,False,False,False,False,False,False,False,False,False,False,True,상추(청),,,,,,
202202하순,214.0,상추,2.0,청,상품,g,100.0,915.0,,1268.0,1048.0,826.0,2022,하순,2022-02-21,상추-청,2,21,False,True,False,False,False,False,False,False,False,False,False,False,False,False,True,상추(청),,,,,,
202202하순,214.0,상추,2.0,청,상품,g,100.0,915.0,,1268.0,1048.0,826.0,2022,하순,2022-02-21,상추-청,2,21,False,True,False,False,False,False,False,False,False,False,False,False,False,False,True,상추(청),,,,,,
202202하순,214.0,상추,2.0,청,상품,g,100.0,915.0,,1268.0,1048.0,826.0,2022,하순,2022-02-21,상추-청,2,21,False,True,False,False,False,False,False,False,False,False,False,False,False,False,True,상추(청),,,,,,
202202하순,214.0,상추,2.0,청,상품,g,100.0,915.0,,1268.0,1048.0,826.0,2022,하순,2022-02-21,상추-청,2,21,False,True,False,False,False,False,False,False,False,False,False,False,False,False,True,상추(청),,,,,,
202202하순,214.0,상추,2.0,청,상품,g,100.0,915.0,,1268.0,1048.0,826.0,2022,하순,2022-02-21,상추-청,2,21,False,True,False,False,False,False,False,False,False,False,False,False,False,False,True,상추(청),,,,,,
202202하순,214.0,상추,2.0,청,상품,g,100.0,915.0,,1268.0,1048.0,826.0,2022,하순,2022-02-21,상추-청,2,21,False,True,False,False,False,False,False,False,False,False,False,False,False,False,True,상추(청),,,,,,
202202하순,214.0,상추,2.0,청,상품,g,100.0,915.0,,1268.0,1048.0,826.0,2022,하순,2022-02-21,상추-청,2,21,False,True,False,False,False,False,False,False,False,False,False,False,False,False,True,상추(청),,,,,,
202202하순,214.0,상추,2.0,청,상품,g,100.0,915.0,,1268.0,1048.0,826.0,2022,하순,2022-02-21,상추-청,2,21,False,True,False,False,False,False,False,False,False,False,False,False,False,False,True,상추(청),,,,,,
202202하순,214.0,상추,2.0,청,상품,g,100.0,915.0,,1268.0,1048.0,826.0,2022,하순,2022-02-21,상추-청,2,21,False,True,False,False,False,False,False,False,False,False,False,False,False,False,True,상추(청),,,,,,
202202하순,214.0,상추,2.0,청,상품,g,100.0,915.0,,1268.0,1048.0,826.0,2022,하순,2022-02-21,상추-청,2,21,False,True,False,False,False,False,False,False,False,False,False,False,False,False,True,상추(청),,,,,,
202202하순,214.0,상추,2.0,청,상품,g,100.0,915.0,,1268.0,1048.0,826.0,2022,하순,2022-02-21,상추-청,2,21,False,True,False,False,False,False,False,False,False,False,False,False,False,False,True,상추(청),,,,,,
202202하순,214.0,상추,2.0,청,상품,g,100.0,915.0,,1268.0,1048.0,826.0,2022,하순,2022-02-21,상추-청,2,21,False,True,False,False,False,False,False,False,False,False,False,False,False,False,True,상추(청),,,,,,
202203상순,214.0,상추,2.0,청,상품,g,100.0,891.0,,1270.0,885.0,730.333333333333,2022,상순,2022-03-01,상추-청,3,1,False,False,True,False,False,False,False,False,False,False,False,False,True,False,False,상추(청),,,,,,
202203상순,214.0,상추,2.0,청,상품,g,100.0,891.0,,1270.0,885.0,730.333333333333,2022,상순,2022-03-01,상추-청,3,1,False,False,True,False,False,False,False,False,False,False,False,False,True,False,False,상추(청),,,,,,
202203상순,214.0,상추,2.0,청,상품,g,100.0,891.0,,1270.0,885.0,730.333333333333,2022,상순,2022-03-01,상추-청,3,1,False,False,True,False,False,False,False,False,False,False,False,False,True,False,False,상추(청),,,,,,
202203상순,214.0,상추,2.0,청,상품,g,100.0,891.0,,1270.0,885.0,730.333333333333,2022,상순,2022-03-01,상추-청,3,1,False,False,True,False,False,False,False,False,False,False,False,False,True,False,False,상추(청),,,,,,
202203상순,214.0,상추,2.0,청,상품,g,100.0,891.0,,1270.0,885.0,730.333333333333,2022,상순,2022-03-01,상추-청,3,1,False,False,True,False,False,False,False,False,False,False,False,False,True,False,False,상추(청),,,,,,
202203상순,214.0,상추,2.0,청,상품,g,100.0,891.0,,1270.0,885.0,730.333333333333,2022,상순,2022-03-01,상추-청,3,1,False,False,True,False,False,False,False,False,False,False,False,False,True,False,False,상추(청),,,,,,
202203상순,214.0,상추,2.0,청,상품,g,100.0,891.0,,1270.0,885.0,730.333333333333,2022,상순,2022-03-01,상추-청,3,1,False,False,True,False,False,False,False,False,False,False,False,False,True,False,False,상추(청),,,,,,
202203상순,214.0,상추,2.0,청,상품,g,100.0,891.0,,1270.0,885.0,730.333333333333,2022,상순,2022-03-01,상추-청,3,1,False,False,True,False,False,False,False,False,False,False,False,False,True,False,False,상추(청),,,,,,
202203상순,214.0,상추,2.0,청,상품,g,100.0,891.0,,1270.0,885.0,730.333333333333,2022,상순,2022-03-01,상추-청,3,1,False,False,True,False,False,False,False,False,False,False,False,False,True,False,False,상추(청),,,,,,
202203상순,214.0,상추,2.0,청,상품,g,100.0,891.0,,1270.0,885.0,730.333333333333,2022,상순,2022-03-01,상추-청,3,1,False,False,True,False,False,False,False,False,False,False,False,False,True,False,False,상추(청),,,,,,
202203상순,214.0,상추,2.0,청,상품,g,100.0,891.0,,1270.0,885.0,730.333333333333,2022,상순,2022-03-01,상추-청,3,1,False,False,True,False,False,False,False,False,False,False,False,False,True,False,False,상추(청),,,,,,
202203상순,214.0,상추,2.0,청,상품,g,100.0,891.0,,1270.0,885.0,730.333333333333,2022,상순,2022-03-01,상추-청,3,1,False,False,True,False,False,False,False,False,False,False,False,False,True,False,False,상추(청),,,,,,
202203상순,214.0,상추,2.0,청,상품,g,100.0,891.0,,1270.0,885.0,730.333333333333,2022,상순,2022-03-01,상추-청,3,1,False,False,True,False,False,False,False,False,False,False,False,False,True,False,False,상추(청),,,,,,
202203상순,214.0,상추,2.0,청,상품,g,100.0,891.0,,1270.0,885.0,730.333333333333,2022,상순,2022-03-01,상추-청,3,1,False,False,True,False,False,False,False,False,False,False,False,False,True,False,False,상추(청),,,,,,
202203상순,214.0,상추,2.0,청,상품,g,100.0,891.0,,1270.0,885.0,730.333333333333,2022,상순,2022-03-01,상추-청,3,1,False,False,True,False,False,False,False,False,False,False,False,False,True,False,False,상추(청),,,,,,
202203상순,214.0,상추,2.0,청,상품,g,100.0,891.0,,1270.0,885.0,730.333333333333,2022,상순,2022-03-01,상추-청,3,1,False,False,True,False,False,False,False,False,False,False,False,False,True,False,False,상추(청),,,,,,
202203상순,214.0,상추,2.0,청,상품,g,100.0,891.0,,1270.0,885.0,730.333333333333,2022,상순,2022-03-01,상추-청,3,1,False,False,True,False,False,False,False,False,False,False,False,False,True,False,False,상추(청),,,,,,
202203상순,214.0,상추,2.0,청,상품,g,100.0,891.0,,1270.0,885.0,730.333333333333,2022,상순,2022-03-01,상추-청,3,1,False,False,True,False,False,False,False,False,False,False,False,False,True,False,False,상추(청),,,,,,
202203상순,214.0,상추,2.0,청,상품,g,100.0,891.0,,1270.0,885.0,730.333333333333,2022,상순,2022-03-01,상추-청,3,1,False,False,True,False,False,False,False,False,False,False,False,False,True,False,False,상추(청),,,,,,
202203상순,214.0,상추,2.0,청,상품,g,100.0,891.0,,1270.0,885.0,730.333333333333,2022,상순,2022-03-01,상추-청,3,1,False,False,True,False,False,False,False,False,False,False,False,False,True,False,False,상추(청),,,,,,
202203상순,214.0,상추,2.0,청,상품,g,100.0,891.0,,1270.0,885.0,730.333333333333,2022,상순,2022-03-01,상추-청,3,1,False,False,True,False,False,False,False,False,False,False,False,False,True,False,False,상추(청),,,,,,
202203중순,214.0,상추,2.0,청,상품,g,100.0,907.0,,1113.0,887.0,713.0,2022,중순,2022-03-11,상추-청,3,11,False,False,True,False,False,False,False,False,False,False,False,False,False,True,False,상추(청),,,,,,
202203중순,214.0,상추,2.0,청,상품,g,100.0,907.0,,1113.0,887.0,713.0,2022,중순,2022-03-11,상추-청,3,11,False,False,True,False,False,False,False,False,False,False,False,False,False,True,False,상추(청),,,,,,
202203중순,214.0,상추,2.0,청,상품,g,100.0,907.0,,1113.0,887.0,713.0,2022,중순,2022-03-11,상추-청,3,11,False,False,True,False,False,False,False,False,False,False,False,False,False,True,False,상추(청),,,,,,
202203중순,214.0,상추,2.0,청,상품,g,100.0,907.0,,1113.0,887.0,713.0,2022,중순,2022-03-11,상추-청,3,11,False,False,True,False,False,False,False,False,False,False,False,False,False,True,False,상추(청),,,,,,
202203중순,214.0,상추,2.0,청,상품,g,100.0,907.0,,1113.0,887.0,713.0,2022,중순,2022-03-11,상추-청,3,11,False,False,True,False,False,False,False,False,False,False,False,False,False,True,False,상추(청),,,,,,
202203중순,214.0,상추,2.0,청,상품,g,100.0,907.0,,1113.0,887.0,713.0,2022,중순,2022-03-11,상추-청,3,11,False,False,True,False,False,False,False,False,False,False,False,False,False,True,False,상추(청),,,,,,
202203중순,214.0,상추,2.0,청,상품,g,100.0,907.0,,1113.0,887.0,713.0,2022,중순,2022-03-11,상추-청,3,11,False,False,True,False,False,False,False,False,False,False,False,False,False,True,False,상추(청),,,,,,
202203중순,214.0,상추,2.0,청,상품,g,100.0,907.0,,1113.0,887.0,713.0,2022,중순,2022-03-11,상추-청,3,11,False,False,True,False,False,False,False,False,False,False,False,False,False,True,False,상추(청),,,,,,
202203중순,214.0,상추,2.0,청,상품,g,100.0,907.0,,1113.0,887.0,713.0,2022,중순,2022-03-11,상추-청,3,11,False,False,True,False,False,False,False,False,False,False,False,False,False,True,False,상추(청),,,,,,
202203중순,214.0,상추,2.0,청,상품,g,100.0,907.0,,1113.0,887.0,713.0,2022,중순,2022-03-11,상추-청,3,11,False,False,True,False,False,False,False,False,False,False,False,False,False,True,False,상추(청),,,,,,
202203중순,214.0,상추,2.0,청,상품,g,100.0,907.0,,1113.0,887.0,713.0,2022,중순,2022-03-11,상추-청,3,11,False,False,True,False,False,False,False,False,False,False,False,False,False,True,False,상추(청),,,,,,
202203중순,214.0,상추,2.0,청,상품,g,100.0,907.0,,1113.0,887.0,713.0,2022,중순,2022-03-11,상추-청,3,11,False,False,True,False,False,False,False,False,False,False,False,False,False,True,False,상추(청),,,,,,
202203중순,214.0,상추,2.0,청,상품,g,100.0,907.0,,1113.0,887.0,713.0,2022,중순,2022-03-11,상추-청,3,11,False,False,True,False,False,False,False,False,False,False,False,False,False,True,False,상추(청),,,,,,
202203중순,214.0,상추,2.0,청,상품,g,100.0,907.0,,1113.0,887.0,713.0,2022,중순,2022-03-11,상추-청,3,11,False,False,True,False,False,False,False,False,False,False,False,False,False,True,False,상추(청),,,,,,
202203중순,214.0,상추,2.0,청,상품,g,100.0,907.0,,1113.0,887.0,713.0,2022,중순,2022-03-11,상추-청,3,11,False,False,True,False,False,False,False,False,False,False,False,False,False,True,False,상추(청),,,,,,
202203중순,214.0,상추,2.0,청,상품,g,100.0,907.0,,1113.0,887.0,713.0,2022,중순,2022-03-11,상추-청,3,11,False,False,True,False,False,False,False,False,False,False,False,False,False,True,False,상추(청),,,,,,
202203중순,214.0,상추,2.0,청,상품,g,100.0,907.0,,1113.0,887.0,713.0,2022,중순,2022-03-11,상추-청,3,11,False,False,True,False,False,False,False,False,False,False,False,False,False,True,False,상추(청),,,,,,
202203중순,214.0,상추,2.0,청,상품,g,100.0,907.0,,1113.0,887.0,713.0,2022,중순,2022-03-11,상추-청,3,11,False,False,True,False,False,False,False,False,False,False,False,False,False,True,False,상추(청),,,,,,
202203중순,214.0,상추,2.0,청,상품,g,100.0,907.0,,1113.0,887.0,713.0,2022,중순,2022-03-11,상추-청,3,11,False,False,True,False,False,False,False,False,False,False,False,False,False,True,False,상추(청),,,,,,
202203중순,214.0,상추,2.0,청,상품,g,100.0,907.0,,1113.0,887.0,713.0,2022,중순,2022-03-11,상추-청,3,11,False,False,True,False,False,False,False,False,False,False,False,False,False,True,False,상추(청),,,,,,
202203중순,214.0,상추,2.0,청,상품,g,100.0,907.0,,1113.0,887.0,713.0,2022,중순,2022-03-11,상추-청,3,11,False,False,True,False,False,False,False,False,False,False,False,False,False,True,False,상추(청),,,,,,
202203하순,214.0,상추,2.0,청,상품,g,100.0,901.0,,915.0,896.0,708.0,2022,하순,2022-03-21,상추-청,3,21,False,False,True,False,False,False,False,False,False,False,False,False,False,False,True,상추(청),,,,,,
202203하순,214.0,상추,2.0,청,상품,g,100.0,901.0,,915.0,896.0,708.0,2022,하순,2022-03-21,상추-청,3,21,False,False,True,False,False,False,False,False,False,False,False,False,False,False,True,상추(청),,,,,,
202203하순,214.0,상추,2.0,청,상품,g,100.0,901.0,,915.0,896.0,708.0,2022,하순,2022-03-21,상추-청,3,21,False,False,True,False,False,False,False,False,False,False,False,False,False,False,True,상추(청),,,,,,
202203하순,214.0,상추,2.0,청,상품,g,100.0,901.0,,915.0,896.0,708.0,2022,하순,2022-03-21,상추-청,3,21,False,False,True,False,False,False,False,False,False,False,False,False,False,False,True,상추(청),,,,,,
202203하순,214.0,상추,2.0,청,상품,g,100.0,901.0,,915.0,896.0,708.0,2022,하순,2022-03-21,상추-청,3,21,False,False,True,False,False,False,False,False,False,False,False,False,False,False,True,상추(청),,,,,,
202203하순,214.0,상추,2.0,청,상품,g,100.0,901.0,,915.0,896.0,708.0,2022,하순,2022-03-21,상추-청,3,21,False,False,True,False,False,False,False,False,False,False,False,False,False,False,True,상추(청),,,,,,
202203하순,214.0,상추,2.0,청,상품,g,100.0,901.0,,915.0,896.0,708.0,2022,하순,2022-03-21,상추-청,3,21,False,False,True,False,False,False,False,False,False,False,False,False,False,False,True,상추(청),,,,,,
202203하순,214.0,상추,2.0,청,상품,g,100.0,901.0,,915.0,896.0,708.0,2022,하순,2022-03-21,상추-청,3,21,False,False,True,False,False,False,False,False,False,False,False,False,False,False,True,상추(청),,,,,,
202203하순,214.0,상추,2.0,청,상품,g,100.0,901.0,,915.0,896.0,708.0,2022,하순,2022-03-21,상추-청,3,21,False,False,True,False,False,False,False,False,False,False,False,False,False,False,True,상추(청),,,,,,
202203하순,214.0,상추,2.0,청,상품,g,100.0,901.0,,915.0,896.0,708.0,2022,하순,2022-03-21,상추-청,3,21,False,False,True,False,False,False,False,False,False,False,False,False,False,False,True,상추(청),,,,,,
202203하순,214.0,상추,2.0,청,상품,g,100.0,901.0,,915.0,896.0,708.0,2022,하순,2022-03-21,상추-청,3,21,False,False,True,False,False,False,False,False,False,False,False,False,False,False,True,상추(청),,,,,,
202203하순,214.0,상추,2.0,청,상품,g,100.0,901.0,,915.0,896.0,708.0,2022,하순,2022-03-21,상추-청,3,21,False,False,True,False,False,False,False,False,False,False,False,False,False,False,True,상추(청),,,,,,
202203하순,214.0,상추,2.0,청,상품,g,100.0,901.0,,915.0,896.0,708.0,2022,하순,2022-03-21,상추-청,3,21,False,False,True,False,False,False,False,False,False,False,False,False,False,False,True,상추(청),,,,,,
202203하순,214.0,상추,2.0,청,상품,g,100.0,901.0,,915.0,896.0,708.0,2022,하순,2022-03-21,상추-청,3,21,False,False,True,False,False,False,False,False,False,False,False,False,False,False,True,상추(청),,,,,,
202203하순,214.0,상추,2.0,청,상품,g,100.0,901.0,,915.0,896.0,708.0,2022,하순,2022-03-21,상추-청,3,21,False,False,True,False,False,False,False,False,False,False,False,False,False,False,True,상추(청),,,,,,
202203하순,214.0,상추,2.0,청,상품,g,100.0,901.0,,915.0,896.0,708.0,2022,하순,2022-03-21,상추-청,3,21,False,False,True,False,False,False,False,False,False,False,False,False,False,False,True,상추(청),,,,,,
202203하순,214.0,상추,2.0,청,상품,g,100.0,901.0,,915.0,896.0,708.0,2022,하순,2022-03-21,상추-청,3,21,False,False,True,False,False,False,False,False,False,False,False,False,False,False,True,상추(청),,,,,,
202203하순,214.0,상추,2.0,청,상품,g,100.0,901.0,,915.0,896.0,708.0,2022,하순,2022-03-21,상추-청,3,21,False,False,True,False,False,False,False,False,False,False,False,False,False,False,True,상추(청),,,,,,
202203하순,214.0,상추,2.0,청,상품,g,100.0,901.0,,915.0,896.0,708.0,2022,하순,2022-03-21,상추-청,3,21,False,False,True,False,False,False,False,False,False,False,False,False,False,False,True,상추(청),,,,,,
202203하순,214.0,상추,2.0,청,상품,g,100.0,901.0,,915.0,896.0,708.0,2022,하순,2022-03-21,상추-청,3,21,False,False,True,False,False,False,False,False,False,False,False,False,False,False,True,상추(청),,,,,,
202203하순,214.0,상추,2.0,청,상품,g,100.0,901.0,,915.0,896.0,708.0,2022,하순,2022-03-21,상추-청,3,21,False,False,True,False,False,False,False,False,False,False,False,False,False,False,True,상추(청),,,,,,
202204상순,214.0,상추,2.0,청,상품,g,100.0,1060.0,,891.0,869.0,708.333333333333,2022,상순,2022-04-01,상추-청,4,1,False,False,False,True,False,False,False,False,False,False,False,False,True,False,False,상추(청),,,,,,
202204상순,214.0,상추,2.0,청,상품,g,100.0,1060.0,,891.0,869.0,708.333333333333,2022,상순,2022-04-01,상추-청,4,1,False,False,False,True,False,False,False,False,False,False,False,False,True,False,False,상추(청),,,,,,
202204상순,214.0,상추,2.0,청,상품,g,100.0,1060.0,,891.0,869.0,708.333333333333,2022,상순,2022-04-01,상추-청,4,1,False,False,False,True,False,False,False,False,False,False,False,False,True,False,False,상추(청),,,,,,
202204상순,214.0,상추,2.0,청,상품,g,100.0,1060.0,,891.0,869.0,708.333333333333,2022,상순,2022-04-01,상추-청,4,1,False,False,False,True,False,False,False,False,False,False,False,False,True,False,False,상추(청),,,,,,
202204상순,214.0,상추,2.0,청,상품,g,100.0,1060.0,,891.0,869.0,708.333333333333,2022,상순,2022-04-01,상추-청,4,1,False,False,False,True,False,False,False,False,False,False,False,False,True,False,False,상추(청),,,,,,
202204상순,214.0,상추,2.0,청,상품,g,100.0,1060.0,,891.0,869.0,708.333333333333,2022,상순,2022-04-01,상추-청,4,1,False,False,False,True,False,False,False,False,False,False,False,False,True,False,False,상추(청),,,,,,
202204상순,214.0,상추,2.0,청,상품,g,100.0,1060.0,,891.0,869.0,708.333333333333,2022,상순,2022-04-01,상추-청,4,1,False,False,False,True,False,False,False,False,False,False,False,False,True,False,False,상추(청),,,,,,
202204상순,214.0,상추,2.0,청,상품,g,100.0,1060.0,,891.0,869.0,708.333333333333,2022,상순,2022-04-01,상추-청,4,1,False,False,False,True,False,False,False,False,False,False,False,False,True,False,False,상추(청),,,,,,
202204상순,214.0,상추,2.0,청,상품,g,100.0,1060.0,,891.0,869.0,708.333333333333,2022,상순,2022-04-01,상추-청,4,1,False,False,False,True,False,False,False,False,False,False,False,False,True,False,False,상추(청),,,,,,
202204상순,214.0,상추,2.0,청,상품,g,100.0,1060.0,,891.0,869.0,708.333333333333,2022,상순,2022-04-01,상추-청,4,1,False,False,False,True,False,False,False,False,False,False,False,False,True,False,False,상추(청),,,,,,
202204상순,214.0,상추,2.0,청,상품,g,100.0,1060.0,,891.0,869.0,708.333333333333,2022,상순,2022-04-01,상추-청,4,1,False,False,False,True,False,False,False,False,False,False,False,False,True,False,False,상추(청),,,,,,
202204상순,214.0,상추,2.0,청,상품,g,100.0,1060.0,,891.0,869.0,708.333333333333,2022,상순,2022-04-01,상추-청,4,1,False,False,False,True,False,False,False,False,False,False,False,False,True,False,False,상추(청),,,,,,
202204상순,214.0,상추,2.0,청,상품,g,100.0,1060.0,,891.0,869.0,708.333333333333,2022,상순,2022-04-01,상추-청,4,1,False,False,False,True,False,False,False,False,False,False,False,False,True,False,False,상추(청),,,,,,
202204상순,214.0,상추,2.0,청,상품,g,100.0,1060.0,,891.0,869.0,708.333333333333,2022,상순,2022-04-01,상추-청,4,1,False,False,False,True,False,False,False,False,False,False,False,False,True,False,False,상추(청),,,,,,
202204상순,214.0,상추,2.0,청,상품,g,100.0,1060.0,,891.0,869.0,708.333333333333,2022,상순,2022-04-01,상추-청,4,1,False,False,False,True,False,False,False,False,False,False,False,False,True,False,False,상추(청),,,,,,
202204상순,214.0,상추,2.0,청,상품,g,100.0,1060.0,,891.0,869.0,708.333333333333,2022,상순,2022-04-01,상추-청,4,1,False,False,False,True,False,False,False,False,False,False,False,False,True,False,False,상추(청),,,,,,
202204상순,214.0,상추,2.0,청,상품,g,100.0,1060.0,,891.0,869.0,708.333333333333,2022,상순,2022-04-01,상추-청,4,1,False,False,False,True,False,False,False,False,False,False,False,False,True,False,False,상추(청),,,,,,
202204상순,214.0,상추,2.0,청,상품,g,100.0,1060.0,,891.0,869.0,708.333333333333,2022,상순,2022-04-01,상추-청,4,1,False,False,False,True,False,False,False,False,False,False,False,False,True,False,False,상추(청),,,,,,
202204상순,214.0,상추,2.0,청,상품,g,100.0,1060.0,,891.0,869.0,708.333333333333,2022,상순,2022-04-01,상추-청,4,1,False,False,False,True,False,False,False,False,False,False,False,False,True,False,False,상추(청),,,,,,
202204상순,214.0,상추,2.0,청,상품,g,100.0,1060.0,,891.0,869.0,708.333333333333,2022,상순,2022-04-01,상추-청,4,1,False,False,False,True,False,False,False,False,False,False,False,False,True,False,False,상추(청),,,,,,
202204상순,214.0,상추,2.0,청,상품,g,100.0,1060.0,,891.0,869.0,708.333333333333,2022,상순,2022-04-01,상추-청,4,1,False,False,False,True,False,False,False,False,False,False,False,False,True,False,False,상추(청),,,,,,
202204중순,214.0,상추,2.0,청,상품,g,100.0,1075.0,,907.0,880.0,703.333333333333,2022,중순,2022-04-11,상추-청,4,11,False,False,False,True,False,False,False,False,False,False,False,False,False,True,False,상추(청),,,,,,
202204중순,214.0,상추,2.0,청,상품,g,100.0,1075.0,,907.0,880.0,703.333333333333,2022,중순,2022-04-11,상추-청,4,11,False,False,False,True,False,False,False,False,False,False,False,False,False,True,False,상추(청),,,,,,
202204중순,214.0,상추,2.0,청,상품,g,100.0,1075.0,,907.0,880.0,703.333333333333,2022,중순,2022-04-11,상추-청,4,11,False,False,False,True,False,False,False,False,False,False,False,False,False,True,False,상추(청),,,,,,
202204중순,214.0,상추,2.0,청,상품,g,100.0,1075.0,,907.0,880.0,703.333333333333,2022,중순,2022-04-11,상추-청,4,11,False,False,False,True,False,False,False,False,False,False,False,False,False,True,False,상추(청),,,,,,
202204중순,214.0,상추,2.0,청,상품,g,100.0,1075.0,,907.0,880.0,703.333333333333,2022,중순,2022-04-11,상추-청,4,11,False,False,False,True,False,False,False,False,False,False,False,False,False,True,False,상추(청),,,,,,
202204중순,214.0,상추,2.0,청,상품,g,100.0,1075.0,,907.0,880.0,703.333333333333,2022,중순,2022-04-11,상추-청,4,11,False,False,False,True,False,False,False,False,False,False,False,False,False,True,False,상추(청),,,,,,
202204중순,214.0,상추,2.0,청,상품,g,100.0,1075.0,,907.0,880.0,703.333333333333,2022,중순,2022-04-11,상추-청,4,11,False,False,False,True,False,False,False,False,False,False,False,False,False,True,False,상추(청),,,,,,
202204중순,214.0,상추,2.0,청,상품,g,100.0,1075.0,,907.0,880.0,703.333333333333,2022,중순,2022-04-11,상추-청,4,11,False,False,False,True,False,False,False,False,False,False,False,False,False,True,False,상추(청),,,,,,
202204중순,214.0,상추,2.0,청,상품,g,100.0,1075.0,,907.0,880.0,703.333333333333,2022,중순,2022-04-11,상추-청,4,11,False,False,False,True,False,False,False,False,False,False,False,False,False,True,False,상추(청),,,,,,
202204중순,214.0,상추,2.0,청,상품,g,100.0,1075.0,,907.0,880.0,703.333333333333,2022,중순,2022-04-11,상추-청,4,11,False,False,False,True,False,False,False,False,False,False,False,False,False,True,False,상추(청),,,,,,
202204중순,214.0,상추,2.0,청,상품,g,100.0,1075.0,,907.0,880.0,703.333333333333,2022,중순,2022-04-11,상추-청,4,11,False,False,False,True,False,False,False,False,False,False,False,False,False,True,False,상추(청),,,,,,
202204중순,214.0,상추,2.0,청,상품,g,100.0,1075.0,,907.0,880.0,703.333333333333,2022,중순,2022-04-11,상추-청,4,11,False,False,False,True,False,False,False,False,False,False,False,False,False,True,False,상추(청),,,,,,
202204중순,214.0,상추,2.0,청,상품,g,100.0,1075.0,,907.0,880.0,703.333333333333,2022,중순,2022-04-11,상추-청,4,11,False,False,False,True,False,False,False,False,False,False,False,False,False,True,False,상추(청),,,,,,
202204중순,214.0,상추,2.0,청,상품,g,100.0,1075.0,,907.0,880.0,703.333333333333,2022,중순,2022-04-11,상추-청,4,11,False,False,False,True,False,False,False,False,False,False,False,False,False,True,False,상추(청),,,,,,
202204중순,214.0,상추,2.0,청,상품,g,100.0,1075.0,,907.0,880.0,703.333333333333,2022,중순,2022-04-11,상추-청,4,11,False,False,False,True,False,False,False,False,False,False,False,False,False,True,False,상추(청),,,,,,
202204중순,214.0,상추,2.0,청,상품,g,100.0,1075.0,,907.0,880.0,703.333333333333,2022,중순,2022-04-11,상추-청,4,11,False,False,False,True,False,False,False,False,False,False,False,False,False,True,False,상추(청),,,,,,
202204중순,214.0,상추,2.0,청,상품,g,100.0,1075.0,,907.0,880.0,703.333333333333,2022,중순,2022-04-11,상추-청,4,11,False,False,False,True,False,False,False,False,False,False,False,False,False,True,False,상추(청),,,,,,
202204중순,214.0,상추,2.0,청,상품,g,100.0,1075.0,,907.0,880.0,703.333333333333,2022,중순,2022-04-11,상추-청,4,11,False,False,False,True,False,False,False,False,False,False,False,False,False,True,False,상추(청),,,,,,
202204중순,214.0,상추,2.0,청,상품,g,100.0,1075.0,,907.0,880.0,703.333333333333,2022,중순,2022-04-11,상추-청,4,11,False,False,False,True,False,False,False,False,False,False,False,False,False,True,False,상추(청),,,,,,
202204중순,214.0,상추,2.0,청,상품,g,100.0,1075.0,,907.0,880.0,703.333333333333,2022,중순,2022-04-11,상추-청,4,11,False,False,False,True,False,False,False,False,False,False,False,False,False,True,False,상추(청),,,,,,
202204중순,214.0,상추,2.0,청,상품,g,100.0,1075.0,,907.0,880.0,703.333333333333,2022,중순,2022-04-11,상추-청,4,11,False,False,False,True,False,False,False,False,False,False,False,False,False,True,False,상추(청),,,,,,
202204중순,214.0,상추,2.0,청,상품,g,100.0,1075.0,,907.0,880.0,703.333333333333,2022,중순,2022-04-11,상추-청,4,11,False,False,False,True,False,False,False,False,False,False,False,False,False,True,False,상추(청),,,,,,
202204하순,214.0,상추,2.0,청,상품,g,100.0,1001.0,,901.0,888.0,706.333333333333,2022,하순,2022-04-21,상추-청,4,21,False,False,False,True,False,False,False,False,False,False,False,False,False,False,True,상추(청),,,,,,
202204하순,214.0,상추,2.0,청,상품,g,100.0,1001.0,,901.0,888.0,706.333333333333,2022,하순,2022-04-21,상추-청,4,21,False,False,False,True,False,False,False,False,False,False,False,False,False,False,True,상추(청),,,,,,
202204하순,214.0,상추,2.0,청,상품,g,100.0,1001.0,,901.0,888.0,706.333333333333,2022,하순,2022-04-21,상추-청,4,21,False,False,False,True,False,False,False,False,False,False,False,False,False,False,True,상추(청),,,,,,
202204하순,214.0,상추,2.0,청,상품,g,100.0,1001.0,,901.0,888.0,706.333333333333,2022,하순,2022-04-21,상추-청,4,21,False,False,False,True,False,False,False,False,False,False,False,False,False,False,True,상추(청),,,,,,
202204하순,214.0,상추,2.0,청,상품,g,100.0,1001.0,,901.0,888.0,706.333333333333,2022,하순,2022-04-21,상추-청,4,21,False,False,False,True,False,False,False,False,False,False,False,False,False,False,True,상추(청),,,,,,
202204하순,214.0,상추,2.0,청,상품,g,100.0,1001.0,,901.0,888.0,706.333333333333,2022,하순,2022-04-21,상추-청,4,21,False,False,False,True,False,False,False,False,False,False,False,False,False,False,True,상추(청),,,,,,
202204하순,214.0,상추,2.0,청,상품,g,100.0,1001.0,,901.0,888.0,706.333333333333,2022,하순,2022-04-21,상추-청,4,21,False,False,False,True,False,False,False,False,False,False,False,False,False,False,True,상추(청),,,,,,
202204하순,214.0,상추,2.0,청,상품,g,100.0,1001.0,,901.0,888.0,706.333333333333,2022,하순,2022-04-21,상추-청,4,21,False,False,False,True,False,False,False,False,False,False,False,False,False,False,True,상추(청),,,,,,
202204하순,214.0,상추,2.0,청,상품,g,100.0,1001.0,,901.0,888.0,706.333333333333,2022,하순,2022-04-21,상추-청,4,21,False,False,False,True,False,False,False,False,False,False,False,False,False,False,True,상추(청),,,,,,
202204하순,214.0,상추,2.0,청,상품,g,100.0,1001.0,,901.0,888.0,706.333333333333,2022,하순,2022-04-21,상추-청,4,21,False,False,False,True,False,False,False,False,False,False,False,False,False,False,True,상추(청),,,,,,
202204하순,214.0,상추,2.0,청,상품,g,100.0,1001.0,,901.0,888.0,706.333333333333,2022,하순,2022-04-21,상추-청,4,21,False,False,False,True,False,False,False,False,False,False,False,False,False,False,True,상추(청),,,,,,
202204하순,214.0,상추,2.0,청,상품,g,100.0,1001.0,,901.0,888.0,706.333333333333,2022,하순,2022-04-21,상추-청,4,21,False,False,False,True,False,False,False,False,False,False,False,False,False,False,True,상추(청),,,,,,
202204하순,214.0,상추,2.0,청,상품,g,100.0,1001.0,,901.0,888.0,706.333333333333,2022,하순,2022-04-21,상추-청,4,21,False,False,False,True,False,False,False,False,False,False,False,False,False,False,True,상추(청),,,,,,
202204하순,214.0,상추,2.0,청,상품,g,100.0,1001.0,,901.0,888.0,706.333333333333,2022,하순,2022-04-21,상추-청,4,21,False,False,False,True,False,False,False,False,False,False,False,False,False,False,True,상추(청),,,,,,
202204하순,214.0,상추,2.0,청,상품,g,100.0,1001.0,,901.0,888.0,706.333333333333,2022,하순,2022-04-21,상추-청,4,21,False,False,False,True,False,False,False,False,False,False,False,False,False,False,True,상추(청),,,,,,
202204하순,214.0,상추,2.0,청,상품,g,100.0,1001.0,,901.0,888.0,706.333333333333,2022,하순,2022-04-21,상추-청,4,21,False,False,False,True,False,False,False,False,False,False,False,False,False,False,True,상추(청),,,,,,
202204하순,214.0,상추,2.0,청,상품,g,100.0,1001.0,,901.0,888.0,706.333333333333,2022,하순,2022-04-21,상추-청,4,21,False,False,False,True,False,False,False,False,False,False,False,False,False,False,True,상추(청),,,,,,
202204하순,214.0,상추,2.0,청,상품,g,100.0,1001.0,,901.0,888.0,706.333333333333,2022,하순,2022-04-21,상추-청,4,21,False,False,False,True,False,False,False,False,False,False,False,False,False,False,True,상추(청),,,,,,
202204하순,214.0,상추,2.0,청,상품,g,100.0,1001.0,,901.0,888.0,706.333333333333,2022,하순,2022-04-21,상추-청,4,21,False,False,False,True,False,False,False,False,False,False,False,False,False,False,True,상추(청),,,,,,
202204하순,214.0,상추,2.0,청,상품,g,100.0,1001.0,,901.0,888.0,706.333333333333,2022,하순,2022-04-21,상추-청,4,21,False,False,False,True,False,False,False,False,False,False,False,False,False,False,True,상추(청),,,,,,
202204하순,214.0,상추,2.0,청,상품,g,100.0,1001.0,,901.0,888.0,706.333333333333,2022,하순,2022-04-21,상추-청,4,21,False,False,False,True,False,False,False,False,False,False,False,False,False,False,True,상추(청),,,,,,
202204하순,214.0,상추,2.0,청,상품,g,100.0,1001.0,,901.0,888.0,706.333333333333,2022,하순,2022-04-21,상추-청,4,21,False,False,False,True,False,False,False,False,False,False,False,False,False,False,True,상추(청),,,,,,
202205상순,214.0,상추,2.0,청,상품,g,100.0,975.0,,1060.0,861.0,721.0,2022,상순,2022-05-01,상추-청,5,1,False,False,False,False,True,False,False,False,False,False,False,False,True,False,False,상추(청),,,,,,
202205상순,214.0,상추,2.0,청,상품,g,100.0,975.0,,1060.0,861.0,721.0,2022,상순,2022-05-01,상추-청,5,1,False,False,False,False,True,False,False,False,False,False,False,False,True,False,False,상추(청),,,,,,
202205상순,214.0,상추,2.0,청,상품,g,100.0,975.0,,1060.0,861.0,721.0,2022,상순,2022-05-01,상추-청,5,1,False,False,False,False,True,False,False,False,False,False,False,False,True,False,False,상추(청),,,,,,
202205상순,214.0,상추,2.0,청,상품,g,100.0,975.0,,1060.0,861.0,721.0,2022,상순,2022-05-01,상추-청,5,1,False,False,False,False,True,False,False,False,False,False,False,False,True,False,False,상추(청),,,,,,
202205상순,214.0,상추,2.0,청,상품,g,100.0,975.0,,1060.0,861.0,721.0,2022,상순,2022-05-01,상추-청,5,1,False,False,False,False,True,False,False,False,False,False,False,False,True,False,False,상추(청),,,,,,
202205상순,214.0,상추,2.0,청,상품,g,100.0,975.0,,1060.0,861.0,721.0,2022,상순,2022-05-01,상추-청,5,1,False,False,False,False,True,False,False,False,False,False,False,False,True,False,False,상추(청),,,,,,
202205상순,214.0,상추,2.0,청,상품,g,100.0,975.0,,1060.0,861.0,721.0,2022,상순,2022-05-01,상추-청,5,1,False,False,False,False,True,False,False,False,False,False,False,False,True,False,False,상추(청),,,,,,
202205상순,214.0,상추,2.0,청,상품,g,100.0,975.0,,1060.0,861.0,721.0,2022,상순,2022-05-01,상추-청,5,1,False,False,False,False,True,False,False,False,False,False,False,False,True,False,False,상추(청),,,,,,
202205상순,214.0,상추,2.0,청,상품,g,100.0,975.0,,1060.0,861.0,721.0,2022,상순,2022-05-01,상추-청,5,1,False,False,False,False,True,False,False,False,False,False,False,False,True,False,False,상추(청),,,,,,
202205상순,214.0,상추,2.0,청,상품,g,100.0,975.0,,1060.0,861.0,721.0,2022,상순,2022-05-01,상추-청,5,1,False,False,False,False,True,False,False,False,False,False,False,False,True,False,False,상추(청),,,,,,
202205상순,214.0,상추,2.0,청,상품,g,100.0,975.0,,1060.0,861.0,721.0,2022,상순,2022-05-01,상추-청,5,1,False,False,False,False,True,False,False,False,False,False,False,False,True,False,False,상추(청),,,,,,
202205상순,214.0,상추,2.0,청,상품,g,100.0,975.0,,1060.0,861.0,721.0,2022,상순,2022-05-01,상추-청,5,1,False,False,False,False,True,False,False,False,False,False,False,False,True,False,False,상추(청),,,,,,
202205상순,214.0,상추,2.0,청,상품,g,100.0,975.0,,1060.0,861.0,721.0,2022,상순,2022-05-01,상추-청,5,1,False,False,False,False,True,False,False,False,False,False,False,False,True,False,False,상추(청),,,,,,
202205상순,214.0,상추,2.0,청,상품,g,100.0,975.0,,1060.0,861.0,721.0,2022,상순,2022-05-01,상추-청,5,1,False,False,False,False,True,False,False,False,False,False,False,False,True,False,False,상추(청),,,,,,
202205상순,214.0,상추,2.0,청,상품,g,100.0,975.0,,1060.0,861.0,721.0,2022,상순,2022-05-01,상추-청,5,1,False,False,False,False,True,False,False,False,False,False,False,False,True,False,False,상추(청),,,,,,
202205상순,214.0,상추,2.0,청,상품,g,100.0,975.0,,1060.0,861.0,721.0,2022,상순,2022-05-01,상추-청,5,1,False,False,False,False,True,False,False,False,False,False,False,False,True,False,False,상추(청),,,,,,
202205상순,214.0,상추,2.0,청,상품,g,100.0,975.0,,1060.0,861.0,721.0,2022,상순,2022-05-01,상추-청,5,1,False,False,False,False,True,False,False,False,False,False,False,False,True,False,False,상추(청),,,,,,
202205상순,214.0,상추,2.0,청,상품,g,100.0,975.0,,1060.0,861.0,721.0,2022,상순,2022-05-01,상추-청,5,1,False,False,False,False,True,False,False,False,False,False,False,False,True,False,False,상추(청),,,,,,
202205상순,214.0,상추,2.0,청,상품,g,100.0,975.0,,1060.0,861.0,721.0,2022,상순,2022-05-01,상추-청,5,1,False,False,False,False,True,False,False,False,False,False,False,False,True,False,False,상추(청),,,,,,
202205상순,214.0,상추,2.0,청,상품,g,100.0,975.0,,1060.0,861.0,721.0,2022,상순,2022-05-01,상추-청,5,1,False,False,False,False,True,False,False,False,False,False,False,False,True,False,False,상추(청),,,,,,
202205상순,214.0,상추,2.0,청,상품,g,100.0,975.0,,1060.0,861.0,721.0,2022,상순,2022-05-01,상추-청,5,1,False,False,False,False,True,False,False,False,False,False,False,False,True,False,False,상추(청),,,,,,
202205중순,214.0,상추,2.0,청,상품,g,100.0,1002.0,,1075.0,865.0,741.333333333333,2022,중순,2022-05-11,상추-청,5,11,False,False,False,False,True,False,False,False,False,False,False,False,False,True,False,상추(청),,,,,,
202205중순,214.0,상추,2.0,청,상품,g,100.0,1002.0,,1075.0,865.0,741.333333333333,2022,중순,2022-05-11,상추-청,5,11,False,False,False,False,True,False,False,False,False,False,False,False,False,True,False,상추(청),,,,,,
202205중순,214.0,상추,2.0,청,상품,g,100.0,1002.0,,1075.0,865.0,741.333333333333,2022,중순,2022-05-11,상추-청,5,11,False,False,False,False,True,False,False,False,False,False,False,False,False,True,False,상추(청),,,,,,
202205중순,214.0,상추,2.0,청,상품,g,100.0,1002.0,,1075.0,865.0,741.333333333333,2022,중순,2022-05-11,상추-청,5,11,False,False,False,False,True,False,False,False,False,False,False,False,False,True,False,상추(청),,,,,,
202205중순,214.0,상추,2.0,청,상품,g,100.0,1002.0,,1075.0,865.0,741.333333333333,2022,중순,2022-05-11,상추-청,5,11,False,False,False,False,True,False,False,False,False,False,False,False,False,True,False,상추(청),,,,,,
202205중순,214.0,상추,2.0,청,상품,g,100.0,1002.0,,1075.0,865.0,741.333333333333,2022,중순,2022-05-11,상추-청,5,11,False,False,False,False,True,False,False,False,False,False,False,False,False,True,False,상추(청),,,,,,
202205중순,214.0,상추,2.0,청,상품,g,100.0,1002.0,,1075.0,865.0,741.333333333333,2022,중순,2022-05-11,상추-청,5,11,False,False,False,False,True,False,False,False,False,False,False,False,False,True,False,상추(청),,,,,,
202205중순,214.0,상추,2.0,청,상품,g,100.0,1002.0,,1075.0,865.0,741.333333333333,2022,중순,2022-05-11,상추-청,5,11,False,False,False,False,True,False,False,False,False,False,False,False,False,True,False,상추(청),,,,,,
202205중순,214.0,상추,2.0,청,상품,g,100.0,1002.0,,1075.0,865.0,741.333333333333,2022,중순,2022-05-11,상추-청,5,11,False,False,False,False,True,False,False,False,False,False,False,False,False,True,False,상추(청),,,,,,
202205중순,214.0,상추,2.0,청,상품,g,100.0,1002.0,,1075.0,865.0,741.333333333333,2022,중순,2022-05-11,상추-청,5,11,False,False,False,False,True,False,False,False,False,False,False,False,False,True,False,상추(청),,,,,,
202205중순,214.0,상추,2.0,청,상품,g,100.0,1002.0,,1075.0,865.0,741.333333333333,2022,중순,2022-05-11,상추-청,5,11,False,False,False,False,True,False,False,False,False,False,False,False,False,True,False,상추(청),,,,,,
202205중순,214.0,상추,2.0,청,상품,g,100.0,1002.0,,1075.0,865.0,741.333333333333,2022,중순,2022-05-11,상추-청,5,11,False,False,False,False,True,False,False,False,False,False,False,False,False,True,False,상추(청),,,,,,
202205중순,214.0,상추,2.0,청,상품,g,100.0,1002.0,,1075.0,865.0,741.333333333333,2022,중순,2022-05-11,상추-청,5,11,False,False,False,False,True,False,False,False,False,False,False,False,False,True,False,상추(청),,,,,,
202205중순,214.0,상추,2.0,청,상품,g,100.0,1002.0,,1075.0,865.0,741.333333333333,2022,중순,2022-05-11,상추-청,5,11,False,False,False,False,True,False,False,False,False,False,False,False,False,True,False,상추(청),,,,,,
202205중순,214.0,상추,2.0,청,상품,g,100.0,1002.0,,1075.0,865.0,741.333333333333,2022,중순,2022-05-11,상추-청,5,11,False,False,False,False,True,False,False,False,False,False,False,False,False,True,False,상추(청),,,,,,
202205중순,214.0,상추,2.0,청,상품,g,100.0,1002.0,,1075.0,865.0,741.333333333333,2022,중순,2022-05-11,상추-청,5,11,False,False,False,False,True,False,False,False,False,False,False,False,False,True,False,상추(청),,,,,,
202205중순,214.0,상추,2.0,청,상품,g,100.0,1002.0,,1075.0,865.0,741.333333333333,2022,중순,2022-05-11,상추-청,5,11,False,False,False,False,True,False,False,False,False,False,False,False,False,True,False,상추(청),,,,,,
202205중순,214.0,상추,2.0,청,상품,g,100.0,1002.0,,1075.0,865.0,741.333333333333,2022,중순,2022-05-11,상추-청,5,11,False,False,False,False,True,False,False,False,False,False,False,False,False,True,False,상추(청),,,,,,
202205중순,214.0,상추,2.0,청,상품,g,100.0,1002.0,,1075.0,865.0,741.333333333333,2022,중순,2022-05-11,상추-청,5,11,False,False,False,False,True,False,False,False,False,False,False,False,False,True,False,상추(청),,,,,,
202205중순,214.0,상추,2.0,청,상품,g,100.0,1002.0,,1075.0,865.0,741.333333333333,2022,중순,2022-05-11,상추-청,5,11,False,False,False,False,True,False,False,False,False,False,False,False,False,True,False,상추(청),,,,,,
202205중순,214.0,상추,2.0,청,상품,g,100.0,1002.0,,1075.0,865.0,741.333333333333,2022,중순,2022-05-11,상추-청,5,11,False,False,False,False,True,False,False,False,False,False,False,False,False,True,False,상추(청),,,,,,
202205중순,214.0,상추,2.0,청,상품,g,100.0,1002.0,,1075.0,865.0,741.333333333333,2022,중순,2022-05-11,상추-청,5,11,False,False,False,False,True,False,False,False,False,False,False,False,False,True,False,상추(청),,,,,,
202205중순,214.0,상추,2.0,청,상품,g,100.0,1002.0,,1075.0,865.0,741.333333333333,2022,중순,2022-05-11,상추-청,5,11,False,False,False,False,True,False,False,False,False,False,False,False,False,True,False,상추(청),,,,,,
202205하순,214.0,상추,2.0,청,상품,g,100.0,951.0,,1001.0,892.0,742.333333333333,2022,하순,2022-05-21,상추-청,5,21,False,False,False,False,True,False,False,False,False,False,False,False,False,False,True,상추(청),,,,,,
202205하순,214.0,상추,2.0,청,상품,g,100.0,951.0,,1001.0,892.0,742.333333333333,2022,하순,2022-05-21,상추-청,5,21,False,False,False,False,True,False,False,False,False,False,False,False,False,False,True,상추(청),,,,,,
202205하순,214.0,상추,2.0,청,상품,g,100.0,951.0,,1001.0,892.0,742.333333333333,2022,하순,2022-05-21,상추-청,5,21,False,False,False,False,True,False,False,False,False,False,False,False,False,False,True,상추(청),,,,,,
202205하순,214.0,상추,2.0,청,상품,g,100.0,951.0,,1001.0,892.0,742.333333333333,2022,하순,2022-05-21,상추-청,5,21,False,False,False,False,True,False,False,False,False,False,False,False,False,False,True,상추(청),,,,,,
202205하순,214.0,상추,2.0,청,상품,g,100.0,951.0,,1001.0,892.0,742.333333333333,2022,하순,2022-05-21,상추-청,5,21,False,False,False,False,True,False,False,False,False,False,False,False,False,False,True,상추(청),,,,,,
202205하순,214.0,상추,2.0,청,상품,g,100.0,951.0,,1001.0,892.0,742.333333333333,2022,하순,2022-05-21,상추-청,5,21,False,False,False,False,True,False,False,False,False,False,False,False,False,False,True,상추(청),,,,,,
202205하순,214.0,상추,2.0,청,상품,g,100.0,951.0,,1001.0,892.0,742.333333333333,2022,하순,2022-05-21,상추-청,5,21,False,False,False,False,True,False,False,False,False,False,False,False,False,False,True,상추(청),,,,,,
202205하순,214.0,상추,2.0,청,상품,g,100.0,951.0,,1001.0,892.0,742.333333333333,2022,하순,2022-05-21,상추-청,5,21,False,False,False,False,True,False,False,False,False,False,False,False,False,False,True,상추(청),,,,,,
202205하순,214.0,상추,2.0,청,상품,g,100.0,951.0,,1001.0,892.0,742.333333333333,2022,하순,2022-05-21,상추-청,5,21,False,False,False,False,True,False,False,False,False,False,False,False,False,False,True,상추(청),,,,,,
202205하순,214.0,상추,2.0,청,상품,g,100.0,951.0,,1001.0,892.0,742.333333333333,2022,하순,2022-05-21,상추-청,5,21,False,False,False,False,True,False,False,False,False,False,False,False,False,False,True,상추(청),,,,,,
202205하순,214.0,상추,2.0,청,상품,g,100.0,951.0,,1001.0,892.0,742.333333333333,2022,하순,2022-05-21,상추-청,5,21,False,False,False,False,True,False,False,False,False,False,False,False,False,False,True,상추(청),,,,,,
202205하순,214.0,상추,2.0,청,상품,g,100.0,951.0,,1001.0,892.0,742.333333333333,2022,하순,2022-05-21,상추-청,5,21,False,False,False,False,True,False,False,False,False,False,False,False,False,False,True,상추(청),,,,,,
202205하순,214.0,상추,2.0,청,상품,g,100.0,951.0,,1001.0,892.0,742.333333333333,2022,하순,2022-05-21,상추-청,5,21,False,False,False,False,True,False,False,False,False,False,False,False,False,False,True,상추(청),,,,,,
202205하순,214.0,상추,2.0,청,상품,g,100.0,951.0,,1001.0,892.0,742.333333333333,2022,하순,2022-05-21,상추-청,5,21,False,False,False,False,True,False,False,False,False,False,False,False,False,False,True,상추(청),,,,,,
202205하순,214.0,상추,2.0,청,상품,g,100.0,951.0,,1001.0,892.0,742.333333333333,2022,하순,2022-05-21,상추-청,5,21,False,False,False,False,True,False,False,False,False,False,False,False,False,False,True,상추(청),,,,,,
202205하순,214.0,상추,2.0,청,상품,g,100.0,951.0,,1001.0,892.0,742.333333333333,2022,하순,2022-05-21,상추-청,5,21,False,False,False,False,True,False,False,False,False,False,False,False,False,False,True,상추(청),,,,,,
202205하순,214.0,상추,2.0,청,상품,g,100.0,951.0,,1001.0,892.0,742.333333333333,2022,하순,2022-05-21,상추-청,5,21,False,False,False,False,True,False,False,False,False,False,False,False,False,False,True,상추(청),,,,,,
202205하순,214.0,상추,2.0,청,상품,g,100.0,951.0,,1001.0,892.0,742.333333333333,2022,하순,2022-05-21,상추-청,5,21,False,False,False,False,True,False,False,False,False,False,False,False,False,False,True,상추(청),,,,,,
202205하순,214.0,상추,2.0,청,상품,g,100.0,951.0,,1001.0,892.0,742.333333333333,2022,하순,2022-05-21,상추-청,5,21,False,False,False,False,True,False,False,False,False,False,False,False,False,False,True,상추(청),,,,,,
202205하순,214.0,상추,2.0,청,상품,g,100.0,951.0,,1001.0,892.0,742.333333333333,2022,하순,2022-05-21,상추-청,5,21,False,False,False,False,True,False,False,False,False,False,False,False,False,False,True,상추(청),,,,,,
202205하순,214.0,상추,2.0,청,상품,g,100.0,951.0,,1001.0,892.0,742.333333333333,2022,하순,2022-05-21,상추-청,5,21,False,False,False,False,True,False,False,False,False,False,False,False,False,False,True,상추(청),,,,,,
202206상순,214.0,상추,2.0,청,상품,g,100.0,969.0,,975.0,1010.0,753.666666666666,2022,상순,2022-06-01,상추-청,6,1,False,False,False,False,False,True,False,False,False,False,False,False,True,False,False,상추(청),,,,,,
202206상순,214.0,상추,2.0,청,상품,g,100.0,969.0,,975.0,1010.0,753.666666666666,2022,상순,2022-06-01,상추-청,6,1,False,False,False,False,False,True,False,False,False,False,False,False,True,False,False,상추(청),,,,,,
202206상순,214.0,상추,2.0,청,상품,g,100.0,969.0,,975.0,1010.0,753.666666666666,2022,상순,2022-06-01,상추-청,6,1,False,False,False,False,False,True,False,False,False,False,False,False,True,False,False,상추(청),,,,,,
202206상순,214.0,상추,2.0,청,상품,g,100.0,969.0,,975.0,1010.0,753.666666666666,2022,상순,2022-06-01,상추-청,6,1,False,False,False,False,False,True,False,False,False,False,False,False,True,False,False,상추(청),,,,,,
202206상순,214.0,상추,2.0,청,상품,g,100.0,969.0,,975.0,1010.0,753.666666666666,2022,상순,2022-06-01,상추-청,6,1,False,False,False,False,False,True,False,False,False,False,False,False,True,False,False,상추(청),,,,,,
202206상순,214.0,상추,2.0,청,상품,g,100.0,969.0,,975.0,1010.0,753.666666666666,2022,상순,2022-06-01,상추-청,6,1,False,False,False,False,False,True,False,False,False,False,False,False,True,False,False,상추(청),,,,,,
202206상순,214.0,상추,2.0,청,상품,g,100.0,969.0,,975.0,1010.0,753.666666666666,2022,상순,2022-06-01,상추-청,6,1,False,False,False,False,False,True,False,False,False,False,False,False,True,False,False,상추(청),,,,,,
202206상순,214.0,상추,2.0,청,상품,g,100.0,969.0,,975.0,1010.0,753.666666666666,2022,상순,2022-06-01,상추-청,6,1,False,False,False,False,False,True,False,False,False,False,False,False,True,False,False,상추(청),,,,,,
202206상순,214.0,상추,2.0,청,상품,g,100.0,969.0,,975.0,1010.0,753.666666666666,2022,상순,2022-06-01,상추-청,6,1,False,False,False,False,False,True,False,False,False,False,False,False,True,False,False,상추(청),,,,,,
202206상순,214.0,상추,2.0,청,상품,g,100.0,969.0,,975.0,1010.0,753.666666666666,2022,상순,2022-06-01,상추-청,6,1,False,False,False,False,False,True,False,False,False,False,False,False,True,False,False,상추(청),,,,,,
202206상순,214.0,상추,2.0,청,상품,g,100.0,969.0,,975.0,1010.0,753.666666666666,2022,상순,2022-06-01,상추-청,6,1,False,False,False,False,False,True,False,False,False,False,False,False,True,False,False,상추(청),,,,,,
202206상순,214.0,상추,2.0,청,상품,g,100.0,969.0,,975.0,1010.0,753.666666666666,2022,상순,2022-06-01,상추-청,6,1,False,False,False,False,False,True,False,False,False,False,False,False,True,False,False,상추(청),,,,,,
202206상순,214.0,상추,2.0,청,상품,g,100.0,969.0,,975.0,1010.0,753.666666666666,2022,상순,2022-06-01,상추-청,6,1,False,False,False,False,False,True,False,False,False,False,False,False,True,False,False,상추(청),,,,,,
202206상순,214.0,상추,2.0,청,상품,g,100.0,969.0,,975.0,1010.0,753.666666666666,2022,상순,2022-06-01,상추-청,6,1,False,False,False,False,False,True,False,False,False,False,False,False,True,False,False,상추(청),,,,,,
202206상순,214.0,상추,2.0,청,상품,g,100.0,969.0,,975.0,1010.0,753.666666666666,2022,상순,2022-06-01,상추-청,6,1,False,False,False,False,False,True,False,False,False,False,False,False,True,False,False,상추(청),,,,,,
202206상순,214.0,상추,2.0,청,상품,g,100.0,969.0,,975.0,1010.0,753.666666666666,2022,상순,2022-06-01,상추-청,6,1,False,False,False,False,False,True,False,False,False,False,False,False,True,False,False,상추(청),,,,,,
202206상순,214.0,상추,2.0,청,상품,g,100.0,969.0,,975.0,1010.0,753.666666666666,2022,상순,2022-06-01,상추-청,6,1,False,False,False,False,False,True,False,False,False,False,False,False,True,False,False,상추(청),,,,,,
202206상순,214.0,상추,2.0,청,상품,g,100.0,969.0,,975.0,1010.0,753.666666666666,2022,상순,2022-06-01,상추-청,6,1,False,False,False,False,False,True,False,False,False,False,False,False,True,False,False,상추(청),,,,,,
202206상순,214.0,상추,2.0,청,상품,g,100.0,969.0,,975.0,1010.0,753.666666666666,2022,상순,2022-06-01,상추-청,6,1,False,False,False,False,False,True,False,False,False,False,False,False,True,False,False,상추(청),,,,,,
202206상순,214.0,상추,2.0,청,상품,g,100.0,969.0,,975.0,1010.0,753.666666666666,2022,상순,2022-06-01,상추-청,6,1,False,False,False,False,False,True,False,False,False,False,False,False,True,False,False,상추(청),,,,,,
202206상순,214.0,상추,2.0,청,상품,g,100.0,969.0,,975.0,1010.0,753.666666666666,2022,상순,2022-06-01,상추-청,6,1,False,False,False,False,False,True,False,False,False,False,False,False,True,False,False,상추(청),,,,,,
202206중순,214.0,상추,2.0,청,상품,g,100.0,1027.0,,1002.0,1026.0,735.333333333333,2022,중순,2022-06-11,상추-청,6,11,False,False,False,False,False,True,False,False,False,False,False,False,False,True,False,상추(청),,,,,,
202206중순,214.0,상추,2.0,청,상품,g,100.0,1027.0,,1002.0,1026.0,735.333333333333,2022,중순,2022-06-11,상추-청,6,11,False,False,False,False,False,True,False,False,False,False,False,False,False,True,False,상추(청),,,,,,
202206중순,214.0,상추,2.0,청,상품,g,100.0,1027.0,,1002.0,1026.0,735.333333333333,2022,중순,2022-06-11,상추-청,6,11,False,False,False,False,False,True,False,False,False,False,False,False,False,True,False,상추(청),,,,,,
202206중순,214.0,상추,2.0,청,상품,g,100.0,1027.0,,1002.0,1026.0,735.333333333333,2022,중순,2022-06-11,상추-청,6,11,False,False,False,False,False,True,False,False,False,False,False,False,False,True,False,상추(청),,,,,,
202206중순,214.0,상추,2.0,청,상품,g,100.0,1027.0,,1002.0,1026.0,735.333333333333,2022,중순,2022-06-11,상추-청,6,11,False,False,False,False,False,True,False,False,False,False,False,False,False,True,False,상추(청),,,,,,
202206중순,214.0,상추,2.0,청,상품,g,100.0,1027.0,,1002.0,1026.0,735.333333333333,2022,중순,2022-06-11,상추-청,6,11,False,False,False,False,False,True,False,False,False,False,False,False,False,True,False,상추(청),,,,,,
202206중순,214.0,상추,2.0,청,상품,g,100.0,1027.0,,1002.0,1026.0,735.333333333333,2022,중순,2022-06-11,상추-청,6,11,False,False,False,False,False,True,False,False,False,False,False,False,False,True,False,상추(청),,,,,,
202206중순,214.0,상추,2.0,청,상품,g,100.0,1027.0,,1002.0,1026.0,735.333333333333,2022,중순,2022-06-11,상추-청,6,11,False,False,False,False,False,True,False,False,False,False,False,False,False,True,False,상추(청),,,,,,
202206중순,214.0,상추,2.0,청,상품,g,100.0,1027.0,,1002.0,1026.0,735.333333333333,2022,중순,2022-06-11,상추-청,6,11,False,False,False,False,False,True,False,False,False,False,False,False,False,True,False,상추(청),,,,,,
202206중순,214.0,상추,2.0,청,상품,g,100.0,1027.0,,1002.0,1026.0,735.333333333333,2022,중순,2022-06-11,상추-청,6,11,False,False,False,False,False,True,False,False,False,False,False,False,False,True,False,상추(청),,,,,,
202206중순,214.0,상추,2.0,청,상품,g,100.0,1027.0,,1002.0,1026.0,735.333333333333,2022,중순,2022-06-11,상추-청,6,11,False,False,False,False,False,True,False,False,False,False,False,False,False,True,False,상추(청),,,,,,
202206중순,214.0,상추,2.0,청,상품,g,100.0,1027.0,,1002.0,1026.0,735.333333333333,2022,중순,2022-06-11,상추-청,6,11,False,False,False,False,False,True,False,False,False,False,False,False,False,True,False,상추(청),,,,,,
202206중순,214.0,상추,2.0,청,상품,g,100.0,1027.0,,1002.0,1026.0,735.333333333333,2022,중순,2022-06-11,상추-청,6,11,False,False,False,False,False,True,False,False,False,False,False,False,False,True,False,상추(청),,,,,,
202206중순,214.0,상추,2.0,청,상품,g,100.0,1027.0,,1002.0,1026.0,735.333333333333,2022,중순,2022-06-11,상추-청,6,11,False,False,False,False,False,True,False,False,False,False,False,False,False,True,False,상추(청),,,,,,
202206중순,214.0,상추,2.0,청,상품,g,100.0,1027.0,,1002.0,1026.0,735.333333333333,2022,중순,2022-06-11,상추-청,6,11,False,False,False,False,False,True,False,False,False,False,False,False,False,True,False,상추(청),,,,,,
202206중순,214.0,상추,2.0,청,상품,g,100.0,1027.0,,1002.0,1026.0,735.333333333333,2022,중순,2022-06-11,상추-청,6,11,False,False,False,False,False,True,False,False,False,False,False,False,False,True,False,상추(청),,,,,,
202206중순,214.0,상추,2.0,청,상품,g,100.0,1027.0,,1002.0,1026.0,735.333333333333,2022,중순,2022-06-11,상추-청,6,11,False,False,False,False,False,True,False,False,False,False,False,False,False,True,False,상추(청),,,,,,
202206중순,214.0,상추,2.0,청,상품,g,100.0,1027.0,,1002.0,1026.0,735.333333333333,2022,중순,2022-06-11,상추-청,6,11,False,False,False,False,False,True,False,False,False,False,False,False,False,True,False,상추(청),,,,,,
202206중순,214.0,상추,2.0,청,상품,g,100.0,1027.0,,1002.0,1026.0,735.333333333333,2022,중순,2022-06-11,상추-청,6,11,False,False,False,False,False,True,False,False,False,False,False,False,False,True,False,상추(청),,,,,,
202206중순,214.0,상추,2.0,청,상품,g,100.0,1027.0,,1002.0,1026.0,735.333333333333,2022,중순,2022-06-11,상추-청,6,11,False,False,False,False,False,True,False,False,False,False,False,False,False,True,False,상추(청),,,,,,
202206중순,214.0,상추,2.0,청,상품,g,100.0,1027.0,,1002.0,1026.0,735.333333333333,2022,중순,2022-06-11,상추-청,6,11,False,False,False,False,False,True,False,False,False,False,False,False,False,True,False,상추(청),,,,,,
202206중순,214.0,상추,2.0,청,상품,g,100.0,1027.0,,1002.0,1026.0,735.333333333333,2022,중순,2022-06-11,상추-청,6,11,False,False,False,False,False,True,False,False,False,False,False,False,False,True,False,상추(청),,,,,,
202206중순,214.0,상추,2.0,청,상품,g,100.0,1027.0,,1002.0,1026.0,735.333333333333,2022,중순,2022-06-11,상추-청,6,11,False,False,False,False,False,True,False,False,False,False,False,False,False,True,False,상추(청),,,,,,
202206하순,214.0,상추,2.0,청,상품,g,100.0,1178.0,,951.0,1056.0,815.333333333333,2022,하순,2022-06-21,상추-청,6,21,False,False,False,False,False,True,False,False,False,False,False,False,False,False,True,상추(청),,,,,,
202206하순,214.0,상추,2.0,청,상품,g,100.0,1178.0,,951.0,1056.0,815.333333333333,2022,하순,2022-06-21,상추-청,6,21,False,False,False,False,False,True,False,False,False,False,False,False,False,False,True,상추(청),,,,,,
202206하순,214.0,상추,2.0,청,상품,g,100.0,1178.0,,951.0,1056.0,815.333333333333,2022,하순,2022-06-21,상추-청,6,21,False,False,False,False,False,True,False,False,False,False,False,False,False,False,True,상추(청),,,,,,
202206하순,214.0,상추,2.0,청,상품,g,100.0,1178.0,,951.0,1056.0,815.333333333333,2022,하순,2022-06-21,상추-청,6,21,False,False,False,False,False,True,False,False,False,False,False,False,False,False,True,상추(청),,,,,,
202206하순,214.0,상추,2.0,청,상품,g,100.0,1178.0,,951.0,1056.0,815.333333333333,2022,하순,2022-06-21,상추-청,6,21,False,False,False,False,False,True,False,False,False,False,False,False,False,False,True,상추(청),,,,,,
202206하순,214.0,상추,2.0,청,상품,g,100.0,1178.0,,951.0,1056.0,815.333333333333,2022,하순,2022-06-21,상추-청,6,21,False,False,False,False,False,True,False,False,False,False,False,False,False,False,True,상추(청),,,,,,
202206하순,214.0,상추,2.0,청,상품,g,100.0,1178.0,,951.0,1056.0,815.333333333333,2022,하순,2022-06-21,상추-청,6,21,False,False,False,False,False,True,False,False,False,False,False,False,False,False,True,상추(청),,,,,,
202206하순,214.0,상추,2.0,청,상품,g,100.0,1178.0,,951.0,1056.0,815.333333333333,2022,하순,2022-06-21,상추-청,6,21,False,False,False,False,False,True,False,False,False,False,False,False,False,False,True,상추(청),,,,,,
202206하순,214.0,상추,2.0,청,상품,g,100.0,1178.0,,951.0,1056.0,815.333333333333,2022,하순,2022-06-21,상추-청,6,21,False,False,False,False,False,True,False,False,False,False,False,False,False,False,True,상추(청),,,,,,
202206하순,214.0,상추,2.0,청,상품,g,100.0,1178.0,,951.0,1056.0,815.333333333333,2022,하순,2022-06-21,상추-청,6,21,False,False,False,False,False,True,False,False,False,False,False,False,False,False,True,상추(청),,,,,,
202206하순,214.0,상추,2.0,청,상품,g,100.0,1178.0,,951.0,1056.0,815.333333333333,2022,하순,2022-06-21,상추-청,6,21,False,False,False,False,False,True,False,False,False,False,False,False,False,False,True,상추(청),,,,,,
202206하순,214.0,상추,2.0,청,상품,g,100.0,1178.0,,951.0,1056.0,815.333333333333,2022,하순,2022-06-21,상추-청,6,21,False,False,False,False,False,True,False,False,False,False,False,False,False,False,True,상추(청),,,,,,
202206하순,214.0,상추,2.0,청,상품,g,100.0,1178.0,,951.0,1056.0,815.333333333333,2022,하순,2022-06-21,상추-청,6,21,False,False,False,False,False,True,False,False,False,False,False,False,False,False,True,상추(청),,,,,,
202206하순,214.0,상추,2.0,청,상품,g,100.0,1178.0,,951.0,1056.0,815.333333333333,2022,하순,2022-06-21,상추-청,6,21,False,False,False,False,False,True,False,False,False,False,False,False,False,False,True,상추(청),,,,,,
202206하순,214.0,상추,2.0,청,상품,g,100.0,1178.0,,951.0,1056.0,815.333333333333,2022,하순,2022-06-21,상추-청,6,21,False,False,False,False,False,True,False,False,False,False,False,False,False,False,True,상추(청),,,,,,
202206하순,214.0,상추,2.0,청,상품,g,100.0,1178.0,,951.0,1056.0,815.333333333333,2022,하순,2022-06-21,상추-청,6,21,False,False,False,False,False,True,False,False,False,False,False,False,False,False,True,상추(청),,,,,,
202206하순,214.0,상추,2.0,청,상품,g,100.0,1178.0,,951.0,1056.0,815.333333333333,2022,하순,2022-06-21,상추-청,6,21,False,False,False,False,False,True,False,False,False,False,False,False,False,False,True,상추(청),,,,,,
202206하순,214.0,상추,2.0,청,상품,g,100.0,1178.0,,951.0,1056.0,815.333333333333,2022,하순,2022-06-21,상추-청,6,21,False,False,False,False,False,True,False,False,False,False,False,False,False,False,True,상추(청),,,,,,
202206하순,214.0,상추,2.0,청,상품,g,100.0,1178.0,,951.0,1056.0,815.333333333333,2022,하순,2022-06-21,상추-청,6,21,False,False,False,False,False,True,False,False,False,False,False,False,False,False,True,상추(청),,,,,,
202206하순,214.0,상추,2.0,청,상품,g,100.0,1178.0,,951.0,1056.0,815.333333333333,2022,하순,2022-06-21,상추-청,6,21,False,False,False,False,False,True,False,False,False,False,False,False,False,False,True,상추(청),,,,,,
202206하순,214.0,상추,2.0,청,상품,g,100.0,1178.0,,951.0,1056.0,815.333333333333,2022,하순,2022-06-21,상추-청,6,21,False,False,False,False,False,True,False,False,False,False,False,False,False,False,True,상추(청),,,,,,
202207상순,214.0,상추,2.0,청,상품,g,100.0,1788.0,,969.0,1092.0,864.0,2022,상순,2022-07-01,상추-청,7,1,False,False,False,False,False,False,True,False,False,False,False,False,True,False,False,상추(청),,,,,,
202207상순,214.0,상추,2.0,청,상품,g,100.0,1788.0,,969.0,1092.0,864.0,2022,상순,2022-07-01,상추-청,7,1,False,False,False,False,False,False,True,False,False,False,False,False,True,False,False,상추(청),,,,,,
202207상순,214.0,상추,2.0,청,상품,g,100.0,1788.0,,969.0,1092.0,864.0,2022,상순,2022-07-01,상추-청,7,1,False,False,False,False,False,False,True,False,False,False,False,False,True,False,False,상추(청),,,,,,
202207상순,214.0,상추,2.0,청,상품,g,100.0,1788.0,,969.0,1092.0,864.0,2022,상순,2022-07-01,상추-청,7,1,False,False,False,False,False,False,True,False,False,False,False,False,True,False,False,상추(청),,,,,,
202207상순,214.0,상추,2.0,청,상품,g,100.0,1788.0,,969.0,1092.0,864.0,2022,상순,2022-07-01,상추-청,7,1,False,False,False,False,False,False,True,False,False,False,False,False,True,False,False,상추(청),,,,,,
202207상순,214.0,상추,2.0,청,상품,g,100.0,1788.0,,969.0,1092.0,864.0,2022,상순,2022-07-01,상추-청,7,1,False,False,False,False,False,False,True,False,False,False,False,False,True,False,False,상추(청),,,,,,
202207상순,214.0,상추,2.0,청,상품,g,100.0,1788.0,,969.0,1092.0,864.0,2022,상순,2022-07-01,상추-청,7,1,False,False,False,False,False,False,True,False,False,False,False,False,True,False,False,상추(청),,,,,,
202207상순,214.0,상추,2.0,청,상품,g,100.0,1788.0,,969.0,1092.0,864.0,2022,상순,2022-07-01,상추-청,7,1,False,False,False,False,False,False,True,False,False,False,False,False,True,False,False,상추(청),,,,,,
202207상순,214.0,상추,2.0,청,상품,g,100.0,1788.0,,969.0,1092.0,864.0,2022,상순,2022-07-01,상추-청,7,1,False,False,False,False,False,False,True,False,False,False,False,False,True,False,False,상추(청),,,,,,
202207상순,214.0,상추,2.0,청,상품,g,100.0,1788.0,,969.0,1092.0,864.0,2022,상순,2022-07-01,상추-청,7,1,False,False,False,False,False,False,True,False,False,False,False,False,True,False,False,상추(청),,,,,,
202207상순,214.0,상추,2.0,청,상품,g,100.0,1788.0,,969.0,1092.0,864.0,2022,상순,2022-07-01,상추-청,7,1,False,False,False,False,False,False,True,False,False,False,False,False,True,False,False,상추(청),,,,,,
202207상순,214.0,상추,2.0,청,상품,g,100.0,1788.0,,969.0,1092.0,864.0,2022,상순,2022-07-01,상추-청,7,1,False,False,False,False,False,False,True,False,False,False,False,False,True,False,False,상추(청),,,,,,
202207상순,214.0,상추,2.0,청,상품,g,100.0,1788.0,,969.0,1092.0,864.0,2022,상순,2022-07-01,상추-청,7,1,False,False,False,False,False,False,True,False,False,False,False,False,True,False,False,상추(청),,,,,,
202207상순,214.0,상추,2.0,청,상품,g,100.0,1788.0,,969.0,1092.0,864.0,2022,상순,2022-07-01,상추-청,7,1,False,False,False,False,False,False,True,False,False,False,False,False,True,False,False,상추(청),,,,,,
202207상순,214.0,상추,2.0,청,상품,g,100.0,1788.0,,969.0,1092.0,864.0,2022,상순,2022-07-01,상추-청,7,1,False,False,False,False,False,False,True,False,False,False,False,False,True,False,False,상추(청),,,,,,
202207상순,214.0,상추,2.0,청,상품,g,100.0,1788.0,,969.0,1092.0,864.0,2022,상순,2022-07-01,상추-청,7,1,False,False,False,False,False,False,True,False,False,False,False,False,True,False,False,상추(청),,,,,,
202207상순,214.0,상추,2.0,청,상품,g,100.0,1788.0,,969.0,1092.0,864.0,2022,상순,2022-07-01,상추-청,7,1,False,False,False,False,False,False,True,False,False,False,False,False,True,False,False,상추(청),,,,,,
202207상순,214.0,상추,2.0,청,상품,g,100.0,1788.0,,969.0,1092.0,864.0,2022,상순,2022-07-01,상추-청,7,1,False,False,False,False,False,False,True,False,False,False,False,False,True,False,False,상추(청),,,,,,
202207상순,214.0,상추,2.0,청,상품,g,100.0,1788.0,,969.0,1092.0,864.0,2022,상순,2022-07-01,상추-청,7,1,False,False,False,False,False,False,True,False,False,False,False,False,True,False,False,상추(청),,,,,,
202207상순,214.0,상추,2.0,청,상품,g,100.0,1788.0,,969.0,1092.0,864.0,2022,상순,2022-07-01,상추-청,7,1,False,False,False,False,False,False,True,False,False,False,False,False,True,False,False,상추(청),,,,,,
202207상순,214.0,상추,2.0,청,상품,g,100.0,1788.0,,969.0,1092.0,864.0,2022,상순,2022-07-01,상추-청,7,1,False,False,False,False,False,False,True,False,False,False,False,False,True,False,False,상추(청),,,,,,
202207중순,214.0,상추,2.0,청,상품,g,100.0,2256.0,,1027.0,1214.0,1146.66666666666,2022,중순,2022-07-11,상추-청,7,11,False,False,False,False,False,False,True,False,False,False,False,False,False,True,False,상추(청),,,,,,
202207중순,214.0,상추,2.0,청,상품,g,100.0,2256.0,,1027.0,1214.0,1146.66666666666,2022,중순,2022-07-11,상추-청,7,11,False,False,False,False,False,False,True,False,False,False,False,False,False,True,False,상추(청),,,,,,
202207중순,214.0,상추,2.0,청,상품,g,100.0,2256.0,,1027.0,1214.0,1146.66666666666,2022,중순,2022-07-11,상추-청,7,11,False,False,False,False,False,False,True,False,False,False,False,False,False,True,False,상추(청),,,,,,
202207중순,214.0,상추,2.0,청,상품,g,100.0,2256.0,,1027.0,1214.0,1146.66666666666,2022,중순,2022-07-11,상추-청,7,11,False,False,False,False,False,False,True,False,False,False,False,False,False,True,False,상추(청),,,,,,
202207중순,214.0,상추,2.0,청,상품,g,100.0,2256.0,,1027.0,1214.0,1146.66666666666,2022,중순,2022-07-11,상추-청,7,11,False,False,False,False,False,False,True,False,False,False,False,False,False,True,False,상추(청),,,,,,
202207중순,214.0,상추,2.0,청,상품,g,100.0,2256.0,,1027.0,1214.0,1146.66666666666,2022,중순,2022-07-11,상추-청,7,11,False,False,False,False,False,False,True,False,False,False,False,False,False,True,False,상추(청),,,,,,
202207중순,214.0,상추,2.0,청,상품,g,100.0,2256.0,,1027.0,1214.0,1146.66666666666,2022,중순,2022-07-11,상추-청,7,11,False,False,False,False,False,False,True,False,False,False,False,False,False,True,False,상추(청),,,,,,
202207중순,214.0,상추,2.0,청,상품,g,100.0,2256.0,,1027.0,1214.0,1146.66666666666,2022,중순,2022-07-11,상추-청,7,11,False,False,False,False,False,False,True,False,False,False,False,False,False,True,False,상추(청),,,,,,
202207중순,214.0,상추,2.0,청,상품,g,100.0,2256.0,,1027.0,1214.0,1146.66666666666,2022,중순,2022-07-11,상추-청,7,11,False,False,False,False,False,False,True,False,False,False,False,False,False,True,False,상추(청),,,,,,
202207중순,214.0,상추,2.0,청,상품,g,100.0,2256.0,,1027.0,1214.0,1146.66666666666,2022,중순,2022-07-11,상추-청,7,11,False,False,False,False,False,False,True,False,False,False,False,False,False,True,False,상추(청),,,,,,
202207중순,214.0,상추,2.0,청,상품,g,100.0,2256.0,,1027.0,1214.0,1146.66666666666,2022,중순,2022-07-11,상추-청,7,11,False,False,False,False,False,False,True,False,False,False,False,False,False,True,False,상추(청),,,,,,
202207중순,214.0,상추,2.0,청,상품,g,100.0,2256.0,,1027.0,1214.0,1146.66666666666,2022,중순,2022-07-11,상추-청,7,11,False,False,False,False,False,False,True,False,False,False,False,False,False,True,False,상추(청),,,,,,
202207중순,214.0,상추,2.0,청,상품,g,100.0,2256.0,,1027.0,1214.0,1146.66666666666,2022,중순,2022-07-11,상추-청,7,11,False,False,False,False,False,False,True,False,False,False,False,False,False,True,False,상추(청),,,,,,
202207중순,214.0,상추,2.0,청,상품,g,100.0,2256.0,,1027.0,1214.0,1146.66666666666,2022,중순,2022-07-11,상추-청,7,11,False,False,False,False,False,False,True,False,False,False,False,False,False,True,False,상추(청),,,,,,
202207중순,214.0,상추,2.0,청,상품,g,100.0,2256.0,,1027.0,1214.0,1146.66666666666,2022,중순,2022-07-11,상추-청,7,11,False,False,False,False,False,False,True,False,False,False,False,False,False,True,False,상추(청),,,,,,
202207중순,214.0,상추,2.0,청,상품,g,100.0,2256.0,,1027.0,1214.0,1146.66666666666,2022,중순,2022-07-11,상추-청,7,11,False,False,False,False,False,False,True,False,False,False,False,False,False,True,False,상추(청),,,,,,
202207중순,214.0,상추,2.0,청,상품,g,100.0,2256.0,,1027.0,1214.0,1146.66666666666,2022,중순,2022-07-11,상추-청,7,11,False,False,False,False,False,False,True,False,False,False,False,False,False,True,False,상추(청),,,,,,
202207중순,214.0,상추,2.0,청,상품,g,100.0,2256.0,,1027.0,1214.0,1146.66666666666,2022,중순,2022-07-11,상추-청,7,11,False,False,False,False,False,False,True,False,False,False,False,False,False,True,False,상추(청),,,,,,
202207중순,214.0,상추,2.0,청,상품,g,100.0,2256.0,,1027.0,1214.0,1146.66666666666,2022,중순,2022-07-11,상추-청,7,11,False,False,False,False,False,False,True,False,False,False,False,False,False,True,False,상추(청),,,,,,
202207중순,214.0,상추,2.0,청,상품,g,100.0,2256.0,,1027.0,1214.0,1146.66666666666,2022,중순,2022-07-11,상추-청,7,11,False,False,False,False,False,False,True,False,False,False,False,False,False,True,False,상추(청),,,,,,
202207중순,214.0,상추,2.0,청,상품,g,100.0,2256.0,,1027.0,1214.0,1146.66666666666,2022,중순,2022-07-11,상추-청,7,11,False,False,False,False,False,False,True,False,False,False,False,False,False,True,False,상추(청),,,,,,
202207중순,214.0,상추,2.0,청,상품,g,100.0,2256.0,,1027.0,1214.0,1146.66666666666,2022,중순,2022-07-11,상추-청,7,11,False,False,False,False,False,False,True,False,False,False,False,False,False,True,False,상추(청),,,,,,
202207중순,214.0,상추,2.0,청,상품,g,100.0,2256.0,,1027.0,1214.0,1146.66666666666,2022,중순,2022-07-11,상추-청,7,11,False,False,False,False,False,False,True,False,False,False,False,False,False,True,False,상추(청),,,,,,
202207하순,214.0,상추,2.0,청,상품,g,100.0,2050.0,,1178.0,1573.0,1303.33333333333,2022,하순,2022-07-21,상추-청,7,21,False,False,False,False,False,False,True,False,False,False,False,False,False,False,True,상추(청),,,,,,
202207하순,214.0,상추,2.0,청,상품,g,100.0,2050.0,,1178.0,1573.0,1303.33333333333,2022,하순,2022-07-21,상추-청,7,21,False,False,False,False,False,False,True,False,False,False,False,False,False,False,True,상추(청),,,,,,
202207하순,214.0,상추,2.0,청,상품,g,100.0,2050.0,,1178.0,1573.0,1303.33333333333,2022,하순,2022-07-21,상추-청,7,21,False,False,False,False,False,False,True,False,False,False,False,False,False,False,True,상추(청),,,,,,
202207하순,214.0,상추,2.0,청,상품,g,100.0,2050.0,,1178.0,1573.0,1303.33333333333,2022,하순,2022-07-21,상추-청,7,21,False,False,False,False,False,False,True,False,False,False,False,False,False,False,True,상추(청),,,,,,
202207하순,214.0,상추,2.0,청,상품,g,100.0,2050.0,,1178.0,1573.0,1303.33333333333,2022,하순,2022-07-21,상추-청,7,21,False,False,False,False,False,False,True,False,False,False,False,False,False,False,True,상추(청),,,,,,
202207하순,214.0,상추,2.0,청,상품,g,100.0,2050.0,,1178.0,1573.0,1303.33333333333,2022,하순,2022-07-21,상추-청,7,21,False,False,False,False,False,False,True,False,False,False,False,False,False,False,True,상추(청),,,,,,
202207하순,214.0,상추,2.0,청,상품,g,100.0,2050.0,,1178.0,1573.0,1303.33333333333,2022,하순,2022-07-21,상추-청,7,21,False,False,False,False,False,False,True,False,False,False,False,False,False,False,True,상추(청),,,,,,
202207하순,214.0,상추,2.0,청,상품,g,100.0,2050.0,,1178.0,1573.0,1303.33333333333,2022,하순,2022-07-21,상추-청,7,21,False,False,False,False,False,False,True,False,False,False,False,False,False,False,True,상추(청),,,,,,
202207하순,214.0,상추,2.0,청,상품,g,100.0,2050.0,,1178.0,1573.0,1303.33333333333,2022,하순,2022-07-21,상추-청,7,21,False,False,False,False,False,False,True,False,False,False,False,False,False,False,True,상추(청),,,,,,
202207하순,214.0,상추,2.0,청,상품,g,100.0,2050.0,,1178.0,1573.0,1303.33333333333,2022,하순,2022-07-21,상추-청,7,21,False,False,False,False,False,False,True,False,False,False,False,False,False,False,True,상추(청),,,,,,
202207하순,214.0,상추,2.0,청,상품,g,100.0,2050.0,,1178.0,1573.0,1303.33333333333,2022,하순,2022-07-21,상추-청,7,21,False,False,False,False,False,False,True,False,False,False,False,False,False,False,True,상추(청),,,,,,
202207하순,214.0,상추,2.0,청,상품,g,100.0,2050.0,,1178.0,1573.0,1303.33333333333,2022,하순,2022-07-21,상추-청,7,21,False,False,False,False,False,False,True,False,False,False,False,False,False,False,True,상추(청),,,,,,
202207하순,214.0,상추,2.0,청,상품,g,100.0,2050.0,,1178.0,1573.0,1303.33333333333,2022,하순,2022-07-21,상추-청,7,21,False,False,False,False,False,False,True,False,False,False,False,False,False,False,True,상추(청),,,,,,
202207하순,214.0,상추,2.0,청,상품,g,100.0,2050.0,,1178.0,1573.0,1303.33333333333,2022,하순,2022-07-21,상추-청,7,21,False,False,False,False,False,False,True,False,False,False,False,False,False,False,True,상추(청),,,,,,
202207하순,214.0,상추,2.0,청,상품,g,100.0,2050.0,,1178.0,1573.0,1303.33333333333,2022,하순,2022-07-21,상추-청,7,21,False,False,False,False,False,False,True,False,False,False,False,False,False,False,True,상추(청),,,,,,
202207하순,214.0,상추,2.0,청,상품,g,100.0,2050.0,,1178.0,1573.0,1303.33333333333,2022,하순,2022-07-21,상추-청,7,21,False,False,False,False,False,False,True,False,False,False,False,False,False,False,True,상추(청),,,,,,
202207하순,214.0,상추,2.0,청,상품,g,100.0,2050.0,,1178.0,1573.0,1303.33333333333,2022,하순,2022-07-21,상추-청,7,21,False,False,False,False,False,False,True,False,False,False,False,False,False,False,True,상추(청),,,,,,
202207하순,214.0,상추,2.0,청,상품,g,100.0,2050.0,,1178.0,1573.0,1303.33333333333,2022,하순,2022-07-21,상추-청,7,21,False,False,False,False,False,False,True,False,False,False,False,False,False,False,True,상추(청),,,,,,
202207하순,214.0,상추,2.0,청,상품,g,100.0,2050.0,,1178.0,1573.0,1303.33333333333,2022,하순,2022-07-21,상추-청,7,21,False,False,False,False,False,False,True,False,False,False,False,False,False,False,True,상추(청),,,,,,
202207하순,214.0,상추,2.0,청,상품,g,100.0,2050.0,,1178.0,1573.0,1303.33333333333,2022,하순,2022-07-21,상추-청,7,21,False,False,False,False,False,False,True,False,False,False,False,False,False,False,True,상추(청),,,,,,
202207하순,214.0,상추,2.0,청,상품,g,100.0,2050.0,,1178.0,1573.0,1303.33333333333,2022,하순,2022-07-21,상추-청,7,21,False,False,False,False,False,False,True,False,False,False,False,False,False,False,True,상추(청),,,,,,
202207하순,214.0,상추,2.0,청,상품,g,100.0,2050.0,,1178.0,1573.0,1303.33333333333,2022,하순,2022-07-21,상추-청,7,21,False,False,False,False,False,False,True,False,False,False,False,False,False,False,True,상추(청),,,,,,
202207하순,214.0,상추,2.0,청,상품,g,100.0,2050.0,,1178.0,1573.0,1303.33333333333,2022,하순,2022-07-21,상추-청,7,21,False,False,False,False,False,False,True,False,False,False,False,False,False,False,True,상추(청),,,,,,
202208상순,214.0,상추,2.0,청,상품,g,100.0,1860.0,,1788.0,1607.0,1596.0,2022,상순,2022-08-01,상추-청,8,1,False,False,False,False,False,False,False,True,False,False,False,False,True,False,False,상추(청),,,,,,
202208상순,214.0,상추,2.0,청,상품,g,100.0,1860.0,,1788.0,1607.0,1596.0,2022,상순,2022-08-01,상추-청,8,1,False,False,False,False,False,False,False,True,False,False,False,False,True,False,False,상추(청),,,,,,
202208상순,214.0,상추,2.0,청,상품,g,100.0,1860.0,,1788.0,1607.0,1596.0,2022,상순,2022-08-01,상추-청,8,1,False,False,False,False,False,False,False,True,False,False,False,False,True,False,False,상추(청),,,,,,
202208상순,214.0,상추,2.0,청,상품,g,100.0,1860.0,,1788.0,1607.0,1596.0,2022,상순,2022-08-01,상추-청,8,1,False,False,False,False,False,False,False,True,False,False,False,False,True,False,False,상추(청),,,,,,
202208상순,214.0,상추,2.0,청,상품,g,100.0,1860.0,,1788.0,1607.0,1596.0,2022,상순,2022-08-01,상추-청,8,1,False,False,False,False,False,False,False,True,False,False,False,False,True,False,False,상추(청),,,,,,
202208상순,214.0,상추,2.0,청,상품,g,100.0,1860.0,,1788.0,1607.0,1596.0,2022,상순,2022-08-01,상추-청,8,1,False,False,False,False,False,False,False,True,False,False,False,False,True,False,False,상추(청),,,,,,
202208상순,214.0,상추,2.0,청,상품,g,100.0,1860.0,,1788.0,1607.0,1596.0,2022,상순,2022-08-01,상추-청,8,1,False,False,False,False,False,False,False,True,False,False,False,False,True,False,False,상추(청),,,,,,
202208상순,214.0,상추,2.0,청,상품,g,100.0,1860.0,,1788.0,1607.0,1596.0,2022,상순,2022-08-01,상추-청,8,1,False,False,False,False,False,False,False,True,False,False,False,False,True,False,False,상추(청),,,,,,
202208상순,214.0,상추,2.0,청,상품,g,100.0,1860.0,,1788.0,1607.0,1596.0,2022,상순,2022-08-01,상추-청,8,1,False,False,False,False,False,False,False,True,False,False,False,False,True,False,False,상추(청),,,,,,
202208상순,214.0,상추,2.0,청,상품,g,100.0,1860.0,,1788.0,1607.0,1596.0,2022,상순,2022-08-01,상추-청,8,1,False,False,False,False,False,False,False,True,False,False,False,False,True,False,False,상추(청),,,,,,
202208상순,214.0,상추,2.0,청,상품,g,100.0,1860.0,,1788.0,1607.0,1596.0,2022,상순,2022-08-01,상추-청,8,1,False,False,False,False,False,False,False,True,False,False,False,False,True,False,False,상추(청),,,,,,
202208상순,214.0,상추,2.0,청,상품,g,100.0,1860.0,,1788.0,1607.0,1596.0,2022,상순,2022-08-01,상추-청,8,1,False,False,False,False,False,False,False,True,False,False,False,False,True,False,False,상추(청),,,,,,
202208상순,214.0,상추,2.0,청,상품,g,100.0,1860.0,,1788.0,1607.0,1596.0,2022,상순,2022-08-01,상추-청,8,1,False,False,False,False,False,False,False,True,False,False,False,False,True,False,False,상추(청),,,,,,
202208상순,214.0,상추,2.0,청,상품,g,100.0,1860.0,,1788.0,1607.0,1596.0,2022,상순,2022-08-01,상추-청,8,1,False,False,False,False,False,False,False,True,False,False,False,False,True,False,False,상추(청),,,,,,
202208상순,214.0,상추,2.0,청,상품,g,100.0,1860.0,,1788.0,1607.0,1596.0,2022,상순,2022-08-01,상추-청,8,1,False,False,False,False,False,False,False,True,False,False,False,False,True,False,False,상추(청),,,,,,
202208상순,214.0,상추,2.0,청,상품,g,100.0,1860.0,,1788.0,1607.0,1596.0,2022,상순,2022-08-01,상추-청,8,1,False,False,False,False,False,False,False,True,False,False,False,False,True,False,False,상추(청),,,,,,
202208상순,214.0,상추,2.0,청,상품,g,100.0,1860.0,,1788.0,1607.0,1596.0,2022,상순,2022-08-01,상추-청,8,1,False,False,False,False,False,False,False,True,False,False,False,False,True,False,False,상추(청),,,,,,
202208상순,214.0,상추,2.0,청,상품,g,100.0,1860.0,,1788.0,1607.0,1596.0,2022,상순,2022-08-01,상추-청,8,1,False,False,False,False,False,False,False,True,False,False,False,False,True,False,False,상추(청),,,,,,
202208상순,214.0,상추,2.0,청,상품,g,100.0,1860.0,,1788.0,1607.0,1596.0,2022,상순,2022-08-01,상추-청,8,1,False,False,False,False,False,False,False,True,False,False,False,False,True,False,False,상추(청),,,,,,
202208상순,214.0,상추,2.0,청,상품,g,100.0,1860.0,,1788.0,1607.0,1596.0,2022,상순,2022-08-01,상추-청,8,1,False,False,False,False,False,False,False,True,False,False,False,False,True,False,False,상추(청),,,,,,
202208상순,214.0,상추,2.0,청,상품,g,100.0,1860.0,,1788.0,1607.0,1596.0,2022,상순,2022-08-01,상추-청,8,1,False,False,False,False,False,False,False,True,False,False,False,False,True,False,False,상추(청),,,,,,
202208중순,214.0,상추,2.0,청,상품,g,100.0,2063.0,,2256.0,1714.0,1685.66666666666,2022,중순,2022-08-11,상추-청,8,11,False,False,False,False,False,False,False,True,False,False,False,False,False,True,False,상추(청),,,,,,
202208중순,214.0,상추,2.0,청,상품,g,100.0,2063.0,,2256.0,1714.0,1685.66666666666,2022,중순,2022-08-11,상추-청,8,11,False,False,False,False,False,False,False,True,False,False,False,False,False,True,False,상추(청),,,,,,
202208중순,214.0,상추,2.0,청,상품,g,100.0,2063.0,,2256.0,1714.0,1685.66666666666,2022,중순,2022-08-11,상추-청,8,11,False,False,False,False,False,False,False,True,False,False,False,False,False,True,False,상추(청),,,,,,
202208중순,214.0,상추,2.0,청,상품,g,100.0,2063.0,,2256.0,1714.0,1685.66666666666,2022,중순,2022-08-11,상추-청,8,11,False,False,False,False,False,False,False,True,False,False,False,False,False,True,False,상추(청),,,,,,
202208중순,214.0,상추,2.0,청,상품,g,100.0,2063.0,,2256.0,1714.0,1685.66666666666,2022,중순,2022-08-11,상추-청,8,11,False,False,False,False,False,False,False,True,False,False,False,False,False,True,False,상추(청),,,,,,
202208중순,214.0,상추,2.0,청,상품,g,100.0,2063.0,,2256.0,1714.0,1685.66666666666,2022,중순,2022-08-11,상추-청,8,11,False,False,False,False,False,False,False,True,False,False,False,False,False,True,False,상추(청),,,,,,
202208중순,214.0,상추,2.0,청,상품,g,100.0,2063.0,,2256.0,1714.0,1685.66666666666,2022,중순,2022-08-11,상추-청,8,11,False,False,False,False,False,False,False,True,False,False,False,False,False,True,False,상추(청),,,,,,
202208중순,214.0,상추,2.0,청,상품,g,100.0,2063.0,,2256.0,1714.0,1685.66666666666,2022,중순,2022-08-11,상추-청,8,11,False,False,False,False,False,False,False,True,False,False,False,False,False,True,False,상추(청),,,,,,
202208중순,214.0,상추,2.0,청,상품,g,100.0,2063.0,,2256.0,1714.0,1685.66666666666,2022,중순,2022-08-11,상추-청,8,11,False,False,False,False,False,False,False,True,False,False,False,False,False,True,False,상추(청),,,,,,
202208중순,214.0,상추,2.0,청,상품,g,100.0,2063.0,,2256.0,1714.0,1685.66666666666,2022,중순,2022-08-11,상추-청,8,11,False,False,False,False,False,False,False,True,False,False,False,False,False,True,False,상추(청),,,,,,
202208중순,214.0,상추,2.0,청,상품,g,100.0,2063.0,,2256.0,1714.0,1685.66666666666,2022,중순,2022-08-11,상추-청,8,11,False,False,False,False,False,False,False,True,False,False,False,False,False,True,False,상추(청),,,,,,
202208중순,214.0,상추,2.0,청,상품,g,100.0,2063.0,,2256.0,1714.0,1685.66666666666,2022,중순,2022-08-11,상추-청,8,11,False,False,False,False,False,False,False,True,False,False,False,False,False,True,False,상추(청),,,,,,
202208중순,214.0,상추,2.0,청,상품,g,100.0,2063.0,,2256.0,1714.0,1685.66666666666,2022,중순,2022-08-11,상추-청,8,11,False,False,False,False,False,False,False,True,False,False,False,False,False,True,False,상추(청),,,,,,
202208중순,214.0,상추,2.0,청,상품,g,100.0,2063.0,,2256.0,1714.0,1685.66666666666,2022,중순,2022-08-11,상추-청,8,11,False,False,False,False,False,False,False,True,False,False,False,False,False,True,False,상추(청),,,,,,
202208중순,214.0,상추,2.0,청,상품,g,100.0,2063.0,,2256.0,1714.0,1685.66666666666,2022,중순,2022-08-11,상추-청,8,11,False,False,False,False,False,False,False,True,False,False,False,False,False,True,False,상추(청),,,,,,
202208중순,214.0,상추,2.0,청,상품,g,100.0,2063.0,,2256.0,1714.0,1685.66666666666,2022,중순,2022-08-11,상추-청,8,11,False,False,False,False,False,False,False,True,False,False,False,False,False,True,False,상추(청),,,,,,
202208중순,214.0,상추,2.0,청,상품,g,100.0,2063.0,,2256.0,1714.0,1685.66666666666,2022,중순,2022-08-11,상추-청,8,11,False,False,False,False,False,False,False,True,False,False,False,False,False,True,False,상추(청),,,,,,
202208중순,214.0,상추,2.0,청,상품,g,100.0,2063.0,,2256.0,1714.0,1685.66666666666,2022,중순,2022-08-11,상추-청,8,11,False,False,False,False,False,False,False,True,False,False,False,False,False,True,False,상추(청),,,,,,
202208중순,214.0,상추,2.0,청,상품,g,100.0,2063.0,,2256.0,1714.0,1685.66666666666,2022,중순,2022-08-11,상추-청,8,11,False,False,False,False,False,False,False,True,False,False,False,False,False,True,False,상추(청),,,,,,
202208중순,214.0,상추,2.0,청,상품,g,100.0,2063.0,,2256.0,1714.0,1685.66666666666,2022,중순,2022-08-11,상추-청,8,11,False,False,False,False,False,False,False,True,False,False,False,False,False,True,False,상추(청),,,,,,
202208중순,214.0,상추,2.0,청,상품,g,100.0,2063.0,,2256.0,1714.0,1685.66666666666,2022,중순,2022-08-11,상추-청,8,11,False,False,False,False,False,False,False,True,False,False,False,False,False,True,False,상추(청),,,,,,
202208중순,214.0,상추,2.0,청,상품,g,100.0,2063.0,,2256.0,1714.0,1685.66666666666,2022,중순,2022-08-11,상추-청,8,11,False,False,False,False,False,False,False,True,False,False,False,False,False,True,False,상추(청),,,,,,
202208중순,214.0,상추,2.0,청,상품,g,100.0,2063.0,,2256.0,1714.0,1685.66666666666,2022,중순,2022-08-11,상추-청,8,11,False,False,False,False,False,False,False,True,False,False,False,False,False,True,False,상추(청),,,,,,
202208중순,214.0,상추,2.0,청,상품,g,100.0,2063.0,,2256.0,1714.0,1685.66666666666,2022,중순,2022-08-11,상추-청,8,11,False,False,False,False,False,False,False,True,False,False,False,False,False,True,False,상추(청),,,,,,
202208하순,214.0,상추,2.0,청,상품,g,100.0,2430.0,,2050.0,1849.0,1681.0,2022,하순,2022-08-21,상추-청,8,21,False,False,False,False,False,False,False,True,False,False,False,False,False,False,True,상추(청),,,,,,
202208하순,214.0,상추,2.0,청,상품,g,100.0,2430.0,,2050.0,1849.0,1681.0,2022,하순,2022-08-21,상추-청,8,21,False,False,False,False,False,False,False,True,False,False,False,False,False,False,True,상추(청),,,,,,
202208하순,214.0,상추,2.0,청,상품,g,100.0,2430.0,,2050.0,1849.0,1681.0,2022,하순,2022-08-21,상추-청,8,21,False,False,False,False,False,False,False,True,False,False,False,False,False,False,True,상추(청),,,,,,
202208하순,214.0,상추,2.0,청,상품,g,100.0,2430.0,,2050.0,1849.0,1681.0,2022,하순,2022-08-21,상추-청,8,21,False,False,False,False,False,False,False,True,False,False,False,False,False,False,True,상추(청),,,,,,
202208하순,214.0,상추,2.0,청,상품,g,100.0,2430.0,,2050.0,1849.0,1681.0,2022,하순,2022-08-21,상추-청,8,21,False,False,False,False,False,False,False,True,False,False,False,False,False,False,True,상추(청),,,,,,
202208하순,214.0,상추,2.0,청,상품,g,100.0,2430.0,,2050.0,1849.0,1681.0,2022,하순,2022-08-21,상추-청,8,21,False,False,False,False,False,False,False,True,False,False,False,False,False,False,True,상추(청),,,,,,
202208하순,214.0,상추,2.0,청,상품,g,100.0,2430.0,,2050.0,1849.0,1681.0,2022,하순,2022-08-21,상추-청,8,21,False,False,False,False,False,False,False,True,False,False,False,False,False,False,True,상추(청),,,,,,
202208하순,214.0,상추,2.0,청,상품,g,100.0,2430.0,,2050.0,1849.0,1681.0,2022,하순,2022-08-21,상추-청,8,21,False,False,False,False,False,False,False,True,False,False,False,False,False,False,True,상추(청),,,,,,
202208하순,214.0,상추,2.0,청,상품,g,100.0,2430.0,,2050.0,1849.0,1681.0,2022,하순,2022-08-21,상추-청,8,21,False,False,False,False,False,False,False,True,False,False,False,False,False,False,True,상추(청),,,,,,
202208하순,214.0,상추,2.0,청,상품,g,100.0,2430.0,,2050.0,1849.0,1681.0,2022,하순,2022-08-21,상추-청,8,21,False,False,False,False,False,False,False,True,False,False,False,False,False,False,True,상추(청),,,,,,
202208하순,214.0,상추,2.0,청,상품,g,100.0,2430.0,,2050.0,1849.0,1681.0,2022,하순,2022-08-21,상추-청,8,21,False,False,False,False,False,False,False,True,False,False,False,False,False,False,True,상추(청),,,,,,
202208하순,214.0,상추,2.0,청,상품,g,100.0,2430.0,,2050.0,1849.0,1681.0,2022,하순,2022-08-21,상추-청,8,21,False,False,False,False,False,False,False,True,False,False,False,False,False,False,True,상추(청),,,,,,
202208하순,214.0,상추,2.0,청,상품,g,100.0,2430.0,,2050.0,1849.0,1681.0,2022,하순,2022-08-21,상추-청,8,21,False,False,False,False,False,False,False,True,False,False,False,False,False,False,True,상추(청),,,,,,
202208하순,214.0,상추,2.0,청,상품,g,100.0,2430.0,,2050.0,1849.0,1681.0,2022,하순,2022-08-21,상추-청,8,21,False,False,False,False,False,False,False,True,False,False,False,False,False,False,True,상추(청),,,,,,
202208하순,214.0,상추,2.0,청,상품,g,100.0,2430.0,,2050.0,1849.0,1681.0,2022,하순,2022-08-21,상추-청,8,21,False,False,False,False,False,False,False,True,False,False,False,False,False,False,True,상추(청),,,,,,
202208하순,214.0,상추,2.0,청,상품,g,100.0,2430.0,,2050.0,1849.0,1681.0,2022,하순,2022-08-21,상추-청,8,21,False,False,False,False,False,False,False,True,False,False,False,False,False,False,True,상추(청),,,,,,
202208하순,214.0,상추,2.0,청,상품,g,100.0,2430.0,,2050.0,1849.0,1681.0,2022,하순,2022-08-21,상추-청,8,21,False,False,False,False,False,False,False,True,False,False,False,False,False,False,True,상추(청),,,,,,
202208하순,214.0,상추,2.0,청,상품,g,100.0,2430.0,,2050.0,1849.0,1681.0,2022,하순,2022-08-21,상추-청,8,21,False,False,False,False,False,False,False,True,False,False,False,False,False,False,True,상추(청),,,,,,
202208하순,214.0,상추,2.0,청,상품,g,100.0,2430.0,,2050.0,1849.0,1681.0,2022,하순,2022-08-21,상추-청,8,21,False,False,False,False,False,False,False,True,False,False,False,False,False,False,True,상추(청),,,,,,
202208하순,214.0,상추,2.0,청,상품,g,100.0,2430.0,,2050.0,1849.0,1681.0,2022,하순,2022-08-21,상추-청,8,21,False,False,False,False,False,False,False,True,False,False,False,False,False,False,True,상추(청),,,,,,
202208하순,214.0,상추,2.0,청,상품,g,100.0,2430.0,,2050.0,1849.0,1681.0,2022,하순,2022-08-21,상추-청,8,21,False,False,False,False,False,False,False,True,False,False,False,False,False,False,True,상추(청),,,,,,
202208하순,214.0,상추,2.0,청,상품,g,100.0,2430.0,,2050.0,1849.0,1681.0,2022,하순,2022-08-21,상추-청,8,21,False,False,False,False,False,False,False,True,False,False,False,False,False,False,True,상추(청),,,,,,
202208하순,214.0,상추,2.0,청,상품,g,100.0,2430.0,,2050.0,1849.0,1681.0,2022,하순,2022-08-21,상추-청,8,21,False,False,False,False,False,False,False,True,False,False,False,False,False,False,True,상추(청),,,,,,
202209상순,214.0,상추,2.0,청,상품,g,100.0,2369.0,,1860.0,2204.0,1667.33333333333,2022,상순,2022-09-01,상추-청,9,1,False,False,False,False,False,False,False,False,True,False,False,False,True,False,False,상추(청),,,,,,
202209상순,214.0,상추,2.0,청,상품,g,100.0,2369.0,,1860.0,2204.0,1667.33333333333,2022,상순,2022-09-01,상추-청,9,1,False,False,False,False,False,False,False,False,True,False,False,False,True,False,False,상추(청),,,,,,
202209상순,214.0,상추,2.0,청,상품,g,100.0,2369.0,,1860.0,2204.0,1667.33333333333,2022,상순,2022-09-01,상추-청,9,1,False,False,False,False,False,False,False,False,True,False,False,False,True,False,False,상추(청),,,,,,
202209상순,214.0,상추,2.0,청,상품,g,100.0,2369.0,,1860.0,2204.0,1667.33333333333,2022,상순,2022-09-01,상추-청,9,1,False,False,False,False,False,False,False,False,True,False,False,False,True,False,False,상추(청),,,,,,
202209상순,214.0,상추,2.0,청,상품,g,100.0,2369.0,,1860.0,2204.0,1667.33333333333,2022,상순,2022-09-01,상추-청,9,1,False,False,False,False,False,False,False,False,True,False,False,False,True,False,False,상추(청),,,,,,
202209상순,214.0,상추,2.0,청,상품,g,100.0,2369.0,,1860.0,2204.0,1667.33333333333,2022,상순,2022-09-01,상추-청,9,1,False,False,False,False,False,False,False,False,True,False,False,False,True,False,False,상추(청),,,,,,
202209상순,214.0,상추,2.0,청,상품,g,100.0,2369.0,,1860.0,2204.0,1667.33333333333,2022,상순,2022-09-01,상추-청,9,1,False,False,False,False,False,False,False,False,True,False,False,False,True,False,False,상추(청),,,,,,
202209상순,214.0,상추,2.0,청,상품,g,100.0,2369.0,,1860.0,2204.0,1667.33333333333,2022,상순,2022-09-01,상추-청,9,1,False,False,False,False,False,False,False,False,True,False,False,False,True,False,False,상추(청),,,,,,
202209상순,214.0,상추,2.0,청,상품,g,100.0,2369.0,,1860.0,2204.0,1667.33333333333,2022,상순,2022-09-01,상추-청,9,1,False,False,False,False,False,False,False,False,True,False,False,False,True,False,False,상추(청),,,,,,
202209상순,214.0,상추,2.0,청,상품,g,100.0,2369.0,,1860.0,2204.0,1667.33333333333,2022,상순,2022-09-01,상추-청,9,1,False,False,False,False,False,False,False,False,True,False,False,False,True,False,False,상추(청),,,,,,
202209상순,214.0,상추,2.0,청,상품,g,100.0,2369.0,,1860.0,2204.0,1667.33333333333,2022,상순,2022-09-01,상추-청,9,1,False,False,False,False,False,False,False,False,True,False,False,False,True,False,False,상추(청),,,,,,
202209상순,214.0,상추,2.0,청,상품,g,100.0,2369.0,,1860.0,2204.0,1667.33333333333,2022,상순,2022-09-01,상추-청,9,1,False,False,False,False,False,False,False,False,True,False,False,False,True,False,False,상추(청),,,,,,
202209상순,214.0,상추,2.0,청,상품,g,100.0,2369.0,,1860.0,2204.0,1667.33333333333,2022,상순,2022-09-01,상추-청,9,1,False,False,False,False,False,False,False,False,True,False,False,False,True,False,False,상추(청),,,,,,
202209상순,214.0,상추,2.0,청,상품,g,100.0,2369.0,,1860.0,2204.0,1667.33333333333,2022,상순,2022-09-01,상추-청,9,1,False,False,False,False,False,False,False,False,True,False,False,False,True,False,False,상추(청),,,,,,
202209상순,214.0,상추,2.0,청,상품,g,100.0,2369.0,,1860.0,2204.0,1667.33333333333,2022,상순,2022-09-01,상추-청,9,1,False,False,False,False,False,False,False,False,True,False,False,False,True,False,False,상추(청),,,,,,
202209상순,214.0,상추,2.0,청,상품,g,100.0,2369.0,,1860.0,2204.0,1667.33333333333,2022,상순,2022-09-01,상추-청,9,1,False,False,False,False,False,False,False,False,True,False,False,False,True,False,False,상추(청),,,,,,
202209상순,214.0,상추,2.0,청,상품,g,100.0,2369.0,,1860.0,2204.0,1667.33333333333,2022,상순,2022-09-01,상추-청,9,1,False,False,False,False,False,False,False,False,True,False,False,False,True,False,False,상추(청),,,,,,
202209상순,214.0,상추,2.0,청,상품,g,100.0,2369.0,,1860.0,2204.0,1667.33333333333,2022,상순,2022-09-01,상추-청,9,1,False,False,False,False,False,False,False,False,True,False,False,False,True,False,False,상추(청),,,,,,
202209상순,214.0,상추,2.0,청,상품,g,100.0,2369.0,,1860.0,2204.0,1667.33333333333,2022,상순,2022-09-01,상추-청,9,1,False,False,False,False,False,False,False,False,True,False,False,False,True,False,False,상추(청),,,,,,
202209상순,214.0,상추,2.0,청,상품,g,100.0,2369.0,,1860.0,2204.0,1667.33333333333,2022,상순,2022-09-01,상추-청,9,1,False,False,False,False,False,False,False,False,True,False,False,False,True,False,False,상추(청),,,,,,
202209상순,214.0,상추,2.0,청,상품,g,100.0,2369.0,,1860.0,2204.0,1667.33333333333,2022,상순,2022-09-01,상추-청,9,1,False,False,False,False,False,False,False,False,True,False,False,False,True,False,False,상추(청),,,,,,
202209중순,214.0,상추,2.0,청,상품,g,100.0,2102.0,,2063.0,2403.0,1664.66666666666,2022,중순,2022-09-11,상추-청,9,11,False,False,False,False,False,False,False,False,True,False,False,False,False,True,False,상추(청),,,,,,
202209중순,214.0,상추,2.0,청,상품,g,100.0,2102.0,,2063.0,2403.0,1664.66666666666,2022,중순,2022-09-11,상추-청,9,11,False,False,False,False,False,False,False,False,True,False,False,False,False,True,False,상추(청),,,,,,
202209중순,214.0,상추,2.0,청,상품,g,100.0,2102.0,,2063.0,2403.0,1664.66666666666,2022,중순,2022-09-11,상추-청,9,11,False,False,False,False,False,False,False,False,True,False,False,False,False,True,False,상추(청),,,,,,
202209중순,214.0,상추,2.0,청,상품,g,100.0,2102.0,,2063.0,2403.0,1664.66666666666,2022,중순,2022-09-11,상추-청,9,11,False,False,False,False,False,False,False,False,True,False,False,False,False,True,False,상추(청),,,,,,
202209중순,214.0,상추,2.0,청,상품,g,100.0,2102.0,,2063.0,2403.0,1664.66666666666,2022,중순,2022-09-11,상추-청,9,11,False,False,False,False,False,False,False,False,True,False,False,False,False,True,False,상추(청),,,,,,
202209중순,214.0,상추,2.0,청,상품,g,100.0,2102.0,,2063.0,2403.0,1664.66666666666,2022,중순,2022-09-11,상추-청,9,11,False,False,False,False,False,False,False,False,True,False,False,False,False,True,False,상추(청),,,,,,
202209중순,214.0,상추,2.0,청,상품,g,100.0,2102.0,,2063.0,2403.0,1664.66666666666,2022,중순,2022-09-11,상추-청,9,11,False,False,False,False,False,False,False,False,True,False,False,False,False,True,False,상추(청),,,,,,
202209중순,214.0,상추,2.0,청,상품,g,100.0,2102.0,,2063.0,2403.0,1664.66666666666,2022,중순,2022-09-11,상추-청,9,11,False,False,False,False,False,False,False,False,True,False,False,False,False,True,False,상추(청),,,,,,
202209중순,214.0,상추,2.0,청,상품,g,100.0,2102.0,,2063.0,2403.0,1664.66666666666,2022,중순,2022-09-11,상추-청,9,11,False,False,False,False,False,False,False,False,True,False,False,False,False,True,False,상추(청),,,,,,
202209중순,214.0,상추,2.0,청,상품,g,100.0,2102.0,,2063.0,2403.0,1664.66666666666,2022,중순,2022-09-11,상추-청,9,11,False,False,False,False,False,False,False,False,True,False,False,False,False,True,False,상추(청),,,,,,
202209중순,214.0,상추,2.0,청,상품,g,100.0,2102.0,,2063.0,2403.0,1664.66666666666,2022,중순,2022-09-11,상추-청,9,11,False,False,False,False,False,False,False,False,True,False,False,False,False,True,False,상추(청),,,,,,
202209중순,214.0,상추,2.0,청,상품,g,100.0,2102.0,,2063.0,2403.0,1664.66666666666,2022,중순,2022-09-11,상추-청,9,11,False,False,False,False,False,False,False,False,True,False,False,False,False,True,False,상추(청),,,,,,
202209중순,214.0,상추,2.0,청,상품,g,100.0,2102.0,,2063.0,2403.0,1664.66666666666,2022,중순,2022-09-11,상추-청,9,11,False,False,False,False,False,False,False,False,True,False,False,False,False,True,False,상추(청),,,,,,
202209중순,214.0,상추,2.0,청,상품,g,100.0,2102.0,,2063.0,2403.0,1664.66666666666,2022,중순,2022-09-11,상추-청,9,11,False,False,False,False,False,False,False,False,True,False,False,False,False,True,False,상추(청),,,,,,
202209중순,214.0,상추,2.0,청,상품,g,100.0,2102.0,,2063.0,2403.0,1664.66666666666,2022,중순,2022-09-11,상추-청,9,11,False,False,False,False,False,False,False,False,True,False,False,False,False,True,False,상추(청),,,,,,
202209중순,214.0,상추,2.0,청,상품,g,100.0,2102.0,,2063.0,2403.0,1664.66666666666,2022,중순,2022-09-11,상추-청,9,11,False,False,False,False,False,False,False,False,True,False,False,False,False,True,False,상추(청),,,,,,
202209중순,214.0,상추,2.0,청,상품,g,100.0,2102.0,,2063.0,2403.0,1664.66666666666,2022,중순,2022-09-11,상추-청,9,11,False,False,False,False,False,False,False,False,True,False,False,False,False,True,False,상추(청),,,,,,
202209중순,214.0,상추,2.0,청,상품,g,100.0,2102.0,,2063.0,2403.0,1664.66666666666,2022,중순,2022-09-11,상추-청,9,11,False,False,False,False,False,False,False,False,True,False,False,False,False,True,False,상추(청),,,,,,
202209중순,214.0,상추,2.0,청,상품,g,100.0,2102.0,,2063.0,2403.0,1664.66666666666,2022,중순,2022-09-11,상추-청,9,11,False,False,False,False,False,False,False,False,True,False,False,False,False,True,False,상추(청),,,,,,
202209중순,214.0,상추,2.0,청,상품,g,100.0,2102.0,,2063.0,2403.0,1664.66666666666,2022,중순,2022-09-11,상추-청,9,11,False,False,False,False,False,False,False,False,True,False,False,False,False,True,False,상추(청),,,,,,
202209중순,214.0,상추,2.0,청,상품,g,100.0,2102.0,,2063.0,2403.0,1664.66666666666,2022,중순,2022-09-11,상추-청,9,11,False,False,False,False,False,False,False,False,True,False,False,False,False,True,False,상추(청),,,,,,
202209하순,214.0,상추,2.0,청,상품,g,100.0,1461.0,,2430.0,2043.0,1560.66666666666,2022,하순,2022-09-21,상추-청,9,21,False,False,False,False,False,False,False,False,True,False,False,False,False,False,True,상추(청),,,,,,
202209하순,214.0,상추,2.0,청,상품,g,100.0,1461.0,,2430.0,2043.0,1560.66666666666,2022,하순,2022-09-21,상추-청,9,21,False,False,False,False,False,False,False,False,True,False,False,False,False,False,True,상추(청),,,,,,
202209하순,214.0,상추,2.0,청,상품,g,100.0,1461.0,,2430.0,2043.0,1560.66666666666,2022,하순,2022-09-21,상추-청,9,21,False,False,False,False,False,False,False,False,True,False,False,False,False,False,True,상추(청),,,,,,
202209하순,214.0,상추,2.0,청,상품,g,100.0,1461.0,,2430.0,2043.0,1560.66666666666,2022,하순,2022-09-21,상추-청,9,21,False,False,False,False,False,False,False,False,True,False,False,False,False,False,True,상추(청),,,,,,
202209하순,214.0,상추,2.0,청,상품,g,100.0,1461.0,,2430.0,2043.0,1560.66666666666,2022,하순,2022-09-21,상추-청,9,21,False,False,False,False,False,False,False,False,True,False,False,False,False,False,True,상추(청),,,,,,
202209하순,214.0,상추,2.0,청,상품,g,100.0,1461.0,,2430.0,2043.0,1560.66666666666,2022,하순,2022-09-21,상추-청,9,21,False,False,False,False,False,False,False,False,True,False,False,False,False,False,True,상추(청),,,,,,
202209하순,214.0,상추,2.0,청,상품,g,100.0,1461.0,,2430.0,2043.0,1560.66666666666,2022,하순,2022-09-21,상추-청,9,21,False,False,False,False,False,False,False,False,True,False,False,False,False,False,True,상추(청),,,,,,
202209하순,214.0,상추,2.0,청,상품,g,100.0,1461.0,,2430.0,2043.0,1560.66666666666,2022,하순,2022-09-21,상추-청,9,21,False,False,False,False,False,False,False,False,True,False,False,False,False,False,True,상추(청),,,,,,
202209하순,214.0,상추,2.0,청,상품,g,100.0,1461.0,,2430.0,2043.0,1560.66666666666,2022,하순,2022-09-21,상추-청,9,21,False,False,False,False,False,False,False,False,True,False,False,False,False,False,True,상추(청),,,,,,
202209하순,214.0,상추,2.0,청,상품,g,100.0,1461.0,,2430.0,2043.0,1560.66666666666,2022,하순,2022-09-21,상추-청,9,21,False,False,False,False,False,False,False,False,True,False,False,False,False,False,True,상추(청),,,,,,
202209하순,214.0,상추,2.0,청,상품,g,100.0,1461.0,,2430.0,2043.0,1560.66666666666,2022,하순,2022-09-21,상추-청,9,21,False,False,False,False,False,False,False,False,True,False,False,False,False,False,True,상추(청),,,,,,
202209하순,214.0,상추,2.0,청,상품,g,100.0,1461.0,,2430.0,2043.0,1560.66666666666,2022,하순,2022-09-21,상추-청,9,21,False,False,False,False,False,False,False,False,True,False,False,False,False,False,True,상추(청),,,,,,
202209하순,214.0,상추,2.0,청,상품,g,100.0,1461.0,,2430.0,2043.0,1560.66666666666,2022,하순,2022-09-21,상추-청,9,21,False,False,False,False,False,False,False,False,True,False,False,False,False,False,True,상추(청),,,,,,
202209하순,214.0,상추,2.0,청,상품,g,100.0,1461.0,,2430.0,2043.0,1560.66666666666,2022,하순,2022-09-21,상추-청,9,21,False,False,False,False,False,False,False,False,True,False,False,False,False,False,True,상추(청),,,,,,
202209하순,214.0,상추,2.0,청,상품,g,100.0,1461.0,,2430.0,2043.0,1560.66666666666,2022,하순,2022-09-21,상추-청,9,21,False,False,False,False,False,False,False,False,True,False,False,False,False,False,True,상추(청),,,,,,
202209하순,214.0,상추,2.0,청,상품,g,100.0,1461.0,,2430.0,2043.0,1560.66666666666,2022,하순,2022-09-21,상추-청,9,21,False,False,False,False,False,False,False,False,True,False,False,False,False,False,True,상추(청),,,,,,
202209하순,214.0,상추,2.0,청,상품,g,100.0,1461.0,,2430.0,2043.0,1560.66666666666,2022,하순,2022-09-21,상추-청,9,21,False,False,False,False,False,False,False,False,True,False,False,False,False,False,True,상추(청),,,,,,
202209하순,214.0,상추,2.0,청,상품,g,100.0,1461.0,,2430.0,2043.0,1560.66666666666,2022,하순,2022-09-21,상추-청,9,21,False,False,False,False,False,False,False,False,True,False,False,False,False,False,True,상추(청),,,,,,
202209하순,214.0,상추,2.0,청,상품,g,100.0,1461.0,,2430.0,2043.0,1560.66666666666,2022,하순,2022-09-21,상추-청,9,21,False,False,False,False,False,False,False,False,True,False,False,False,False,False,True,상추(청),,,,,,
202209하순,214.0,상추,2.0,청,상품,g,100.0,1461.0,,2430.0,2043.0,1560.66666666666,2022,하순,2022-09-21,상추-청,9,21,False,False,False,False,False,False,False,False,True,False,False,False,False,False,True,상추(청),,,,,,
202209하순,214.0,상추,2.0,청,상품,g,100.0,1461.0,,2430.0,2043.0,1560.66666666666,2022,하순,2022-09-21,상추-청,9,21,False,False,False,False,False,False,False,False,True,False,False,False,False,False,True,상추(청),,,,,,
202210상순,214.0,상추,2.0,청,상품,g,100.0,1213.0,,2369.0,1228.0,1300.66666666666,2022,상순,2022-10-01,상추-청,10,1,False,False,False,False,False,False,False,False,False,True,False,False,True,False,False,상추(청),,,,,,
202210상순,214.0,상추,2.0,청,상품,g,100.0,1213.0,,2369.0,1228.0,1300.66666666666,2022,상순,2022-10-01,상추-청,10,1,False,False,False,False,False,False,False,False,False,True,False,False,True,False,False,상추(청),,,,,,
202210상순,214.0,상추,2.0,청,상품,g,100.0,1213.0,,2369.0,1228.0,1300.66666666666,2022,상순,2022-10-01,상추-청,10,1,False,False,False,False,False,False,False,False,False,True,False,False,True,False,False,상추(청),,,,,,
202210상순,214.0,상추,2.0,청,상품,g,100.0,1213.0,,2369.0,1228.0,1300.66666666666,2022,상순,2022-10-01,상추-청,10,1,False,False,False,False,False,False,False,False,False,True,False,False,True,False,False,상추(청),,,,,,
202210상순,214.0,상추,2.0,청,상품,g,100.0,1213.0,,2369.0,1228.0,1300.66666666666,2022,상순,2022-10-01,상추-청,10,1,False,False,False,False,False,False,False,False,False,True,False,False,True,False,False,상추(청),,,,,,
202210상순,214.0,상추,2.0,청,상품,g,100.0,1213.0,,2369.0,1228.0,1300.66666666666,2022,상순,2022-10-01,상추-청,10,1,False,False,False,False,False,False,False,False,False,True,False,False,True,False,False,상추(청),,,,,,
202210상순,214.0,상추,2.0,청,상품,g,100.0,1213.0,,2369.0,1228.0,1300.66666666666,2022,상순,2022-10-01,상추-청,10,1,False,False,False,False,False,False,False,False,False,True,False,False,True,False,False,상추(청),,,,,,
202210상순,214.0,상추,2.0,청,상품,g,100.0,1213.0,,2369.0,1228.0,1300.66666666666,2022,상순,2022-10-01,상추-청,10,1,False,False,False,False,False,False,False,False,False,True,False,False,True,False,False,상추(청),,,,,,
202210상순,214.0,상추,2.0,청,상품,g,100.0,1213.0,,2369.0,1228.0,1300.66666666666,2022,상순,2022-10-01,상추-청,10,1,False,False,False,False,False,False,False,False,False,True,False,False,True,False,False,상추(청),,,,,,
202210상순,214.0,상추,2.0,청,상품,g,100.0,1213.0,,2369.0,1228.0,1300.66666666666,2022,상순,2022-10-01,상추-청,10,1,False,False,False,False,False,False,False,False,False,True,False,False,True,False,False,상추(청),,,,,,
202210상순,214.0,상추,2.0,청,상품,g,100.0,1213.0,,2369.0,1228.0,1300.66666666666,2022,상순,2022-10-01,상추-청,10,1,False,False,False,False,False,False,False,False,False,True,False,False,True,False,False,상추(청),,,,,,
202210상순,214.0,상추,2.0,청,상품,g,100.0,1213.0,,2369.0,1228.0,1300.66666666666,2022,상순,2022-10-01,상추-청,10,1,False,False,False,False,False,False,False,False,False,True,False,False,True,False,False,상추(청),,,,,,
202210상순,214.0,상추,2.0,청,상품,g,100.0,1213.0,,2369.0,1228.0,1300.66666666666,2022,상순,2022-10-01,상추-청,10,1,False,False,False,False,False,False,False,False,False,True,False,False,True,False,False,상추(청),,,,,,
202210상순,214.0,상추,2.0,청,상품,g,100.0,1213.0,,2369.0,1228.0,1300.66666666666,2022,상순,2022-10-01,상추-청,10,1,False,False,False,False,False,False,False,False,False,True,False,False,True,False,False,상추(청),,,,,,
202210상순,214.0,상추,2.0,청,상품,g,100.0,1213.0,,2369.0,1228.0,1300.66666666666,2022,상순,2022-10-01,상추-청,10,1,False,False,False,False,False,False,False,False,False,True,False,False,True,False,False,상추(청),,,,,,
202210상순,214.0,상추,2.0,청,상품,g,100.0,1213.0,,2369.0,1228.0,1300.66666666666,2022,상순,2022-10-01,상추-청,10,1,False,False,False,False,False,False,False,False,False,True,False,False,True,False,False,상추(청),,,,,,
202210상순,214.0,상추,2.0,청,상품,g,100.0,1213.0,,2369.0,1228.0,1300.66666666666,2022,상순,2022-10-01,상추-청,10,1,False,False,False,False,False,False,False,False,False,True,False,False,True,False,False,상추(청),,,,,,
202210상순,214.0,상추,2.0,청,상품,g,100.0,1213.0,,2369.0,1228.0,1300.66666666666,2022,상순,2022-10-01,상추-청,10,1,False,False,False,False,False,False,False,False,False,True,False,False,True,False,False,상추(청),,,,,,
202210상순,214.0,상추,2.0,청,상품,g,100.0,1213.0,,2369.0,1228.0,1300.66666666666,2022,상순,2022-10-01,상추-청,10,1,False,False,False,False,False,False,False,False,False,True,False,False,True,False,False,상추(청),,,,,,
202210상순,214.0,상추,2.0,청,상품,g,100.0,1213.0,,2369.0,1228.0,1300.66666666666,2022,상순,2022-10-01,상추-청,10,1,False,False,False,False,False,False,False,False,False,True,False,False,True,False,False,상추(청),,,,,,
202210상순,214.0,상추,2.0,청,상품,g,100.0,1213.0,,2369.0,1228.0,1300.66666666666,2022,상순,2022-10-01,상추-청,10,1,False,False,False,False,False,False,False,False,False,True,False,False,True,False,False,상추(청),,,,,,
202210중순,214.0,상추,2.0,청,상품,g,100.0,1122.0,,2102.0,1365.0,1122.33333333333,2022,중순,2022-10-11,상추-청,10,11,False,False,False,False,False,False,False,False,False,True,False,False,False,True,False,상추(청),,,,,,
202210중순,214.0,상추,2.0,청,상품,g,100.0,1122.0,,2102.0,1365.0,1122.33333333333,2022,중순,2022-10-11,상추-청,10,11,False,False,False,False,False,False,False,False,False,True,False,False,False,True,False,상추(청),,,,,,
202210중순,214.0,상추,2.0,청,상품,g,100.0,1122.0,,2102.0,1365.0,1122.33333333333,2022,중순,2022-10-11,상추-청,10,11,False,False,False,False,False,False,False,False,False,True,False,False,False,True,False,상추(청),,,,,,
202210중순,214.0,상추,2.0,청,상품,g,100.0,1122.0,,2102.0,1365.0,1122.33333333333,2022,중순,2022-10-11,상추-청,10,11,False,False,False,False,False,False,False,False,False,True,False,False,False,True,False,상추(청),,,,,,
202210중순,214.0,상추,2.0,청,상품,g,100.0,1122.0,,2102.0,1365.0,1122.33333333333,2022,중순,2022-10-11,상추-청,10,11,False,False,False,False,False,False,False,False,False,True,False,False,False,True,False,상추(청),,,,,,
202210중순,214.0,상추,2.0,청,상품,g,100.0,1122.0,,2102.0,1365.0,1122.33333333333,2022,중순,2022-10-11,상추-청,10,11,False,False,False,False,False,False,False,False,False,True,False,False,False,True,False,상추(청),,,,,,
202210중순,214.0,상추,2.0,청,상품,g,100.0,1122.0,,2102.0,1365.0,1122.33333333333,2022,중순,2022-10-11,상추-청,10,11,False,False,False,False,False,False,False,False,False,True,False,False,False,True,False,상추(청),,,,,,
202210중순,214.0,상추,2.0,청,상품,g,100.0,1122.0,,2102.0,1365.0,1122.33333333333,2022,중순,2022-10-11,상추-청,10,11,False,False,False,False,False,False,False,False,False,True,False,False,False,True,False,상추(청),,,,,,
202210중순,214.0,상추,2.0,청,상품,g,100.0,1122.0,,2102.0,1365.0,1122.33333333333,2022,중순,2022-10-11,상추-청,10,11,False,False,False,False,False,False,False,False,False,True,False,False,False,True,False,상추(청),,,,,,
202210중순,214.0,상추,2.0,청,상품,g,100.0,1122.0,,2102.0,1365.0,1122.33333333333,2022,중순,2022-10-11,상추-청,10,11,False,False,False,False,False,False,False,False,False,True,False,False,False,True,False,상추(청),,,,,,
202210중순,214.0,상추,2.0,청,상품,g,100.0,1122.0,,2102.0,1365.0,1122.33333333333,2022,중순,2022-10-11,상추-청,10,11,False,False,False,False,False,False,False,False,False,True,False,False,False,True,False,상추(청),,,,,,
202210중순,214.0,상추,2.0,청,상품,g,100.0,1122.0,,2102.0,1365.0,1122.33333333333,2022,중순,2022-10-11,상추-청,10,11,False,False,False,False,False,False,False,False,False,True,False,False,False,True,False,상추(청),,,,,,
202210중순,214.0,상추,2.0,청,상품,g,100.0,1122.0,,2102.0,1365.0,1122.33333333333,2022,중순,2022-10-11,상추-청,10,11,False,False,False,False,False,False,False,False,False,True,False,False,False,True,False,상추(청),,,,,,
202210중순,214.0,상추,2.0,청,상품,g,100.0,1122.0,,2102.0,1365.0,1122.33333333333,2022,중순,2022-10-11,상추-청,10,11,False,False,False,False,False,False,False,False,False,True,False,False,False,True,False,상추(청),,,,,,
202210중순,214.0,상추,2.0,청,상품,g,100.0,1122.0,,2102.0,1365.0,1122.33333333333,2022,중순,2022-10-11,상추-청,10,11,False,False,False,False,False,False,False,False,False,True,False,False,False,True,False,상추(청),,,,,,
202210중순,214.0,상추,2.0,청,상품,g,100.0,1122.0,,2102.0,1365.0,1122.33333333333,2022,중순,2022-10-11,상추-청,10,11,False,False,False,False,False,False,False,False,False,True,False,False,False,True,False,상추(청),,,,,,
202210중순,214.0,상추,2.0,청,상품,g,100.0,1122.0,,2102.0,1365.0,1122.33333333333,2022,중순,2022-10-11,상추-청,10,11,False,False,False,False,False,False,False,False,False,True,False,False,False,True,False,상추(청),,,,,,
202210중순,214.0,상추,2.0,청,상품,g,100.0,1122.0,,2102.0,1365.0,1122.33333333333,2022,중순,2022-10-11,상추-청,10,11,False,False,False,False,False,False,False,False,False,True,False,False,False,True,False,상추(청),,,,,,
202210중순,214.0,상추,2.0,청,상품,g,100.0,1122.0,,2102.0,1365.0,1122.33333333333,2022,중순,2022-10-11,상추-청,10,11,False,False,False,False,False,False,False,False,False,True,False,False,False,True,False,상추(청),,,,,,
202210중순,214.0,상추,2.0,청,상품,g,100.0,1122.0,,2102.0,1365.0,1122.33333333333,2022,중순,2022-10-11,상추-청,10,11,False,False,False,False,False,False,False,False,False,True,False,False,False,True,False,상추(청),,,,,,
202210중순,214.0,상추,2.0,청,상품,g,100.0,1122.0,,2102.0,1365.0,1122.33333333333,2022,중순,2022-10-11,상추-청,10,11,False,False,False,False,False,False,False,False,False,True,False,False,False,True,False,상추(청),,,,,,
202210하순,214.0,상추,2.0,청,상품,g,100.0,1134.0,,1461.0,2072.0,1099.66666666666,2022,하순,2022-10-21,상추-청,10,21,False,False,False,False,False,False,False,False,False,True,False,False,False,False,True,상추(청),,,,,,
202210하순,214.0,상추,2.0,청,상품,g,100.0,1134.0,,1461.0,2072.0,1099.66666666666,2022,하순,2022-10-21,상추-청,10,21,False,False,False,False,False,False,False,False,False,True,False,False,False,False,True,상추(청),,,,,,
202210하순,214.0,상추,2.0,청,상품,g,100.0,1134.0,,1461.0,2072.0,1099.66666666666,2022,하순,2022-10-21,상추-청,10,21,False,False,False,False,False,False,False,False,False,True,False,False,False,False,True,상추(청),,,,,,
202210하순,214.0,상추,2.0,청,상품,g,100.0,1134.0,,1461.0,2072.0,1099.66666666666,2022,하순,2022-10-21,상추-청,10,21,False,False,False,False,False,False,False,False,False,True,False,False,False,False,True,상추(청),,,,,,
202210하순,214.0,상추,2.0,청,상품,g,100.0,1134.0,,1461.0,2072.0,1099.66666666666,2022,하순,2022-10-21,상추-청,10,21,False,False,False,False,False,False,False,False,False,True,False,False,False,False,True,상추(청),,,,,,
202210하순,214.0,상추,2.0,청,상품,g,100.0,1134.0,,1461.0,2072.0,1099.66666666666,2022,하순,2022-10-21,상추-청,10,21,False,False,False,False,False,False,False,False,False,True,False,False,False,False,True,상추(청),,,,,,
202210하순,214.0,상추,2.0,청,상품,g,100.0,1134.0,,1461.0,2072.0,1099.66666666666,2022,하순,2022-10-21,상추-청,10,21,False,False,False,False,False,False,False,False,False,True,False,False,False,False,True,상추(청),,,,,,
202210하순,214.0,상추,2.0,청,상품,g,100.0,1134.0,,1461.0,2072.0,1099.66666666666,2022,하순,2022-10-21,상추-청,10,21,False,False,False,False,False,False,False,False,False,True,False,False,False,False,True,상추(청),,,,,,
202210하순,214.0,상추,2.0,청,상품,g,100.0,1134.0,,1461.0,2072.0,1099.66666666666,2022,하순,2022-10-21,상추-청,10,21,False,False,False,False,False,False,False,False,False,True,False,False,False,False,True,상추(청),,,,,,
202210하순,214.0,상추,2.0,청,상품,g,100.0,1134.0,,1461.0,2072.0,1099.66666666666,2022,하순,2022-10-21,상추-청,10,21,False,False,False,False,False,False,False,False,False,True,False,False,False,False,True,상추(청),,,,,,
202210하순,214.0,상추,2.0,청,상품,g,100.0,1134.0,,1461.0,2072.0,1099.66666666666,2022,하순,2022-10-21,상추-청,10,21,False,False,False,False,False,False,False,False,False,True,False,False,False,False,True,상추(청),,,,,,
202210하순,214.0,상추,2.0,청,상품,g,100.0,1134.0,,1461.0,2072.0,1099.66666666666,2022,하순,2022-10-21,상추-청,10,21,False,False,False,False,False,False,False,False,False,True,False,False,False,False,True,상추(청),,,,,,
202210하순,214.0,상추,2.0,청,상품,g,100.0,1134.0,,1461.0,2072.0,1099.66666666666,2022,하순,2022-10-21,상추-청,10,21,False,False,False,False,False,False,False,False,False,True,False,False,False,False,True,상추(청),,,,,,
202210하순,214.0,상추,2.0,청,상품,g,100.0,1134.0,,1461.0,2072.0,1099.66666666666,2022,하순,2022-10-21,상추-청,10,21,False,False,False,False,False,False,False,False,False,True,False,False,False,False,True,상추(청),,,,,,
202210하순,214.0,상추,2.0,청,상품,g,100.0,1134.0,,1461.0,2072.0,1099.66666666666,2022,하순,2022-10-21,상추-청,10,21,False,False,False,False,False,False,False,False,False,True,False,False,False,False,True,상추(청),,,,,,
202210하순,214.0,상추,2.0,청,상품,g,100.0,1134.0,,1461.0,2072.0,1099.66666666666,2022,하순,2022-10-21,상추-청,10,21,False,False,False,False,False,False,False,False,False,True,False,False,False,False,True,상추(청),,,,,,
202210하순,214.0,상추,2.0,청,상품,g,100.0,1134.0,,1461.0,2072.0,1099.66666666666,2022,하순,2022-10-21,상추-청,10,21,False,False,False,False,False,False,False,False,False,True,False,False,False,False,True,상추(청),,,,,,
202210하순,214.0,상추,2.0,청,상품,g,100.0,1134.0,,1461.0,2072.0,1099.66666666666,2022,하순,2022-10-21,상추-청,10,21,False,False,False,False,False,False,False,False,False,True,False,False,False,False,True,상추(청),,,,,,
202210하순,214.0,상추,2.0,청,상품,g,100.0,1134.0,,1461.0,2072.0,1099.66666666666,2022,하순,2022-10-21,상추-청,10,21,False,False,False,False,False,False,False,False,False,True,False,False,False,False,True,상추(청),,,,,,
202210하순,214.0,상추,2.0,청,상품,g,100.0,1134.0,,1461.0,2072.0,1099.66666666666,2022,하순,2022-10-21,상추-청,10,21,False,False,False,False,False,False,False,False,False,True,False,False,False,False,True,상추(청),,,,,,
202210하순,214.0,상추,2.0,청,상품,g,100.0,1134.0,,1461.0,2072.0,1099.66666666666,2022,하순,2022-10-21,상추-청,10,21,False,False,False,False,False,False,False,False,False,True,False,False,False,False,True,상추(청),,,,,,
202210하순,214.0,상추,2.0,청,상품,g,100.0,1134.0,,1461.0,2072.0,1099.66666666666,2022,하순,2022-10-21,상추-청,10,21,False,False,False,False,False,False,False,False,False,True,False,False,False,False,True,상추(청),,,,,,
202211상순,214.0,상추,2.0,청,상품,g,100.0,1034.0,,1213.0,1734.0,936.666666666666,2022,상순,2022-11-01,상추-청,11,1,False,False,False,False,False,False,False,False,False,False,True,False,True,False,False,상추(청),,,,,,
202211상순,214.0,상추,2.0,청,상품,g,100.0,1034.0,,1213.0,1734.0,936.666666666666,2022,상순,2022-11-01,상추-청,11,1,False,False,False,False,False,False,False,False,False,False,True,False,True,False,False,상추(청),,,,,,
202211상순,214.0,상추,2.0,청,상품,g,100.0,1034.0,,1213.0,1734.0,936.666666666666,2022,상순,2022-11-01,상추-청,11,1,False,False,False,False,False,False,False,False,False,False,True,False,True,False,False,상추(청),,,,,,
202211상순,214.0,상추,2.0,청,상품,g,100.0,1034.0,,1213.0,1734.0,936.666666666666,2022,상순,2022-11-01,상추-청,11,1,False,False,False,False,False,False,False,False,False,False,True,False,True,False,False,상추(청),,,,,,
202211상순,214.0,상추,2.0,청,상품,g,100.0,1034.0,,1213.0,1734.0,936.666666666666,2022,상순,2022-11-01,상추-청,11,1,False,False,False,False,False,False,False,False,False,False,True,False,True,False,False,상추(청),,,,,,
202211상순,214.0,상추,2.0,청,상품,g,100.0,1034.0,,1213.0,1734.0,936.666666666666,2022,상순,2022-11-01,상추-청,11,1,False,False,False,False,False,False,False,False,False,False,True,False,True,False,False,상추(청),,,,,,
202211상순,214.0,상추,2.0,청,상품,g,100.0,1034.0,,1213.0,1734.0,936.666666666666,2022,상순,2022-11-01,상추-청,11,1,False,False,False,False,False,False,False,False,False,False,True,False,True,False,False,상추(청),,,,,,
202211상순,214.0,상추,2.0,청,상품,g,100.0,1034.0,,1213.0,1734.0,936.666666666666,2022,상순,2022-11-01,상추-청,11,1,False,False,False,False,False,False,False,False,False,False,True,False,True,False,False,상추(청),,,,,,
202211상순,214.0,상추,2.0,청,상품,g,100.0,1034.0,,1213.0,1734.0,936.666666666666,2022,상순,2022-11-01,상추-청,11,1,False,False,False,False,False,False,False,False,False,False,True,False,True,False,False,상추(청),,,,,,
202211상순,214.0,상추,2.0,청,상품,g,100.0,1034.0,,1213.0,1734.0,936.666666666666,2022,상순,2022-11-01,상추-청,11,1,False,False,False,False,False,False,False,False,False,False,True,False,True,False,False,상추(청),,,,,,
202211상순,214.0,상추,2.0,청,상품,g,100.0,1034.0,,1213.0,1734.0,936.666666666666,2022,상순,2022-11-01,상추-청,11,1,False,False,False,False,False,False,False,False,False,False,True,False,True,False,False,상추(청),,,,,,
202211상순,214.0,상추,2.0,청,상품,g,100.0,1034.0,,1213.0,1734.0,936.666666666666,2022,상순,2022-11-01,상추-청,11,1,False,False,False,False,False,False,False,False,False,False,True,False,True,False,False,상추(청),,,,,,
202211상순,214.0,상추,2.0,청,상품,g,100.0,1034.0,,1213.0,1734.0,936.666666666666,2022,상순,2022-11-01,상추-청,11,1,False,False,False,False,False,False,False,False,False,False,True,False,True,False,False,상추(청),,,,,,
202211상순,214.0,상추,2.0,청,상품,g,100.0,1034.0,,1213.0,1734.0,936.666666666666,2022,상순,2022-11-01,상추-청,11,1,False,False,False,False,False,False,False,False,False,False,True,False,True,False,False,상추(청),,,,,,
202211상순,214.0,상추,2.0,청,상품,g,100.0,1034.0,,1213.0,1734.0,936.666666666666,2022,상순,2022-11-01,상추-청,11,1,False,False,False,False,False,False,False,False,False,False,True,False,True,False,False,상추(청),,,,,,
202211상순,214.0,상추,2.0,청,상품,g,100.0,1034.0,,1213.0,1734.0,936.666666666666,2022,상순,2022-11-01,상추-청,11,1,False,False,False,False,False,False,False,False,False,False,True,False,True,False,False,상추(청),,,,,,
202211상순,214.0,상추,2.0,청,상품,g,100.0,1034.0,,1213.0,1734.0,936.666666666666,2022,상순,2022-11-01,상추-청,11,1,False,False,False,False,False,False,False,False,False,False,True,False,True,False,False,상추(청),,,,,,
202211상순,214.0,상추,2.0,청,상품,g,100.0,1034.0,,1213.0,1734.0,936.666666666666,2022,상순,2022-11-01,상추-청,11,1,False,False,False,False,False,False,False,False,False,False,True,False,True,False,False,상추(청),,,,,,
202211상순,214.0,상추,2.0,청,상품,g,100.0,1034.0,,1213.0,1734.0,936.666666666666,2022,상순,2022-11-01,상추-청,11,1,False,False,False,False,False,False,False,False,False,False,True,False,True,False,False,상추(청),,,,,,
202211상순,214.0,상추,2.0,청,상품,g,100.0,1034.0,,1213.0,1734.0,936.666666666666,2022,상순,2022-11-01,상추-청,11,1,False,False,False,False,False,False,False,False,False,False,True,False,True,False,False,상추(청),,,,,,
202211상순,214.0,상추,2.0,청,상품,g,100.0,1034.0,,1213.0,1734.0,936.666666666666,2022,상순,2022-11-01,상추-청,11,1,False,False,False,False,False,False,False,False,False,False,True,False,True,False,False,상추(청),,,,,,
202211상순,214.0,상추,2.0,청,상품,g,100.0,1034.0,,1213.0,1734.0,936.666666666666,2022,상순,2022-11-01,상추-청,11,1,False,False,False,False,False,False,False,False,False,False,True,False,True,False,False,상추(청),,,,,,
202211상순,214.0,상추,2.0,청,상품,g,100.0,1034.0,,1213.0,1734.0,936.666666666666,2022,상순,2022-11-01,상추-청,11,1,False,False,False,False,False,False,False,False,False,False,True,False,True,False,False,상추(청),,,,,,
202211상순,214.0,상추,2.0,청,상품,g,100.0,1034.0,,1213.0,1734.0,936.666666666666,2022,상순,2022-11-01,상추-청,11,1,False,False,False,False,False,False,False,False,False,False,True,False,True,False,False,상추(청),,,,,,
202211중순,214.0,상추,2.0,청,상품,g,100.0,940.0,,1122.0,1208.0,843.0,2022,중순,2022-11-11,상추-청,11,11,False,False,False,False,False,False,False,False,False,False,True,False,False,True,False,상추(청),,,,,,
202211중순,214.0,상추,2.0,청,상품,g,100.0,940.0,,1122.0,1208.0,843.0,2022,중순,2022-11-11,상추-청,11,11,False,False,False,False,False,False,False,False,False,False,True,False,False,True,False,상추(청),,,,,,
202211중순,214.0,상추,2.0,청,상품,g,100.0,940.0,,1122.0,1208.0,843.0,2022,중순,2022-11-11,상추-청,11,11,False,False,False,False,False,False,False,False,False,False,True,False,False,True,False,상추(청),,,,,,
202211중순,214.0,상추,2.0,청,상품,g,100.0,940.0,,1122.0,1208.0,843.0,2022,중순,2022-11-11,상추-청,11,11,False,False,False,False,False,False,False,False,False,False,True,False,False,True,False,상추(청),,,,,,
202211중순,214.0,상추,2.0,청,상품,g,100.0,940.0,,1122.0,1208.0,843.0,2022,중순,2022-11-11,상추-청,11,11,False,False,False,False,False,False,False,False,False,False,True,False,False,True,False,상추(청),,,,,,
202211중순,214.0,상추,2.0,청,상품,g,100.0,940.0,,1122.0,1208.0,843.0,2022,중순,2022-11-11,상추-청,11,11,False,False,False,False,False,False,False,False,False,False,True,False,False,True,False,상추(청),,,,,,
202211중순,214.0,상추,2.0,청,상품,g,100.0,940.0,,1122.0,1208.0,843.0,2022,중순,2022-11-11,상추-청,11,11,False,False,False,False,False,False,False,False,False,False,True,False,False,True,False,상추(청),,,,,,
202211중순,214.0,상추,2.0,청,상품,g,100.0,940.0,,1122.0,1208.0,843.0,2022,중순,2022-11-11,상추-청,11,11,False,False,False,False,False,False,False,False,False,False,True,False,False,True,False,상추(청),,,,,,
202211중순,214.0,상추,2.0,청,상품,g,100.0,940.0,,1122.0,1208.0,843.0,2022,중순,2022-11-11,상추-청,11,11,False,False,False,False,False,False,False,False,False,False,True,False,False,True,False,상추(청),,,,,,
202211중순,214.0,상추,2.0,청,상품,g,100.0,940.0,,1122.0,1208.0,843.0,2022,중순,2022-11-11,상추-청,11,11,False,False,False,False,False,False,False,False,False,False,True,False,False,True,False,상추(청),,,,,,
202211중순,214.0,상추,2.0,청,상품,g,100.0,940.0,,1122.0,1208.0,843.0,2022,중순,2022-11-11,상추-청,11,11,False,False,False,False,False,False,False,False,False,False,True,False,False,True,False,상추(청),,,,,,
202211중순,214.0,상추,2.0,청,상품,g,100.0,940.0,,1122.0,1208.0,843.0,2022,중순,2022-11-11,상추-청,11,11,False,False,False,False,False,False,False,False,False,False,True,False,False,True,False,상추(청),,,,,,
202211중순,214.0,상추,2.0,청,상품,g,100.0,940.0,,1122.0,1208.0,843.0,2022,중순,2022-11-11,상추-청,11,11,False,False,False,False,False,False,False,False,False,False,True,False,False,True,False,상추(청),,,,,,
202211중순,214.0,상추,2.0,청,상품,g,100.0,940.0,,1122.0,1208.0,843.0,2022,중순,2022-11-11,상추-청,11,11,False,False,False,False,False,False,False,False,False,False,True,False,False,True,False,상추(청),,,,,,
202211중순,214.0,상추,2.0,청,상품,g,100.0,940.0,,1122.0,1208.0,843.0,2022,중순,2022-11-11,상추-청,11,11,False,False,False,False,False,False,False,False,False,False,True,False,False,True,False,상추(청),,,,,,
202211중순,214.0,상추,2.0,청,상품,g,100.0,940.0,,1122.0,1208.0,843.0,2022,중순,2022-11-11,상추-청,11,11,False,False,False,False,False,False,False,False,False,False,True,False,False,True,False,상추(청),,,,,,
202211중순,214.0,상추,2.0,청,상품,g,100.0,940.0,,1122.0,1208.0,843.0,2022,중순,2022-11-11,상추-청,11,11,False,False,False,False,False,False,False,False,False,False,True,False,False,True,False,상추(청),,,,,,
202211중순,214.0,상추,2.0,청,상품,g,100.0,940.0,,1122.0,1208.0,843.0,2022,중순,2022-11-11,상추-청,11,11,False,False,False,False,False,False,False,False,False,False,True,False,False,True,False,상추(청),,,,,,
202211중순,214.0,상추,2.0,청,상품,g,100.0,940.0,,1122.0,1208.0,843.0,2022,중순,2022-11-11,상추-청,11,11,False,False,False,False,False,False,False,False,False,False,True,False,False,True,False,상추(청),,,,,,
202211중순,214.0,상추,2.0,청,상품,g,100.0,940.0,,1122.0,1208.0,843.0,2022,중순,2022-11-11,상추-청,11,11,False,False,False,False,False,False,False,False,False,False,True,False,False,True,False,상추(청),,,,,,
202211중순,214.0,상추,2.0,청,상품,g,100.0,940.0,,1122.0,1208.0,843.0,2022,중순,2022-11-11,상추-청,11,11,False,False,False,False,False,False,False,False,False,False,True,False,False,True,False,상추(청),,,,,,
202211하순,214.0,상추,2.0,청,상품,g,100.0,909.0,,1134.0,1062.0,802.333333333333,2022,하순,2022-11-21,상추-청,11,21,False,False,False,False,False,False,False,False,False,False,True,False,False,False,True,상추(청),,,,,,
202211하순,214.0,상추,2.0,청,상품,g,100.0,909.0,,1134.0,1062.0,802.333333333333,2022,하순,2022-11-21,상추-청,11,21,False,False,False,False,False,False,False,False,False,False,True,False,False,False,True,상추(청),,,,,,
202211하순,214.0,상추,2.0,청,상품,g,100.0,909.0,,1134.0,1062.0,802.333333333333,2022,하순,2022-11-21,상추-청,11,21,False,False,False,False,False,False,False,False,False,False,True,False,False,False,True,상추(청),,,,,,
202211하순,214.0,상추,2.0,청,상품,g,100.0,909.0,,1134.0,1062.0,802.333333333333,2022,하순,2022-11-21,상추-청,11,21,False,False,False,False,False,False,False,False,False,False,True,False,False,False,True,상추(청),,,,,,
202211하순,214.0,상추,2.0,청,상품,g,100.0,909.0,,1134.0,1062.0,802.333333333333,2022,하순,2022-11-21,상추-청,11,21,False,False,False,False,False,False,False,False,False,False,True,False,False,False,True,상추(청),,,,,,
202211하순,214.0,상추,2.0,청,상품,g,100.0,909.0,,1134.0,1062.0,802.333333333333,2022,하순,2022-11-21,상추-청,11,21,False,False,False,False,False,False,False,False,False,False,True,False,False,False,True,상추(청),,,,,,
202211하순,214.0,상추,2.0,청,상품,g,100.0,909.0,,1134.0,1062.0,802.333333333333,2022,하순,2022-11-21,상추-청,11,21,False,False,False,False,False,False,False,False,False,False,True,False,False,False,True,상추(청),,,,,,
202211하순,214.0,상추,2.0,청,상품,g,100.0,909.0,,1134.0,1062.0,802.333333333333,2022,하순,2022-11-21,상추-청,11,21,False,False,False,False,False,False,False,False,False,False,True,False,False,False,True,상추(청),,,,,,
202211하순,214.0,상추,2.0,청,상품,g,100.0,909.0,,1134.0,1062.0,802.333333333333,2022,하순,2022-11-21,상추-청,11,21,False,False,False,False,False,False,False,False,False,False,True,False,False,False,True,상추(청),,,,,,
202211하순,214.0,상추,2.0,청,상품,g,100.0,909.0,,1134.0,1062.0,802.333333333333,2022,하순,2022-11-21,상추-청,11,21,False,False,False,False,False,False,False,False,False,False,True,False,False,False,True,상추(청),,,,,,
202211하순,214.0,상추,2.0,청,상품,g,100.0,909.0,,1134.0,1062.0,802.333333333333,2022,하순,2022-11-21,상추-청,11,21,False,False,False,False,False,False,False,False,False,False,True,False,False,False,True,상추(청),,,,,,
202211하순,214.0,상추,2.0,청,상품,g,100.0,909.0,,1134.0,1062.0,802.333333333333,2022,하순,2022-11-21,상추-청,11,21,False,False,False,False,False,False,False,False,False,False,True,False,False,False,True,상추(청),,,,,,
202211하순,214.0,상추,2.0,청,상품,g,100.0,909.0,,1134.0,1062.0,802.333333333333,2022,하순,2022-11-21,상추-청,11,21,False,False,False,False,False,False,False,False,False,False,True,False,False,False,True,상추(청),,,,,,
202211하순,214.0,상추,2.0,청,상품,g,100.0,909.0,,1134.0,1062.0,802.333333333333,2022,하순,2022-11-21,상추-청,11,21,False,False,False,False,False,False,False,False,False,False,True,False,False,False,True,상추(청),,,,,,
202211하순,214.0,상추,2.0,청,상품,g,100.0,909.0,,1134.0,1062.0,802.333333333333,2022,하순,2022-11-21,상추-청,11,21,False,False,False,False,False,False,False,False,False,False,True,False,False,False,True,상추(청),,,,,,
202211하순,214.0,상추,2.0,청,상품,g,100.0,909.0,,1134.0,1062.0,802.333333333333,2022,하순,2022-11-21,상추-청,11,21,False,False,False,False,False,False,False,False,False,False,True,False,False,False,True,상추(청),,,,,,
202211하순,214.0,상추,2.0,청,상품,g,100.0,909.0,,1134.0,1062.0,802.333333333333,2022,하순,2022-11-21,상추-청,11,21,False,False,False,False,False,False,False,False,False,False,True,False,False,False,True,상추(청),,,,,,
202211하순,214.0,상추,2.0,청,상품,g,100.0,909.0,,1134.0,1062.0,802.333333333333,2022,하순,2022-11-21,상추-청,11,21,False,False,False,False,False,False,False,False,False,False,True,False,False,False,True,상추(청),,,,,,
202211하순,214.0,상추,2.0,청,상품,g,100.0,909.0,,1134.0,1062.0,802.333333333333,2022,하순,2022-11-21,상추-청,11,21,False,False,False,False,False,False,False,False,False,False,True,False,False,False,True,상추(청),,,,,,
202211하순,214.0,상추,2.0,청,상품,g,100.0,909.0,,1134.0,1062.0,802.333333333333,2022,하순,2022-11-21,상추-청,11,21,False,False,False,False,False,False,False,False,False,False,True,False,False,False,True,상추(청),,,,,,
202211하순,214.0,상추,2.0,청,상품,g,100.0,909.0,,1134.0,1062.0,802.333333333333,2022,하순,2022-11-21,상추-청,11,21,False,False,False,False,False,False,False,False,False,False,True,False,False,False,True,상추(청),,,,,,
202212상순,214.0,상추,2.0,청,상품,g,100.0,881.0,,1034.0,946.0,790.666666666666,2022,상순,2022-12-01,상추-청,12,1,False,False,False,False,False,False,False,False,False,False,False,True,True,False,False,상추(청),,,,,,
202212상순,214.0,상추,2.0,청,상품,g,100.0,881.0,,1034.0,946.0,790.666666666666,2022,상순,2022-12-01,상추-청,12,1,False,False,False,False,False,False,False,False,False,False,False,True,True,False,False,상추(청),,,,,,
202212상순,214.0,상추,2.0,청,상품,g,100.0,881.0,,1034.0,946.0,790.666666666666,2022,상순,2022-12-01,상추-청,12,1,False,False,False,False,False,False,False,False,False,False,False,True,True,False,False,상추(청),,,,,,
202212상순,214.0,상추,2.0,청,상품,g,100.0,881.0,,1034.0,946.0,790.666666666666,2022,상순,2022-12-01,상추-청,12,1,False,False,False,False,False,False,False,False,False,False,False,True,True,False,False,상추(청),,,,,,
202212상순,214.0,상추,2.0,청,상품,g,100.0,881.0,,1034.0,946.0,790.666666666666,2022,상순,2022-12-01,상추-청,12,1,False,False,False,False,False,False,False,False,False,False,False,True,True,False,False,상추(청),,,,,,
202212상순,214.0,상추,2.0,청,상품,g,100.0,881.0,,1034.0,946.0,790.666666666666,2022,상순,2022-12-01,상추-청,12,1,False,False,False,False,False,False,False,False,False,False,False,True,True,False,False,상추(청),,,,,,
202212상순,214.0,상추,2.0,청,상품,g,100.0,881.0,,1034.0,946.0,790.666666666666,2022,상순,2022-12-01,상추-청,12,1,False,False,False,False,False,False,False,False,False,False,False,True,True,False,False,상추(청),,,,,,
202212상순,214.0,상추,2.0,청,상품,g,100.0,881.0,,1034.0,946.0,790.666666666666,2022,상순,2022-12-01,상추-청,12,1,False,False,False,False,False,False,False,False,False,False,False,True,True,False,False,상추(청),,,,,,
202212상순,214.0,상추,2.0,청,상품,g,100.0,881.0,,1034.0,946.0,790.666666666666,2022,상순,2022-12-01,상추-청,12,1,False,False,False,False,False,False,False,False,False,False,False,True,True,False,False,상추(청),,,,,,
202212상순,214.0,상추,2.0,청,상품,g,100.0,881.0,,1034.0,946.0,790.666666666666,2022,상순,2022-12-01,상추-청,12,1,False,False,False,False,False,False,False,False,False,False,False,True,True,False,False,상추(청),,,,,,
202212상순,214.0,상추,2.0,청,상품,g,100.0,881.0,,1034.0,946.0,790.666666666666,2022,상순,2022-12-01,상추-청,12,1,False,False,False,False,False,False,False,False,False,False,False,True,True,False,False,상추(청),,,,,,
202212상순,214.0,상추,2.0,청,상품,g,100.0,881.0,,1034.0,946.0,790.666666666666,2022,상순,2022-12-01,상추-청,12,1,False,False,False,False,False,False,False,False,False,False,False,True,True,False,False,상추(청),,,,,,
202212상순,214.0,상추,2.0,청,상품,g,100.0,881.0,,1034.0,946.0,790.666666666666,2022,상순,2022-12-01,상추-청,12,1,False,False,False,False,False,False,False,False,False,False,False,True,True,False,False,상추(청),,,,,,
202212상순,214.0,상추,2.0,청,상품,g,100.0,881.0,,1034.0,946.0,790.666666666666,2022,상순,2022-12-01,상추-청,12,1,False,False,False,False,False,False,False,False,False,False,False,True,True,False,False,상추(청),,,,,,
202212상순,214.0,상추,2.0,청,상품,g,100.0,881.0,,1034.0,946.0,790.666666666666,2022,상순,2022-12-01,상추-청,12,1,False,False,False,False,False,False,False,False,False,False,False,True,True,False,False,상추(청),,,,,,
202212상순,214.0,상추,2.0,청,상품,g,100.0,881.0,,1034.0,946.0,790.666666666666,2022,상순,2022-12-01,상추-청,12,1,False,False,False,False,False,False,False,False,False,False,False,True,True,False,False,상추(청),,,,,,
202212상순,214.0,상추,2.0,청,상품,g,100.0,881.0,,1034.0,946.0,790.666666666666,2022,상순,2022-12-01,상추-청,12,1,False,False,False,False,False,False,False,False,False,False,False,True,True,False,False,상추(청),,,,,,
202212상순,214.0,상추,2.0,청,상품,g,100.0,881.0,,1034.0,946.0,790.666666666666,2022,상순,2022-12-01,상추-청,12,1,False,False,False,False,False,False,False,False,False,False,False,True,True,False,False,상추(청),,,,,,
202212상순,214.0,상추,2.0,청,상품,g,100.0,881.0,,1034.0,946.0,790.666666666666,2022,상순,2022-12-01,상추-청,12,1,False,False,False,False,False,False,False,False,False,False,False,True,True,False,False,상추(청),,,,,,
202212상순,214.0,상추,2.0,청,상품,g,100.0,881.0,,1034.0,946.0,790.666666666666,2022,상순,2022-12-01,상추-청,12,1,False,False,False,False,False,False,False,False,False,False,False,True,True,False,False,상추(청),,,,,,
202212상순,214.0,상추,2.0,청,상품,g,100.0,881.0,,1034.0,946.0,790.666666666666,2022,상순,2022-12-01,상추-청,12,1,False,False,False,False,False,False,False,False,False,False,False,True,True,False,False,상추(청),,,,,,
202212중순,214.0,상추,2.0,청,상품,g,100.0,1064.0,,940.0,931.0,825.666666666666,2022,중순,2022-12-11,상추-청,12,11,False,False,False,False,False,False,False,False,False,False,False,True,False,True,False,상추(청),,,,,,
202212중순,214.0,상추,2.0,청,상품,g,100.0,1064.0,,940.0,931.0,825.666666666666,2022,중순,2022-12-11,상추-청,12,11,False,False,False,False,False,False,False,False,False,False,False,True,False,True,False,상추(청),,,,,,
202212중순,214.0,상추,2.0,청,상품,g,100.0,1064.0,,940.0,931.0,825.666666666666,2022,중순,2022-12-11,상추-청,12,11,False,False,False,False,False,False,False,False,False,False,False,True,False,True,False,상추(청),,,,,,
202212중순,214.0,상추,2.0,청,상품,g,100.0,1064.0,,940.0,931.0,825.666666666666,2022,중순,2022-12-11,상추-청,12,11,False,False,False,False,False,False,False,False,False,False,False,True,False,True,False,상추(청),,,,,,
202212중순,214.0,상추,2.0,청,상품,g,100.0,1064.0,,940.0,931.0,825.666666666666,2022,중순,2022-12-11,상추-청,12,11,False,False,False,False,False,False,False,False,False,False,False,True,False,True,False,상추(청),,,,,,
202212중순,214.0,상추,2.0,청,상품,g,100.0,1064.0,,940.0,931.0,825.666666666666,2022,중순,2022-12-11,상추-청,12,11,False,False,False,False,False,False,False,False,False,False,False,True,False,True,False,상추(청),,,,,,
202212중순,214.0,상추,2.0,청,상품,g,100.0,1064.0,,940.0,931.0,825.666666666666,2022,중순,2022-12-11,상추-청,12,11,False,False,False,False,False,False,False,False,False,False,False,True,False,True,False,상추(청),,,,,,
202212중순,214.0,상추,2.0,청,상품,g,100.0,1064.0,,940.0,931.0,825.666666666666,2022,중순,2022-12-11,상추-청,12,11,False,False,False,False,False,False,False,False,False,False,False,True,False,True,False,상추(청),,,,,,
202212중순,214.0,상추,2.0,청,상품,g,100.0,1064.0,,940.0,931.0,825.666666666666,2022,중순,2022-12-11,상추-청,12,11,False,False,False,False,False,False,False,False,False,False,False,True,False,True,False,상추(청),,,,,,
202212중순,214.0,상추,2.0,청,상품,g,100.0,1064.0,,940.0,931.0,825.666666666666,2022,중순,2022-12-11,상추-청,12,11,False,False,False,False,False,False,False,False,False,False,False,True,False,True,False,상추(청),,,,,,
202212중순,214.0,상추,2.0,청,상품,g,100.0,1064.0,,940.0,931.0,825.666666666666,2022,중순,2022-12-11,상추-청,12,11,False,False,False,False,False,False,False,False,False,False,False,True,False,True,False,상추(청),,,,,,
202212중순,214.0,상추,2.0,청,상품,g,100.0,1064.0,,940.0,931.0,825.666666666666,2022,중순,2022-12-11,상추-청,12,11,False,False,False,False,False,False,False,False,False,False,False,True,False,True,False,상추(청),,,,,,
202212중순,214.0,상추,2.0,청,상품,g,100.0,1064.0,,940.0,931.0,825.666666666666,2022,중순,2022-12-11,상추-청,12,11,False,False,False,False,False,False,False,False,False,False,False,True,False,True,False,상추(청),,,,,,
202212중순,214.0,상추,2.0,청,상품,g,100.0,1064.0,,940.0,931.0,825.666666666666,2022,중순,2022-12-11,상추-청,12,11,False,False,False,False,False,False,False,False,False,False,False,True,False,True,False,상추(청),,,,,,
202212중순,214.0,상추,2.0,청,상품,g,100.0,1064.0,,940.0,931.0,825.666666666666,2022,중순,2022-12-11,상추-청,12,11,False,False,False,False,False,False,False,False,False,False,False,True,False,True,False,상추(청),,,,,,
202212중순,214.0,상추,2.0,청,상품,g,100.0,1064.0,,940.0,931.0,825.666666666666,2022,중순,2022-12-11,상추-청,12,11,False,False,False,False,False,False,False,False,False,False,False,True,False,True,False,상추(청),,,,,,
202212중순,214.0,상추,2.0,청,상품,g,100.0,1064.0,,940.0,931.0,825.666666666666,2022,중순,2022-12-11,상추-청,12,11,False,False,False,False,False,False,False,False,False,False,False,True,False,True,False,상추(청),,,,,,
202212중순,214.0,상추,2.0,청,상품,g,100.0,1064.0,,940.0,931.0,825.666666666666,2022,중순,2022-12-11,상추-청,12,11,False,False,False,False,False,False,False,False,False,False,False,True,False,True,False,상추(청),,,,,,
202212중순,214.0,상추,2.0,청,상품,g,100.0,1064.0,,940.0,931.0,825.666666666666,2022,중순,2022-12-11,상추-청,12,11,False,False,False,False,False,False,False,False,False,False,False,True,False,True,False,상추(청),,,,,,
202212중순,214.0,상추,2.0,청,상품,g,100.0,1064.0,,940.0,931.0,825.666666666666,2022,중순,2022-12-11,상추-청,12,11,False,False,False,False,False,False,False,False,False,False,False,True,False,True,False,상추(청),,,,,,
202212중순,214.0,상추,2.0,청,상품,g,100.0,1064.0,,940.0,931.0,825.666666666666,2022,중순,2022-12-11,상추-청,12,11,False,False,False,False,False,False,False,False,False,False,False,True,False,True,False,상추(청),,,,,,
202212중순,214.0,상추,2.0,청,상품,g,100.0,1064.0,,940.0,931.0,825.666666666666,2022,중순,2022-12-11,상추-청,12,11,False,False,False,False,False,False,False,False,False,False,False,True,False,True,False,상추(청),,,,,,
202212중순,214.0,상추,2.0,청,상품,g,100.0,1064.0,,940.0,931.0,825.666666666666,2022,중순,2022-12-11,상추-청,12,11,False,False,False,False,False,False,False,False,False,False,False,True,False,True,False,상추(청),,,,,,
202212하순,214.0,상추,2.0,청,상품,g,100.0,1358.0,,909.0,988.0,895.333333333333,2022,하순,2022-12-21,상추-청,12,21,False,False,False,False,False,False,False,False,False,False,False,True,False,False,True,상추(청),,,,,,
202212하순,214.0,상추,2.0,청,상품,g,100.0,1358.0,,909.0,988.0,895.333333333333,2022,하순,2022-12-21,상추-청,12,21,False,False,False,False,False,False,False,False,False,False,False,True,False,False,True,상추(청),,,,,,
202212하순,214.0,상추,2.0,청,상품,g,100.0,1358.0,,909.0,988.0,895.333333333333,2022,하순,2022-12-21,상추-청,12,21,False,False,False,False,False,False,False,False,False,False,False,True,False,False,True,상추(청),,,,,,
202212하순,214.0,상추,2.0,청,상품,g,100.0,1358.0,,909.0,988.0,895.333333333333,2022,하순,2022-12-21,상추-청,12,21,False,False,False,False,False,False,False,False,False,False,False,True,False,False,True,상추(청),,,,,,
202212하순,214.0,상추,2.0,청,상품,g,100.0,1358.0,,909.0,988.0,895.333333333333,2022,하순,2022-12-21,상추-청,12,21,False,False,False,False,False,False,False,False,False,False,False,True,False,False,True,상추(청),,,,,,
202212하순,214.0,상추,2.0,청,상품,g,100.0,1358.0,,909.0,988.0,895.333333333333,2022,하순,2022-12-21,상추-청,12,21,False,False,False,False,False,False,False,False,False,False,False,True,False,False,True,상추(청),,,,,,
202212하순,214.0,상추,2.0,청,상품,g,100.0,1358.0,,909.0,988.0,895.333333333333,2022,하순,2022-12-21,상추-청,12,21,False,False,False,False,False,False,False,False,False,False,False,True,False,False,True,상추(청),,,,,,
202212하순,214.0,상추,2.0,청,상품,g,100.0,1358.0,,909.0,988.0,895.333333333333,2022,하순,2022-12-21,상추-청,12,21,False,False,False,False,False,False,False,False,False,False,False,True,False,False,True,상추(청),,,,,,
202212하순,214.0,상추,2.0,청,상품,g,100.0,1358.0,,909.0,988.0,895.333333333333,2022,하순,2022-12-21,상추-청,12,21,False,False,False,False,False,False,False,False,False,False,False,True,False,False,True,상추(청),,,,,,
202212하순,214.0,상추,2.0,청,상품,g,100.0,1358.0,,909.0,988.0,895.333333333333,2022,하순,2022-12-21,상추-청,12,21,False,False,False,False,False,False,False,False,False,False,False,True,False,False,True,상추(청),,,,,,
202212하순,214.0,상추,2.0,청,상품,g,100.0,1358.0,,909.0,988.0,895.333333333333,2022,하순,2022-12-21,상추-청,12,21,False,False,False,False,False,False,False,False,False,False,False,True,False,False,True,상추(청),,,,,,
202212하순,214.0,상추,2.0,청,상품,g,100.0,1358.0,,909.0,988.0,895.333333333333,2022,하순,2022-12-21,상추-청,12,21,False,False,False,False,False,False,False,False,False,False,False,True,False,False,True,상추(청),,,,,,
202212하순,214.0,상추,2.0,청,상품,g,100.0,1358.0,,909.0,988.0,895.333333333333,2022,하순,2022-12-21,상추-청,12,21,False,False,False,False,False,False,False,False,False,False,False,True,False,False,True,상추(청),,,,,,
202212하순,214.0,상추,2.0,청,상품,g,100.0,1358.0,,909.0,988.0,895.333333333333,2022,하순,2022-12-21,상추-청,12,21,False,False,False,False,False,False,False,False,False,False,False,True,False,False,True,상추(청),,,,,,
202212하순,214.0,상추,2.0,청,상품,g,100.0,1358.0,,909.0,988.0,895.333333333333,2022,하순,2022-12-21,상추-청,12,21,False,False,False,False,False,False,False,False,False,False,False,True,False,False,True,상추(청),,,,,,
202212하순,214.0,상추,2.0,청,상품,g,100.0,1358.0,,909.0,988.0,895.333333333333,2022,하순,2022-12-21,상추-청,12,21,False,False,False,False,False,False,False,False,False,False,False,True,False,False,True,상추(청),,,,,,
202212하순,214.0,상추,2.0,청,상품,g,100.0,1358.0,,909.0,988.0,895.333333333333,2022,하순,2022-12-21,상추-청,12,21,False,False,False,False,False,False,False,False,False,False,False,True,False,False,True,상추(청),,,,,,
202212하순,214.0,상추,2.0,청,상품,g,100.0,1358.0,,909.0,988.0,895.333333333333,2022,하순,2022-12-21,상추-청,12,21,False,False,False,False,False,False,False,False,False,False,False,True,False,False,True,상추(청),,,,,,
202212하순,214.0,상추,2.0,청,상품,g,100.0,1358.0,,909.0,988.0,895.333333333333,2022,하순,2022-12-21,상추-청,12,21,False,False,False,False,False,False,False,False,False,False,False,True,False,False,True,상추(청),,,,,,
202212하순,214.0,상추,2.0,청,상품,g,100.0,1358.0,,909.0,988.0,895.333333333333,2022,하순,2022-12-21,상추-청,12,21,False,False,False,False,False,False,False,False,False,False,False,True,False,False,True,상추(청),,,,,,
202212하순,214.0,상추,2.0,청,상품,g,100.0,1358.0,,909.0,988.0,895.333333333333,2022,하순,2022-12-21,상추-청,12,21,False,False,False,False,False,False,False,False,False,False,False,True,False,False,True,상추(청),,,,,,
