iter	MultiRMSE
0	1531.490506
10	1052.687533
20	805.8037129
30	687.1791813
40	611.8452555
50	547.2746366
60	495.281034
70	449.4068198
80	406.5051541
90	368.5751341
99	343.5583909
