iter	RMSE
0	4671.675616
999	6.157558797
